Country Name,Country Code,Time,Time Code,"Inflation, consumer prices (annual %) [FP.CPI.TOTL.ZG]",GDP per capita (current US$) [NY.GDP.PCAP.CD],Current health expenditure (% of GDP) [SH.XPD.CHEX.GD.ZS],"Population, total [SP.POP.TOTL]","Tariff rate, applied, simple mean, primary products (%) [TM.TAX.TCOM.SM.AR.ZS]","Political Stability and Absence of Violence/Terrorism: Percentile Rank, Lower Bound of 90% Confidence Interval [PV.PER.RNK.LOWER]"
Afghanistan,AFG,1960,YR1960,..,..,..,9035043,..,..
Afghanistan,AFG,1962,YR1962,..,..,..,9404406,..,..
Afghanistan,AFG,1964,YR1964,..,..,..,9814318,..,..
Afghanistan,AFG,1966,YR1966,..,..,..,10266395,..,..
Afghanistan,AFG,1968,YR1968,..,..,..,10756922,..,..
Afghanistan,AFG,1970,YR1970,..,..,..,11290128,..,..
Afghanistan,AFG,1972,YR1972,..,..,..,11853696,..,..
Afghanistan,AFG,1974,YR1974,..,..,..,12469127,..,..
Afghanistan,AFG,1976,YR1976,..,..,..,13059851,..,..
Afghanistan,AFG,1978,YR1978,..,..,..,13611441,..,..
Afghanistan,AFG,1980,YR1980,..,..,..,13169311,..,..
Afghanistan,AFG,1982,YR1982,..,..,..,10991378,..,..
Afghanistan,AFG,1984,YR1984,..,..,..,11190221,..,..
Afghanistan,AFG,1986,YR1986,..,..,..,11420074,..,..
Afghanistan,AFG,1988,YR1988,..,..,..,11523298,..,..
Afghanistan,AFG,1990,YR1990,..,..,..,12045660,..,..
Afghanistan,AFG,1992,YR1992,..,..,..,13278974,..,..
Afghanistan,AFG,1994,YR1994,..,..,..,16250794,..,..
Afghanistan,AFG,1996,YR1996,..,..,..,17763266,..,0
Afghanistan,AFG,1998,YR1998,..,..,..,19159996,..,0
Afghanistan,AFG,2000,YR2000,..,174.930991430166,..,20130327,..,0
Afghanistan,AFG,2002,YR2002,..,178.954088379235,9.44339085,21378117,..,0
Afghanistan,AFG,2004,YR2004,..,221.763653873013,9.80847359,23560654,3.13,0.485436886548996
Afghanistan,AFG,2006,YR2006,6.78459655001655,274.218553561575,10.62276554,25424094,6.86,0.483091801404953
Afghanistan,AFG,2008,YR2008,26.4186641547444,381.73323802844,10.25649548,26482622,7.63,0
Afghanistan,AFG,2010,YR2010,2.17853752389419,560.621505463146,8.56967163,28284089,..,0
Afghanistan,AFG,2012,YR2012,6.44121280934117,651.417134470046,7.89716864,30560034,8.42,0
Afghanistan,AFG,2014,YR2014,4.67399603536345,625.054941813938,9.52887821,32792523,..,0
Afghanistan,AFG,2016,YR2016,4.38389195513915,522.082215583898,11.81859016,34700612,..,0
Afghanistan,AFG,2018,YR2018,0.626149149168847,491.337221382603,14.20841885,36743039,11.04,0
Afghanistan,AFG,2020,YR2020,5.60188791482224,510.787063366811,15.53361416,39068979,..,0
Afghanistan,AFG,2022,YR2022,13.7121023720065,357.261152798144,23.0881691,40578842,..,0
Afghanistan,AFG,2024,YR2024,-6.60118564073726,..,..,..,..,..
Albania,ALB,1960,YR1960,..,..,..,1608800,..,..
Albania,ALB,1962,YR1962,..,..,..,1711319,..,..
Albania,ALB,1964,YR1964,..,..,..,1814135,..,..
Albania,ALB,1966,YR1966,..,..,..,1914573,..,..
Albania,ALB,1968,YR1968,..,..,..,2022272,..,..
Albania,ALB,1970,YR1970,..,..,..,2135479,..,..
Albania,ALB,1972,YR1972,..,..,..,2243126,..,..
Albania,ALB,1974,YR1974,..,..,..,2350124,..,..
Albania,ALB,1976,YR1976,..,..,..,2458526,..,..
Albania,ALB,1978,YR1978,..,..,..,2566266,..,..
Albania,ALB,1980,YR1980,..,590.607738430529,..,2671997,..,..
Albania,ALB,1982,YR1982,..,668.454504242454,..,2784278,..,..
Albania,ALB,1984,YR1984,..,639.484730161417,..,2904429,..,..
Albania,ALB,1986,YR1986,..,693.873474633887,..,3022635,..,..
Albania,ALB,1988,YR1988,..,652.774321396566,..,3142336,..,..
Albania,ALB,1990,YR1990,..,617.230435515505,..,3286542,..,..
Albania,ALB,1992,YR1992,226.005421253526,200.852219772323,..,3247039,..,..
Albania,ALB,1994,YR1994,22.5650526933696,586.416135130865,..,3207536,..,..
Albania,ALB,1996,YR1996,12.7254778087103,1009.97711053398,..,3168033,..,17.021276473999
Albania,ALB,1998,YR1998,20.6428588670596,813.789396580449,..,3128530,..,13.297872543335
Albania,ALB,2000,YR2000,0.0500181363468238,1126.68334010717,5.94419765,3089027,12.06,13.2275133132935
Albania,ALB,2002,YR2002,7.77052583431552,1425.12421860142,5.66464472,3051010,9.14,20.1058197021484
Albania,ALB,2004,YR2004,2.28001916938101,2373.58129170055,5.89364862,3026939,8.05,18.9320392608643
Albania,ALB,2006,YR2006,2.37072831904282,2972.74362094736,5.63177013,2992547,7.34,17.8743953704834
Albania,ALB,2008,YR2008,3.32087090389265,4370.53971639449,5.50900269,2947314,4.8,29.8076915740967
Albania,ALB,2010,YR2010,3.6271009151748,4094.34968570481,6.23667669,2913021,7.14,25.5924167633057
Albania,ALB,2012,YR2012,2.03159268395296,4247.63134315945,6.15746212,2900401,3.63,29.8578205108643
Albania,ALB,2014,YR2014,1.62586504402604,4578.63320812155,6.43451118,2889104,2.7,52.3809509277344
Albania,ALB,2016,YR2016,-0.367317209784652,4124.05538986272,6.7293272,2876101,2.87,47.1428565979004
Albania,ALB,2018,YR2018,2.02805963071135,5365.48934672897,6.66844559,2866376,3.36,48.113208770752
Albania,ALB,2020,YR2020,1.62088661717004,5370.77862312929,7.50389433,2837849,3.17,35.8490562438965
Albania,ALB,2022,YR2022,6.7252027153006,6846.42614266044,6.19368076,2777689,2.2,35.8490562438965
Albania,ALB,2024,YR2024,2.21448953273294,..,..,..,..,..
Algeria,DZA,1960,YR1960,..,238.392476666447,..,11424922,..,..
Algeria,DZA,1962,YR1962,..,169.60286272133,..,11800771,..,..
Algeria,DZA,1964,YR1964,..,238.863801545015,..,12179813,..,..
Algeria,DZA,1966,YR1966,..,241.44896961658,..,12590069,..,..
Algeria,DZA,1968,YR1968,..,292.436036368561,..,13172614,..,..
Algeria,DZA,1970,YR1970,6.59999999900017,352.845766557928,..,13783719,..,..
Algeria,DZA,1972,YR1972,3.65630712983236,469.030996510511,..,14427072,..,..
Algeria,DZA,1974,YR1974,4.69961240341694,872.889277439184,..,15133502,..,..
Algeria,DZA,1976,YR1976,9.43073540174557,1080.38620675609,..,16409170,..,..
Algeria,DZA,1978,YR1978,17.5239234455033,1505.94222127977,..,17506974,..,..
Algeria,DZA,1980,YR1980,9.51782449754963,2275.77971158899,..,18607174,..,..
Algeria,DZA,1982,YR1982,6.54250963007673,2274.87800990349,..,19872348,..,..
Algeria,DZA,1984,YR1984,8.116397955171,2524.38071403143,..,21271969,..,..
Algeria,DZA,1986,YR1986,12.3716091651299,2800.20270812187,..,22745499,..,..
Algeria,DZA,1988,YR1988,5.91154496373489,2450.87242078961,..,24109536,..,..
Algeria,DZA,1990,YR1990,16.6525343885432,2445.18332740258,..,25375810,..,..
Algeria,DZA,1992,YR1992,31.6696619117149,1802.69300801289,..,26628568,..,..
Algeria,DZA,1994,YR1994,29.0476561173071,1525.54061760288,..,27887279,..,..
Algeria,DZA,1996,YR1996,18.6790758601749,1616.83198721285,..,29033044,..,2.12765955924988
Algeria,DZA,1998,YR1998,4.95016163793114,1603.36623200836,..,30054133,22.15,0
Algeria,DZA,2000,YR2000,0.339163189071768,1772.92869122761,3.21485448,30903893,..,2.64550256729126
Algeria,DZA,2002,YR2002,1.41830192345051,1937.46411413019,3.44169641,31750835,19.75,1.05820107460022
Algeria,DZA,2004,YR2004,3.96180030257187,2816.99384960555,3.29030514,32628286,..,4.36893224716187
Algeria,DZA,2006,YR2006,2.31149918514424,3660.66104745322,3.18999887,33623506,15.82,8.21256065368652
Algeria,DZA,2008,YR2008,4.85859062814939,5180.91881514686,3.98331022,34816961,17.22,9.61538505554199
Algeria,DZA,2010,YR2010,3.91106195534028,4912.78585503672,4.64001417,36188236,..,4.7393364906311
Algeria,DZA,2012,YR2012,8.89145091062317,6033.64884689543,5.63657808,37646166,..,5.68720388412476
Algeria,DZA,2014,YR2014,2.91692692067458,6094.69392314956,6.01485014,39205031,16.16,8.09523773193359
Algeria,DZA,2016,YR2016,6.39769480268757,4424.98529027556,6.00079727,40850721,14.61,8.5714282989502
Algeria,DZA,2018,YR2018,4.26999020467084,4577.21029180491,5.93238592,42505035,14.68,11.3207550048828
Algeria,DZA,2020,YR2020,2.41513094083414,3743.5419522929,5.63831711,44042091,14.72,11.3207550048828
Algeria,DZA,2022,YR2022,9.26551551551553,4961.55257664733,3.6230433,45477389,13.3,13.2075471878052
Algeria,DZA,2024,YR2024,4.04611455313434,..,..,..,..,..
American Samoa,ASM,1960,YR1960,..,..,..,20133,..,..
American Samoa,ASM,1962,YR1962,..,..,..,21298,..,..
American Samoa,ASM,1964,YR1964,..,..,..,22673,..,..
American Samoa,ASM,1966,YR1966,..,..,..,24136,..,..
American Samoa,ASM,1968,YR1968,..,..,..,25614,..,..
American Samoa,ASM,1970,YR1970,..,..,..,27026,..,..
American Samoa,ASM,1972,YR1972,..,..,..,27995,..,..
American Samoa,ASM,1974,YR1974,..,..,..,28875,..,..
American Samoa,ASM,1976,YR1976,..,..,..,29959,..,..
American Samoa,ASM,1978,YR1978,..,..,..,31076,..,..
American Samoa,ASM,1980,YR1980,..,..,..,32403,..,..
American Samoa,ASM,1982,YR1982,..,..,..,34909,..,..
American Samoa,ASM,1984,YR1984,..,..,..,37667,..,..
American Samoa,ASM,1986,YR1986,..,..,..,40571,..,..
American Samoa,ASM,1988,YR1988,..,..,..,43615,..,..
American Samoa,ASM,1990,YR1990,..,..,..,46640,..,..
American Samoa,ASM,1992,YR1992,..,..,..,49038,..,..
American Samoa,ASM,1994,YR1994,..,..,..,51251,..,..
American Samoa,ASM,1996,YR1996,..,..,..,53353,..,..
American Samoa,ASM,1998,YR1998,..,..,..,55334,..,..
American Samoa,ASM,2000,YR2000,..,..,..,56855,..,..
American Samoa,ASM,2002,YR2002,..,8972.69636535698,..,57062,..,..
American Samoa,ASM,2004,YR2004,..,8958.42866697173,..,56818,..,46.6019401550293
American Samoa,ASM,2006,YR2006,..,8745.16621137404,..,56374,..,46.3768119812012
American Samoa,ASM,2008,YR2008,..,10030.8089130902,..,55828,..,55.288459777832
American Samoa,ASM,2010,YR2010,..,10375.1720141957,..,55228,..,54.028434753418
American Samoa,ASM,2012,YR2012,..,11745.4899153958,..,54489,..,58.7677726745605
American Samoa,ASM,2014,YR2014,..,12026.3344929488,..,53466,..,66.1904754638672
American Samoa,ASM,2016,YR2016,..,12843.3342903627,..,52245,..,65.7142868041992
American Samoa,ASM,2018,YR2018,..,12552.0546868861,..,50908,..,66.9811325073242
American Samoa,ASM,2020,YR2020,..,14489.2586563775,..,49761,..,64.6226425170898
American Samoa,ASM,2022,YR2022,..,18017.4589383973,..,48342,..,59.9056587219238
American Samoa,ASM,2024,YR2024,..,..,..,..,..,..
Andorra,AND,1960,YR1960,..,..,..,9510,..,..
Andorra,AND,1962,YR1962,..,..,..,11086,..,..
Andorra,AND,1964,YR1964,..,..,..,12764,..,..
Andorra,AND,1966,YR1966,..,..,..,14626,..,..
Andorra,AND,1968,YR1968,..,..,..,17176,..,..
Andorra,AND,1970,YR1970,..,3935.41127779609,..,19977,..,..
Andorra,AND,1972,YR1972,..,4940.29696239207,..,22957,..,..
Andorra,AND,1974,YR1974,..,7139.5745119838,..,26130,..,..
Andorra,AND,1976,YR1976,..,7721.28858646797,..,29436,..,..
Andorra,AND,1978,YR1978,..,9409.50851272793,..,32735,..,..
Andorra,AND,1980,YR1980,..,12474.9252919904,..,35782,..,..
Andorra,AND,1982,YR1982,..,9697.52201994133,..,38764,..,..
Andorra,AND,1984,YR1984,..,7808.13002713549,..,42273,..,..
Andorra,AND,1986,YR1986,..,10539.1177869653,..,45734,..,..
Andorra,AND,1988,YR1988,..,14599.0355178798,..,49416,..,..
Andorra,AND,1990,YR1990,..,19563.6574722488,..,52597,..,..
Andorra,AND,1992,YR1992,..,20099.5352208543,..,60200,..,..
Andorra,AND,1994,YR1994,..,15748.5307503373,..,64612,..,..
Andorra,AND,1996,YR1996,..,19130.1597151312,..,63984,..,52.1276588439941
Andorra,AND,1998,YR1998,..,18536.5084282698,..,65382,..,54.7872352600098
Andorra,AND,2000,YR2000,..,21810.2487431414,5.95276403,65685,..,54.4973526000977
Andorra,AND,2002,YR2002,..,26528.130158144,5.99621153,66506,..,62.4338607788086
Andorra,AND,2004,YR2004,..,39021.1278101878,5.28846931,74325,..,74.271842956543
Andorra,AND,2006,YR2006,..,43467.2109930745,4.96530008,79585,..,68.1159439086914
Andorra,AND,2008,YR2008,..,49132.515707808,5.67066383,83495,..,71.6346130371094
Andorra,AND,2010,YR2010,..,42746.8309526019,7.67537737,80706,..,70.1421813964844
Andorra,AND,2012,YR2012,..,41500.5435791686,6.71083689,76834,..,70.1421813964844
Andorra,AND,2014,YR2014,..,44369.659691379,6.77308035,73737,..,74.2857131958008
Andorra,AND,2016,YR2016,..,40129.8192007698,6.90521765,72181,..,78.5714263916016
Andorra,AND,2018,YR2018,..,42819.7745797624,7.37541723,75162,..,78.7735824584961
Andorra,AND,2020,YR2020,..,37361.0900666982,8.78673935,77380,..,88.6792449951172
Andorra,AND,2022,YR2022,..,42414.0590092117,7.53678846,79705,..,91.0377349853516
Andorra,AND,2024,YR2024,..,..,..,..,..,..
Angola,AGO,1960,YR1960,..,..,..,5231654,..,..
Angola,AGO,1962,YR1962,..,..,..,5354310,..,..
Angola,AGO,1964,YR1964,..,..,..,5464187,..,..
Angola,AGO,1966,YR1966,..,..,..,5581386,..,..
Angola,AGO,1968,YR1968,..,..,..,5702699,..,..
Angola,AGO,1970,YR1970,..,..,..,5852788,..,..
Angola,AGO,1972,YR1972,..,..,..,6174262,..,..
Angola,AGO,1974,YR1974,..,..,..,6613367,..,..
Angola,AGO,1976,YR1976,..,..,..,7074664,..,..
Angola,AGO,1978,YR1978,..,..,..,7576734,..,..
Angola,AGO,1980,YR1980,..,729.111965489822,..,8133872,..,..
Angola,AGO,1982,YR1982,..,634.221467312782,..,8751648,..,..
Angola,AGO,1984,YR1984,..,650.491094413218,..,9425917,..,..
Angola,AGO,1986,YR1986,..,697.526602399253,..,10139450,..,..
Angola,AGO,1988,YR1988,..,807.43962838624,..,10861291,..,..
Angola,AGO,1990,YR1990,..,965.866840464665,..,11626360,..,..
Angola,AGO,1992,YR1992,299.509803921569,668.706017459877,..,12423712,..,..
Angola,AGO,1994,YR1994,949.792531120332,334.973590276074,..,13249764,..,..
Angola,AGO,1996,YR1996,4145.10598220638,531.11713680614,..,14170973,..,0
Angola,AGO,1998,YR1998,107.284821528298,429.188654099367,..,15159370,..,0
Angola,AGO,2000,YR2000,324.996871601321,563.733795571487,1.90859938,16194869,..,0
Angola,AGO,2002,YR2002,108.897436089429,882.147847234303,3.32946134,17327699,11.56,1.05820107460022
Angola,AGO,2004,YR2004,43.5421067519687,1266.21086410236,3.96719909,18600423,11.56,7.28155326843262
Angola,AGO,2006,YR2006,13.3052101780032,2617.05196022633,2.68553543,20015279,11.77,17.3913040161133
Angola,AGO,2008,YR2008,12.4758291326398,4103.0669003635,3.32290339,21578655,11.49,18.75
Angola,AGO,2010,YR2010,14.4696564932577,3597.34293216332,2.69509959,23294825,11.41,25.5924167633057
Angola,AGO,2012,YR2012,10.2779049218839,5086.02740086376,2.39574957,25177394,11.1,21.8009471893311
Angola,AGO,2014,YR2014,7.28038730361121,5005.9997412707,2.43412876,27160769,22.71,23.3333339691162
Angola,AGO,2016,YR2016,30.6944150806719,1807.95294072643,2.71314979,29183070,22.32,21.9047622680664
Angola,AGO,2018,YR2018,19.6289379701521,2538.59139143371,2.59482241,31297155,19.19,21.2264156341553
Angola,AGO,2020,YR2020,22.271539247051,1449.92286669308,3.27488494,33451132,19.82,15.0943393707275
Angola,AGO,2022,YR2022,21.3552901320822,2929.69445467272,2.92737579,35635029,21.9,14.1509437561035
Angola,AGO,2024,YR2024,28.2404948915772,..,..,..,..,..
Antigua and Barbuda,ATG,1960,YR1960,..,..,..,55603,..,..
Antigua and Barbuda,ATG,1962,YR1962,..,..,..,57336,..,..
Antigua and Barbuda,ATG,1964,YR1964,..,..,..,59020,..,..
Antigua and Barbuda,ATG,1966,YR1966,..,..,..,60900,..,..
Antigua and Barbuda,ATG,1968,YR1968,..,..,..,62809,..,..
Antigua and Barbuda,ATG,1970,YR1970,..,..,..,64528,..,..
Antigua and Barbuda,ATG,1972,YR1972,..,..,..,64615,..,..
Antigua and Barbuda,ATG,1974,YR1974,..,..,..,64058,..,..
Antigua and Barbuda,ATG,1976,YR1976,..,..,..,63762,..,..
Antigua and Barbuda,ATG,1978,YR1978,..,1374.70460247561,..,64038,..,..
Antigua and Barbuda,ATG,1980,YR1980,..,2052.93104863734,..,64513,..,..
Antigua and Barbuda,ATG,1982,YR1982,..,2568.8959778641,..,64785,..,..
Antigua and Barbuda,ATG,1984,YR1984,..,3270.43852829125,..,64882,..,..
Antigua and Barbuda,ATG,1986,YR1986,..,4629.05341086933,..,64276,..,..
Antigua and Barbuda,ATG,1988,YR1988,..,6465.80755503629,..,63623,..,..
Antigua and Barbuda,ATG,1990,YR1990,..,7590.34333226449,..,63066,..,..
Antigua and Barbuda,ATG,1992,YR1992,..,8153.27780423116,..,64404,..,..
Antigua and Barbuda,ATG,1994,YR1994,..,9351.04426569501,..,66843,..,..
Antigua and Barbuda,ATG,1996,YR1996,..,9755.66153983668,..,69612,24.83,37.2340431213379
Antigua and Barbuda,ATG,1998,YR1998,..,10906.5205071392,..,72412,..,35.638298034668
Antigua and Barbuda,ATG,2000,YR2000,0.77177979690018,12021.463208189,4.71542597,74912,18.39,35.4497337341309
Antigua and Barbuda,ATG,2002,YR2002,2.40765801293491,11657.3487497259,5.28793621,77032,16.86,45.5026473999023
Antigua and Barbuda,ATG,2004,YR2004,2.03007757853236,13036.0075900543,5.11667967,78719,17.26,63.1067962646484
Antigua and Barbuda,ATG,2006,YR2006,1.78778537419121,16172.2513541282,4.63050652,80604,13.64,53.6231880187988
Antigua and Barbuda,ATG,2008,YR2008,5.33380639820233,18785.4682161899,4.20027018,82912,15.69,55.288459777832
Antigua and Barbuda,ATG,2010,YR2010,3.37002540220148,15216.3098400792,5.37907028,85320,21.28,57.8199043273926
Antigua and Barbuda,ATG,2012,YR2012,3.37688044338874,15208.6569723517,5.47921467,87260,17.95,63.0331764221191
Antigua and Barbuda,ATG,2014,YR2014,1.08944157435355,15533.4831254394,5.87269926,88765,16.18,65.7142868041992
Antigua and Barbuda,ATG,2016,YR2016,-0.489437796230499,16557.843174789,5.12190151,89969,15.8,61.4285697937012
Antigua and Barbuda,ATG,2018,YR2018,1.20715793367008,18273.4270684912,4.85204983,90926,16.09,60.8490562438965
Antigua and Barbuda,ATG,2020,YR2020,0.625989707046719,15360.4544160475,5.72944784,91846,16.12,61.3207550048828
Antigua and Barbuda,ATG,2022,YR2022,7.53107834634288,20117.7653310355,5.7299943,92840,..,61.3207550048828
Antigua and Barbuda,ATG,2024,YR2024,..,..,..,..,..,..
Argentina,ARG,1960,YR1960,..,..,..,20386045,..,..
Argentina,ARG,1962,YR1962,..,1160.30659798113,..,21072538,..,..
Argentina,ARG,1964,YR1964,..,1176.20086190313,..,21769453,..,..
Argentina,ARG,1966,YR1966,..,1275.07843418966,..,22453893,..,..
Argentina,ARG,1968,YR1968,..,1141.95211617341,..,23150583,..,..
Argentina,ARG,1970,YR1970,..,1322.71454216808,..,23878327,..,..
Argentina,ARG,1972,YR1972,..,1409.37097316211,..,24644328,..,..
Argentina,ARG,1974,YR1974,..,2844.96990526761,..,25461351,..,..
Argentina,ARG,1976,YR1976,..,1946.91990388248,..,26282283,..,..
Argentina,ARG,1978,YR1978,..,3282.06304446289,..,27132158,..,..
Argentina,ARG,1980,YR1980,..,2747.5022751674,..,28011596,..,..
Argentina,ARG,1982,YR1982,..,2914.76708504176,..,28924262,..,..
Argentina,ARG,1984,YR1984,..,3915.03492645691,..,29863093,..,..
Argentina,ARG,1986,YR1986,..,3436.07819471053,..,30811980,..,..
Argentina,ARG,1988,YR1988,..,3992.70330179156,..,31780532,..,..
Argentina,ARG,1990,YR1990,..,4315.33329358672,..,32755901,..,..
Argentina,ARG,1992,YR1992,..,6789.99611136495,..,33693527,8.06,..
Argentina,ARG,1994,YR1994,..,7437.56242327594,..,34613491,..,..
Argentina,ARG,1996,YR1996,..,7663.21271287469,..,35513793,10.08,28.7234039306641
Argentina,ARG,1998,YR1998,..,8218.99212764682,..,36372860,12.85,22.8723411560059
Argentina,ARG,2000,YR2000,..,7637.01489203628,8.22001076,37213984,11.63,31.7460308074951
Argentina,ARG,2002,YR2002,..,2569.69963519124,7.3933115,38029349,11.35,14.2857141494751
Argentina,ARG,2004,YR2004,..,4242.02099089422,7.22868252,38815916,9.03,16.019416809082
Argentina,ARG,2006,YR2006,..,5869.38028970204,7.64032793,39622115,7.56,31.4009666442871
Argentina,ARG,2008,YR2008,..,8944.1102657357,8.1826973,40424148,7.49,29.3269233703613
Argentina,ARG,2010,YR2010,..,10260.1313108254,9.44546413,41288694,7.33,28.9099521636963
Argentina,ARG,2012,YR2012,..,12949.717486654,9.82726669,42161721,7.24,37.9146919250488
Argentina,ARG,2014,YR2014,..,12233.1444119186,9.67129993,43024071,7.46,34.761905670166
Argentina,ARG,2016,YR2016,..,12699.9623137756,9.85558891,43900313,7.5,40.9523811340332
Argentina,ARG,2018,YR2018,..,11752.7998922979,10.29146862,44654882,7.63,35.3773574829102
Argentina,ARG,2020,YR2020,..,8535.59938004389,10.45030594,45191965,7.91,31.1320762634277
Argentina,ARG,2022,YR2022,..,13935.6811110049,9.86305332,45407904,7.64,28.7735843658447
Argentina,ARG,2024,YR2024,..,..,..,..,..,..
Armenia,ARM,1960,YR1960,..,..,..,1863705,..,..
Armenia,ARM,1962,YR1962,..,..,..,1991689,..,..
Armenia,ARM,1964,YR1964,..,..,..,2120135,..,..
Armenia,ARM,1966,YR1966,..,..,..,2246159,..,..
Armenia,ARM,1968,YR1968,..,..,..,2367319,..,..
Armenia,ARM,1970,YR1970,..,..,..,2475633,..,..
Armenia,ARM,1972,YR1972,..,..,..,2577079,..,..
Armenia,ARM,1974,YR1974,..,..,..,2686445,..,..
Armenia,ARM,1976,YR1976,..,..,..,2818165,..,..
Armenia,ARM,1978,YR1978,..,..,..,3012807,..,..
Armenia,ARM,1980,YR1980,..,..,..,3107415,..,..
Armenia,ARM,1982,YR1982,..,..,..,3163144,..,..
Armenia,ARM,1984,YR1984,..,..,..,3224547,..,..
Armenia,ARM,1986,YR1986,..,..,..,3294847,..,..
Armenia,ARM,1988,YR1988,..,..,..,3355125,..,..
Armenia,ARM,1990,YR1990,..,635.355327502517,..,3552128,..,..
Armenia,ARM,1992,YR1992,..,356.350780006933,..,3571861,..,..
Armenia,ARM,1994,YR1994,3373.75944336293,390.879964297655,..,3364610,..,..
Armenia,ARM,1996,YR1996,18.681185640036,487.068624404558,..,3278735,..,13.297872543335
Armenia,ARM,1998,YR1998,8.67248632385158,590.239947333459,..,3208401,..,11.1702127456665
Armenia,ARM,2000,YR2000,-0.790883768934757,593.450581742282,4.19581175,3221100,..,11.1111106872559
Armenia,ARM,2002,YR2002,1.06004929341667,742.651118319819,7.61358786,3199800,..,20.1058197021484
Armenia,ARM,2004,YR2004,6.96126135875795,1130.08791444158,6.05510139,3164900,6.52,25.2427177429199
Armenia,ARM,2006,YR2006,2.89235662459004,2041.65267068997,5.85007095,3127100,5.47,25.1207733154297
Armenia,ARM,2008,YR2008,8.94995335353387,3777.66859313767,6.63976622,3087100,5.61,29.8076915740967
Armenia,ARM,2010,YR2010,8.17636138473952,3041.34450723339,9.23538303,3044800,6.8,33.1753540039062
Armenia,ARM,2012,YR2012,2.55802007757907,3511.56399687426,9.13455009,3024100,5.79,39.3364944458008
Armenia,ARM,2014,YR2014,2.98130868933672,3852.11800610384,10.17827892,3013800,5.66,24.2857151031494
Armenia,ARM,2016,YR2016,-1.403607559009,3524.42476874707,9.95194912,2992300,5.63,13.8095235824585
Armenia,ARM,2018,YR2018,2.52023382001638,4196.00562301769,10.00543404,2969000,..,18.3962268829346
Armenia,ARM,2020,YR2020,1.21143577838465,4268.68093304583,12.24056244,2961500,5.44,12.2641506195068
Armenia,ARM,2022,YR2022,8.64091108973855,6571.97445545099,9.96212864,2969200,..,12.7358493804932
Armenia,ARM,2024,YR2024,0.269511978259125,..,..,..,..,..
Aruba,ABW,1960,YR1960,..,..,..,54922,..,..
Aruba,ABW,1962,YR1962,..,..,..,56320,..,..
Aruba,ABW,1964,YR1964,..,..,..,57619,..,..
Aruba,ABW,1966,YR1966,..,..,..,58694,..,..
Aruba,ABW,1968,YR1968,..,..,..,59069,..,..
Aruba,ABW,1970,YR1970,..,..,..,58950,..,..
Aruba,ABW,1972,YR1972,..,..,..,58047,..,..
Aruba,ABW,1974,YR1974,..,..,..,58349,..,..
Aruba,ABW,1976,YR1976,..,..,..,58368,..,..
Aruba,ABW,1978,YR1978,..,..,..,58776,..,..
Aruba,ABW,1980,YR1980,..,..,..,59909,..,..
Aruba,ABW,1982,YR1982,..,..,..,61276,..,..
Aruba,ABW,1984,YR1984,..,..,..,62901,..,..
Aruba,ABW,1986,YR1986,1.07396640826829,6767.55922942669,..,59931,..,..
Aruba,ABW,1988,YR1988,3.12186849610723,10056.2613927414,..,59331,..,..
Aruba,ABW,1990,YR1990,5.83668775158166,12187.5363611898,..,62753,..,..
Aruba,ABW,1992,YR1992,3.8733753699648,13892.6051427736,..,69005,..,..
Aruba,ABW,1994,YR1994,6.3110797127044,16055.2877874337,..,77595,..,..
Aruba,ABW,1996,YR1996,3.22528797213979,16620.9545555513,..,83021,..,..
Aruba,ABW,1998,YR1998,1.86948853615541,18828.0870594071,..,88451,..,..
Aruba,ABW,2000,YR2000,4.04402131190513,20681.0230269625,..,90588,..,..
Aruba,ABW,2002,YR2002,3.31524678585423,21307.2482505267,..,92074,..,..
Aruba,ABW,2004,YR2004,2.52912946932762,23700.6319899197,..,95138,..,54.8543701171875
Aruba,ABW,2006,YR2006,3.60802438784541,24845.65848362,..,99405,..,68.1159439086914
Aruba,ABW,2008,YR2008,8.95598705177784,28171.9094008501,..,100917,..,72.1153869628906
Aruba,ABW,2010,YR2010,2.07814071860787,24093.1401510626,..,101838,..,66.3507080078125
Aruba,ABW,2012,YR2012,0.627471992893373,25119.6655449838,..,104110,5.88,72.9857788085938
Aruba,ABW,2014,YR2014,0.421440918881214,26129.8390617693,..,106807,..,72.3809509277344
Aruba,ABW,2016,YR2016,-0.931195987079561,27441.5296617282,..,108727,6.41,75.7142868041992
Aruba,ABW,2018,YR2018,3.62604141352961,30082.1276448186,..,108908,5.6,79.2452850341797
Aruba,ABW,2020,YR2020,..,22855.9323200761,..,108587,..,79.7169799804688
Aruba,ABW,2022,YR2022,..,30559.5335346581,..,107310,..,86.3207550048828
Aruba,ABW,2024,YR2024,..,..,..,..,..,..
Australia,AUS,1960,YR1960,3.72881355932203,1810.7064295701,..,10276477,..,..
Australia,AUS,1962,YR1962,-0.319488817891379,1854.74615414162,..,10742000,..,..
Australia,AUS,1964,YR1964,2.86624203821656,2131.38029982805,..,11167000,..,..
Australia,AUS,1966,YR1966,3.29341317365269,2343.9159187567,..,11651000,..,..
Australia,AUS,1968,YR1968,2.52100840336134,2724.1306715175,..,12009000,..,..
Australia,AUS,1970,YR1970,3.43915343915341,3304.92736975744,..,12507000,..,..
Australia,AUS,1972,YR1972,6.02409638554213,3949.46164337606,..,13177000,..,..
Australia,AUS,1974,YR1974,15.4166666666666,6482.93848103472,..,13723000,..,..
Australia,AUS,1976,YR1976,13.3228840125392,7486.6826042084,..,14033000,..,..
Australia,AUS,1978,YR1978,8.0049261083744,8252.73445733837,..,14358000,..,..
Australia,AUS,1980,YR1980,10.1358411703239,10208.8036844943,..,14692000,..,..
Australia,AUS,1982,YR1982,11.3518197573657,12779.1459164023,..,15184247,..,..
Australia,AUS,1984,YR1984,3.96039603960396,12421.8807735017,..,15579391,..,..
Australia,AUS,1986,YR1986,9.05035054174634,11392.0043948477,..,16018350,..,..
Australia,AUS,1988,YR1988,7.21593968766828,14284.960791833,..,16532164,..,..
Australia,AUS,1990,YR1990,7.33302195235872,18249.3014538169,..,17065128,..,..
Australia,AUS,1992,YR1992,1.01223112610714,18624.1877335866,..,17478635,..,..
Australia,AUS,1994,YR1994,1.96963479688141,18129.6353064456,..,17805468,..,..
Australia,AUS,1996,YR1996,2.61538461538461,22021.7839065228,..,18224767,8.27,72.8723373413086
Australia,AUS,1998,YR1998,0.860134629768142,21479.1142020092,..,18607584,7.71,63.2978706359863
Australia,AUS,2000,YR2000,4.45743514797224,21870.4159669594,7.58869076,19028802,6.87,75.1322784423828
Australia,AUS,2002,YR2002,2.98157453936348,20301.8431713256,7.87221003,19495210,1.53,70.3703689575195
Australia,AUS,2004,YR2004,2.34325522482583,30836.7306824685,8.08257675,19932722,1.55,62.1359214782715
Australia,AUS,2006,YR2006,3.55528773727026,36595.7071548423,7.97161102,20450966,1.32,60.8695640563965
Australia,AUS,2008,YR2008,4.35029854990048,49701.2817843335,8.24737453,21249199,2.63,63.461540222168
Australia,AUS,2010,YR2010,2.91834002677376,52144.6654705468,8.41878414,22031750,1.37,62.5592422485352
Australia,AUS,2012,YR2012,1.76278015613196,68072.8732340801,8.66922569,22733465,1.3,67.2985763549805
Australia,AUS,2014,YR2014,2.48792270531404,62544.0873773726,9.82490253,23475686,1.43,69.523811340332
Australia,AUS,2016,YR2016,1.27699094497324,49888.0410842736,10.08972931,24190907,1.33,70
Australia,AUS,2018,YR2018,1.91140094445691,57196.4220783778,10.05163097,24963258,1.31,65.5660400390625
Australia,AUS,2020,YR2020,0.846905537459305,51791.540179984,10.66040134,25649248,1.24,63.6792449951172
Australia,AUS,2022,YR2022,6.59409671341846,64997.0136536475,9.92687893,26014399,1.26,66.9811325073242
Australia,AUS,2024,YR2024,3.1616142830575,..,..,..,..,..
Austria,AUT,1960,YR1960,1.94574935198645,939.914814681174,..,7047539,..,..
Austria,AUT,1962,YR1962,4.38179863851178,1093.01419061569,..,7129864,..,..
Austria,AUT,1964,YR1964,3.86856354936629,1275.45715281679,..,7223801,..,..
Austria,AUT,1966,YR1966,2.05482059257987,1494.04911382106,..,7322066,..,..
Austria,AUT,1968,YR1968,2.76486447339768,1685.66211669148,..,7415403,..,..
Austria,AUT,1970,YR1970,4.37282441582139,2050.7051537705,..,7467086,..,..
Austria,AUT,1972,YR1972,6.35514612686787,2912.59577111524,..,7544201,..,..
Austria,AUT,1974,YR1974,9.52178819742238,4612.61920779656,..,7599038,..,..
Austria,AUT,1976,YR1976,7.31868545106923,5656.1451383787,..,7565525,..,..
Austria,AUT,1978,YR1978,3.57431857551221,8173.32926347245,..,7562305,..,..
Austria,AUT,1980,YR1980,6.32832536226101,10826.9718274995,..,7549433,..,..
Austria,AUT,1982,YR1982,5.43603082512847,9373.48820626125,..,7574140,..,..
Austria,AUT,1984,YR1984,5.66318573909351,8955.84829191534,..,7561434,..,..
Austria,AUT,1986,YR1986,1.70544456731973,13031.8281010744,..,7569794,..,..
Austria,AUT,1988,YR1988,1.91571684671258,17509.7658683817,..,7585317,..,..
Austria,AUT,1990,YR1990,3.26187231878578,21596.068219998,..,7677850,28.19,..
Austria,AUT,1992,YR1992,4.02084780038557,24782.7118767063,..,7840709,..,..
Austria,AUT,1994,YR1994,2.95340936761079,25546.2460525087,..,7936118,..,..
Austria,AUT,1996,YR1996,1.86097115760433,29645.9451251491,..,7959017,..,72.8723373413086
Austria,AUT,1998,YR1998,0.922467196680799,27212.4642905708,..,7976789,..,65.4255294799805
Austria,AUT,2000,YR2000,2.34486285357282,24487.2974685956,9.20371342,8011566,7.93,58.7301597595215
Austria,AUT,2002,YR2002,1.81035787764127,26334.862215032,9.3947649,8081957,6.42,76.7195739746094
Austria,AUT,2004,YR2004,2.06120618032862,36614.2506533707,9.70939922,8171966,6.85,66.9902877807617
Austria,AUT,2006,YR2006,1.4415485111902,40382.2078298575,9.5311327,8268641,7.24,65.2173919677734
Austria,AUT,2008,YR2008,3.21595033239886,51581.3982361071,9.72564602,8321496,5.94,78.3653869628906
Austria,AUT,2010,YR2010,1.81353438995062,46611.1393420232,10.22101879,8363404,6.3,71.5639801025391
Austria,AUT,2012,YR2012,2.48567562177015,48250.4059142637,10.19915581,8429991,5.6,81.5165863037109
Austria,AUT,2014,YR2014,1.60581182954474,51314.9722616322,10.36809158,8546356,5.72,78.5714263916016
Austria,AUT,2016,YR2016,0.891591752655362,45061.4993920192,10.3522625,8736668,5.32,64.7619018554688
Austria,AUT,2018,YR2018,1.9983798142954,51194.0749841299,10.34885597,8840521,5.24,64.1509399414062
Austria,AUT,2020,YR2020,1.38191063351862,48716.4098900349,11.31641102,8916864,2.21,63.2075462341309
Austria,AUT,2022,YR2022,8.5468699318845,52176.6649141178,11.15729332,9041851,4.06,53.301887512207
Austria,AUT,2024,YR2024,2.93791574279383,..,..,..,..,..
Azerbaijan,AZE,1960,YR1960,..,..,..,3894500,..,..
Azerbaijan,AZE,1962,YR1962,..,..,..,4168150,..,..
Azerbaijan,AZE,1964,YR1964,..,..,..,4439250,..,..
Azerbaijan,AZE,1966,YR1966,..,..,..,4708150,..,..
Azerbaijan,AZE,1968,YR1968,..,..,..,4948500,..,..
Azerbaijan,AZE,1970,YR1970,..,..,..,5172050,..,..
Azerbaijan,AZE,1972,YR1972,..,..,..,5391450,..,..
Azerbaijan,AZE,1974,YR1974,..,..,..,5594100,..,..
Azerbaijan,AZE,1976,YR1976,..,..,..,5781000,..,..
Azerbaijan,AZE,1978,YR1978,..,..,..,5976150,..,..
Azerbaijan,AZE,1980,YR1980,..,..,..,6160500,..,..
Azerbaijan,AZE,1982,YR1982,..,..,..,6357550,..,..
Azerbaijan,AZE,1984,YR1984,..,..,..,6567850,..,..
Azerbaijan,AZE,1986,YR1986,..,..,..,6770300,..,..
Azerbaijan,AZE,1988,YR1988,..,..,..,6974600,..,..
Azerbaijan,AZE,1990,YR1990,..,1238.27189274842,..,7175200,..,..
Azerbaijan,AZE,1992,YR1992,-10.6300971576201,60.2351205405972,..,7382050,..,..
Azerbaijan,AZE,1994,YR1994,1662.21594875899,157.063549947072,..,7596550,..,..
Azerbaijan,AZE,1996,YR1996,19.7948028061898,409.185543774103,..,7763000,..,8.51063823699951
Azerbaijan,AZE,1998,YR1998,-0.772697886033167,561.906807871869,..,7913000,..,11.1702127456665
Azerbaijan,AZE,2000,YR2000,1.80500303704356,655.097249579917,2.89007497,8048600,..,10.582010269165
Azerbaijan,AZE,2002,YR2002,2.7711647199827,763.108895463487,2.73097301,8171950,17.93,5.29100513458252
Azerbaijan,AZE,2004,YR2004,6.70893042797784,1045.0136328106,2.65944242,8306500,..,6.7961163520813
Azerbaijan,AZE,2006,YR2006,8.3289248286321,2472.95725732287,2.07059145,8484550,..,8.21256065368652
Azerbaijan,AZE,2008,YR2008,20.8490871772712,5574.46810432575,2.04814458,8763400,9.71,19.7115383148193
Azerbaijan,AZE,2010,YR2010,5.72687224669605,5843.5337683582,2.64634848,9054332,..,25.5924167633057
Azerbaijan,AZE,2012,YR2012,1.06621339720303,7495.86527658099,3.15682149,9295784,13.31,15.6398105621338
Azerbaijan,AZE,2014,YR2014,1.37344181533176,7890.84028062087,3.58703041,9535079,11.34,16.6666660308838
Azerbaijan,AZE,2016,YR2016,12.4433748584372,3880.6852276838,4.42241955,9757812,..,10.9523811340332
Azerbaijan,AZE,2018,YR2018,2.26854690373999,4739.7943123408,3.83661342,9939771,..,12.7358493804932
Azerbaijan,AZE,2020,YR2020,2.75980947008127,4229.91064904503,5.84817696,10093121,9.81,11.3207550048828
Azerbaijan,AZE,2022,YR2022,13.8522590144267,7770.594223351,3.97840643,10141756,9.65,10.8490562438965
Azerbaijan,AZE,2024,YR2024,2.21217188919901,..,..,..,..,..
"Bahamas, The",BHS,1960,YR1960,..,1459.25353894533,..,116317,..,..
"Bahamas, The",BHS,1962,YR1962,..,1651.21829486338,..,128493,..,..
"Bahamas, The",BHS,1964,YR1964,..,1883.44349106778,..,141528,..,..
"Bahamas, The",BHS,1966,YR1966,..,2239.23963996539,..,154874,..,..
"Bahamas, The",BHS,1968,YR1968,4.54103146287562,2668.01498039262,..,170089,..,..
"Bahamas, The",BHS,1970,YR1970,6.15209342130048,2916.49998378221,..,184982,..,..
"Bahamas, The",BHS,1972,YR1972,6.83081131902369,3013.95016704496,..,196055,..,..
"Bahamas, The",BHS,1974,YR1974,13.0718458387012,3079.74014083821,..,205342,..,..
"Bahamas, The",BHS,1976,YR1976,4.25583657583811,2993.45923795227,..,214501,..,..
"Bahamas, The",BHS,1978,YR1978,6.10907035899874,3720.04057901064,..,223761,..,..
"Bahamas, The",BHS,1980,YR1980,12.0978372310682,5742.58362505698,..,232526,..,..
"Bahamas, The",BHS,1982,YR1982,6.01262101667498,6559.46869259478,..,240614,..,..
"Bahamas, The",BHS,1984,YR1984,3.96634615384615,8201.70133768379,..,248863,..,..
"Bahamas, The",BHS,1986,YR1986,5.43378154356233,9600.599527833,..,257536,..,..
"Bahamas, The",BHS,1988,YR1988,4.40241182786764,10575.797153666,..,266448,..,..
"Bahamas, The",BHS,1990,YR1990,4.66931912018676,11473.3008389353,..,275945,..,..
"Bahamas, The",BHS,1992,YR1992,5.73819886173447,10873.4047501635,..,285927,..,..
"Bahamas, The",BHS,1994,YR1994,1.39933423745548,10991.2346674131,..,296509,..,..
"Bahamas, The",BHS,1996,YR1996,1.37913741223666,11783.797197226,..,306268,..,59.5744667053223
"Bahamas, The",BHS,1998,YR1998,1.33661336613371,21667.448821694,..,315368,..,63.2978706359863
"Bahamas, The",BHS,2000,YR2000,1.60632941740579,24940.0775086078,3.80487037,323835,..,69.8412704467773
"Bahamas, The",BHS,2002,YR2002,2.17357792508093,26781.6195938652,3.81251931,331614,23.84,56.6137580871582
"Bahamas, The",BHS,2004,YR2004,0.981914036757662,26650.2934234303,4.04628181,339782,..,58.737865447998
"Bahamas, The",BHS,2006,YR2006,2.38982627439254,29184.7865087908,4.30935764,348375,24.38,54.1062812805176
"Bahamas, The",BHS,2008,YR2008,4.4895599537506,29392.3824416397,4.86261654,358120,..,55.288459777832
"Bahamas, The",BHS,2010,YR2010,1.34402738392836,27473.100430502,5.25594234,367478,22.4,64.4549789428711
"Bahamas, The",BHS,2012,YR2012,1.97336755976254,28552.0242683151,5.3190918,375469,..,72.511848449707
"Bahamas, The",BHS,2014,YR2014,1.51375643050831,28705.6170840548,5.62925673,382298,20.89,66.6666641235352
"Bahamas, The",BHS,2016,YR2016,-0.346376929989397,30266.5859220987,5.71206808,388055,18.3,65.7142868041992
"Bahamas, The",BHS,2018,YR2018,2.26586346678736,32124.4051059669,6.02687502,392717,13.98,63.2075462341309
"Bahamas, The",BHS,2020,YR2020,0.0385210980054558,25155.6725432789,7.59303093,395863,..,60.3773574829102
"Bahamas, The",BHS,2022,YR2022,5.60540633583044,33044.388209429,7.21692038,397538,15.15,61.3207550048828
"Bahamas, The",BHS,2024,YR2024,..,..,..,..,..,..
Bahrain,BHR,1960,YR1960,..,..,..,165477,..,..
Bahrain,BHR,1962,YR1962,..,..,..,179349,..,..
Bahrain,BHR,1964,YR1964,..,..,..,193816,..,..
Bahrain,BHR,1966,YR1966,2.13447171852241,..,..,207543,..,..
Bahrain,BHR,1968,YR1968,3.25732899024462,..,..,219337,..,..
Bahrain,BHR,1970,YR1970,1.62898127839351,1741.82245407152,..,224809,..,..
Bahrain,BHR,1972,YR1972,5.08819538648815,2205.917004377,..,242113,..,..
Bahrain,BHR,1974,YR1974,24.3929983061798,3873.71629107511,..,269038,..,..
Bahrain,BHR,1976,YR1976,22.495766575964,5310.19132615533,..,297863,..,..
Bahrain,BHR,1978,YR1978,15.7855375941987,6925.98893207436,..,328046,..,..
Bahrain,BHR,1980,YR1980,3.86952505941503,9732.72587186027,..,358978,..,..
Bahrain,BHR,1982,YR1982,8.88571308471459,10712.1529364009,..,386983,..,..
Bahrain,BHR,1984,YR1984,0.322399250235326,10696.9331055208,..,415154,..,..
Bahrain,BHR,1986,YR1986,-2.2960932141956,7776.95657736318,..,446286,..,..
Bahrain,BHR,1988,YR1988,0.303435966086578,8771.7853534009,..,479929,..,..
Bahrain,BHR,1990,YR1990,0.929335437489093,9342.53891401688,..,514797,..,..
Bahrain,BHR,1992,YR1992,-0.172413793103312,10460.1583222808,..,516458,..,..
Bahrain,BHR,1994,YR1994,0.816910897759778,11629.3595219612,..,544366,..,..
Bahrain,BHR,1996,YR1996,-0.452227382530348,12091.7802188235,..,573792,..,20.7446804046631
Bahrain,BHR,1998,YR1998,-0.366533864541774,11625.0343768343,..,604842,..,21.8085098266602
Bahrain,BHR,2000,YR2000,-0.70485295309079,14214.4836839343,3.33542562,637582,9.27,30.1587295532227
Bahrain,BHR,2002,YR2002,-0.495540138751154,13501.4708801425,3.67866111,710553,7.68,39.1534385681152
Bahrain,BHR,2004,YR2004,2.35294117647062,15963.9493171617,3.49817729,823741,7.41,39.3203887939453
Bahrain,BHR,2006,YR2006,2.00746965452849,19267.282615072,3.10821271,960424,5.96,22.2222213745117
Bahrain,BHR,2008,YR2008,3.52600316363721,23299.4992780392,3.2038722,1103496,5.85,24.0384616851807
Bahrain,BHR,2010,YR2010,1.96188468334623,21819.3291098099,4.08934975,1228543,7.6,19.4312801361084
Bahrain,BHR,2012,YR2012,2.75739669962979,26438.6733230428,4.10642147,1208964,6.11,7.10900497436523
Bahrain,BHR,2014,YR2014,2.64755321246189,26451.7965647453,4.41240263,1314562,3.04,9.0476188659668
Bahrain,BHR,2016,YR2016,2.78679347602044,23800.001440631,4.86051178,1423726,2.95,11.4285717010498
Bahrain,BHR,2018,YR2018,2.08766938046978,26324.4066549559,4.12745667,1503091,3.43,11.3207550048828
Bahrain,BHR,2020,YR2020,-2.31770629331379,24342.8444554718,4.7196188,1472204,2.9,14.6226415634155
Bahrain,BHR,2022,YR2022,3.62574104304482,30616.2610677495,3.83745313,1524693,3.14,18.3962268829346
Bahrain,BHR,2024,YR2024,0.919635459817651,..,..,..,..,..
Bangladesh,BGD,1960,YR1960,..,82.4812774116354,..,51828660,..,..
Bangladesh,BGD,1962,YR1962,..,92.5894211769315,..,54881146,..,..
Bangladesh,BGD,1964,YR1964,..,92.5782977938389,..,58178374,..,..
Bangladesh,BGD,1966,YR1966,..,104.42205467886,..,61669806,..,..
Bangladesh,BGD,1968,YR1968,..,114.414967470375,..,65408276,..,..
Bangladesh,BGD,1970,YR1970,..,130.218160844955,..,69058894,..,..
Bangladesh,BGD,1972,YR1972,..,87.773765191476,..,71641519,..,..
Bangladesh,BGD,1974,YR1974,..,164.986393602814,..,75839348,..,..
Bangladesh,BGD,1976,YR1976,..,126.693044204437,..,79855318,..,..
Bangladesh,BGD,1978,YR1978,..,158.324255152285,..,83889655,..,..
Bangladesh,BGD,1980,YR1980,..,206.075714312155,..,88016432,..,..
Bangladesh,BGD,1982,YR1982,..,199.595944646851,..,92814507,..,..
Bangladesh,BGD,1984,YR1984,..,193.435020976238,..,97814966,..,..
Bangladesh,BGD,1986,YR1986,..,212.14899385306,..,102635572,..,..
Bangladesh,BGD,1988,YR1988,7.41276595744666,247.901465967332,..,107216008,..,..
Bangladesh,BGD,1990,YR1990,6.12671846981458,283.053737055234,..,111633717,..,..
Bangladesh,BGD,1992,YR1992,3.63407691798491,273.465072520272,..,115952192,..,..
Bangladesh,BGD,1994,YR1994,5.31374007936498,280.603031791216,..,120343179,81.76,..
Bangladesh,BGD,1996,YR1996,2.37712902953223,371.917937677345,..,124862179,..,12.2340421676636
Bangladesh,BGD,1998,YR1998,8.40223795613228,385.616881752796,..,129622332,24.88,18.0851058959961
Bangladesh,BGD,2000,YR2000,2.20825620937535,396.670730249751,1.80504513,134544304,21.79,12.1693124771118
Bangladesh,BGD,2002,YR2002,3.33256493271913,393.886422327628,1.93417108,138933658,21.46,10.0529098510742
Bangladesh,BGD,2004,YR2004,7.5875363850469,455.614016909798,1.99854314,142902856,18.62,4.36893224716187
Bangladesh,BGD,2006,YR2006,6.76526117054757,490.388026533289,2.10646582,146405973,15.83,2.89855074882507
Bangladesh,BGD,2008,YR2008,8.90194489465154,613.06204104124,2.11878848,149474264,15.85,4.32692289352417
Bangladesh,BGD,2010,YR2010,8.12667639169917,757.385280361508,2.28807664,152201981,14.89,4.26540279388428
Bangladesh,BGD,2012,YR2012,6.21750422069284,859.680536375497,2.3537879,155070101,15.35,5.21327018737793
Bangladesh,BGD,2014,YR2014,6.99163889220849,1094.46199702838,2.27915168,157964929,..,9.0476188659668
Bangladesh,BGD,2016,YR2016,5.51352572692995,1649.28380858601,2.38938212,160811932,13.63,8.5714282989502
Bangladesh,BGD,2018,YR2018,5.54362139486476,1965.24372731467,2.31622243,163523103,..,9.90566062927246
Bangladesh,BGD,2020,YR2020,5.69107474746211,2248.85078828233,2.27063942,166298024,14.53,10.3773584365845
Bangladesh,BGD,2022,YR2022,7.69695437176898,2716.48592677835,2.39038587,169384897,15.18,10.3773584365845
Bangladesh,BGD,2024,YR2024,10.4657482763412,..,..,..,..,..
Barbados,BRB,1960,YR1960,..,346.575456648924,..,230893,..,..
Barbados,BRB,1962,YR1962,..,377.438456208614,..,235224,..,..
Barbados,BRB,1964,YR1964,..,413.625431992887,..,239958,..,..
Barbados,BRB,1966,YR1966,..,462.028452362603,..,244996,..,..
Barbados,BRB,1968,YR1968,7.48874318687617,505.889066146294,..,248540,..,..
Barbados,BRB,1970,YR1970,7.28421637368521,666.475008721385,..,249387,..,..
Barbados,BRB,1972,YR1972,11.8766562275328,856.072102177747,..,249658,..,..
Barbados,BRB,1974,YR1974,38.922928087811,1243.3542287421,..,250777,..,..
Barbados,BRB,1976,YR1976,4.98676811113187,1733.64540764741,..,251442,..,..
Barbados,BRB,1978,YR1978,9.48238259101763,2197.89906243719,..,251551,..,..
Barbados,BRB,1980,YR1980,14.4305197203943,4024.58856621204,..,251524,..,..
Barbados,BRB,1982,YR1982,10.3324664370561,4598.7626399513,..,253095,..,..
Barbados,BRB,1984,YR1984,4.68579731185602,5283.57944099441,..,254920,..,..
Barbados,BRB,1986,YR1986,1.33006845161916,6031.35860779383,..,256618,..,..
Barbados,BRB,1988,YR1988,4.85885917814048,7032.65370811416,..,257763,..,..
Barbados,BRB,1990,YR1990,3.07457271078017,7781.40573306125,..,258582,..,..
Barbados,BRB,1992,YR1992,6.09389302994638,7519.20143544898,..,260267,..,..
Barbados,BRB,1994,YR1994,0.0772043884602494,8223.16681181719,..,261620,..,..
Barbados,BRB,1996,YR1996,2.38615222842325,9011.77884838722,..,262284,34.06,56.9148941040039
Barbados,BRB,1998,YR1998,-1.26888660701212,10734.3637242884,..,262436,..,60.1063842773438
Barbados,BRB,2000,YR2000,2.43581303489137,11674.6736471764,5.33187246,262063,31.95,62.4338607788086
Barbados,BRB,2002,YR2002,0.12524945805599,11760.4524736133,5.86123466,264148,37.03,59.7883605957031
Barbados,BRB,2004,YR2004,1.39442231075691,12886.3665272467,7.31297731,267298,27.9,63.1067962646484
Barbados,BRB,2006,YR2006,7.30766262828939,15619.6005955511,6.58370161,270002,23.62,56.5217399597168
Barbados,BRB,2008,YR2008,8.10810810810782,17565.6929970592,6.47753286,272714,..,66.3461532592773
Barbados,BRB,2010,YR2010,5.82421853311866,18860.3833703309,6.77094746,275243,23.29,66.8246459960938
Barbados,BRB,2012,YR2012,4.53334753888766,19034.0708028512,7.77819967,276938,17.4,72.0379180908203
Barbados,BRB,2014,YR2014,1.76950322089729,19277.9423599235,6.96651411,278348,..,78.0952377319336
Barbados,BRB,2016,YR2016,1.28192813061895,19065.8069800213,6.83311653,279598,..,65.2380981445312
Barbados,BRB,2018,YR2018,3.67381410406801,20055.915870771,6.43943882,280711,..,64.1509399414062
Barbados,BRB,2020,YR2020,..,18347.1109131055,7.27405739,281698,19.21,71.2264175415039
Barbados,BRB,2022,YR2022,..,22164.0260273876,6.29389191,282318,20.19,72.1698150634766
Barbados,BRB,2024,YR2024,..,..,..,..,..,..
Belarus,BLR,1960,YR1960,..,..,..,8198000,..,..
Belarus,BLR,1962,YR1962,..,..,..,8351928,..,..
Belarus,BLR,1964,YR1964,..,..,..,8524224,..,..
Belarus,BLR,1966,YR1966,..,..,..,8696496,..,..
Belarus,BLR,1968,YR1968,..,..,..,8874552,..,..
Belarus,BLR,1970,YR1970,..,..,..,9040000,..,..
Belarus,BLR,1972,YR1972,..,..,..,9188968,..,..
Belarus,BLR,1974,YR1974,..,..,..,9317584,..,..
Belarus,BLR,1976,YR1976,..,..,..,9411000,..,..
Belarus,BLR,1978,YR1978,..,..,..,9525000,..,..
Belarus,BLR,1980,YR1980,..,..,..,9643000,..,..
Belarus,BLR,1982,YR1982,..,..,..,9776000,..,..
Belarus,BLR,1984,YR1984,..,..,..,9910000,..,..
Belarus,BLR,1986,YR1986,..,..,..,10043000,..,..
Belarus,BLR,1988,YR1988,..,..,..,10140000,..,..
Belarus,BLR,1990,YR1990,..,1706.64091882343,..,10189348,..,..
Belarus,BLR,1992,YR1992,..,1658.08641281239,..,10216470,..,..
Belarus,BLR,1994,YR1994,2221.01656992039,1460.00791360458,..,10226955,..,..
Belarus,BLR,1996,YR1996,52.7120767531954,1452.5071047646,..,10159569,9.34,22.8723411560059
Belarus,BLR,1998,YR1998,72.8697170535354,1511.25979105507,..,10071963,..,29.7872333526611
Belarus,BLR,2000,YR2000,168.620235850933,1276.28038121269,5.28088045,9979610,8.94,30.1587295532227
Belarus,BLR,2002,YR2002,42.5375481348794,1479.38066337175,5.62404203,9865548,10.54,31.7460308074951
Belarus,BLR,2004,YR2004,18.1082424937646,2378.33700470129,5.73650646,9730146,..,32.5242729187012
Belarus,BLR,2006,YR2006,6.99712903535589,3848.22350300163,5.57366323,9604924,..,34.2995185852051
Belarus,BLR,2008,YR2008,14.8378764828254,6376.17569162063,5.29448891,9527985,7.52,47.1153831481934
Belarus,BLR,2010,YR2010,7.73574804312508,6034.67885177216,5.65694332,9483836,7.75,26.5402851104736
Belarus,BLR,2012,YR2012,59.2197360232517,6953.21591683101,5.24538946,9446836,7.76,36.9668235778809
Belarus,BLR,2014,YR2014,18.1195543526734,8341.29014337961,5.38792181,9448515,6.52,39.523811340332
Belarus,BLR,2016,YR2016,11.8365807653497,5039.77560949445,5.91054153,9469379,4.98,38.0952377319336
Belarus,BLR,2018,YR2018,4.87230220550684,6360.05310087258,5.52699471,9438785,5.44,46.2264137268066
Belarus,BLR,2020,YR2020,5.54814357456511,6542.8645398436,6.40607214,9379952,5.36,10.8490562438965
Belarus,BLR,2022,YR2022,15.209675274081,7994.64806074889,6.65919876,9228071,..,12.7358493804932
Belarus,BLR,2024,YR2024,5.78531910428,..,..,..,..,..
Belgium,BEL,1960,YR1960,0.299467254769695,1290.28607216192,..,9153489,..,..
Belgium,BEL,1962,YR1962,1.40460703543514,1457.26516998378,..,9220578,..,..
Belgium,BEL,1964,YR1964,4.1687605856437,1724.01894179056,..,9378113,..,..
Belgium,BEL,1966,YR1966,4.17434761852995,1983.13119821777,..,9527807,..,..
Belgium,BEL,1968,YR1968,2.70144982931349,2251.31575906782,..,9618756,..,..
Belgium,BEL,1970,YR1970,3.9084723847191,2765.89099664794,..,9655549,..,..
Belgium,BEL,1972,YR1972,5.44843128438085,3831.63189999433,..,9711115,..,..
Belgium,BEL,1974,YR1974,12.6778877513452,5733.79813933878,..,9772419,..,..
Belgium,BEL,1976,YR1976,9.06860981054968,7243.04734119583,..,9818227,..,..
Belgium,BEL,1978,YR1978,4.47059331592944,10289.7684173296,..,9839534,..,..
Belgium,BEL,1980,YR1980,6.64868829655356,12864.0025661396,..,9859242,..,..
Belgium,BEL,1982,YR1982,8.72654906555469,9343.86109959618,..,9856303,..,..
Belgium,BEL,1984,YR1984,6.34177491009126,8457.26880316374,..,9855372,..,..
Belgium,BEL,1986,YR1986,1.2943681910248,12170.0406962702,..,9861823,..,..
Belgium,BEL,1988,YR1988,1.16093493415325,16391.093827791,..,9901664,..,..
Belgium,BEL,1990,YR1990,3.44831217961808,20600.3752789827,..,9967379,..,..
Belgium,BEL,1992,YR1992,2.42795567164615,23372.619171015,..,10045158,..,..
Belgium,BEL,1994,YR1994,2.37754084476398,24208.5547931447,..,10115603,..,..
Belgium,BEL,1996,YR1996,2.07702107350674,27489.5551770488,..,10156637,..,68.0851058959961
Belgium,BEL,1998,YR1998,0.94925028835061,25338.4432934904,..,10203008,..,63.2978706359863
Belgium,BEL,2000,YR2000,2.54451776190908,23098.8865077401,7.99917603,10251250,7.93,69.8412704467773
Belgium,BEL,2002,YR2002,1.64521436175357,25006.191397109,8.3182106,10332785,6.42,71.4285736083984
Belgium,BEL,2004,YR2004,2.09728311239314,35429.4077933344,9.32808685,10421137,6.85,53.8834953308105
Belgium,BEL,2006,YR2006,1.7912077007046,38705.1067959147,9.12786484,10547958,7.24,58.937198638916
Belgium,BEL,2008,YR2008,4.48944420508401,48303.397956286,9.59315872,10709973,5.94,50.961540222168
Belgium,BEL,2010,YR2010,2.18929920422457,44197.393671162,10.20009708,10895586,6.3,60.1895751953125
Belgium,BEL,2012,YR2012,2.83966343445899,44874.1709182123,10.50250053,11106932,5.6,63.5071105957031
Belgium,BEL,2014,YR2014,0.340002833356922,47995.7786961339,10.6084671,11209057,5.72,59.0476188659668
Belgium,BEL,2016,YR2016,1.97385264653181,41854.5498296444,10.79323006,11331422,5.32,49.0476188659668
Belgium,BEL,2018,YR2018,2.05316499865186,47487.2100392561,10.86121368,11427054,5.24,49.5283012390137
Belgium,BEL,2020,YR2020,0.740791812220344,45906.2875805246,11.26481915,11538604,2.21,51.886791229248
Belgium,BEL,2022,YR2022,9.597511728725,50807.2047084918,10.76192474,11680210,4.06,51.886791229248
Belgium,BEL,2024,YR2024,3.14349136500041,..,..,..,..,..
Belize,BLZ,1960,YR1960,..,307.414508338751,..,91318,..,..
Belize,BLZ,1962,YR1962,..,331.704794335727,..,96042,..,..
Belize,BLZ,1964,YR1964,..,356.235408350011,..,101603,..,..
Belize,BLZ,1966,YR1966,..,411.933019943696,..,107906,..,..
Belize,BLZ,1968,YR1968,..,392.282566057727,..,114713,..,..
Belize,BLZ,1970,YR1970,..,441.7894689257,..,120736,..,..
Belize,BLZ,1972,YR1972,..,529.356647508447,..,124676,..,..
Belize,BLZ,1974,YR1974,..,804.777863602367,..,128185,..,..
Belize,BLZ,1976,YR1976,..,729.488780751524,..,133099,..,..
Belize,BLZ,1978,YR1978,..,982.604370174389,..,138713,..,..
Belize,BLZ,1980,YR1980,..,1774.4136989701,..,145062,..,..
Belize,BLZ,1982,YR1982,6.83903252716288,1629.32322940976,..,152548,..,..
Belize,BLZ,1984,YR1984,3.38289962863707,1814.18859813551,..,160044,..,..
Belize,BLZ,1986,YR1986,0.799771493858953,1859.10214020555,..,167554,..,..
Belize,BLZ,1988,YR1988,3.13888888888894,2405.81116565818,..,175180,..,..
Belize,BLZ,1990,YR1990,3.05907172995786,2988.64952260263,..,183076,..,..
Belize,BLZ,1992,YR1992,2.39670073025188,3645.61243670903,..,190983,..,..
Belize,BLZ,1994,YR1994,2.56934304644295,3879.01374706801,..,199097,..,..
Belize,BLZ,1996,YR1996,5.96502097537242,4045.69445104845,..,210310,22.74,38.8297882080078
Belize,BLZ,1998,YR1998,2.1952625003759,4127.93718607471,..,225173,..,40.4255332946777
Belize,BLZ,2000,YR2000,3.06743966930585,4729.67080428075,3.09182477,240799,..,29.100528717041
Belize,BLZ,2002,YR2002,4.24026660688645,4861.74314184267,3.69127417,256009,19.82,33.862434387207
Belize,BLZ,2004,YR2004,6.39443099742399,5156.09817143194,3.53016114,271688,..,39.8058242797852
Belize,BLZ,2006,YR2006,-7.11376771265014,5527.16775856439,3.56430817,287878,16.05,31.4009666442871
Belize,BLZ,2008,YR2008,6.39443100250034,5713.28126796797,4.5307498,304361,15.75,35.0961532592773
Belize,BLZ,2010,YR2010,0.917977378808888,5451.13897172477,4.49390221,320245,18.94,32.2274894714355
Belize,BLZ,2012,YR2012,1.30058074547858,5709.68918765363,4.36309099,334414,16.24,37.9146919250488
Belize,BLZ,2014,YR2014,1.20139964481058,6128.14288539305,4.89683533,348923,16.9,35.238094329834
Belize,BLZ,2016,YR2016,0.663427167917601,6142.49873185177,4.78280401,364705,17.01,34.2857131958008
Belize,BLZ,2018,YR2018,0.269982622646335,6031.28139580144,4.76723623,380226,16.65,33.0188674926758
Belize,BLZ,2020,YR2020,0.121434644614894,5227.19363786168,5.35447645,390812,24.15,51.4150924682617
Belize,BLZ,2022,YR2022,6.27689319447544,7068.45478269722,4.23173904,402733,27.55,51.4150924682617
Belize,BLZ,2024,YR2024,3.28955985952768,..,..,..,..,..
Benin,BEN,1960,YR1960,..,89.8569246539715,..,2517286,..,..
Benin,BEN,1962,YR1962,..,90.7738610077473,..,2604659,..,..
Benin,BEN,1964,YR1964,..,99.7850246017255,..,2704003,..,..
Benin,BEN,1966,YR1966,..,107.637211853532,..,2814317,..,..
Benin,BEN,1968,YR1968,..,111.211494175445,..,2934257,..,..
Benin,BEN,1970,YR1970,..,108.848779482547,..,3065057,..,..
Benin,BEN,1972,YR1972,..,127.927157014331,..,3207543,..,..
Benin,BEN,1974,YR1974,..,164.946594142916,..,3362633,..,..
Benin,BEN,1976,YR1976,..,197.726361142541,..,3532196,..,..
Benin,BEN,1978,YR1978,..,249.802926180538,..,3718305,..,..
Benin,BEN,1980,YR1980,..,358.003054209903,..,3925251,..,..
Benin,BEN,1982,YR1982,..,305.0040635075,..,4156596,..,..
Benin,BEN,1984,YR1984,..,238.574457355381,..,4405895,..,..
Benin,BEN,1986,YR1986,..,285.771551064424,..,4675420,..,..
Benin,BEN,1988,YR1988,..,326.179757700303,..,4967341,..,..
Benin,BEN,1990,YR1990,..,371.101604332357,..,5281479,..,..
Benin,BEN,1992,YR1992,..,301.77329696287,..,5617844,..,..
Benin,BEN,1994,YR1994,38.5308661668538,262.129807445074,..,6096506,..,..
Benin,BEN,1996,YR1996,4.914239726372,369.394384135736,..,6391858,..,56.9148941040039
Benin,BEN,1998,YR1998,5.75331458417063,361.601983057505,..,6789489,..,45.2127647399902
Benin,BEN,2000,YR2000,4.16540442290284,487.424141384242,2.9591713,7221619,..,47.6190490722656
Benin,BEN,2002,YR2002,2.48916235491542,546.463829658159,3.09589195,7675426,15.36,48.1481475830078
Benin,BEN,2004,YR2004,0.873890830868488,758.695803786371,3.23273873,8159094,15.41,35.9223289489746
Benin,BEN,2006,YR2006,3.78217696540376,809.147072506221,3.28773856,8693242,13.39,49.2753639221191
Benin,BEN,2008,YR2008,7.94729876067862,1060.60254502099,2.65178108,9228466,13.25,42.3076934814453
Benin,BEN,2010,YR2010,2.20783532536523,973.244254493089,3.00988984,9797484,13.25,40.2843589782715
Benin,BEN,2012,YR2012,6.74468253340712,1071.52583567484,3.07562971,10397657,13.24,43.1279602050781
Benin,BEN,2014,YR2014,-0.548757550948091,1204.39918700511,2.69111967,11030004,13.32,34.2857131958008
Benin,BEN,2016,YR2016,-0.793310145785534,1010.53389609187,2.79549599,11697842,13.04,32.3809509277344
Benin,BEN,2018,YR2018,0.919170717886054,1151.74096952152,2.88632035,12383347,18.16,28.7735843658447
Benin,BEN,2020,YR2020,3.02272119663769,1197.50136428063,2.7123611,13070169,15.31,17.4528293609619
Benin,BEN,2022,YR2022,1.35077863583527,1264.70765976655,2.67981386,13759501,14.48,19.3396224975586
Benin,BEN,2024,YR2024,..,..,..,..,..,..
Bermuda,BMU,1960,YR1960,..,1715.31463229719,..,42208,..,..
Bermuda,BMU,1962,YR1962,..,1824.18228260132,..,44239,..,..
Bermuda,BMU,1964,YR1964,..,1986.64081017022,..,46410,..,..
Bermuda,BMU,1966,YR1966,..,2369.47294680018,..,48534,..,..
Bermuda,BMU,1968,YR1968,..,2975.95428934212,..,50404,..,..
Bermuda,BMU,1970,YR1970,..,3574.16928861945,..,52124,..,..
Bermuda,BMU,1972,YR1972,..,4458.08003333144,..,52803,..,..
Bermuda,BMU,1974,YR1974,..,5891.88781664656,..,53056,..,..
Bermuda,BMU,1976,YR1976,..,7259.91355008457,..,53210,..,..
Bermuda,BMU,1978,YR1978,..,8904.94282345455,..,53431,..,..
Bermuda,BMU,1980,YR1980,..,11426.6012333948,..,53673,..,..
Bermuda,BMU,1982,YR1982,..,14442.7902256054,..,54387,..,..
Bermuda,BMU,1984,YR1984,..,17866.9174355163,..,55169,..,..
Bermuda,BMU,1986,YR1986,..,20996.9767217163,..,55889,..,..
Bermuda,BMU,1988,YR1988,..,24958.1127004004,..,56699,..,..
Bermuda,BMU,1990,YR1990,..,27665.525808301,..,57559,..,..
Bermuda,BMU,1992,YR1992,..,28761.9634632835,..,58407,..,..
Bermuda,BMU,1994,YR1994,..,31543.0634861641,..,59194,..,..
Bermuda,BMU,1996,YR1996,..,45063.6149332085,..,59813,..,37.2340431213379
Bermuda,BMU,1998,YR1998,..,51629.2814855126,..,60639,..,35.638298034668
Bermuda,BMU,2000,YR2000,..,56542.9569455727,..,61550,..,35.4497337341309
Bermuda,BMU,2002,YR2002,..,63358.5658652763,..,62142,..,45.5026473999023
Bermuda,BMU,2004,YR2004,..,71692.1589001679,..,62555,..,54.8543701171875
Bermuda,BMU,2006,YR2006,..,97781.4558996721,..,62834,..,51.2077293395996
Bermuda,BMU,2008,YR2008,..,110268.562401264,..,63300,16.06,52.8846168518066
Bermuda,BMU,2010,YR2010,..,104111.824244802,..,63725,16.82,55.4502372741699
Bermuda,BMU,2012,YR2012,..,100213.493385287,..,63646,15.6,62.0853080749512
Bermuda,BMU,2014,YR2014,..,100961.576602811,..,63529,14.62,61.9047622680664
Bermuda,BMU,2016,YR2016,..,108747.356144305,..,63449,16.57,63.8095245361328
Bermuda,BMU,2018,YR2018,..,113204.82210838,..,63831,39.42,67.9245300292969
Bermuda,BMU,2020,YR2020,..,106973.175732348,..,64382,32.43,62.2641525268555
Bermuda,BMU,2022,YR2022,..,120897.311155385,..,64749,34.5,61.7924537658691
Bermuda,BMU,2024,YR2024,..,..,..,..,..,..
Bhutan,BTN,1960,YR1960,..,..,..,224084,..,..
Bhutan,BTN,1962,YR1962,..,..,..,237636,..,..
Bhutan,BTN,1964,YR1964,..,..,..,252987,..,..
Bhutan,BTN,1966,YR1966,..,..,..,269820,..,..
Bhutan,BTN,1968,YR1968,..,..,..,288311,..,..
Bhutan,BTN,1970,YR1970,..,200.345229822469,..,308528,..,..
Bhutan,BTN,1972,YR1972,..,212.375150813633,..,330264,..,..
Bhutan,BTN,1974,YR1974,..,262.777366220031,..,353538,..,..
Bhutan,BTN,1976,YR1976,..,233.721532349196,..,378490,..,..
Bhutan,BTN,1978,YR1978,..,232.172369685589,..,405243,..,..
Bhutan,BTN,1980,YR1980,..,296.880510831581,..,433404,..,..
Bhutan,BTN,1982,YR1982,9.84677216779704,305.824658960335,..,462485,..,..
Bhutan,BTN,1984,YR1984,7.03770661157025,325.545257021725,..,492784,..,..
Bhutan,BTN,1986,YR1986,9.96447602131439,364.694569557154,..,524324,..,..
Bhutan,BTN,1988,YR1988,10.0967137576586,488.877757351253,..,556986,..,..
Bhutan,BTN,1990,YR1990,10.0118383223406,488.327431477129,..,589287,..,..
Bhutan,BTN,1992,YR1992,15.975217361539,415.791522568451,..,577774,..,..
Bhutan,BTN,1994,YR1994,7.00995355009951,467.008312125283,..,554497,..,..
Bhutan,BTN,1996,YR1996,8.79001381935162,552.873891403681,..,548784,20.76,45.7446823120117
Bhutan,BTN,1998,YR1998,10.5855899892463,638.278962310609,..,569435,..,36.7021293640137
Bhutan,BTN,2000,YR2000,4.01212081070342,771.924911410619,4.13867903,596863,..,35.4497337341309
Bhutan,BTN,2002,YR2002,2.45535714285714,895.799489930972,3.95161104,624409,20.8,46.0317459106445
Bhutan,BTN,2004,YR2004,4.10593698272958,1130.35934606796,4.26397753,650544,39.31,66.5048522949219
Bhutan,BTN,2006,YR2006,5.00045438022541,1405.6071618158,4.08523893,670799,..,68.1159439086914
Bhutan,BTN,2008,YR2008,8.32716049382713,1919.59774896395,3.14842224,686351,..,52.8846168518066
Bhutan,BTN,2010,YR2010,7.03638316073019,2435.57980661188,3.29502344,701632,..,54.028434753418
Bhutan,BTN,2012,YR2012,10.919656944683,2751.21288653263,3.32087612,717279,..,57.8199043273926
Bhutan,BTN,2014,YR2014,8.27106093949328,2849.49998659935,3.28293824,733139,..,69.523811340332
Bhutan,BTN,2016,YR2016,3.21988689395718,3152.30905081592,3.32710075,747866,..,71.4285736083984
Bhutan,BTN,2018,YR2018,2.72396386183713,3400.20417159422,3.06896734,759759,..,68.8679275512695
Bhutan,BTN,2020,YR2020,5.62936522632508,3191.66907031782,4.08451509,770006,8.42,66.5094375610352
Bhutan,BTN,2022,YR2022,5.6391667139637,3711.32767902157,4.38545895,780914,9.35,66.5094375610352
Bhutan,BTN,2024,YR2024,2.76131569624098,..,..,..,..,..
Bolivia,BOL,1960,YR1960,11.5331525756195,100.815082854737,..,3702323,..,..
Bolivia,BOL,1962,YR1962,5.87933142225296,115.079059551545,..,3857493,..,..
Bolivia,BOL,1964,YR1964,10.1818181818181,133.876179179232,..,4022996,..,..
Bolivia,BOL,1966,YR1966,6.95187165775404,157.754997559262,..,4199550,..,..
Bolivia,BOL,1968,YR1968,5.47062350162299,193.51655736171,..,4388944,..,..
Bolivia,BOL,1970,YR1970,3.95550921099769,219.353189499224,..,4590010,..,..
Bolivia,BOL,1972,YR1972,6.5115440115437,267.89413451881,..,4800978,..,..
Bolivia,BOL,1974,YR1974,62.8360756029239,418.379384665927,..,5022475,..,..
Bolivia,BOL,1976,YR1976,4.49401164707216,519.994688476886,..,5256496,..,..
Bolivia,BOL,1978,YR1978,10.3556722757191,683.142437042195,..,5504123,..,..
Bolivia,BOL,1980,YR1980,47.2416501018426,772.779523867405,..,5758900,..,..
Bolivia,BOL,1982,YR1982,123.535718565329,930.593009773204,..,6018088,..,..
Bolivia,BOL,1984,YR1984,1281.34994174486,982.081210248484,..,6281868,..,..
Bolivia,BOL,1986,YR1986,276.335967563202,604.257338303133,..,6552479,..,..
Bolivia,BOL,1988,YR1988,16.0020910549391,672.607172751221,..,6835508,..,..
Bolivia,BOL,1990,YR1990,17.1187746048239,682.67681029538,..,7130142,..,..
Bolivia,BOL,1992,YR1992,12.060323601829,759.57113496365,..,7430336,..,..
Bolivia,BOL,1994,YR1994,7.87404421467434,774.035669644318,..,7727322,9.99,..
Bolivia,BOL,1996,YR1996,12.4254866180049,922.113259069714,..,8021736,9.99,22.8723411560059
Bolivia,BOL,1998,YR1998,7.67322895675083,1022.14506519545,..,8313394,9.99,19.1489353179932
Bolivia,BOL,2000,YR2000,4.60822998872598,975.777060358751,4.39554119,8606326,9.86,21.1640205383301
Bolivia,BOL,2002,YR2002,0.92825885161107,888.221328974352,4.89645052,8900355,10.42,21.6931209564209
Bolivia,BOL,2004,YR2004,4.43738080101725,953.191893246277,4.86315727,9204287,8.09,15.5339803695679
Bolivia,BOL,2006,YR2006,4.28239604802561,1202.71150446327,4.66087532,9521689,6.43,13.5265703201294
Bolivia,BOL,2008,YR2008,14.0068107702519,1692.67248455876,4.60677242,9850858,6.17,14.4230766296387
Bolivia,BOL,2010,YR2010,2.50327605844241,1929.78373077158,5.20230532,10182345,8.61,21.3270149230957
Bolivia,BOL,2012,YR2012,4.51560291399376,2575.59857098084,5.2539444,10515807,7.42,20.3791465759277
Bolivia,BOL,2014,YR2014,5.76660074579144,3041.43503118107,5.89613628,10848888,7.45,23.8095245361328
Bolivia,BOL,2016,YR2016,3.62321431764138,3035.8734778704,6.83333063,11180020,7.4,24.761905670166
Bolivia,BOL,2018,YR2018,2.27205987230155,3500.72642189371,6.60399437,11508368,7.86,23.5849056243896
Bolivia,BOL,2020,YR2020,0.940742153381849,3099.94219044572,8.0225811,11816299,7.74,18.3962268829346
Bolivia,BOL,2022,YR2022,1.74632872945969,3643.92826968677,8.43142891,12077154,7.75,25
Bolivia,BOL,2024,YR2024,5.09976568317427,..,..,..,..,..
Bosnia and Herzegovina,BIH,1960,YR1960,..,..,..,3281381,..,..
Bosnia and Herzegovina,BIH,1962,YR1962,..,..,..,3407532,..,..
Bosnia and Herzegovina,BIH,1964,YR1964,..,..,..,3513441,..,..
Bosnia and Herzegovina,BIH,1966,YR1966,..,..,..,3610562,..,..
Bosnia and Herzegovina,BIH,1968,YR1968,..,..,..,3698794,..,..
Bosnia and Herzegovina,BIH,1970,YR1970,..,..,..,3773247,..,..
Bosnia and Herzegovina,BIH,1972,YR1972,..,..,..,3848271,..,..
Bosnia and Herzegovina,BIH,1974,YR1974,..,..,..,3926472,..,..
Bosnia and Herzegovina,BIH,1976,YR1976,..,..,..,4004552,..,..
Bosnia and Herzegovina,BIH,1978,YR1978,..,..,..,4078240,..,..
Bosnia and Herzegovina,BIH,1980,YR1980,..,..,..,4148426,..,..
Bosnia and Herzegovina,BIH,1982,YR1982,..,..,..,4221100,..,..
Bosnia and Herzegovina,BIH,1984,YR1984,..,..,..,4295536,..,..
Bosnia and Herzegovina,BIH,1986,YR1986,..,..,..,4362115,..,..
Bosnia and Herzegovina,BIH,1988,YR1988,..,..,..,4414404,..,..
Bosnia and Herzegovina,BIH,1990,YR1990,..,1742.88262171767,..,4448652,..,..
Bosnia and Herzegovina,BIH,1992,YR1992,..,1118.17569934079,..,4234616,..,..
Bosnia and Herzegovina,BIH,1994,YR1994,..,337.090896023259,..,3725412,..,..
Bosnia and Herzegovina,BIH,1996,YR1996,..,718.933797141505,..,3875246,..,9.57446765899658
Bosnia and Herzegovina,BIH,1998,YR1998,..,1006.70479669823,..,4089356,..,12.2340421676636
Bosnia and Herzegovina,BIH,2000,YR2000,..,1338.48059636261,7.98265457,4159771,..,13.7566137313843
Bosnia and Herzegovina,BIH,2002,YR2002,..,1606.54672243362,7.41844416,4188002,..,25.3968257904053
Bosnia and Herzegovina,BIH,2004,YR2004,..,2452.68616839392,9.06270218,4140987,..,29.6116504669189
Bosnia and Herzegovina,BIH,2006,YR2006,6.12556615620285,3166.12865344833,9.17218685,4063272,10.3,19.3236713409424
Bosnia and Herzegovina,BIH,2008,YR2008,7.42704310332953,4841.69311934649,9.68943882,3947544,7.55,15.865385055542
Bosnia and Herzegovina,BIH,2010,YR2010,1.99621236745887,4506.47828548389,9.01888275,3811472,5.27,13.2701425552368
Bosnia and Herzegovina,BIH,2012,YR2012,2.05267452001717,4693.78899115381,9.49001503,3670113,3.78,18.4834117889404
Bosnia and Herzegovina,BIH,2014,YR2014,-0.897194054194333,5206.06558252,9.49011135,3564829,3.87,30.4761905670166
Bosnia and Herzegovina,BIH,2016,YR2016,-1.58410000000002,4928.5665251728,9.13943481,3473003,2.48,20
Bosnia and Herzegovina,BIH,2018,YR2018,1.41710814018034,6047.84584261133,8.76100445,3387000,3.34,19.3396224975586
Bosnia and Herzegovina,BIH,2020,YR2020,-1.0512960076349,6130.31133245161,9.70311832,3299349,3.41,17.9245281219482
Bosnia and Herzegovina,BIH,2022,YR2022,14.0208440826771,7655.59421024383,8.71644783,3204802,5.89,16.5094337463379
Bosnia and Herzegovina,BIH,2024,YR2024,1.69212733599724,..,..,..,..,..
Botswana,BWA,1960,YR1960,..,58.9180081084204,..,516165,..,..
Botswana,BWA,1962,YR1962,..,65.9864503023827,..,540186,..,..
Botswana,BWA,1964,YR1964,..,73.4925773235308,..,566266,..,..
Botswana,BWA,1966,YR1966,..,89.0615737768069,..,577866,..,..
Botswana,BWA,1968,YR1968,..,113.445716733931,..,583966,..,..
Botswana,BWA,1970,YR1970,..,163.031832252562,..,590334,..,..
Botswana,BWA,1972,YR1972,..,264.233716807813,..,622407,..,..
Botswana,BWA,1974,YR1974,..,446.487855432073,..,685448,..,..
Botswana,BWA,1976,YR1976,11.732423613642,490.469570533565,..,758508,..,..
Botswana,BWA,1978,YR1978,9.04398827010362,695.219336897052,..,849239,..,..
Botswana,BWA,1980,YR1980,13.6324251470895,1131.63379014463,..,937485,..,..
Botswana,BWA,1982,YR1982,11.1372064274689,1005.62456165727,..,1009269,..,..
Botswana,BWA,1984,YR1984,8.57746904251906,1145.02903810762,..,1083660,..,..
Botswana,BWA,1986,YR1986,10.0017155606022,1199.84677856226,..,1160650,..,..
Botswana,BWA,1988,YR1988,8.35167956821219,2140.51439180359,..,1235476,..,..
Botswana,BWA,1990,YR1990,11.3963461199556,2903.15381562611,..,1305696,..,..
Botswana,BWA,1992,YR1992,16.1676123963339,3004.61263362306,..,1380033,..,..
Botswana,BWA,1994,YR1994,10.5429209938218,2917.25514197806,..,1460023,..,..
Botswana,BWA,1996,YR1996,10.0828580652108,3156.26865681161,..,1535914,..,60.1063842773438
Botswana,BWA,1998,YR1998,6.66139865665752,2981.19639702109,..,1606899,..,60.638298034668
Botswana,BWA,2000,YR2000,8.60148514851491,3450.81180622992,6.10838556,1677382,..,68.2539672851562
Botswana,BWA,2002,YR2002,8.03279662527486,3117.25087183011,6.66529799,1744763,6.03,59.7883605957031
Botswana,BWA,2004,YR2004,6.94570363654675,4956.69287735214,6.09125996,1807146,3.19,60.6796112060547
Botswana,BWA,2006,YR2006,11.5552187914379,5291.58379144849,4.87599421,1874516,6.27,64.2512054443359
Botswana,BWA,2008,YR2008,12.7021883920076,5503.07395314313,5.89747286,1949970,6.17,68.2692337036133
Botswana,BWA,2010,YR2010,6.94887658743103,6215.73216077919,6.26718187,2033111,6.58,65.8767776489258
Botswana,BWA,2012,YR2012,7.53690261091916,6595.53845015424,6.35010576,2108617,10.36,69.6682434082031
Botswana,BWA,2014,YR2014,4.40225309243427,7122.36423421503,5.8804059,2172044,4.54,69.0476226806641
Botswana,BWA,2016,YR2016,2.81495791361944,6749.05994339013,5.76837635,2234776,6.43,65.7142868041992
Botswana,BWA,2018,YR2018,3.23801558947715,7407.95940141786,6.04010344,2299141,3.19,65.0943374633789
Botswana,BWA,2020,YR2020,1.8903591682421,6323.31419156209,6.1213398,2365894,4.09,66.9811325073242
Botswana,BWA,2022,YR2022,11.665567478802,8329.04032229144,5.72838593,2439892,4.85,69.8113174438477
Botswana,BWA,2024,YR2024,2.81835131676251,..,..,..,..,..
Brazil,BRA,1960,YR1960,..,235.266009502589,..,72388126,..,..
Brazil,BRA,1962,YR1962,..,250.200572910273,..,76865323,..,..
Brazil,BRA,1964,YR1964,..,257.259726897671,..,81488595,..,..
Brazil,BRA,1966,YR1966,..,328.343791519407,..,86139359,..,..
Brazil,BRA,1968,YR1968,..,373.925432639683,..,90741240,..,..
Brazil,BRA,1970,YR1970,..,443.799484982738,..,95375651,..,..
Brazil,BRA,1972,YR1972,..,583.492034946156,..,100146797,..,..
Brazil,BRA,1974,YR1974,..,1044.76980947499,..,105089675,..,..
Brazil,BRA,1976,YR1976,..,1389.74952306555,..,110213349,..,..
Brazil,BRA,1978,YR1978,..,1732.50012204556,..,115600942,..,..
Brazil,BRA,1980,YR1980,..,1958.57159232662,..,121207461,..,..
Brazil,BRA,1982,YR1982,100.54335919485,2137.6250359394,..,126923155,..,..
Brazil,BRA,1984,YR1984,192.121733132051,1419.73154606978,..,132658864,..,..
Brazil,BRA,1986,YR1986,147.142826237604,1854.03775211919,..,138336370,..,..
Brazil,BRA,1988,YR1988,629.114509120897,2140.65027561164,..,143826357,..,..
Brazil,BRA,1990,YR1990,2947.732772483,3117.73534721624,..,149143223,23.27,..
Brazil,BRA,1992,YR1992,951.962053052818,2127.31642731638,..,154275079,20.37,..
Brazil,BRA,1994,YR1994,2075.88839757325,3298.71250747787,..,159265006,8.66,..
Brazil,BRA,1996,YR1996,15.7576656002606,5179.13052002464,..,164202549,10.34,20.7446804046631
Brazil,BRA,1998,YR1998,3.19507629280052,5105.89099544117,..,169159655,12.9,18.6170215606689
Brazil,BRA,2000,YR2000,7.04414105947266,3766.54811466032,8.33457184,174018282,12.23,33.862434387207
Brazil,BRA,2002,YR2002,8.45016437708331,2855.94018885769,8.69686985,178503484,10.86,42.3280410766602
Brazil,BRA,2004,YR2004,6.59718509985963,3663.823188064,8.12491989,182675143,9.13,22.3300971984863
Brazil,BRA,2006,YR2006,4.18356812896909,5934.1447107274,8.24952507,186653106,7.77,25.1207733154297
Brazil,BRA,2008,YR2008,5.67859390284168,8908.33176567294,8.01128483,190367302,7.89,23.0769233703613
Brazil,BRA,2010,YR2010,5.03872690108075,11403.2821284616,7.94516611,193701929,7.95,33.1753540039062
Brazil,BRA,2012,YR2012,5.40349914036997,12521.7213530369,7.73637724,196876111,8.36,36.9668235778809
Brazil,BRA,2014,YR2014,6.32904015516139,12274.9939689363,8.39644146,200085127,8.5,30
Brazil,BRA,2016,YR2016,8.73914352329393,8836.28652636996,9.16901684,203218114,8.49,21.4285717010498
Brazil,BRA,2018,YR2018,3.66485028376729,9300.66164936497,9.46475029,206107261,8.54,19.3396224975586
Brazil,BRA,2020,YR2020,3.21176803803376,7074.19378281866,9.62326527,208660842,8.58,19.3396224975586
Brazil,BRA,2022,YR2022,9.28010608956873,9281.33334441234,9.14277458,210306415,8.3,18.3962268829346
Brazil,BRA,2024,YR2024,4.36746407652337,..,..,..,..,..
British Virgin Islands,VGB,1960,YR1960,..,..,..,7950,..,..
British Virgin Islands,VGB,1962,YR1962,..,..,..,8070,..,..
British Virgin Islands,VGB,1964,YR1964,..,..,..,8168,..,..
British Virgin Islands,VGB,1966,YR1966,..,..,..,8413,..,..
British Virgin Islands,VGB,1968,YR1968,..,..,..,9000,..,..
British Virgin Islands,VGB,1970,YR1970,..,..,..,9933,..,..
British Virgin Islands,VGB,1972,YR1972,..,..,..,10235,..,..
British Virgin Islands,VGB,1974,YR1974,..,..,..,10494,..,..
British Virgin Islands,VGB,1976,YR1976,..,..,..,10709,..,..
British Virgin Islands,VGB,1978,YR1978,..,..,..,10886,..,..
British Virgin Islands,VGB,1980,YR1980,..,..,..,11130,..,..
British Virgin Islands,VGB,1982,YR1982,..,..,..,11921,..,..
British Virgin Islands,VGB,1984,YR1984,..,..,..,12820,..,..
British Virgin Islands,VGB,1986,YR1986,..,..,..,13726,..,..
British Virgin Islands,VGB,1988,YR1988,..,..,..,14680,..,..
British Virgin Islands,VGB,1990,YR1990,..,..,..,15704,..,..
British Virgin Islands,VGB,1992,YR1992,..,..,..,16593,..,..
British Virgin Islands,VGB,1994,YR1994,..,..,..,17406,..,..
British Virgin Islands,VGB,1996,YR1996,..,..,..,18287,..,..
British Virgin Islands,VGB,1998,YR1998,..,..,..,19238,..,..
British Virgin Islands,VGB,2000,YR2000,..,..,..,20241,..,..
British Virgin Islands,VGB,2002,YR2002,..,..,..,21430,..,..
British Virgin Islands,VGB,2004,YR2004,..,..,..,22881,..,..
British Virgin Islands,VGB,2006,YR2006,..,..,..,24493,..,..
British Virgin Islands,VGB,2008,YR2008,..,..,..,26288,..,..
British Virgin Islands,VGB,2010,YR2010,..,..,..,27675,..,..
British Virgin Islands,VGB,2012,YR2012,..,..,..,30345,..,..
British Virgin Islands,VGB,2014,YR2014,..,..,..,32962,..,..
British Virgin Islands,VGB,2016,YR2016,..,..,..,33878,..,..
British Virgin Islands,VGB,2018,YR2018,..,..,..,34657,..,..
British Virgin Islands,VGB,2020,YR2020,..,..,..,37135,..,..
British Virgin Islands,VGB,2022,YR2022,..,..,..,38319,..,..
British Virgin Islands,VGB,2024,YR2024,..,..,..,..,..,..
Brunei Darussalam,BRN,1960,YR1960,..,..,..,88347,..,..
Brunei Darussalam,BRN,1962,YR1962,..,..,..,96719,..,..
Brunei Darussalam,BRN,1964,YR1964,..,..,..,105922,..,..
Brunei Darussalam,BRN,1966,YR1966,..,1145.70592233266,..,115874,..,..
Brunei Darussalam,BRN,1968,YR1968,..,1274.0903793851,..,126222,..,..
Brunei Darussalam,BRN,1970,YR1970,..,1325.15598362979,..,135138,..,..
Brunei Darussalam,BRN,1972,YR1972,..,1904.66760457331,..,142189,..,..
Brunei Darussalam,BRN,1974,YR1974,..,15194.792305663,..,152656,..,..
Brunei Darussalam,BRN,1976,YR1976,..,18671.3624129294,..,163607,..,..
Brunei Darussalam,BRN,1978,YR1978,..,23446.5341231193,..,174884,..,..
Brunei Darussalam,BRN,1980,YR1980,..,58005.3424763282,..,186111,..,..
Brunei Darussalam,BRN,1982,YR1982,6.35658914728688,45074.5499241983,..,198165,..,..
Brunei Darussalam,BRN,1984,YR1984,3.07396733909727,36061.3815259405,..,211661,..,..
Brunei Darussalam,BRN,1986,YR1986,1.78124288641065,18500.5408625966,..,226495,..,..
Brunei Darussalam,BRN,1988,YR1988,1.19284294234596,18824.7637309359,..,240913,..,..
Brunei Darussalam,BRN,1990,YR1990,2.13866293163795,23658.7166330381,..,255292,..,..
Brunei Darussalam,BRN,1992,YR1992,1.27952755905515,23450.8964414887,..,269839,0.85,..
Brunei Darussalam,BRN,1994,YR1994,2.4625184494679,22766.5871897245,..,284091,..,..
Brunei Darussalam,BRN,1996,YR1996,1.99613650998078,25692.235637475,..,298276,1.57,63.2978706359863
Brunei Darussalam,BRN,1998,YR1998,-0.4413793103449,17769.2463626025,..,312385,1.58,63.2978706359863
Brunei Darussalam,BRN,2000,YR2000,1.55815247634946,20130.2571493081,2.5479064,326424,1.09,70.3703689575195
Brunei Darussalam,BRN,2002,YR2002,-2.31497242459321,18621.2922677806,2.53447938,340099,1.41,65.6084671020508
Brunei Darussalam,BRN,2004,YR2004,0.814223994682613,24423.0947731021,2.55193377,352911,0.91,74.271842956543
Brunei Darussalam,BRN,2006,YR2006,0.159888078345121,34674.7995990594,1.9072516,364663,0.91,62.8019332885742
Brunei Darussalam,BRN,2008,YR2008,2.08498023715415,42156.5685216979,1.87612021,377793,0.17,69.2307662963867
Brunei Darussalam,BRN,2010,YR2010,0.356869132017561,34937.5555174068,2.27826095,392332,0.27,75.8293838500977
Brunei Darussalam,BRN,2012,YR2012,0.111766261400307,46968.5971144517,1.85097206,405557,..,63.0331764221191
Brunei Darussalam,BRN,2014,YR2014,-0.207108731719822,41026.508391054,1.91436803,416750,0.06,77.6190490722656
Brunei Darussalam,BRN,2016,YR2016,-0.278693265753083,26663.2973199878,2.54828691,427564,0.09,72.3809509277344
Brunei Darussalam,BRN,2018,YR2018,1.02505179290212,30988.1190497851,2.41289377,437810,0.06,76.8867950439453
Brunei Darussalam,BRN,2020,YR2020,1.94031996607184,26834.3592463839,2.45178461,447404,0.06,72.6415100097656
Brunei Darussalam,BRN,2022,YR2022,3.68225030604216,36632.9280421411,1.81768215,455370,0.1,75.9433975219727
Brunei Darussalam,BRN,2024,YR2024,-0.388674165036461,..,..,..,..,..
Bulgaria,BGR,1960,YR1960,..,..,..,7867374,..,..
Bulgaria,BGR,1962,YR1962,..,..,..,8012946,..,..
Bulgaria,BGR,1964,YR1964,..,..,..,8144340,..,..
Bulgaria,BGR,1966,YR1966,..,..,..,8258057,..,..
Bulgaria,BGR,1968,YR1968,..,..,..,8369603,..,..
Bulgaria,BGR,1970,YR1970,..,..,..,8489574,..,..
Bulgaria,BGR,1972,YR1972,..,..,..,8576200,..,..
Bulgaria,BGR,1974,YR1974,..,..,..,8678745,..,..
Bulgaria,BGR,1976,YR1976,..,..,..,8758599,..,..
Bulgaria,BGR,1978,YR1978,..,..,..,8814032,..,..
Bulgaria,BGR,1980,YR1980,..,2238.80295786574,..,8861535,..,..
Bulgaria,BGR,1982,YR1982,..,2169.00401089683,..,8917457,..,..
Bulgaria,BGR,1984,YR1984,..,1963.57267618274,..,8960679,..,..
Bulgaria,BGR,1986,YR1986,2.69999999999986,2260.4272811545,..,8958171,..,..
Bulgaria,BGR,1988,YR1988,2.36966824644552,2511.39306259489,..,8981446,..,..
Bulgaria,BGR,1990,YR1990,23.8000000000003,2366.52982128614,..,8718289,..,..
Bulgaria,BGR,1992,YR1992,91.2979327269303,1211.98087810931,..,8540164,..,..
Bulgaria,BGR,1994,YR1994,96.0573382686505,1148.4943993817,..,8443591,..,..
Bulgaria,BGR,1996,YR1996,121.60754244925,1470.19259250682,..,8362826,..,22.8723411560059
Bulgaria,BGR,1998,YR1998,18.672204442064,1820.44866449942,..,8256786,18.09,45.2127647399902
Bulgaria,BGR,2000,YR2000,10.316262128999,1621.26210738992,5.82970953,8170172,17.55,39.1534385681152
Bulgaria,BGR,2002,YR2002,5.81014365721825,2092.98288625558,7.0809865,7837161,15.32,46.0317459106445
Bulgaria,BGR,2004,YR2004,6.14713074246273,3389.68743360274,6.89090872,7716860,16.18,29.6116504669189
Bulgaria,BGR,2006,YR2006,7.26159462769944,4523.1465578805,6.52544546,7601022,9.15,45.4106292724609
Bulgaria,BGR,2008,YR2008,12.3487195994021,7271.30338858025,6.28281593,7492561,5.94,43.75
Bulgaria,BGR,2010,YR2010,2.43899060504113,6863.66706774052,7.09477949,7395599,6.3,44.5497627258301
Bulgaria,BGR,2012,YR2012,2.95456829831022,7430.7373804242,7.53903675,7305888,5.6,45.497631072998
Bulgaria,BGR,2014,YR2014,-1.4181838026484,7912.27484371138,7.68306208,7223938,5.72,36.6666679382324
Bulgaria,BGR,2016,YR2016,-0.79864988645371,7570.93165511708,7.45975018,7127822,5.32,36.1904754638672
Bulgaria,BGR,2018,YR2018,2.81454473824829,9436.14479876055,7.33192015,7025037,5.24,52.3584899902344
Bulgaria,BGR,2020,YR2020,1.67244096855756,10198.5388313404,8.48235893,6934015,..,48.113208770752
Bulgaria,BGR,2022,YR2022,15.3252589264366,13644.201582807,7.66357517,6643324,4.06,45.2830200195312
Bulgaria,BGR,2024,YR2024,2.44651943006079,..,..,..,..,..
Burkina Faso,BFA,1960,YR1960,7.78816199376884,69.1502456087615,..,4778621,..,..
Burkina Faso,BFA,1962,YR1962,1.67590956140175,77.1529279288175,..,4919672,..,..
Burkina Faso,BFA,1964,YR1964,1.84512319774997,80.9147887718582,..,5071034,..,..
Burkina Faso,BFA,1966,YR1966,2.36410601983339,82.8360664864243,..,5237933,..,..
Burkina Faso,BFA,1968,YR1968,-0.28671368777001,84.9737848392287,..,5418644,..,..
Burkina Faso,BFA,1970,YR1970,1.77260331451337,81.707563219742,..,5610304,..,..
Burkina Faso,BFA,1972,YR1972,-2.92335655867958,99.6335814933813,..,5807234,..,..
Burkina Faso,BFA,1974,YR1974,8.71960945428422,124.671435503255,..,6024904,..,..
Burkina Faso,BFA,1976,YR1976,-8.40071877820545,155.485422740659,..,6280635,..,..
Burkina Faso,BFA,1978,YR1978,8.26914007214047,223.879111971163,..,6590984,..,..
Burkina Faso,BFA,1980,YR1980,12.2026364968298,277.597531370181,..,6947900,..,..
Burkina Faso,BFA,1982,YR1982,12.0597652081337,239.019483569339,..,7340197,..,..
Burkina Faso,BFA,1984,YR1984,4.84695768186083,187.832224278391,..,7772256,..,..
Burkina Faso,BFA,1986,YR1986,-2.61174292476783,247.459134637104,..,8228847,..,..
Burkina Faso,BFA,1988,YR1988,4.25561601785942,301.129214663833,..,8687435,..,..
Burkina Faso,BFA,1990,YR1990,-0.504303388918912,338.593759055128,..,9159356,..,..
Burkina Faso,BFA,1992,YR1992,-1.99113580736892,348.592443894547,..,9629275,..,..
Burkina Faso,BFA,1994,YR1994,25.1778762249963,187.21142372606,..,10123798,..,..
Burkina Faso,BFA,1996,YR1996,6.09780439121741,242.733171352672,..,10655942,..,18.0851058959961
Burkina Faso,BFA,1998,YR1998,5.08433344145323,249.53173292493,..,11240664,..,21.2765960693359
Burkina Faso,BFA,2000,YR2000,-0.304212168486803,248.908526921752,2.9502635,11925546,..,26.9841270446777
Burkina Faso,BFA,2002,YR2002,2.17569480664608,285.654087637533,2.97113013,12680897,13.7,20.1058197021484
Burkina Faso,BFA,2004,YR2004,-0.400228702115452,403.81283743461,4.21720934,13500533,13.95,26.2135925292969
Burkina Faso,BFA,2006,YR2006,2.3331085637222,455.513655620024,4.51446247,14373707,11.13,38.164249420166
Burkina Faso,BFA,2008,YR2008,10.6597978997424,619.437533256264,4.64780712,15258093,11.41,35.0961532592773
Burkina Faso,BFA,2010,YR2010,-0.764230734676758,624.957252224766,5.23958349,16176498,11.48,27.014217376709
Burkina Faso,BFA,2012,YR2012,3.818152402524,731.470138867833,4.60267258,17172287,11.16,18.4834117889404
Burkina Faso,BFA,2014,YR2014,-0.258089517535384,764.861675106225,5.00027227,18229461,10.26,10.9523811340332
Burkina Faso,BFA,2016,YR2016,0.441041448058902,663.742364842886,5.95486307,19334856,12.25,10.9523811340332
Burkina Faso,BFA,2018,YR2018,1.95594302672523,777.465618514048,4.9995389,20438288,16.44,8.01886749267578
Burkina Faso,BFA,2020,YR2020,1.88443993781991,825.237038782475,6.57714844,21478690,11.09,4.24528312683105
Burkina Faso,BFA,2022,YR2022,14.2902354303358,836.118304593682,6.77182007,22509038,11.58,3.30188679695129
Burkina Faso,BFA,2024,YR2024,4.19113446375394,..,..,..,..,..
Burundi,BDI,1960,YR1960,..,70.9050999609733,..,2764258,..,..
Burundi,BDI,1962,YR1962,..,73.419597905038,..,2907943,..,..
Burundi,BDI,1964,YR1964,..,85.3337285829414,..,3055650,..,..
Burundi,BDI,1966,YR1966,4.43686006769088,51.4128737660108,..,3217960,..,..
Burundi,BDI,1968,YR1968,6.05726872222518,54.1949782133959,..,3380387,..,..
Burundi,BDI,1970,YR1970,-0.199650611430225,68.7543539111434,..,3530432,..,..
Burundi,BDI,1972,YR1972,3.82855766917334,68.2321917909931,..,3617128,..,..
Burundi,BDI,1974,YR1974,15.7223072990938,93.2240048340913,..,3703590,..,..
Burundi,BDI,1976,YR1976,6.85655157364539,115.492131774523,..,3882626,..,..
Burundi,BDI,1978,YR1978,23.8956206469303,148.823232512919,..,4100338,..,..
Burundi,BDI,1980,YR1980,2.49851950030166,209.805736668168,..,4383706,..,..
Burundi,BDI,1982,YR1982,5.86809635722661,216.43619143507,..,4681390,..,..
Burundi,BDI,1984,YR1984,14.3168697883258,200.375711827241,..,4926465,..,..
Burundi,BDI,1986,YR1986,1.67567567567547,234.281244809988,..,5129414,..,..
Burundi,BDI,1988,YR1988,4.48679769704177,201.740400815807,..,5365327,..,..
Burundi,BDI,1990,YR1990,7.00216956651122,202.629446176297,..,5587052,..,..
Burundi,BDI,1992,YR1992,1.82333333333308,184.868970456447,..,5858407,..,..
Burundi,BDI,1994,YR1994,14.8528149833969,161.892584261635,..,5713854,..,..
Burundi,BDI,1996,YR1996,26.4367816091951,143.156741187159,..,6070506,..,0
Burundi,BDI,1998,YR1998,12.5004107653378,144.456948255536,..,6187108,..,0
Burundi,BDI,2000,YR2000,24.4320242102151,134.537861752389,4.22181606,6470194,..,0
Burundi,BDI,2002,YR2002,-1.3656800532806,120.952308575468,5.34983587,6824132,27.94,0
Burundi,BDI,2004,YR2004,8.17642937482053,125.194965184533,7.09572744,7310656,..,0
Burundi,BDI,2006,YR2006,2.74542000214241,161.892755640319,8.71264839,7865547,15.1,4.34782600402832
Burundi,BDI,2008,YR2008,24.4069510353914,189.502074570768,7.74147511,8505637,11.69,2.4038462638855
Burundi,BDI,2010,YR2010,6.49326591473993,216.727705301976,11.28196716,9376444,14.05,3.3175356388092
Burundi,BDI,2012,YR2012,18.1610453065451,231.688496393569,8.63756466,10071028,18.76,2.36966824531555
Burundi,BDI,2014,YR2014,4.40535234185293,250.540481111877,7.21081543,10799785,14.95,10.4761905670166
Burundi,BDI,2016,YR2016,5.55768961400965,235.286205393908,7.06148243,11239451,12.52,2.85714292526245
Burundi,BDI,2018,YR2018,-2.81469807668465,224.89939239264,7.29396152,11859446,19.31,5.18867921829224
Burundi,BDI,2020,YR2020,7.32110643415521,210.008139902508,10.71837234,12617036,16.89,4.24528312683105
Burundi,BDI,2022,YR2022,18.8008786664945,250.634225368744,8.39522648,13321097,18.6,8.49056625366211
Burundi,BDI,2024,YR2024,20.2124925027847,..,..,..,..,..
Cabo Verde,CPV,1960,YR1960,..,..,..,210024,..,..
Cabo Verde,CPV,1962,YR1962,..,..,..,221919,..,..
Cabo Verde,CPV,1964,YR1964,..,..,..,237006,..,..
Cabo Verde,CPV,1966,YR1966,..,..,..,252976,..,..
Cabo Verde,CPV,1968,YR1968,..,..,..,270164,..,..
Cabo Verde,CPV,1970,YR1970,..,..,..,287885,..,..
Cabo Verde,CPV,1972,YR1972,..,..,..,297386,..,..
Cabo Verde,CPV,1974,YR1974,..,..,..,302570,..,..
Cabo Verde,CPV,1976,YR1976,..,..,..,309455,..,..
Cabo Verde,CPV,1978,YR1978,..,..,..,316147,..,..
Cabo Verde,CPV,1980,YR1980,..,439.982602420059,..,323301,..,..
Cabo Verde,CPV,1982,YR1982,..,422.664667963472,..,332724,..,..
Cabo Verde,CPV,1984,YR1984,11.2499999999997,385.451419954827,..,342505,..,..
Cabo Verde,CPV,1986,YR1986,10.8742004264391,541.142985647338,..,352312,..,..
Cabo Verde,CPV,1988,YR1988,4.07407407407384,729.470012847852,..,362329,..,..
Cabo Verde,CPV,1990,YR1990,10.6535057862491,817.442925539738,..,375428,..,..
Cabo Verde,CPV,1992,YR1992,3.11666432682861,907.847909529157,..,393415,..,..
Cabo Verde,CPV,1994,YR1994,3.45205833010708,991.108974352157,..,410228,..,..
Cabo Verde,CPV,1996,YR1996,5.96361961777576,1179.51522705182,..,425581,..,47.8723411560059
Cabo Verde,CPV,1998,YR1998,4.39423509983477,1186.74294773086,..,439784,..,52.1276588439941
Cabo Verde,CPV,2000,YR2000,-2.47745668519835,1189.51479345891,4.43401194,453317,..,57.6719589233398
Cabo Verde,CPV,2002,YR2002,1.88453410076765,1328.57874270666,4.7555151,467046,..,47.0899467468262
Cabo Verde,CPV,2004,YR2004,-1.8908217230618,1929.49081468781,4.75073719,479370,..,61.6504859924316
Cabo Verde,CPV,2006,YR2006,5.36907687065549,2256.99666191075,5.12305117,490728,15.48,59.4202880859375
Cabo Verde,CPV,2008,YR2008,6.77443546371143,3908.64885822576,4.35203123,501355,15.82,55.288459777832
Cabo Verde,CPV,2010,YR2010,2.07866470906424,3579.46006137809,4.08108234,509784,16.22,57.8199043273926
Cabo Verde,CPV,2012,YR2012,2.54039644167109,3736.81517011087,4.6740551,511955,16.3,59.7156410217285
Cabo Verde,CPV,2014,YR2014,-0.238778144990624,3985.60706548134,4.85231543,512326,..,44.2857131958008
Cabo Verde,CPV,2016,YR2016,-1.40781637091706,3608.96606551232,4.36134005,512554,..,63.3333320617676
Cabo Verde,CPV,2018,YR2018,1.25699566690509,4294.96510456428,4.76032305,513415,..,62.2641525268555
Cabo Verde,CPV,2020,YR2020,0.605795808395385,3539.22662027109,6.63319778,514679,16.25,60.8490562438965
Cabo Verde,CPV,2022,YR2022,7.93092925430087,4323.31362665974,6.67440224,519741,16.75,61.7924537658691
Cabo Verde,CPV,2024,YR2024,..,..,..,..,..,..
Cambodia,KHM,1960,YR1960,..,..,..,5449966,..,..
Cambodia,KHM,1962,YR1962,..,..,..,5697558,..,..
Cambodia,KHM,1964,YR1964,..,..,..,5946178,..,..
Cambodia,KHM,1966,YR1966,..,..,..,6201232,..,..
Cambodia,KHM,1968,YR1968,..,..,..,6467324,..,..
Cambodia,KHM,1970,YR1970,..,..,..,6639182,..,..
Cambodia,KHM,1972,YR1972,..,..,..,6673886,..,..
Cambodia,KHM,1974,YR1974,..,..,..,6783240,..,..
Cambodia,KHM,1976,YR1976,..,128.827777341533,..,6134991,..,..
Cambodia,KHM,1978,YR1978,..,147.101573366096,..,5211653,..,..
Cambodia,KHM,1980,YR1980,..,143.154317973128,..,5199872,..,..
Cambodia,KHM,1982,YR1982,..,159.206634020357,..,5436432,..,..
Cambodia,KHM,1984,YR1984,..,174.705837134358,..,5845117,..,..
Cambodia,KHM,1986,YR1986,..,185.759997798349,..,6285693,..,..
Cambodia,KHM,1988,YR1988,..,244.109577464605,..,6812014,..,..
Cambodia,KHM,1990,YR1990,..,190.181470036159,..,7374752,..,..
Cambodia,KHM,1992,YR1992,..,307.094922385136,..,8113083,..,..
Cambodia,KHM,1994,YR1994,..,302.1307854832,..,9239162,..,..
Cambodia,KHM,1996,YR1996,7.15086140872796,324.655870983004,..,10801270,..,5.85106372833252
Cambodia,KHM,1998,YR1998,14.8065035437763,258.780953189377,..,12058173,..,4.25531911849976
Cambodia,KHM,2000,YR2000,-0.791992529473567,296.426687526334,6.48248434,12462336,..,10.582010269165
Cambodia,KHM,2002,YR2002,0.211466568022607,350.147276634294,6.92060709,12855241,18.35,13.7566137313843
Cambodia,KHM,2004,YR2004,4.31933677434786,444.199067529081,6.4859705,13244731,..,18.9320392608643
Cambodia,KHM,2006,YR2006,5.81068550464306,612.252648550727,5.3646059,13639028,15.7,23.1884059906006
Cambodia,KHM,2008,YR2008,24.096851930605,866.283999789749,5.61296654,14053479,13.77,21.634614944458
Cambodia,KHM,2010,YR2010,3.99639528107218,952.274616324008,5.62713194,14500726,14.06,18.4834117889404
Cambodia,KHM,2012,YR2012,2.93431609293951,1192.80263041673,5.72469473,14945085,14.94,31.7535552978516
Cambodia,KHM,2014,YR2014,3.85568861424207,1431.56396469993,5.07833052,15396772,9.89,35.238094329834
Cambodia,KHM,2016,YR2016,3.01913975139128,1675.19555711109,4.49053288,15852803,15.13,40.476188659668
Cambodia,KHM,2018,YR2018,2.45908515380146,2036.67377566578,4.49707794,16274522,..,37.7358474731445
Cambodia,KHM,2020,YR2020,2.9402951426397,2081.73914242939,5.28458023,16725474,9.05,24.056604385376
Cambodia,KHM,2022,YR2022,5.34370264895437,2325.03050040841,4.71089554,17201724,14.13,26.8867931365967
Cambodia,KHM,2024,YR2024,..,..,..,..,..,..
Cameroon,CMR,1960,YR1960,..,119.05394115577,..,5159057,..,..
Cameroon,CMR,1962,YR1962,..,130.042569873656,..,5338620,..,..
Cameroon,CMR,1964,YR1964,..,139.228109587718,..,5578257,..,..
Cameroon,CMR,1966,YR1966,..,145.80598283154,..,5837295,..,..
Cameroon,CMR,1968,YR1968,..,170.782666507465,..,6125863,..,..
Cameroon,CMR,1970,YR1970,5.8580858085174,178.488982961305,..,6449793,..,..
Cameroon,CMR,1972,YR1972,8.09291869579621,220.108720960652,..,6806872,..,..
Cameroon,CMR,1974,YR1974,17.2329334923306,299.908339494791,..,7193583,..,..
Cameroon,CMR,1976,YR1976,9.93065056369725,381.429915266252,..,7597962,..,..
Cameroon,CMR,1978,YR1978,12.4630523441787,581.989336032215,..,8011921,..,..
Cameroon,CMR,1980,YR1980,9.55175427642866,784.116227118122,..,8512219,..,..
Cameroon,CMR,1982,YR1982,13.2570198610704,732.250719743892,..,9028678,..,..
Cameroon,CMR,1984,YR1984,11.3733220902937,771.702146026357,..,9475078,..,..
Cameroon,CMR,1986,YR1986,7.77002498703532,1178.59374950439,..,10060342,..,..
Cameroon,CMR,1988,YR1988,1.6823326077121,1145.16555992416,..,10684968,..,..
Cameroon,CMR,1990,YR1990,1.09938128383608,1086.71700937081,..,11331821,..,..
Cameroon,CMR,1992,YR1992,-0.0160550458717418,1005.44897647465,..,12006353,..,..
Cameroon,CMR,1994,YR1994,35.0944618459464,700.70950185009,..,12704903,21.78,..
Cameroon,CMR,1996,YR1996,3.92406372749798,826.965322327363,..,13414757,..,7.44680833816528
Cameroon,CMR,1998,YR1998,3.17075185386907,798.745621406677,..,14144860,..,10.638298034668
Cameroon,CMR,2000,YR2000,1.22719012976132,708.565731625965,4.29573393,14912631,..,14.8148145675659
Cameroon,CMR,2002,YR2002,2.83442260128067,789.623811072554,4.02669907,15725528,22.24,15.8730154037476
Cameroon,CMR,2004,YR2004,0.233647380067584,1133.39326749673,3.72798991,16610487,23.2,20.3883495330811
Cameroon,CMR,2006,YR2006,5.11757816019469,1191.45458990968,3.73662829,17550407,23.12,26.0869560241699
Cameroon,CMR,2008,YR2008,5.33780627627498,1492.14269801453,3.65843678,18574056,21.83,15.865385055542
Cameroon,CMR,2010,YR2010,1.27538046242338,1398.58702025047,3.57742167,19668066,21.83,13.2701425552368
Cameroon,CMR,2012,YR2012,2.73529677529539,1449.09874362279,3.9310236,20809529,21.95,18.0094795227051
Cameroon,CMR,2014,YR2014,1.85489850366777,1649.4433905949,4.34148788,22059893,22.93,8.09523773193359
Cameroon,CMR,2016,YR2016,0.874190383288856,1441.7201725688,4.02253723,23454161,..,9.0476188659668
Cameroon,CMR,2018,YR2018,1.0688581131292,1610.69641591017,3.61970162,24806383,..,6.60377359390259
Cameroon,CMR,2020,YR2020,2.43760882182236,1555.60370660749,4.25051928,26210558,..,4.24528312683105
Cameroon,CMR,2022,YR2022,6.24767713343861,1604.87726954895,4.47835922,27632771,22.96,7.54716968536377
Cameroon,CMR,2024,YR2024,..,..,..,..,..,..
Canada,CAN,1960,YR1960,1.35869565217392,2264.94849658191,..,17909356,..,..
Canada,CAN,1962,YR1962,1.06157112526535,2274.4284708191,..,18614000,..,..
Canada,CAN,1964,YR1964,1.91214470284237,2561.63849088572,..,19325000,..,..
Canada,CAN,1966,YR1966,3.81565906838453,3055.28807884507,..,20048000,..,..
Canada,CAN,1968,YR1968,4.05529953917047,3473.23722551871,..,20744000,..,..
Canada,CAN,1970,YR1970,3.34603981363832,4135.82149842006,..,21324000,..,..
Canada,CAN,1972,YR1972,4.98802873104551,5106.73708049128,..,22218463,..,..
Canada,CAN,1974,YR1974,10.997171145686,7056.70847496589,..,22807969,..,..
Canada,CAN,1976,YR1976,7.54173862982148,8838.94710677652,..,23449808,..,..
Canada,CAN,1978,YR1978,8.97372335151214,9154.43325277735,..,23963203,..,..
Canada,CAN,1980,YR1980,10.1292205085453,11208.2027394178,..,24515667,..,..
Canada,CAN,1982,YR1982,10.7689718997139,12527.3135323802,..,25116942,..,..
Canada,CAN,1984,YR1984,4.30477830391737,13930.4745502555,..,25607053,..,..
Canada,CAN,1986,YR1986,4.19478629085621,14521.1800806,..,26100278,..,..
Canada,CAN,1988,YR1988,4.02823414871611,19012.5723278349,..,26791747,..,..
Canada,CAN,1990,YR1990,4.78047693336304,21525.8611387148,..,27691138,..,..
Canada,CAN,1992,YR1992,1.49013290374545,20950.3305287651,..,28371264,..,..
Canada,CAN,1994,YR1994,0.165562913907291,19997.6237373354,..,29000663,..,..
Canada,CAN,1996,YR1996,1.57053112507138,21296.9723536904,..,29610218,7,67.5531921386719
Canada,CAN,1998,YR1998,0.99594245665802,21024.5850687045,..,30155173,5.56,60.638298034668
Canada,CAN,2000,YR2000,2.71943995691976,24271.0020563821,8.24814415,30685730,5.06,70.3703689575195
Canada,CAN,2002,YR2002,2.25839440940855,24256.0192337185,8.85670471,31359199,5.27,71.4285736083984
Canada,CAN,2004,YR2004,1.85725871857256,32145.5412620217,9.06628132,31938807,5.2,60.6796112060547
Canada,CAN,2006,YR2006,2.00202539534161,40504.0370977806,9.32523441,32571193,5.16,65.2173919677734
Canada,CAN,2008,YR2008,2.37027067444299,46710.2526864484,9.58826923,33247298,5.03,69.2307662963867
Canada,CAN,2010,YR2010,1.77687154092627,47560.6666009406,10.70405102,34005902,4.79,64.4549789428711
Canada,CAN,2012,YR2012,1.51567823124517,52670.3447335415,10.54460621,34713395,4.48,70.1421813964844
Canada,CAN,2014,YR2014,1.90663590717861,50960.8431174661,10.28526115,35434066,4.45,76.6666641235352
Canada,CAN,2016,YR2016,1.42875954701085,42314.0615817218,11.06097317,36110803,4.38,78.5714263916016
Canada,CAN,2018,YR2018,2.26822567248103,46539.1761570405,10.94313335,37072620,3.67,65.0943374633789
Canada,CAN,2020,YR2020,0.716999632307827,43537.839298904,13.02419472,38028638,3.72,67.4528274536133
Canada,CAN,2022,YR2022,6.80280115341613,55509.393176404,11.23432541,38939056,3.48,57.5471687316895
Canada,CAN,2024,YR2024,2.38158383281173,..,..,..,..,..
Cayman Islands,CYM,1960,YR1960,..,..,..,8428,..,..
Cayman Islands,CYM,1962,YR1962,..,..,..,8781,..,..
Cayman Islands,CYM,1964,YR1964,..,..,..,9166,..,..
Cayman Islands,CYM,1966,YR1966,..,..,..,9560,..,..
Cayman Islands,CYM,1968,YR1968,..,..,..,9971,..,..
Cayman Islands,CYM,1970,YR1970,..,..,..,10517,..,..
Cayman Islands,CYM,1972,YR1972,..,..,..,11764,..,..
Cayman Islands,CYM,1974,YR1974,..,..,..,13114,..,..
Cayman Islands,CYM,1976,YR1976,..,..,..,14454,..,..
Cayman Islands,CYM,1978,YR1978,..,..,..,15727,..,..
Cayman Islands,CYM,1980,YR1980,..,..,..,17079,..,..
Cayman Islands,CYM,1982,YR1982,..,..,..,18750,..,..
Cayman Islands,CYM,1984,YR1984,..,..,..,20454,..,..
Cayman Islands,CYM,1986,YR1986,..,..,..,22197,..,..
Cayman Islands,CYM,1988,YR1988,..,..,..,23951,..,..
Cayman Islands,CYM,1990,YR1990,..,..,..,25999,..,..
Cayman Islands,CYM,1992,YR1992,..,..,..,28621,..,..
Cayman Islands,CYM,1994,YR1994,..,..,..,31352,..,..
Cayman Islands,CYM,1996,YR1996,..,..,..,34143,..,37.2340431213379
Cayman Islands,CYM,1998,YR1998,..,..,..,36922,..,35.638298034668
Cayman Islands,CYM,2000,YR2000,..,..,..,39674,..,35.4497337341309
Cayman Islands,CYM,2002,YR2002,..,..,..,42514,..,45.5026473999023
Cayman Islands,CYM,2004,YR2004,..,..,..,45352,..,66.019416809082
Cayman Islands,CYM,2006,YR2006,..,87085.0937376216,..,48232,..,61.3526573181152
Cayman Islands,CYM,2008,YR2008,..,89655.1196222184,..,51151,..,65.3846130371094
Cayman Islands,CYM,2010,YR2010,0.276140861750108,76837.6699636672,..,54099,..,67.2985763549805
Cayman Islands,CYM,2012,YR2012,1.18894845245608,75101.59136128,..,57136,..,62.0853080749512
Cayman Islands,CYM,2014,YR2014,1.27397911533388,75845.3060407986,..,60160,..,67.1428604125977
Cayman Islands,CYM,2016,YR2016,-0.62525835861814,77802.2541567187,..,63100,32.47,69.523811340332
Cayman Islands,CYM,2018,YR2018,..,83865.5531568184,..,65941,..,66.9811325073242
Cayman Islands,CYM,2020,YR2020,..,82338.7982853661,..,68684,..,84.9056625366211
Cayman Islands,CYM,2022,YR2022,..,92202.1478031576,..,71591,..,94.3396224975586
Cayman Islands,CYM,2024,YR2024,..,..,..,..,..,..
Central African Republic,CAF,1960,YR1960,..,65.8829629770666,..,1702346,..,..
Central African Republic,CAF,1962,YR1962,..,70.404229268492,..,1768115,..,..
Central African Republic,CAF,1964,YR1964,..,77.2050398029084,..,1839583,..,..
Central African Republic,CAF,1966,YR1966,..,82.3374694570342,..,1918082,..,..
Central African Republic,CAF,1968,YR1968,..,95.6398392122972,..,2005100,..,..
Central African Republic,CAF,1970,YR1970,..,90.1578442993038,..,2097505,..,..
Central African Republic,CAF,1972,YR1972,..,105.468061578138,..,2183769,..,..
Central African Republic,CAF,1974,YR1974,..,124.000349692552,..,2269338,..,..
Central African Republic,CAF,1976,YR1976,..,192.09699080748,..,2348566,..,..
Central African Republic,CAF,1978,YR1978,..,254.624087711594,..,2397961,..,..
Central African Republic,CAF,1980,YR1980,..,325.254770299088,..,2450535,..,..
Central African Republic,CAF,1982,YR1982,13.2960986995663,298.444544895201,..,2507375,..,..
Central African Republic,CAF,1984,YR1984,2.54220966810047,248.313551025498,..,2568610,..,..
Central African Republic,CAF,1986,YR1986,2.24515251162269,426.02699258009,..,2634258,..,..
Central African Republic,CAF,1988,YR1988,-3.96446882079366,466.070596898859,..,2713965,..,..
Central African Republic,CAF,1990,YR1990,-0.0123304562272102,501.656200636394,..,2871910,..,..
Central African Republic,CAF,1992,YR1992,-1.03360811667777,461.587303490896,..,3058831,..,..
Central African Republic,CAF,1994,YR1994,24.5710137275605,261.260397409459,..,3257954,..,..
Central African Republic,CAF,1996,YR1996,3.72494110325802,293.306575328658,..,3435965,..,3.72340416908264
Central African Republic,CAF,1998,YR1998,-1.8852009615791,266.570544600384,..,3628827,..,5.31914901733398
Central African Republic,CAF,2000,YR2000,3.20340091563112,239.154133726071,4.3808217,3833416,..,5.29100513458252
Central African Republic,CAF,2002,YR2002,2.33181703516235,248.639290978403,4.23633623,4006077,22.72,0
Central African Republic,CAF,2004,YR2004,-2.06640601136303,303.461321152782,4.14367914,4192826,27.27,3.88349509239197
Central African Republic,CAF,2006,YR2006,6.69526465773354,333.942519903031,4.31108665,4377579,27.33,0.483091801404953
Central African Republic,CAF,2008,YR2008,9.25895099417076,437.24827472489,4.02635765,4558984,17.92,1.92307686805725
Central African Republic,CAF,2010,YR2010,1.49102370047802,476.873786950728,3.56699872,4492995,17.92,1.42180097103119
Central African Republic,CAF,2012,YR2012,5.47829594346117,544.395849142785,3.91814446,4610848,22.26,2.36966824531555
Central African Republic,CAF,2014,YR2014,14.898684179755,409.8504859647,4.56557369,4623182,..,0
Central African Republic,CAF,2016,YR2016,4.94543276106518,387.176203444318,5.44402313,4713663,17.14,4.2857141494751
Central African Republic,CAF,2018,YR2018,1.61215686991555,455.243962859534,10.99526691,4878657,..,0.943396210670471
Central African Republic,CAF,2020,YR2020,1.71015659523153,462.879071294011,8.98555374,5026628,..,0.943396210670471
Central African Republic,CAF,2022,YR2022,5.58316735183247,467.359825026238,9.95509052,5098039,25.47,0
Central African Republic,CAF,2024,YR2024,..,..,..,..,..,..
Chad,TCD,1960,YR1960,..,102.819470459603,..,3049838,..,..
Chad,TCD,1962,YR1962,..,112.619958010844,..,3175598,..,..
Chad,TCD,1964,YR1964,..,118.594106789032,..,3307479,..,..
Chad,TCD,1966,YR1966,..,125.779460124418,..,3440903,..,..
Chad,TCD,1968,YR1968,..,126.87277490154,..,3578231,..,..
Chad,TCD,1970,YR1970,..,125.882078424937,..,3727828,..,..
Chad,TCD,1972,YR1972,..,150.369805704401,..,3893252,..,..
Chad,TCD,1974,YR1974,..,159.998978775959,..,4078356,..,..
Chad,TCD,1976,YR1976,..,203.713116730324,..,4251297,..,..
Chad,TCD,1978,YR1978,..,252.511381682505,..,4411366,..,..
Chad,TCD,1980,YR1980,..,228.770491876017,..,4515453,..,..
Chad,TCD,1982,YR1982,..,176.083750783324,..,4738483,..,..
Chad,TCD,1984,YR1984,20.2508960573479,182.175880946335,..,5045145,..,..
Chad,TCD,1986,YR1986,-13.0565725758829,203.354449515341,..,5251069,..,..
Chad,TCD,1988,YR1988,15.4775176514303,263.544647841815,..,5625602,..,..
Chad,TCD,1990,YR1990,-0.738282265310941,290.599045262191,..,5982833,..,..
Chad,TCD,1992,YR1992,-3.11303067214949,290.648286132566,..,6474656,..,..
Chad,TCD,1994,YR1994,41.7248972364414,173.928895064035,..,6783450,..,..
Chad,TCD,1996,YR1996,11.3308789057282,216.912541056484,..,7410108,..,5.85106372833252
Chad,TCD,1998,YR1998,4.2588511022514,219.779530915601,..,7938840,..,4.25531911849976
Chad,TCD,2000,YR2000,3.82260088086307,163.121663683369,4.00526953,8512093,..,4.7619047164917
Chad,TCD,2002,YR2002,5.19181895195446,219.061391951349,5.33389902,9116192,22.5,0.52910053730011
Chad,TCD,2004,YR2004,-5.35540028884816,445.850767157087,4.03654861,9920036,22.4,3.39805817604065
Chad,TCD,2006,YR2006,8.03628897951332,693.854591777338,3.5379293,10706424,22.85,0.483091801404953
Chad,TCD,2008,YR2008,10.2969758221254,905.678431905648,2.94988155,11476296,22.58,1.92307686805725
Chad,TCD,2010,YR2010,-2.07786574641866,866.439680905028,3.04079008,12312575,21.67,4.26540279388428
Chad,TCD,2012,YR2012,7.51662364663833,936.141444963822,2.9589653,13210998,..,7.5829381942749
Chad,TCD,2014,YR2014,1.68197313925661,982.527563074226,3.28550839,14188678,..,6.1904764175415
Chad,TCD,2016,YR2016,-0.792440525236016,668.078636142918,3.60402751,15114655,20.66,7.14285707473755
Chad,TCD,2018,YR2018,4.27462198610545,695.642393675941,3.2893219,16156531,..,5.66037750244141
Chad,TCD,2020,YR2020,4.4641443723286,622.095543396442,4.4533143,17224679,..,7.07547187805176
Chad,TCD,2022,YR2022,5.78802687843616,671.720147647873,4.52549791,18455316,24.11,6.13207530975342
Chad,TCD,2024,YR2024,8.89950732263761,..,..,..,..,..
Channel Islands,CHI,1960,YR1960,..,..,..,110808,..,..
Channel Islands,CHI,1962,YR1962,..,..,..,112953,..,..
Channel Islands,CHI,1964,YR1964,..,..,..,115561,..,..
Channel Islands,CHI,1966,YR1966,..,..,..,118186,..,..
Channel Islands,CHI,1968,YR1968,..,..,..,120793,..,..
Channel Islands,CHI,1970,YR1970,..,..,..,123288,..,..
Channel Islands,CHI,1972,YR1972,..,..,..,125764,..,..
Channel Islands,CHI,1974,YR1974,..,..,..,127893,..,..
Channel Islands,CHI,1976,YR1976,..,..,..,129391,..,..
Channel Islands,CHI,1978,YR1978,..,..,..,129981,..,..
Channel Islands,CHI,1980,YR1980,..,..,..,130462,..,..
Channel Islands,CHI,1982,YR1982,..,..,..,132172,..,..
Channel Islands,CHI,1984,YR1984,..,..,..,134727,..,..
Channel Islands,CHI,1986,YR1986,..,..,..,137413,..,..
Channel Islands,CHI,1988,YR1988,..,..,..,140089,..,..
Channel Islands,CHI,1990,YR1990,..,..,..,143087,..,..
Channel Islands,CHI,1992,YR1992,..,..,..,144733,..,..
Channel Islands,CHI,1994,YR1994,..,..,..,145163,..,..
Channel Islands,CHI,1996,YR1996,..,..,..,145565,..,..
Channel Islands,CHI,1998,YR1998,..,40472.6653548172,..,146906,..,..
Channel Islands,CHI,2000,YR2000,..,43479.1940767689,..,148110,..,..
Channel Islands,CHI,2002,YR2002,..,44459.7318188977,..,149881,..,..
Channel Islands,CHI,2004,YR2004,..,56259.5344226334,..,152039,..,..
Channel Islands,CHI,2006,YR2006,..,62745.1006593557,..,154214,..,..
Channel Islands,CHI,2008,YR2008,..,..,..,156408,..,..
Channel Islands,CHI,2010,YR2010,..,56121.6386619052,..,158621,..,..
Channel Islands,CHI,2012,YR2012,..,58813.9366544241,..,160767,..,..
Channel Islands,CHI,2014,YR2014,..,64700.7425701916,..,162726,..,..
Channel Islands,CHI,2016,YR2016,..,55950.1485360363,..,163883,..,..
Channel Islands,CHI,2018,YR2018,..,60783.3533081111,..,164949,..,..
Channel Islands,CHI,2020,YR2020,..,56785.9402392525,..,166235,..,..
Channel Islands,CHI,2022,YR2022,..,67627.3082341446,..,167215,..,..
Channel Islands,CHI,2024,YR2024,..,..,..,..,..,..
Chile,CHL,1960,YR1960,..,504.087277008837,..,8153350,..,..
Chile,CHL,1962,YR1962,..,662.73347569252,..,8497059,..,..
Chile,CHL,1964,YR1964,..,674.490140027232,..,8842525,..,..
Chile,CHL,1966,YR1966,..,780.096923247761,..,9181722,..,..
Chile,CHL,1968,YR1968,..,755.892552845633,..,9514716,..,..
Chile,CHL,1970,YR1970,..,928.775310571387,..,9845344,..,..
Chile,CHL,1972,YR1972,77.7957404755204,1163.07410294861,..,10174678,..,..
Chile,CHL,1974,YR1974,504.738541215978,1542.92552707497,..,10505817,..,..
Chile,CHL,1976,YR1976,211.924302225904,953.901512286572,..,10838251,..,..
Chile,CHL,1978,YR1978,40.0872246313854,1431.3501384585,..,11172695,..,..
Chile,CHL,1980,YR1980,35.1383405330485,2523.05545631681,..,11508550,..,..
Chile,CHL,1982,YR1982,9.94102693041832,1648.01171225494,..,11850214,..,..
Chile,CHL,1984,YR1984,19.8602056602626,1611.41860036242,..,12207733,..,..
Chile,CHL,1986,YR1986,19.4768379232582,1501.09140673487,..,12588914,..,..
Chile,CHL,1988,YR1988,14.684351250082,2003.36350407516,..,12999424,..,..
Chile,CHL,1990,YR1990,26.0364811362364,2466.13014237644,..,13437176,..,..
Chile,CHL,1992,YR1992,15.4258064688928,3309.39923858023,..,13884577,11,..
Chile,CHL,1994,YR1994,11.4431196444973,3981.39018913528,..,14316256,11,..
Chile,CHL,1996,YR1996,7.35911781788767,5333.50438724772,..,14734046,11,49.4680862426758
Chile,CHL,1998,YR1998,5.11024954517559,5419.82417295755,..,15127799,11,29.2553195953369
Chile,CHL,2000,YR2000,3.84327295706565,5052.99245768719,7.00020742,15503635,9,42.8571434020996
Chile,CHL,2002,YR2002,2.48939816650705,4430.84741157069,7.20833778,15857925,7,68.2539672851562
Chile,CHL,2004,YR2004,1.05473871403517,6120.59152052304,6.91028595,16187322,4.41,53.3980598449707
Chile,CHL,2006,YR2006,3.39201733699405,9318.65655299547,6.07235622,16509195,1.93,52.6570053100586
Chile,CHL,2008,YR2008,8.71626873039607,10683.2188772853,6.73954487,16838988,3.05,44.711540222168
Chile,CHL,2010,YR2010,1.41071107954321,12632.8704725219,6.81958389,17181464,2.88,54.028434753418
Chile,CHL,2012,YR2012,3.00744840213047,15241.9069977366,7.01951265,17519119,2.95,42.6540298461914
Chile,CHL,2014,YR2014,4.71867527854672,14529.6767210362,7.84150171,17864195,..,50.476188659668
Chile,CHL,2016,YR2016,3.78619355893118,13649.8520455553,8.55767059,18267221,6,49.0476188659668
Chile,CHL,2018,YR2018,2.43488981353057,15659.4808675628,9.15040398,18893191,1.2,50
Chile,CHL,2020,YR2020,3.04549084804326,13114.815470545,9.68910599,19370624,1.17,34.9056587219238
Chile,CHL,2022,YR2022,11.643866711056,15451.1319576678,10.06172848,19553036,1.17,37.2641525268555
Chile,CHL,2024,YR2024,4.29763891572524,..,..,..,..,..
China,CHN,1960,YR1960,..,89.5202142368479,..,667070000,..,..
China,CHN,1962,YR1962,..,70.9091524330558,..,665770000,..,..
China,CHN,1964,YR1964,..,85.4982425898924,..,698355000,..,..
China,CHN,1966,YR1966,..,104.32418478637,..,735400000,..,..
China,CHN,1968,YR1968,..,91.4723838962347,..,774510000,..,..
China,CHN,1970,YR1970,..,113.162577847967,..,818315000,..,..
China,CHN,1972,YR1972,..,131.885558530844,..,862030000,..,..
China,CHN,1974,YR1974,..,160.147687922555,..,900350000,..,..
China,CHN,1976,YR1976,..,165.404262395736,..,930685000,..,..
China,CHN,1978,YR1978,..,156.396388520044,..,956165000,..,..
China,CHN,1980,YR1980,..,194.804722186836,..,981235000,..,..
China,CHN,1982,YR1982,..,203.334919503464,..,1008630000,..,..
China,CHN,1984,YR1984,..,250.713969046988,..,1036825000,..,..
China,CHN,1986,YR1986,..,281.928120911563,..,1066790000,..,..
China,CHN,1988,YR1988,18.8118179448753,283.537695240524,..,1101630000,..,..
China,CHN,1990,YR1990,3.05229012075233,317.884673040928,..,1135185000,..,..
China,CHN,1992,YR1992,6.35398134024869,366.460692306116,..,1164970000,34.67,..
China,CHN,1994,YR1994,24.2569897243361,473.489916407064,..,1191835000,29.25,..
China,CHN,1996,YR1996,8.31316028893909,709.415888233368,..,1217550000,23.71,22.8723411560059
China,CHN,1998,YR1998,-0.773186011549318,828.594691043134,..,1241935000,16.78,17.5531921386719
China,CHN,2000,YR2000,0.347811226864587,959.360431369138,4.50828123,1262645000,17.39,24.8677253723145
China,CHN,2002,YR2002,-0.731970902350244,1148.51425710711,4.38285255,1280400000,12.23,21.6931209564209
China,CHN,2004,YR2004,3.82463743108159,1508.66791560781,4.29347467,1296075000,9.78,19.9029121398926
China,CHN,2006,YR2006,1.6494309945586,2099.2194300499,3.94742203,1311020000,8.85,17.8743953704834
China,CHN,2008,YR2008,5.92525137041092,3468.32706307504,3.900002,1324655000,8.68,17.3076915740967
China,CHN,2010,YR2010,3.17532475269199,4550.47394356715,4.23068333,1337705000,8.19,14.2180099487305
China,CHN,2012,YR2012,2.61952432645541,6300.58217951734,4.56584787,1354190000,..,19.4312801361084
China,CHN,2014,YR2014,1.92164162788521,7636.07434020616,4.77790594,1371860000,7.55,18.5714282989502
China,CHN,2016,YR2016,2.00000182191943,8094.39016735149,4.97955608,1387790000,8.17,17.1428565979004
China,CHN,2018,YR2018,2.07479039965576,9905.40638304527,5.16790485,1402760000,7.98,23.5849056243896
China,CHN,2020,YR2020,2.41942189457782,10408.7195541075,5.59359741,1411100000,6.51,18.3962268829346
China,CHN,2022,YR2022,1.97357555739051,12662.5826712038,5.36948681,1412175000,6.37,17.4528293609619
China,CHN,2024,YR2024,0.218128938439177,..,..,..,..,..
Colombia,COL,1960,YR1960,5.81407628204986,258.304433616071,..,15606209,..,..
Colombia,COL,1962,YR1962,4.6970939506247,298.543861741321,..,16599029,..,..
Colombia,COL,1964,YR1964,17.0724352164554,338.675935298365,..,17637411,..,..
Colombia,COL,1966,YR1966,16.7281682748598,290.253385958132,..,18702688,..,..
Colombia,COL,1968,YR1968,7.4475387831777,301.526502784249,..,19766796,..,..
Colombia,COL,1970,YR1970,6.90862275848241,345.879101568471,..,20811782,..,..
Colombia,COL,1972,YR1972,12.4444589907729,397.41211740514,..,21819563,..,..
Colombia,COL,1974,YR1974,23.8709573656697,541.749901587091,..,22833469,..,..
Colombia,COL,1976,YR1976,19.8312249167931,643.007914496566,..,23858810,..,..
Colombia,COL,1978,YR1978,17.7631590853462,932.392695058624,..,24950337,..,..
Colombia,COL,1980,YR1980,26.5526531495356,1279.50116658241,..,26104498,..,..
Colombia,COL,1982,YR1982,24.7209882528585,1425.39936771371,..,27338331,..,..
Colombia,COL,1984,YR1984,16.1616171361426,1335.52821812362,..,28642690,..,..
Colombia,COL,1986,YR1986,18.8424631612406,1169.46212069392,..,29879112,..,..
Colombia,COL,1988,YR1988,28.1083969771704,1259.6174112078,..,31130524,..,..
Colombia,COL,1990,YR1990,29.1520245976215,1474.8455285342,..,32440069,..,..
Colombia,COL,1992,YR1992,27.0106266231361,1729.66397332384,..,33760571,11.79,..
Colombia,COL,1994,YR1994,22.8462417553045,2325.97557339326,..,35127410,12.22,..
Colombia,COL,1996,YR1996,20.7975755127402,2664.45625558215,..,36462745,12.84,2.12765955924988
Colombia,COL,1998,YR1998,18.6769799276672,2605.99938059023,..,37792165,13.29,0.531914889812469
Colombia,COL,2000,YR2000,9.22534818585366,2555.00751039968,5.63529348,39089934,13.11,1.05820107460022
Colombia,COL,2002,YR2002,6.35150728778872,2428.92969771584,5.73296547,40324680,12.94,0
Colombia,COL,2004,YR2004,5.90402005546502,2818.57195413044,5.79892111,41543171,11.37,0.485436886548996
Colombia,COL,2006,YR2006,4.29342363628927,3789.85361217027,6.33546638,42691084,10,0.483091801404953
Colombia,COL,2008,YR2008,6.99688495554511,5541.83629665898,6.84192181,43758808,9.85,1.92307686805725
Colombia,COL,2010,YR2010,2.27200227892008,6398.2958447102,7.07130194,44777319,10.8,4.26540279388428
Colombia,COL,2012,YR2012,3.16930188840055,8108.59838244229,6.74601603,45715810,6.93,5.21327018737793
Colombia,COL,2014,YR2014,2.89883787761738,8187.20824890084,7.18553209,46565429,6.7,8.09523773193359
Colombia,COL,2016,YR2016,7.51346024627675,5959.84250367574,7.53117037,47437512,8.96,10.9523811340332
Colombia,COL,2018,YR2018,3.24056932930569,6816.96818309544,7.62541389,49024465,3.79,12.2641506195068
Colombia,COL,2020,YR2020,2.52663500084706,5339.68711357943,8.71432114,50629997,3.5,12.7358493804932
Colombia,COL,2022,YR2022,10.1772313546166,6674.59601948063,7.57361269,51737944,3.52,14.1509437561035
Colombia,COL,2024,YR2024,6.60908593728228,..,..,..,..,..
Comoros,COM,1960,YR1960,..,..,..,197700,..,..
Comoros,COM,1962,YR1962,..,..,..,204702,..,..
Comoros,COM,1964,YR1964,..,..,..,211644,..,..
Comoros,COM,1966,YR1966,..,..,..,218663,..,..
Comoros,COM,1968,YR1968,..,..,..,230244,..,..
Comoros,COM,1970,YR1970,..,..,..,244185,..,..
Comoros,COM,1972,YR1972,..,..,..,260077,..,..
Comoros,COM,1974,YR1974,..,..,..,278075,..,..
Comoros,COM,1976,YR1976,..,..,..,297538,..,..
Comoros,COM,1978,YR1978,..,..,..,317688,..,..
Comoros,COM,1980,YR1980,..,628.383374399706,..,337721,..,..
Comoros,COM,1982,YR1982,..,515.230802468548,..,357139,..,..
Comoros,COM,1984,YR1984,..,489.086677515911,..,377637,..,..
Comoros,COM,1986,YR1986,..,699.186417360542,..,399318,..,..
Comoros,COM,1988,YR1988,..,845.413855955521,..,421687,..,..
Comoros,COM,1990,YR1990,..,966.320384629832,..,444596,..,..
Comoros,COM,1992,YR1992,..,983.392533644385,..,465113,..,..
Comoros,COM,1994,YR1994,..,662.023188719588,..,482142,..,..
Comoros,COM,1996,YR1996,..,793.524847160537,..,499107,..,37.2340431213379
Comoros,COM,1998,YR1998,..,716.432240082977,..,516597,..,38.2978706359863
Comoros,COM,2000,YR2000,..,655.007796688241,7.52074909,536080,..,24.8677253723145
Comoros,COM,2002,YR2002,3.53304214308079,762.116930318449,6.68822765,558923,..,32.2751312255859
Comoros,COM,2004,YR2004,4.47499289078105,1091.27216412426,6.58576155,580704,..,22.3300971984863
Comoros,COM,2006,YR2006,3.37436360121207,1154.90422349749,5.77341843,604753,..,17.3913040161133
Comoros,COM,2008,YR2008,1.70078176284526,1455.02768595586,5.06897497,629307,4.27,8.65384578704834
Comoros,COM,2010,YR2010,3.35475770328922,1386.5742428453,4.99181557,654836,4.6,13.7440757751465
Comoros,COM,2012,YR2012,6.31474450315196,1490.31511351281,5.17354631,681630,7.57,18.4834117889404
Comoros,COM,2014,YR2014,..,1615.71723662012,5.23849726,711503,9.8,25.7142848968506
Comoros,COM,2016,YR2016,..,1365.48403444497,4.65263557,741741,..,31.4285717010498
Comoros,COM,2018,YR2018,..,1540.71132257526,4.90318584,771590,9.32,19.3396224975586
Comoros,COM,2020,YR2020,..,1527.16991011916,5.902421,802163,9.28,20.2830181121826
Comoros,COM,2022,YR2022,..,1489.49566257969,8.3803854,834188,..,20.2830181121826
Comoros,COM,2024,YR2024,..,..,..,..,..,..
"Congo, Dem. Rep.",COD,1960,YR1960,..,220.074550221277,..,15264846,..,..
"Congo, Dem. Rep.",COD,1962,YR1962,..,235.127290601122,..,16075724,..,..
"Congo, Dem. Rep.",COD,1964,YR1964,35.4210649777883,169.949259765221,..,16955327,..,..
"Congo, Dem. Rep.",COD,1966,YR1966,15.7801012491141,252.770361839944,..,17931929,..,..
"Congo, Dem. Rep.",COD,1968,YR1968,53.3216727107739,205.645995783134,..,19012189,..,..
"Congo, Dem. Rep.",COD,1970,YR1970,8.02528404548487,242.219759763837,..,20137436,..,..
"Congo, Dem. Rep.",COD,1972,YR1972,15.8042153907951,290.511803326089,..,21251160,..,..
"Congo, Dem. Rep.",COD,1974,YR1974,29.4692810459945,428.074954493294,..,22418878,..,..
"Congo, Dem. Rep.",COD,1976,YR1976,80.385959075414,408.42239095403,..,23624031,..,..
"Congo, Dem. Rep.",COD,1978,YR1978,48.7690376115202,615.084195317772,..,24992689,..,..
"Congo, Dem. Rep.",COD,1980,YR1980,46.6259068303308,538.911839414196,..,26711099,..,..
"Congo, Dem. Rep.",COD,1982,YR1982,36.6996975740914,481.7409782053,..,28338190,..,..
"Congo, Dem. Rep.",COD,1984,YR1984,52.2270113573208,259.801889543739,..,30245081,..,..
"Congo, Dem. Rep.",COD,1986,YR1986,44.4,250.900914044275,..,32265196,..,..
"Congo, Dem. Rep.",COD,1988,YR1988,71.0917312661503,257.725151748806,..,34382752,..,..
"Congo, Dem. Rep.",COD,1990,YR1990,81.295404814004,254.872656292509,..,36684063,..,..
"Congo, Dem. Rep.",COD,1992,YR1992,4129.16985661558,209.188252592503,..,39228910,..,..
"Congo, Dem. Rep.",COD,1994,YR1994,23773.1317741016,136.542572473448,..,42626876,..,..
"Congo, Dem. Rep.",COD,1996,YR1996,492.441850235414,127.416088396968,..,45296124,..,0
"Congo, Dem. Rep.",COD,1998,YR1998,29.1488069236652,131.461348425942,..,47297600,..,0
"Congo, Dem. Rep.",COD,2000,YR2000,513.906843747535,377.925421481395,1.46594739,50507442,..,0
"Congo, Dem. Rep.",COD,2002,YR2002,31.5225826025495,162.38052907429,2.57012939,53750524,..,0
"Congo, Dem. Rep.",COD,2004,YR2004,3.99438400815971,180.664764963633,4.33564186,56997741,..,0.485436886548996
"Congo, Dem. Rep.",COD,2006,YR2006,13.0526949745101,238.417639415512,4.06210661,60615908,14.29,0
"Congo, Dem. Rep.",COD,2008,YR2008,17.3013845700157,307.319638606745,4.31254816,64390664,14.11,1.44230771064758
"Congo, Dem. Rep.",COD,2010,YR2010,7.10000000000037,314.53858629844,3.72224283,68563038,12.08,0.947867274284363
"Congo, Dem. Rep.",COD,2012,YR2012,9.72182806273364,400.059901824342,3.2215035,73254618,..,0.947867274284363
"Congo, Dem. Rep.",COD,2014,YR2014,1.24303889760803,458.004541775676,3.72520614,78403242,12.11,1.90476191043854
"Congo, Dem. Rep.",COD,2016,YR2016,2.88585107289988,442.310472110228,4.20027828,83956415,..,0.952380955219269
"Congo, Dem. Rep.",COD,2018,YR2018,..,528.256019777898,3.24127173,90047644,..,2.35849046707153
"Congo, Dem. Rep.",COD,2020,YR2020,..,507.521230077872,3.97694445,95989998,11.78,3.77358484268188
"Congo, Dem. Rep.",COD,2022,YR2022,..,642.612265820033,3.78614616,102396968,..,2.35849046707153
"Congo, Dem. Rep.",COD,2024,YR2024,..,..,..,..,..,..
"Congo, Rep.",COG,1960,YR1960,..,124.659670363931,..,1056732,..,..
"Congo, Rep.",COG,1962,YR1962,..,149.591249938458,..,1113175,..,..
"Congo, Rep.",COG,1964,YR1964,..,158.061964516344,..,1174816,..,..
"Congo, Rep.",COG,1966,YR1966,..,177.551344246999,..,1242534,..,..
"Congo, Rep.",COG,1968,YR1968,..,190.84225732065,..,1316519,..,..
"Congo, Rep.",COG,1970,YR1970,..,196.7324156078,..,1397638,..,..
"Congo, Rep.",COG,1972,YR1972,..,276.271849546575,..,1486468,..,..
"Congo, Rep.",COG,1974,YR1974,..,369.945183927696,..,1582301,..,..
"Congo, Rep.",COG,1976,YR1976,..,452.578147155598,..,1667225,..,..
"Congo, Rep.",COG,1978,YR1978,..,502.704251443805,..,1748089,..,..
"Congo, Rep.",COG,1980,YR1980,..,932.646715470458,..,1828985,..,..
"Congo, Rep.",COG,1982,YR1982,..,1130.97081000634,..,1910430,..,..
"Congo, Rep.",COG,1984,YR1984,..,1097.04958637388,..,1999528,..,..
"Congo, Rep.",COG,1986,YR1986,4.15811088295678,872.048697635314,..,2120602,..,..
"Congo, Rep.",COG,1988,YR1988,1.0304219823355,984.376285838246,..,2247653,..,..
"Congo, Rep.",COG,1990,YR1990,2.88905374216947,1175.66709098428,..,2380560,..,..
"Congo, Rep.",COG,1992,YR1992,-3.93546810070881,1164.22442980292,..,2519465,..,..
"Congo, Rep.",COG,1994,YR1994,42.4396750333452,661.904273689712,..,2673144,23.91,..
"Congo, Rep.",COG,1996,YR1996,10.0311203319503,898.794050151577,..,2826785,..,3.72340416908264
"Congo, Rep.",COG,1998,YR1998,..,660.379775085784,..,2952061,..,3.72340416908264
"Congo, Rep.",COG,2000,YR2000,-0.881991517025431,1024.30159109181,1.50500846,3151345,..,8.99470901489258
"Congo, Rep.",COG,2002,YR2002,4.37875971780873,905.538135544704,1.70167828,3350771,23.45,0.52910053730011
"Congo, Rep.",COG,2004,YR2004,2.42976607961799,1306.10136324599,1.92152369,3565554,23.52,4.85436916351318
"Congo, Rep.",COG,2006,YR2006,6.53784395299604,2103.5821381211,1.70861316,3837409,23.52,11.5942029953003
"Congo, Rep.",COG,2008,YR2008,4.95875092023152,2832.09177777643,2.2392714,4113517,21.02,13.4615383148193
"Congo, Rep.",COG,2010,YR2010,0.391525011227612,2946.55798067708,1.85172856,4462290,21.02,23.222749710083
"Congo, Rep.",COG,2012,YR2012,5.01018773134471,3732.32737320389,1.90971065,4740450,..,19.9052124023438
"Congo, Rep.",COG,2014,YR2014,0.912139545450097,3601.2365808718,1.97311735,4975880,22.23,22.8571434020996
"Congo, Rep.",COG,2016,YR2016,3.19056179723773,2093.10728558843,2.59422994,5222536,..,16.1904754638672
"Congo, Rep.",COG,2018,YR2018,1.15277896375523,2694.43413191427,1.75584984,5483118,..,20.7547168731689
"Congo, Rep.",COG,2020,YR2020,1.79537147083108,1993.586671931,4.01775074,5752791,..,24.056604385376
"Congo, Rep.",COG,2022,YR2022,3.04344334698478,2620.83804267402,2.19224548,6035104,23.4,34.9056587219238
"Congo, Rep.",COG,2024,YR2024,..,..,..,..,..,..
Costa Rica,CRI,1960,YR1960,0.790205817960074,382.309121831519,..,1327496,..,..
Costa Rica,CRI,1962,YR1962,2.67785968742788,335.221589042255,..,1429445,..,..
Costa Rica,CRI,1964,YR1964,3.32403316018127,353.710896791701,..,1533960,..,..
Costa Rica,CRI,1966,YR1966,0.182882837621527,395.15249847305,..,1638116,..,..
Costa Rica,CRI,1968,YR1968,4.09389143106836,444.805256869954,..,1739731,..,..
Costa Rica,CRI,1970,YR1970,4.65229749303154,535.539679724977,..,1838949,..,..
Costa Rica,CRI,1972,YR1972,4.60112569280858,638.851011611456,..,1938248,..,..
Costa Rica,CRI,1974,YR1974,30.0736292803636,817.076691410389,..,2039643,..,..
Costa Rica,CRI,1976,YR1976,3.48583333291706,1123.28179124262,..,2147774,..,..
Costa Rica,CRI,1978,YR1978,6.00712709994902,1555.83716115258,..,2264510,..,..
Costa Rica,CRI,1980,YR1980,18.135170796071,2020.99067534283,..,2390633,..,..
Costa Rica,CRI,1982,YR1982,90.1213328504166,1032.40548167496,..,2524806,..,..
Costa Rica,CRI,1984,YR1984,11.9474270118864,1372.20149843952,..,2667595,..,..
Costa Rica,CRI,1986,YR1986,11.8350618936099,1568.5640969552,..,2817216,..,..
Costa Rica,CRI,1988,YR1988,20.8325332309203,1554.74048522018,..,2968103,..,..
Costa Rica,CRI,1990,YR1990,19.0397526635649,1829.6687089559,..,3121706,..,..
Costa Rica,CRI,1992,YR1992,21.791168790061,2612.38756453737,..,3284258,..,..
Costa Rica,CRI,1994,YR1994,13.5344687273427,3039.56328550633,..,3451122,..,..
Costa Rica,CRI,1996,YR1996,17.5114524814591,3226.96395598625,..,3619013,13.57,52.1276588439941
Costa Rica,CRI,1998,YR1998,11.6592997742233,3617.45756666726,..,3782838,9.87,58.5106391906738
Costa Rica,CRI,2000,YR2000,10.9615496593622,3812.75388284924,6.56498718,3937739,8.33,58.7301597595215
Costa Rica,CRI,2002,YR2002,9.16752048509119,4067.71851429092,6.8690877,4075705,10.63,68.2539672851562
Costa Rica,CRI,2004,YR2004,12.3148150178852,4431.0117207843,6.63006067,4200078,8.85,50.970874786377
Costa Rica,CRI,2006,YR2006,11.4705968149052,5256.59640859159,6.93530846,4321340,8.11,53.6231880187988
Costa Rica,CRI,2008,YR2008,13.4244635507284,6937.24261596055,7.4685483,4440056,7.7,41.3461532592773
Costa Rica,CRI,2010,YR2010,5.66275708420021,8265.78820275582,8.02937698,4555962,6.08,53.554500579834
Costa Rica,CRI,2012,YR2012,4.49545314354605,10126.9991024177,7.78642273,4663934,5.56,54.9763031005859
Costa Rica,CRI,2014,YR2014,4.51920098516954,10911.497878334,7.66376209,4767119,5.21,56.1904754638672
Costa Rica,CRI,2016,YR2016,-0.0174788505908217,12091.0301606154,7.31724358,4866998,5.14,57.1428565979004
Costa Rica,CRI,2018,YR2018,2.22111461526581,12590.2493781614,7.28587723,4957818,4.86,52.3584899902344
Costa Rica,CRI,2020,YR2020,0.724911478131376,12394.0493969492,7.82545757,5034320,4.61,57.5471687316895
Costa Rica,CRI,2022,YR2022,8.27477490232654,13625.9008491328,7.18368196,5081765,4.07,65.0943374633789
Costa Rica,CRI,2024,YR2024,-0.41345934225229,..,..,..,..,..
Cote d'Ivoire,CIV,1960,YR1960,..,148.680788984181,..,3673666,..,..
Cote d'Ivoire,CIV,1962,YR1962,-1.3412489012053,163.076679659123,..,3956939,..,..
Cote d'Ivoire,CIV,1964,YR1964,0.618192522743668,215.506240264261,..,4273952,..,..
Cote d'Ivoire,CIV,1966,YR1966,4.19131798405668,221.786392228948,..,4617519,..,..
Cote d'Ivoire,CIV,1968,YR1968,5.35045478867878,256.768714344803,..,4990021,..,..
Cote d'Ivoire,CIV,1970,YR1970,8.20519054310721,268.957733574566,..,5411567,..,..
Cote d'Ivoire,CIV,1972,YR1972,0.310313698883898,312.942348100524,..,5909716,..,..
Cote d'Ivoire,CIV,1974,YR1974,17.3593884470648,474.223861362208,..,6474057,..,..
Cote d'Ivoire,CIV,1976,YR1976,12.0766402169566,660.538618229175,..,7057958,..,..
Cote d'Ivoire,CIV,1978,YR1978,13.2429868545927,1039.11498268738,..,7603130,..,..
Cote d'Ivoire,CIV,1980,YR1980,14.7009812997866,1237.80216768229,..,8220714,..,..
Cote d'Ivoire,CIV,1982,YR1982,7.5831258964215,849.479705391045,..,8907936,..,..
Cote d'Ivoire,CIV,1984,YR1984,4.28476110361871,708.940252199945,..,9650516,..,..
Cote d'Ivoire,CIV,1986,YR1986,9.68295473116515,877.154956751363,..,10440917,..,..
Cote d'Ivoire,CIV,1988,YR1988,6.93068617206518,909.534182158689,..,11275189,..,..
Cote d'Ivoire,CIV,1990,YR1990,-0.805879698278037,885.647842214928,..,12189778,..,..
Cote d'Ivoire,CIV,1992,YR1992,4.2313838286997,844.902223806738,..,13200310,..,..
Cote d'Ivoire,CIV,1994,YR1994,26.0815719947161,581.888468577405,..,14287201,..,..
Cote d'Ivoire,CIV,1996,YR1996,2.48080669187551,1170.23622049666,..,15442312,4.79,26.0638294219971
Cote d'Ivoire,CIV,1998,YR1998,4.61144759515383,1177.37133815342,..,16663948,..,19.680850982666
Cote d'Ivoire,CIV,2000,YR2000,2.53077516737987,936.636541348798,4.00220871,17699004,..,5.29100513458252
Cote d'Ivoire,CIV,2002,YR2002,3.0772648515743,967.815864415991,3.92374444,18654771,15.41,0
Cote d'Ivoire,CIV,2004,YR2004,1.45798835600739,1199.82524528546,4.02148724,19595000,15.85,0.485436886548996
Cote d'Ivoire,CIV,2006,YR2006,2.46719148596918,1230.43056838584,3.92861462,20546802,15.37,0.483091801404953
Cote d'Ivoire,CIV,2008,YR2008,6.30852769152581,1583.97066701372,4.1387105,21514439,15.28,1.92307686805725
Cote d'Ivoire,CIV,2010,YR2010,1.22645612135479,1553.54887048143,4.57494831,22488065,15.15,3.79146909713745
Cote d'Ivoire,CIV,2012,YR2012,1.30451119915597,1546.9460184731,4.4273715,23467078,14.69,6.16113758087158
Cote d'Ivoire,CIV,2014,YR2014,0.448682076766141,1991.36539423404,3.7310183,24527395,14.57,8.09523773193359
Cote d'Ivoire,CIV,2016,YR2016,0.723178457513217,1862.59597081287,3.32101274,25989405,15.43,10.9523811340332
Cote d'Ivoire,CIV,2018,YR2018,0.359409031380677,2130.86619381144,3.0916779,27464173,16.95,11.3207550048828
Cote d'Ivoire,CIV,2020,YR2020,2.42500656821815,2179.72934832935,3.62327886,28915449,15.54,10.3773584365845
Cote d'Ivoire,CIV,2022,YR2022,5.27616724262846,2308.70654660366,3.6424129,30395002,15.48,14.6226415634155
Cote d'Ivoire,CIV,2024,YR2024,3.46637314660165,..,..,..,..,..
Croatia,HRV,1960,YR1960,..,..,..,4140181,..,..
Croatia,HRV,1962,YR1962,..,..,..,4196712,..,..
Croatia,HRV,1964,YR1964,..,..,..,4252876,..,..
Croatia,HRV,1966,YR1966,..,..,..,4310701,..,..
Croatia,HRV,1968,YR1968,..,..,..,4365628,..,..
Croatia,HRV,1970,YR1970,..,..,..,4412252,..,..
Croatia,HRV,1972,YR1972,..,..,..,4450564,..,..
Croatia,HRV,1974,YR1974,..,..,..,4490660,..,..
Croatia,HRV,1976,YR1976,..,..,..,4535934,..,..
Croatia,HRV,1978,YR1978,..,..,..,4581085,..,..
Croatia,HRV,1980,YR1980,..,..,..,4599782,..,..
Croatia,HRV,1982,YR1982,..,..,..,4634234,..,..
Croatia,HRV,1984,YR1984,..,..,..,4680285,..,..
Croatia,HRV,1986,YR1986,50,..,..,4721446,..,..
Croatia,HRV,1988,YR1988,185.714285714285,..,..,4755207,..,..
Croatia,HRV,1990,YR1990,500.000000000001,5369.10978590681,..,4777368,..,..
Croatia,HRV,1992,YR1992,625.000000000001,2321.15204123035,..,4575818,..,..
Croatia,HRV,1994,YR1994,107.327586206896,3237.92646315285,..,4652024,..,..
Croatia,HRV,1996,YR1996,4.29999999999995,5299.6410536193,..,4557097,..,22.8723411560059
Croatia,HRV,1998,YR1998,6.39668660837554,5712.58985659548,..,4532135,..,29.7872333526611
Croatia,HRV,2000,YR2000,4.61131554737801,4953.65158789022,7.65291882,4468302,..,35.4497337341309
Croatia,HRV,2002,YR2002,1.67178437393383,6219.58164143945,6.14294004,4302174,8.76,49.2063484191895
Croatia,HRV,2004,YR2004,2.05539679050328,9718.97322801967,6.50386047,4304600,5.35,52.9126205444336
Croatia,HRV,2006,YR2006,3.18982591472949,11502.753124287,6.90203142,4311159,4.72,49.2753639221191
Croatia,HRV,2008,YR2008,6.07696838798354,15889.4347074759,7.63114071,4309705,4.5,49.038459777832
Croatia,HRV,2010,YR2010,1.03055505333574,13731.2865213989,7.96871901,4295427,4.86,51.6587677001953
Croatia,HRV,2012,YR2012,3.41207349081358,13508.6836989693,7.65283728,4260368,4.59,54.502368927002
Croatia,HRV,2014,YR2014,-0.215196159576268,14187.9694531493,6.57961845,4201598,5.72,58.0952377319336
Croatia,HRV,2016,YR2016,-1.12500000000002,12821.1738140304,6.68087435,4106867,5.32,57.1428565979004
Croatia,HRV,2018,YR2018,1.50012501041756,15460.4183295843,6.69267464,3988775,5.24,61.7924537658691
Croatia,HRV,2020,YR2020,0.154811374562106,14808.4620188819,7.64949179,3914206,2.21,54.7169799804688
Croatia,HRV,2022,YR2022,10.7805806758686,18466.0955472648,7.21545315,3855641,4.06,54.2452812194824
Croatia,HRV,2024,YR2024,..,..,..,..,..,..
Cuba,CUB,1960,YR1960,..,..,..,7238081,..,..
Cuba,CUB,1962,YR1962,..,..,..,7541098,..,..
Cuba,CUB,1964,YR1964,..,..,..,7866020,..,..
Cuba,CUB,1966,YR1966,..,..,..,8193450,..,..
Cuba,CUB,1968,YR1968,..,..,..,8509522,..,..
Cuba,CUB,1970,YR1970,..,645.144917797076,..,8824382,..,..
Cuba,CUB,1972,YR1972,..,891.631749208781,..,9123891,..,..
Cuba,CUB,1974,YR1974,..,1216.74148211883,..,9374183,..,..
Cuba,CUB,1976,YR1976,..,1440.73046137146,..,9571242,..,..
Cuba,CUB,1978,YR1978,..,1837.39107006762,..,9711980,..,..
Cuba,CUB,1980,YR1980,..,2030.93362280165,..,9804796,..,..
Cuba,CUB,1982,YR1982,..,2113.80858874548,..,9912681,..,..
Cuba,CUB,1984,YR1984,..,2386.44595066854,..,10073299,..,..
Cuba,CUB,1986,YR1986,..,2364.89559789307,..,10244247,..,..
Cuba,CUB,1988,YR1988,..,2632.04176839158,..,10432585,..,..
Cuba,CUB,1990,YR1990,..,2694.31697957692,..,10631799,..,..
Cuba,CUB,1992,YR1992,..,2047.67900346421,..,10785801,..,..
Cuba,CUB,1994,YR1994,..,2613.28971869122,..,10886021,..,..
Cuba,CUB,1996,YR1996,..,2282.18809324202,..,10962010,11.13,31.9148941040039
Cuba,CUB,1998,YR1998,..,2332.30656133119,..,11034712,11.13,27.659574508667
Cuba,CUB,2000,YR2000,..,2751.3817714814,6.58189821,11109109,11.61,34.3915328979492
Cuba,CUB,2002,YR2002,..,3005.21104247868,7.11481619,11177418,11.6,38.0952377319336
Cuba,CUB,2004,YR2004,..,3399.21962893402,6.83178711,11238756,11.31,40.2912635803223
Cuba,CUB,2006,YR2006,..,4329.98265964383,8.2719059,11278550,10.78,47.8260879516602
Cuba,CUB,2008,YR2008,..,4986.12436479175,11.31422806,11291762,10.64,48.5576934814453
Cuba,CUB,2010,YR2010,..,5272.26755824835,10.6880827,11297409,11.03,43.6018943786621
Cuba,CUB,2012,YR2012,..,6470.83673392653,9.29940987,11303175,11.41,41.7061614990234
Cuba,CUB,2014,YR2014,..,7146.70459051328,12.14121914,11285775,..,53.8095245361328
Cuba,CUB,2016,YR2016,..,8110.55873961397,12.21769619,11265612,11.42,57.1428565979004
Cuba,CUB,2018,YR2018,..,8911.46205964193,11.01842499,11227118,..,56.6037750244141
Cuba,CUB,2020,YR2020,..,9605.26125067263,12.48641968,11176354,12.23,53.7735862731934
Cuba,CUB,2022,YR2022,..,..,11.78683186,11059820,11.87,49.0566024780273
Cuba,CUB,2024,YR2024,..,..,..,..,..,..
Curacao,CUW,1960,YR1960,..,..,..,124826,..,..
Curacao,CUW,1962,YR1962,..,..,..,128414,..,..
Curacao,CUW,1964,YR1964,..,..,..,133148,..,..
Curacao,CUW,1966,YR1966,..,..,..,136682,..,..
Curacao,CUW,1968,YR1968,..,..,..,140298,..,..
Curacao,CUW,1970,YR1970,..,..,..,144739,..,..
Curacao,CUW,1972,YR1972,..,..,..,147710,..,..
Curacao,CUW,1974,YR1974,..,..,..,148351,..,..
Curacao,CUW,1976,YR1976,..,..,..,149399,..,..
Curacao,CUW,1978,YR1978,..,..,..,148341,..,..
Curacao,CUW,1980,YR1980,..,..,..,148041,..,..
Curacao,CUW,1982,YR1982,..,..,..,150101,..,..
Curacao,CUW,1984,YR1984,..,..,..,151940,..,..
Curacao,CUW,1986,YR1986,..,..,..,152662,..,..
Curacao,CUW,1988,YR1988,..,..,..,149254,..,..
Curacao,CUW,1990,YR1990,..,..,..,145400,..,..
Curacao,CUW,1992,YR1992,..,..,..,143912,..,..
Curacao,CUW,1994,YR1994,..,..,..,144630,..,..
Curacao,CUW,1996,YR1996,..,..,..,146306,..,..
Curacao,CUW,1998,YR1998,..,..,..,144472,..,..
Curacao,CUW,2000,YR2000,..,15841.2612359949,..,133860,..,..
Curacao,CUW,2002,YR2002,0.391389432485324,16723.6925253468,..,129205,..,..
Curacao,CUW,2004,YR2004,1.37912138094799,16671.3403391655,..,134192,..,..
Curacao,CUW,2006,YR2006,3.1149952409795,17400.1637780186,..,141239,..,..
Curacao,CUW,2008,YR2008,6.8763239367776,19423.3352430175,..,145880,..,..
Curacao,CUW,2010,YR2010,2.77944261312587,19847.2310127979,..,148703,..,..
Curacao,CUW,2012,YR2012,3.18398746349455,19809.8223198624,..,152088,..,..
Curacao,CUW,2014,YR2014,1.4987396961643,19623.029993395,..,155909,..,..
Curacao,CUW,2016,YR2016,-0.0472079848940293,18944.0961493998,..,159664,..,..
Curacao,CUW,2018,YR2018,2.58368756641814,19119.1243941688,..,159336,..,..
Curacao,CUW,2020,YR2020,..,16356.0933594414,..,154947,..,..
Curacao,CUW,2022,YR2022,..,20501.7522782219,..,149996,..,..
Curacao,CUW,2024,YR2024,..,..,..,..,..,..
Cyprus,CYP,1960,YR1960,0.827300930713946,..,..,586490,..,..
Cyprus,CYP,1962,YR1962,0.103199174406312,..,..,601466,..,..
Cyprus,CYP,1964,YR1964,-0.303336704752538,..,..,612521,..,..
Cyprus,CYP,1966,YR1966,0.506072874498886,..,..,623390,..,..
Cyprus,CYP,1968,YR1968,3.76666666616697,..,..,635157,..,..
Cyprus,CYP,1970,YR1970,2.40018825031691,..,..,647446,..,..
Cyprus,CYP,1972,YR1972,4.83230361865648,..,..,661063,..,..
Cyprus,CYP,1974,YR1974,16.1766666665001,..,..,663254,..,..
Cyprus,CYP,1976,YR1976,3.85438972162729,1157.41149902344,..,662032,..,..
Cyprus,CYP,1978,YR1978,7.43628329894659,1929.40002441406,..,672249,..,..
Cyprus,CYP,1980,YR1980,13.5175605772583,4232.02294921875,..,683076,..,..
Cyprus,CYP,1982,YR1982,6.43279726693689,4122.78466796875,..,696497,..,..
Cyprus,CYP,1984,YR1984,5.99195111048444,4258.74365234375,..,719334,..,..
Cyprus,CYP,1986,YR1986,1.21836925967665,5642.63134765625,..,743105,..,..
Cyprus,CYP,1988,YR1988,3.42926631536285,7645.6298828125,..,766235,..,..
Cyprus,CYP,1990,YR1990,4.50205462895843,9641.5751953125,..,788351,..,..
Cyprus,CYP,1992,YR1992,6.51021953065818,11310.072265625,..,810341,..,..
Cyprus,CYP,1994,YR1994,4.6985893105498,11617.6923828125,..,844667,..,..
Cyprus,CYP,1996,YR1996,2.97892486481265,15139.220703125,..,880290,39.31,38.2978706359863
Cyprus,CYP,1998,YR1998,2.22770732654316,15092.828125,..,914548,34.29,33.5106391906738
Cyprus,CYP,2000,YR2000,4.14165764702061,14388.3525390625,5.30800056,947667,14.59,42.3280410766602
Cyprus,CYP,2002,YR2002,2.80115505180747,16093.2158203125,5.61565971,981440,36.17,32.2751312255859
Cyprus,CYP,2004,YR2004,2.28621706801675,23792.619140625,5.40558147,1017875,6.85,41.7475738525391
Cyprus,CYP,2006,YR2006,2.30468732978555,26729.28125,5.46357489,1054418,7.24,48.7922706604004
Cyprus,CYP,2008,YR2008,4.66900841902485,35397.296875,6.01427698,1091026,5.94,51.9230766296387
Cyprus,CYP,2010,YR2010,2.43004084102254,31105.02734375,6.50055742,1127816,6.3,47.8672981262207
Cyprus,CYP,2012,YR2012,2.38905410042317,28991.935546875,6.53638792,1165397,5.6,54.9763031005859
Cyprus,CYP,2014,YR2014,-1.35498885446315,27244.3515625,6.93137264,1201801,5.72,54.761905670166
Cyprus,CYP,2016,YR2016,-1.42916666666665,24715.154296875,6.65254688,1237112,5.32,54.761905670166
Cyprus,CYP,2018,YR2018,1.43549119531759,29599.986328125,6.82599831,1270737,5.24,52.8301887512207
Cyprus,CYP,2020,YR2020,-0.638422797978959,28649.015625,8.76033878,1302247,2.21,44.3396224975586
Cyprus,CYP,2022,YR2022,8.39548297993334,33938.9453125,8.87060547,1331370,4.06,48.113208770752
Cyprus,CYP,2024,YR2024,1.80023018624815,..,..,..,..,..
Czechia,CZE,1960,YR1960,..,..,..,9602006,..,..
Czechia,CZE,1962,YR1962,..,..,..,9624660,..,..
Czechia,CZE,1964,YR1964,..,..,..,9727804,..,..
Czechia,CZE,1966,YR1966,..,..,..,9821040,..,..
Czechia,CZE,1968,YR1968,..,..,..,9876346,..,..
Czechia,CZE,1970,YR1970,..,..,..,9858071,..,..
Czechia,CZE,1972,YR1972,..,..,..,9867632,..,..
Czechia,CZE,1974,YR1974,..,..,..,9988459,..,..
Czechia,CZE,1976,YR1976,..,..,..,10125939,..,..
Czechia,CZE,1978,YR1978,..,..,..,10242098,..,..
Czechia,CZE,1980,YR1980,..,..,..,10304193,..,..
Czechia,CZE,1982,YR1982,..,..,..,10314826,..,..
Czechia,CZE,1984,YR1984,..,..,..,10330213,..,..
Czechia,CZE,1986,YR1986,..,..,..,10342227,..,..
Czechia,CZE,1988,YR1988,..,..,..,10355276,..,..
Czechia,CZE,1990,YR1990,..,3969.36733543794,..,10333355,..,..
Czechia,CZE,1992,YR1992,11.086500072223,3396.70972430469,..,10319123,..,..
Czechia,CZE,1994,YR1994,10.039429835143,4663.28665345469,..,10333587,..,..
Czechia,CZE,1996,YR1996,8.75877472878111,6573.19643136362,..,10315241,5.92,63.2978706359863
Czechia,CZE,1998,YR1998,10.6983655274889,6526.59635780951,..,10294373,6.31,58.5106391906738
Czechia,CZE,2000,YR2000,3.77538829151734,6062.92152842793,5.70103025,10255063,5.44,39.6825408935547
Czechia,CZE,2002,YR2002,1.90298097019032,8101.26018588111,6.17736149,10196916,5.55,68.2539672851562
Czechia,CZE,2004,YR2004,2.76010781671157,11782.5546676117,6.35071039,10197101,6.85,52.9126205444336
Czechia,CZE,2006,YR2006,2.53399258343635,15259.0788162004,6.16380167,10238905,7.24,65.7004852294922
Czechia,CZE,2008,YR2008,6.35866380152373,22774.7045076205,6.33024931,10384603,5.94,69.2307662963867
Czechia,CZE,2010,YR2010,1.47272727272722,20160.4355077059,7.55343866,10474410,6.3,65.8767776489258
Czechia,CZE,2012,YR2012,3.28762306610411,20014.0354015165,7.59409809,10510785,5.6,69.1943130493164
Czechia,CZE,2014,YR2014,0.343988589646794,20038.4163180257,7.59510136,10525347,5.72,68.5714263916016
Czechia,CZE,2016,YR2016,0.683504209385703,18753.9686718096,7.3930459,10566332,5.32,65.7142868041992
Czechia,CZE,2018,YR2018,2.14949494949493,23705.9329811299,7.46030998,10629928,5.24,67.9245300292969
Czechia,CZE,2020,YR2020,3.16129528497801,23472.8915454417,9.15721989,10697858,2.21,64.1509399414062
Czechia,CZE,2022,YR2022,15.1001651468371,28282.2236715857,8.79904652,10672118,4.06,58.9622650146484
Czechia,CZE,2024,YR2024,2.43531202435314,..,..,..,..,..
Denmark,DNK,1960,YR1960,1.25523012552923,1389.0213943225,..,4579603,..,..
Denmark,DNK,1962,YR1962,7.37781954818461,1711.2181376602,..,4647727,..,..
Denmark,DNK,1964,YR1964,3.09278350515449,2049.39724281483,..,4722072,..,..
Denmark,DNK,1966,YR1966,7.06495969658815,2487.13627144432,..,4797381,..,..
Denmark,DNK,1968,YR1968,8.00520710366467,2776.13544525805,..,4864883,..,..
Denmark,DNK,1970,YR1970,6.51484141652981,3464.45518278408,..,4928757,..,..
Denmark,DNK,1972,YR1972,6.56236090256536,4653.95587889115,..,4991596,..,..
Denmark,DNK,1974,YR1974,15.2752062218395,6763.86592918646,..,5045297,..,..
Denmark,DNK,1976,YR1976,9.01029083562224,8773.3396162771,..,5072596,..,..
Denmark,DNK,1978,YR1978,10.2136545710405,11817.6250875179,..,5104248,..,..
Denmark,DNK,1980,YR1980,12.3053240760182,13822.1578405912,..,5123027,..,..
Denmark,DNK,1982,YR1982,10.1208256779823,11740.2199128271,..,5117810,..,..
Denmark,DNK,1984,YR1984,6.29077936023771,11516.6821578436,..,5111619,..,..
Denmark,DNK,1986,YR1986,3.67818411863452,17136.6297376226,..,5120534,..,..
Denmark,DNK,1988,YR1988,4.5351330101572,22524.5792595476,..,5129516,..,..
Denmark,DNK,1990,YR1990,2.64160306382,26885.6994188191,..,5140939,..,..
Denmark,DNK,1992,YR1992,2.09604442933217,29579.4913648682,..,5171370,..,..
Denmark,DNK,1994,YR1994,1.99201463809526,29967.8303903163,..,5206180,..,..
Denmark,DNK,1996,YR1996,2.12629802275584,35621.9878051732,..,5263074,..,72.8723373413086
Denmark,DNK,1998,YR1998,1.84565122007889,33346.4884298957,..,5304219,..,75.5319137573242
Denmark,DNK,2000,YR2000,2.90328203236453,30722.0251837567,8.10438347,5339616,7.93,80.4232788085938
Denmark,DNK,2002,YR2002,2.42443661219697,33257.1622586509,8.70251179,5375931,6.42,83.0687866210938
Denmark,DNK,2004,YR2004,1.15435693124932,46625.050098011,9.00743198,5404523,6.85,66.5048522949219
Denmark,DNK,2006,YR2006,1.92422138464594,52119.1787984282,9.16879559,5437272,7.24,64.2512054443359
Denmark,DNK,2008,YR2008,3.41626794258373,64616.6657583663,9.51134396,5493621,5.94,69.2307662963867
Denmark,DNK,2010,YR2010,2.31092436974789,58104.5445594981,10.60774708,5547683,6.3,67.2985763549805
Denmark,DNK,2012,YR2012,2.3979148566464,58443.7747103968,10.5219717,5591572,5.6,63.0331764221191
Denmark,DNK,2014,YR2014,0.56402054044954,62520.4509747011,10.30918217,5643475,5.72,67.6190490722656
Denmark,DNK,2016,YR2016,0.250000000000031,54500.9260410217,10.25162029,5728010,5.32,63.3333320617676
Denmark,DNK,2018,YR2018,0.813609467455631,61324.7665045565,10.09764194,5793636,5.24,65.0943374633789
Denmark,DNK,2020,YR2020,0.420711974110115,60985.4885601514,10.71854591,5831404,2.21,64.1509399414062
Denmark,DNK,2022,YR2022,7.6965669988926,68091.3191138669,9.4758625,5903037,4.06,61.3207550048828
Denmark,DNK,2024,YR2024,1.37220049768918,..,..,..,..,..
Djibouti,DJI,1960,YR1960,..,..,..,86024,..,..
Djibouti,DJI,1962,YR1962,..,..,..,93283,..,..
Djibouti,DJI,1964,YR1964,..,..,..,103198,..,..
Djibouti,DJI,1966,YR1966,..,..,..,115269,..,..
Djibouti,DJI,1968,YR1968,..,..,..,128250,..,..
Djibouti,DJI,1970,YR1970,..,..,..,145175,..,..
Djibouti,DJI,1972,YR1972,..,..,..,166256,..,..
Djibouti,DJI,1974,YR1974,..,..,..,192613,..,..
Djibouti,DJI,1976,YR1976,..,..,..,230737,..,..
Djibouti,DJI,1978,YR1978,..,..,..,280031,..,..
Djibouti,DJI,1980,YR1980,12.0580235721856,..,..,325815,..,..
Djibouti,DJI,1982,YR1982,-2.41071428572345,..,..,356880,..,..
Djibouti,DJI,1984,YR1984,1.88471502578427,..,..,384053,..,..
Djibouti,DJI,1986,YR1986,18.147633450986,..,..,426341,..,..
Djibouti,DJI,1988,YR1988,..,816.874614065329,..,484523,..,..
Djibouti,DJI,1990,YR1990,..,780.497719360725,..,579538,..,..
Djibouti,DJI,1992,YR1992,..,763.659214503152,..,626010,..,..
Djibouti,DJI,1994,YR1994,..,784.556207408331,..,626710,..,..
Djibouti,DJI,1996,YR1996,..,761.943659476655,..,648348,..,14.361701965332
Djibouti,DJI,1998,YR1998,..,735.349107889529,..,699352,31.21,7.44680833816528
Djibouti,DJI,2000,YR2000,..,737.612183644052,3.39641857,747318,..,17.9894180297852
Djibouti,DJI,2002,YR2002,0.63761955366632,743.013270420348,3.75243783,795574,20.67,19.0476188659668
Djibouti,DJI,2004,YR2004,3.12226204699354,806.261652944964,3.53544688,826124,..,18.9320392608643
Djibouti,DJI,2006,YR2006,3.48340699677866,898.464628136774,4.21972466,855764,19.48,22.2222213745117
Djibouti,DJI,2008,YR2008,11.9586206896552,1119.15233346969,3.6125772,892734,..,36.0576934814453
Djibouti,DJI,2010,YR2010,3.95007875923885,1213.23352553429,3.35699701,930251,..,37.9146919250488
Djibouti,DJI,2012,YR2012,3.73120950756887,1400.19357858954,3.29730988,966747,14.24,37.9146919250488
Djibouti,DJI,2014,YR2014,1.34186494340157,2208.67810285113,2.95930099,1002717,14.41,10.4761905670166
Djibouti,DJI,2016,YR2016,2.73841208738755,2510.4300076241,2.7416594,1037653,..,13.8095235824585
Djibouti,DJI,2018,YR2018,0.14797084987711,2718.0853229414,2.51871514,1071882,..,28.7735843658447
Djibouti,DJI,2020,YR2020,1.7774078380617,2881.99924450145,2.32228446,1105188,..,16.9811325073242
Djibouti,DJI,2022,YR2022,5.17980847967061,3231.30015326477,2.49675012,1137096,..,16.0377349853516
Djibouti,DJI,2024,YR2024,..,..,..,..,..,..
Dominica,DMA,1960,YR1960,..,..,..,59372,..,..
Dominica,DMA,1962,YR1962,..,..,..,60948,..,..
Dominica,DMA,1964,YR1964,..,..,..,62587,..,..
Dominica,DMA,1966,YR1966,..,..,..,64507,..,..
Dominica,DMA,1968,YR1968,5.36991901857967,..,..,66732,..,..
Dominica,DMA,1970,YR1970,12.3934989618914,..,..,68908,..,..
Dominica,DMA,1972,YR1972,3.68799557454748,..,..,70060,..,..
Dominica,DMA,1974,YR1974,34.3760742523203,..,..,71091,..,..
Dominica,DMA,1976,YR1976,10.9024962662686,..,..,72017,..,..
Dominica,DMA,1978,YR1978,7.71257905832727,785.575814800555,..,72724,..,..
Dominica,DMA,1980,YR1980,..,996.191362332325,..,73083,..,..
Dominica,DMA,1982,YR1982,4.39459409763738,1231.66928057818,..,72688,..,..
Dominica,DMA,1984,YR1984,2.2179942499574,1514.89217748336,..,72056,..,..
Dominica,DMA,1986,YR1986,2.77423367675706,1892.86556477773,..,71406,..,..
Dominica,DMA,1988,YR1988,2.92459163123741,2423.32574317463,..,70608,..,..
Dominica,DMA,1990,YR1990,3.19092323226821,2892.9815966454,..,69627,..,..
Dominica,DMA,1992,YR1992,5.47182559344178,3376.26050139573,..,69325,..,..
Dominica,DMA,1994,YR1994,0.0151367351744227,3805.20278759984,..,69477,..,..
Dominica,DMA,1996,YR1996,1.67716450485913,4210.99532034556,..,69410,22.39,37.2340431213379
Dominica,DMA,1998,YR1998,0.999147457910748,4664.24268142919,..,69124,27.24,35.638298034668
Dominica,DMA,2000,YR2000,0.856946805358483,4867.39896323759,5.32374382,68511,21.26,30.1587295532227
Dominica,DMA,2002,YR2002,0.170055330197681,4873.64220013013,4.6531105,68367,24.36,33.3333320617676
Dominica,DMA,2004,YR2004,2.39410982050298,5348.94900144212,4.74520159,68649,..,60.1941757202148
Dominica,DMA,2006,YR2006,2.2023913263167,5671.77065738238,4.78092194,68806,19.23,56.038646697998
Dominica,DMA,2008,YR2008,6.35992183336295,6654.49921411812,5.04968786,68854,..,57.6923065185547
Dominica,DMA,2010,YR2010,2.99936630549,7171.5523885901,5.15711927,68859,18.44,57.8199043273926
Dominica,DMA,2012,YR2012,1.3567714780886,7031.39987118111,5.79509926,69118,14.45,63.0331764221191
Dominica,DMA,2014,YR2014,0.799250372687492,7395.30259658718,5.26141691,70373,..,67.6190490722656
Dominica,DMA,2016,YR2016,0.141816225732312,8278.44768597003,5.12308073,69606,18.67,64.7619018554688
Dominica,DMA,2018,YR2018,0.98919111918989,8137.56520624242,6.18495989,68174,..,66.9811325073242
Dominica,DMA,2020,YR2020,-0.727116412668203,7461.77933220095,6.12651205,67573,19.32,75.4716949462891
Dominica,DMA,2022,YR2022,7.7806152516404,9085.67412772363,6.31969738,66826,..,76.8867950439453
Dominica,DMA,2024,YR2024,..,..,..,..,..,..
Dominican Republic,DOM,1960,YR1960,-3.56219179976055,205.731509857004,..,3268336,..,..
Dominican Republic,DOM,1962,YR1962,9.15712799177066,236.814700040461,..,3479936,..,..
Dominican Republic,DOM,1964,YR1964,2.10711150133545,277.29715816349,..,3698559,..,..
Dominican Republic,DOM,1966,YR1966,0.262927256794539,250.876691518053,..,3921847,..,..
Dominican Republic,DOM,1968,YR1968,0.0359763993382312,259.574438400563,..,4157189,..,..
Dominican Republic,DOM,1970,YR1970,3.81666666641709,337.668123719964,..,4399290,..,..
Dominican Republic,DOM,1972,YR1972,8.64073155607574,427.224846368664,..,4651883,..,..
Dominican Republic,DOM,1974,YR1974,13.1407673714854,595.356677805143,..,4914197,..,..
Dominican Republic,DOM,1976,YR1976,7.76555023925677,762.778347016951,..,5180404,..,..
Dominican Republic,DOM,1978,YR1978,3.47785034212178,868.397371769969,..,5451882,..,..
Dominican Republic,DOM,1980,YR1980,16.7531356897102,1180.18089253045,..,5729037,..,..
Dominican Republic,DOM,1982,YR1982,7.64624306606148,1376.26820466534,..,6007114,..,..
Dominican Republic,DOM,1984,YR1984,20.1516781053536,1843.52460788928,..,6289040,..,..
Dominican Republic,DOM,1986,YR1986,7.6389726657993,931.659530115685,..,6571208,..,..
Dominican Republic,DOM,1988,YR1988,43.8638323515053,783.913142122635,..,6855734,..,..
Dominican Republic,DOM,1990,YR1990,50.4624792378524,989.163941207659,..,7151166,..,..
Dominican Republic,DOM,1992,YR1992,4.25902638893392,1558.29782071075,..,7447474,..,..
Dominican Republic,DOM,1994,YR1994,8.26076798575834,1891.67055679,..,7741694,..,..
Dominican Republic,DOM,1996,YR1996,5.39929385038922,2270.86558687203,..,8032894,13.32,22.8723411560059
Dominican Republic,DOM,1998,YR1998,4.83166558591895,2607.85457321405,..,8310362,13.32,16.4893608093262
Dominican Republic,DOM,2000,YR2000,7.72413566181616,2831.45883638033,4.88427496,8584190,22.99,29.100528717041
Dominican Republic,DOM,2002,YR2002,5.22336769759447,3065.60329524196,4.98649025,8852235,13.03,31.2169303894043
Dominican Republic,DOM,2004,YR2004,51.4608598338065,2451.69161616569,4.2877388,9104892,13.07,21.3592224121094
Dominican Republic,DOM,2006,YR2006,7.57280523853074,4055.14270347371,3.99365425,9341183,12.39,28.9855079650879
Dominican Republic,DOM,2008,YR2008,10.6446210953712,5026.84091100115,4.56146193,9573130,11.71,29.8076915740967
Dominican Republic,DOM,2010,YR2010,6.32993220146146,5484.64637931191,4.92355442,9820175,10.68,30.3317527770996
Dominican Republic,DOM,2012,YR2012,3.69449707884777,6025.72582713231,5.04897833,10070411,12.77,40.2843589782715
Dominican Republic,DOM,2014,YR2014,2.99864226125219,6512.50771431953,4.79757166,10315528,..,38.0952377319336
Dominican Republic,DOM,2016,YR2016,1.61416607245223,7174.82349574,4.57663107,10551430,10.12,43.3333320617676
Dominican Republic,DOM,2018,YR2018,3.56443426013508,7934.98141208525,4.12601566,10782053,9.24,35.3773574829102
Dominican Republic,DOM,2020,YR2020,3.78103179915517,7162.29175242114,4.93967104,11008300,8.85,39.6226425170898
Dominican Republic,DOM,2022,YR2022,8.81109209279587,10109.5234003521,4.57254791,11230734,8.25,43.3962249755859
Dominican Republic,DOM,2024,YR2024,3.30223338951227,..,..,..,..,..
Ecuador,ECU,1960,YR1960,1.67659912611285,450.776317102259,..,4590891,..,..
Ecuador,ECU,1962,YR1962,2.87088531460987,312.43541024174,..,4859269,..,..
Ecuador,ECU,1964,YR1964,4.03420453764312,435.763463220837,..,5149918,..,..
Ecuador,ECU,1966,YR1966,5.45372692773346,444.623111980641,..,5463748,..,..
Ecuador,ECU,1968,YR1968,4.31765612971037,445.227989157148,..,5799680,..,..
Ecuador,ECU,1970,YR1970,5.17127612015708,465.040319805007,..,6155387,..,..
Ecuador,ECU,1972,YR1972,7.52511790034726,487.972047217986,..,6529034,..,..
Ecuador,ECU,1974,YR1974,22.7040816226158,953.846558260516,..,6918573,..,..
Ecuador,ECU,1976,YR1976,10.1746301165654,1241.91098461141,..,7320912,..,..
Ecuador,ECU,1978,YR1978,13.098138583854,1541.13760425322,..,7736167,..,..
Ecuador,ECU,1980,YR1980,11.9092893836134,2189.78417657382,..,8165877,..,..
Ecuador,ECU,1982,YR1982,16.2844880461285,2314.38354547989,..,8611298,..,..
Ecuador,ECU,1984,YR1984,31.2195815120372,1863.68213493779,..,9074782,..,..
Ecuador,ECU,1986,YR1986,23.0302261142618,1604.24698102055,..,9545998,..,..
Ecuador,ECU,1988,YR1988,58.2162865413938,1303.77906073184,..,10010808,..,..
Ecuador,ECU,1990,YR1990,48.5191129963729,1455.00748510871,..,10473673,..,..
Ecuador,ECU,1992,YR1992,54.6078215093597,1655.44613192632,..,10930128,..,..
Ecuador,ECU,1994,YR1994,27.3108817940495,1996.85894789444,..,11372197,12.04,..
Ecuador,ECU,1996,YR1996,24.4114592150674,2135.8479374308,..,11810950,11.72,9.04255294799805
Ecuador,ECU,1998,YR1998,36.0984331623886,2284.01572847769,..,12251184,11.96,21.8085098266602
Ecuador,ECU,2000,YR2000,96.0963756926096,1382.23421759909,3.4825685,12689206,11.57,14.8148145675659
Ecuador,ECU,2002,YR2002,12.4835980082095,2059.1585535974,4.72293711,13138472,12.05,14.2857141494751
Ecuador,ECU,2004,YR2004,2.74323198926704,2586.20914663347,5.790411,13608701,10.98,11.1650485992432
Ecuador,ECU,2006,YR2006,3.29874846258215,3243.67010359339,5.84506655,14086131,9.02,12.5603866577148
Ecuador,ECU,2008,YR2008,8.40009593987462,4194.75750661981,5.52174902,14575202,7.56,13.4615383148193
Ecuador,ECU,2010,YR2010,3.55437734567843,4520.30959039763,6.34925699,15076695,9.02,16.5876770019531
Ecuador,ECU,2012,YR2012,5.10172180958666,5634.08393191094,6.87859821,15572194,7.27,18.4834117889404
Ecuador,ECU,2014,YR2014,3.58922016616663,6405.79979300441,6.76601839,16035124,6.53,30.9523811340332
Ecuador,ECU,2016,YR2016,1.72826463324533,5917.63771271481,7.58817482,16505139,8.27,30.4761905670166
Ecuador,ECU,2018,YR2018,-0.224103246005552,6303.91892523596,7.83214045,17049547,6.95,30.1886787414551
Ecuador,ECU,2020,YR2020,-0.338872392562139,5463.64509649315,8.6576252,17546065,6.86,23.1132068634033
Ecuador,ECU,2022,YR2022,3.46616972213077,6540.99824522101,7.53457022,17823897,6.86,18.3962268829346
Ecuador,ECU,2024,YR2024,1.54732515615369,..,..,..,..,..
"Egypt, Arab Rep.",EGY,1960,YR1960,0.332829047091752,156.387390904103,..,26896479,..,..
"Egypt, Arab Rep.",EGY,1962,YR1962,-3.00307658790784,142.409573017439,..,28337013,..,..
"Egypt, Arab Rep.",EGY,1964,YR1964,3.66098294885468,157.71653227217,..,29858922,..,..
"Egypt, Arab Rep.",EGY,1966,YR1966,9.0364406581763,168.054342944501,..,31406541,..,..
"Egypt, Arab Rep.",EGY,1968,YR1968,-1.6757594245691,179.774096694265,..,32998319,..,..
"Egypt, Arab Rep.",EGY,1970,YR1970,3.76289859580536,232.272492342671,..,34623990,..,..
"Egypt, Arab Rep.",EGY,1972,YR1972,2.10236334610113,256.482815640115,..,36258328,..,..
"Egypt, Arab Rep.",EGY,1974,YR1974,10.0243177516484,243.061473902314,..,37969667,..,..
"Egypt, Arab Rep.",EGY,1976,YR1976,10.3174158877413,334.609918474469,..,39795557,..,..
"Egypt, Arab Rep.",EGY,1978,YR1978,11.078100382614,354.674246269687,..,41761431,..,..
"Egypt, Arab Rep.",EGY,1980,YR1980,20.8192249324218,493.053573271061,..,43950413,..,..
"Egypt, Arab Rep.",EGY,1982,YR1982,14.8230088495577,595.918898169378,..,46407611,..,..
"Egypt, Arab Rep.",EGY,1984,YR1984,17.0363663799608,689.807675510205,..,49247334,..,..
"Egypt, Arab Rep.",EGY,1986,YR1986,23.8642898217366,790.201793698565,..,52206295,..,..
"Egypt, Arab Rep.",EGY,1988,YR1988,17.66348615313,633.839369496566,..,55187681,..,..
"Egypt, Arab Rep.",EGY,1990,YR1990,16.7563747077691,735.982935028025,..,58396618,..,..
"Egypt, Arab Rep.",EGY,1992,YR1992,13.6374241717218,680.79923864551,..,61480660,..,..
"Egypt, Arab Rep.",EGY,1994,YR1994,8.15423128587096,807.303537230487,..,64285589,..,..
"Egypt, Arab Rep.",EGY,1996,YR1996,7.18710369719992,1008.97637629447,..,67028048,..,13.297872543335
"Egypt, Arab Rep.",EGY,1998,YR1998,3.8725754642749,1212.82259820477,..,69943294,23.56,26.5957450866699
"Egypt, Arab Rep.",EGY,2000,YR2000,2.68380535348546,1366.09274372613,4.92244291,73083284,52.34,30.1587295532227
"Egypt, Arab Rep.",EGY,2002,YR2002,2.73723855000334,1116.82884626213,5.5107379,76239137,19.52,20.1058197021484
"Egypt, Arab Rep.",EGY,2004,YR2004,11.270619332052,991.255689145253,4.85732365,79477443,45.19,12.62135887146
"Egypt, Arab Rep.",EGY,2006,YR2006,7.64452644526434,1298.97900203124,4.84190083,82700403,43.29,13.5265703201294
"Egypt, Arab Rep.",EGY,2008,YR2008,18.3168316831684,1896.21594269779,4.46634817,85864789,37.05,16.8269233703613
"Egypt, Arab Rep.",EGY,2010,YR2010,11.2651882653185,2455.08194645282,4.15319157,89196072,33.01,10.4265403747559
"Egypt, Arab Rep.",EGY,2012,YR2012,7.11172943343083,2996.0677072015,4.45891809,93161001,28.77,5.21327018737793
"Egypt, Arab Rep.",EGY,2014,YR2014,10.0702154687481,3133.39102265541,4.77415323,97528654,23.19,6.1904764175415
"Egypt, Arab Rep.",EGY,2016,YR2016,13.813606214829,3270.6287768197,5.07462406,101644589,29.55,6.66666650772095
"Egypt, Arab Rep.",EGY,2018,YR2018,14.4014657807422,2484.70315630508,4.74892998,105682094,35.27,7.54716968536377
"Egypt, Arab Rep.",EGY,2020,YR2020,5.04493288977539,3511.11381026379,4.15384626,109315124,..,8.01886749267578
"Egypt, Arab Rep.",EGY,2022,YR2022,13.8956609775178,4233.30783744856,4.70438385,112618250,..,10.8490562438965
"Egypt, Arab Rep.",EGY,2024,YR2024,..,..,..,..,..,..
El Salvador,SLV,1960,YR1960,-0.0389741990030698,..,..,2791459,..,..
El Salvador,SLV,1962,YR1962,0.0961538463947943,..,..,2949204,..,..
El Salvador,SLV,1964,YR1964,1.75756620405747,..,..,3111883,..,..
El Salvador,SLV,1966,YR1966,-1.18735543593374,282.44637356687,..,3290961,..,..
El Salvador,SLV,1968,YR1968,2.53768071348792,290.096510171735,..,3480773,..,..
El Salvador,SLV,1970,YR1970,2.81785392208514,308.798853901934,..,3668796,..,..
El Salvador,SLV,1972,YR1972,1.53521536678872,328.509448039035,..,3846830,..,..
El Salvador,SLV,1974,YR1974,16.8990368422354,413.403476363207,..,4029671,..,..
El Salvador,SLV,1976,YR1976,7.03468963198825,552.994933864727,..,4210310,..,..
El Salvador,SLV,1978,YR1978,13.2751232921383,711.852264187957,..,4394114,..,..
El Salvador,SLV,1980,YR1980,17.3669682564025,787.149605473724,..,4540382,..,..
El Salvador,SLV,1982,YR1982,11.7288868654679,735.360954743528,..,4622477,..,..
El Salvador,SLV,1984,YR1984,11.5071695057309,763.168218110743,..,4798003,..,..
El Salvador,SLV,1986,YR1986,31.9350161472763,755.425135831439,..,4992769,..,..
El Salvador,SLV,1988,YR1988,19.7611617858858,806.392353256927,..,5195833,..,..
El Salvador,SLV,1990,YR1990,23.9991651130861,892.18271519703,..,5399726,..,..
El Salvador,SLV,1992,YR1992,11.2144813801987,1040.78164082019,..,5585609,..,..
El Salvador,SLV,1994,YR1994,10.5858066526451,1343.9290572544,..,5714129,..,..
El Salvador,SLV,1996,YR1996,9.78892040179966,1651.31016800895,..,5805286,11.41,21.2765960693359
El Salvador,SLV,1998,YR1998,2.54705977554151,1859.73085887742,..,5880781,10.8,30.319149017334
El Salvador,SLV,2000,YR2000,2.27128756828723,1982.87093542615,7.84342813,5943366,10.44,37.037036895752
El Salvador,SLV,2002,YR2002,1.86552503610077,2115.41187355626,7.88565731,5986631,7.14,40.2116394042969
El Salvador,SLV,2004,YR2004,4.45194392395045,2285.68907438892,8.1302166,6004671,7.11,27.6699028015137
El Salvador,SLV,2006,YR2006,4.03712359429612,2665.61807194853,8.69338894,6002319,5.56,26.57004737854
El Salvador,SLV,2008,YR2008,6.70792293515939,2983.24829577976,8.49585915,6029297,4.9,29.8076915740967
El Salvador,SLV,2010,YR2010,1.17933576873673,3040.07300952878,8.90416241,6068249,8.64,33.1753540039062
El Salvador,SLV,2012,YR2012,1.72973481581383,3497.91256915509,8.60625362,6113975,4.87,40.2843589782715
El Salvador,SLV,2014,YR2014,1.14134467538233,3666.01248913873,8.5989418,6162955,4.54,30.9523811340332
El Salvador,SLV,2016,YR2016,0.60404908699661,3901.34014965811,8.71456337,6200800,..,29.0476188659668
El Salvador,SLV,2018,YR2018,1.09033000581892,4183.54620971358,8.322752,6219807,4.85,19.8113212585449
El Salvador,SLV,2020,YR2020,-0.371590212324095,3997.19279583709,8.95105076,6234673,4.76,26.8867931365967
El Salvador,SLV,2022,YR2022,7.19861615609867,5093.51833879776,9.84079742,6280319,4.51,19.3396224975586
El Salvador,SLV,2024,YR2024,0.853782292567288,..,..,..,..,..
Equatorial Guinea,GNQ,1960,YR1960,..,..,..,269807,..,..
Equatorial Guinea,GNQ,1962,YR1962,..,132.911859077276,..,280286,..,..
Equatorial Guinea,GNQ,1964,YR1964,..,177.826417576094,..,291942,..,..
Equatorial Guinea,GNQ,1966,YR1966,..,226.694963901345,..,304859,..,..
Equatorial Guinea,GNQ,1968,YR1968,..,211.743758689178,..,318849,..,..
Equatorial Guinea,GNQ,1970,YR1970,..,206.766858699665,..,320803,..,..
Equatorial Guinea,GNQ,1972,YR1972,..,211.424761974446,..,309468,..,..
Equatorial Guinea,GNQ,1974,YR1974,..,319.236836741342,..,294953,..,..
Equatorial Guinea,GNQ,1976,YR1976,..,368.831374253979,..,281031,..,..
Equatorial Guinea,GNQ,1978,YR1978,..,..,..,276531,..,..
Equatorial Guinea,GNQ,1980,YR1980,..,175.451008071362,..,288644,..,..
Equatorial Guinea,GNQ,1982,YR1982,..,137.468802708366,..,322216,..,..
Equatorial Guinea,GNQ,1984,YR1984,..,137.903678570149,..,364899,..,..
Equatorial Guinea,GNQ,1986,YR1986,-17.6404240920371,188.78702702248,..,404728,..,..
Equatorial Guinea,GNQ,1988,YR1988,2.52365930599391,228.669232827247,..,439651,..,..
Equatorial Guinea,GNQ,1990,YR1990,0.857871551124735,236.402188376265,..,474274,..,..
Equatorial Guinea,GNQ,1992,YR1992,-4.27874315639129,263.733547088944,..,510770,..,..
Equatorial Guinea,GNQ,1994,YR1994,31.8410168416385,183.239482711964,..,550138,..,..
Equatorial Guinea,GNQ,1996,YR1996,4.54072771540235,391.686868235732,..,593492,..,21.2765960693359
Equatorial Guinea,GNQ,1998,YR1998,7.93571069814148,577.868525342745,..,641474,24.5,22.340425491333
Equatorial Guinea,GNQ,2000,YR2000,4.80228886901398,1487.3165506701,1.10719955,703279,..,25.9259262084961
Equatorial Guinea,GNQ,2002,YR2002,7.5924784983324,2264.21065580365,2.74982214,797957,23.91,17.4603176116943
Equatorial Guinea,GNQ,2004,YR2004,4.21968787094834,4901.30127408119,1.45293236,899917,..,26.2135925292969
Equatorial Guinea,GNQ,2006,YR2006,4.41589984169561,10184.8841248541,1.29171872,990343,..,33.3333320617676
Equatorial Guinea,GNQ,2008,YR2008,6.55176691184535,18210.5552970599,1.11555505,1084530,..,33.6538467407227
Equatorial Guinea,GNQ,2010,YR2010,7.78916547991184,13720.1658723222,1.62134743,1189085,..,37.4407577514648
Equatorial Guinea,GNQ,2012,YR2012,3.65662048278806,17308.5723924575,1.51459455,1293483,..,39.3364944458008
Equatorial Guinea,GNQ,2014,YR2014,4.30999866149107,15548.6624656619,1.7540164,1399828,..,20.9523811340332
Equatorial Guinea,GNQ,2016,YR2016,1.41193915479015,7453.19797948517,2.85941601,1508186,..,25.7142848968506
Equatorial Guinea,GNQ,2018,YR2018,1.06007410662171,8102.47084834031,2.85223722,1616422,..,28.7735843658447
Equatorial Guinea,GNQ,2020,YR2020,4.76669523944228,5764.05502912947,3.99582434,1716468,..,23.5849056243896
Equatorial Guinea,GNQ,2022,YR2022,4.78671704710803,7589.29964909381,2.91350007,1803545,24.63,22.6415100097656
Equatorial Guinea,GNQ,2024,YR2024,..,..,..,..,..,..
Eritrea,ERI,1960,YR1960,..,..,..,972547,..,..
Eritrea,ERI,1962,YR1962,..,..,..,1019788,..,..
Eritrea,ERI,1964,YR1964,..,..,..,1071287,..,..
Eritrea,ERI,1966,YR1966,..,..,..,1124957,..,..
Eritrea,ERI,1968,YR1968,..,..,..,1181737,..,..
Eritrea,ERI,1970,YR1970,..,..,..,1243453,..,..
Eritrea,ERI,1972,YR1972,..,..,..,1309235,..,..
Eritrea,ERI,1974,YR1974,..,..,..,1375688,..,..
Eritrea,ERI,1976,YR1976,..,..,..,1443807,..,..
Eritrea,ERI,1978,YR1978,..,..,..,1522378,..,..
Eritrea,ERI,1980,YR1980,..,..,..,1605797,..,..
Eritrea,ERI,1982,YR1982,..,..,..,1695461,..,..
Eritrea,ERI,1984,YR1984,..,..,..,1771730,..,..
Eritrea,ERI,1986,YR1986,..,..,..,1845164,..,..
Eritrea,ERI,1988,YR1988,..,..,..,1938255,..,..
Eritrea,ERI,1990,YR1990,..,..,..,2032737,..,..
Eritrea,ERI,1992,YR1992,..,265.240962963337,..,1798748,..,..
Eritrea,ERI,1994,YR1994,..,277.801423620334,..,1913915,..,..
Eritrea,ERI,1996,YR1996,..,325.838705371605,..,2128464,..,5.85106372833252
Eritrea,ERI,1998,YR1998,..,341.91736400208,..,2180419,..,7.44680833816528
Eritrea,ERI,2000,YR2000,..,314.357396753501,5.76670074,2247031,..,8.99470901489258
Eritrea,ERI,2002,YR2002,..,304.775756465092,6.68857431,2392978,10.5,19.0476188659668
Eritrea,ERI,2004,YR2004,..,426.840947887032,7.00984907,2598284,..,15.0485439300537
Eritrea,ERI,2006,YR2006,..,447.997404727201,6.85727453,2703502,9.24,11.5942029953003
Eritrea,ERI,2008,YR2008,..,490.066956003333,6.57807541,2816327,..,13.4615383148193
Eritrea,ERI,2010,YR2010,..,539.699512069686,4.81866503,2945186,..,10.4265403747559
Eritrea,ERI,2012,YR2012,..,..,3.74245787,3036988,..,15.6398105621338
Eritrea,ERI,2014,YR2014,..,..,3.91432285,3095173,..,10
Eritrea,ERI,2016,YR2016,..,..,3.73838949,3124698,..,13.3333330154419
Eritrea,ERI,2018,YR2018,..,..,4.24748898,3192760,..,13.6792449951172
Eritrea,ERI,2020,YR2020,..,..,4.31046677,3291271,..,10.3773584365845
Eritrea,ERI,2022,YR2022,..,..,3.87447667,3409447,..,10.8490562438965
Eritrea,ERI,2024,YR2024,..,..,..,..,..,..
Estonia,EST,1960,YR1960,..,..,..,1211537,..,..
Estonia,EST,1962,YR1962,..,..,..,1241623,..,..
Estonia,EST,1964,YR1964,..,..,..,1277086,..,..
Estonia,EST,1966,YR1966,..,..,..,1308597,..,..
Estonia,EST,1968,YR1968,..,..,..,1331214,..,..
Estonia,EST,1970,YR1970,..,..,..,1360076,..,..
Estonia,EST,1972,YR1972,..,..,..,1392518,..,..
Estonia,EST,1974,YR1974,..,..,..,1418169,..,..
Estonia,EST,1976,YR1976,..,..,..,1439576,..,..
Estonia,EST,1978,YR1978,..,..,..,1460188,..,..
Estonia,EST,1980,YR1980,..,..,..,1477219,..,..
Estonia,EST,1982,YR1982,..,..,..,1498414,..,..
Estonia,EST,1984,YR1984,..,..,..,1518617,..,..
Estonia,EST,1986,YR1986,..,..,..,1540190,..,..
Estonia,EST,1988,YR1988,..,..,..,1561900,..,..
Estonia,EST,1990,YR1990,..,..,..,1569174,..,..
Estonia,EST,1992,YR1992,..,..,..,1533091,..,..
Estonia,EST,1994,YR1994,47.6546906187628,2819.12612100926,..,1462514,..,..
Estonia,EST,1996,YR1996,23.050343349517,3380.92630243199,..,1415594,0.03,50
Estonia,EST,1998,YR1998,8.20833333333298,4093.39247738765,..,1386156,0,48.9361686706543
Estonia,EST,2000,YR2000,4.01848952508763,4070.60902410208,5.17029095,1396985,8.36,60.8465614318848
Estonia,EST,2002,YR2002,3.57191270164027,5343.18310760735,4.70329475,1379350,8.03,62.962963104248
Estonia,EST,2004,YR2004,3.04811107523416,8916.0728274602,5.33758926,1362550,6.85,53.8834953308105
Estonia,EST,2006,YR2006,4.43762042389213,12641.4800976473,4.97390509,1346810,7.24,54.1062812805176
Estonia,EST,2008,YR2008,10.3623580313683,18205.9064113446,5.95724869,1337090,5.94,50
Estonia,EST,2010,YR2010,2.97204512015694,14663.7041018705,6.59433842,1331475,6.3,53.554500579834
Estonia,EST,2012,YR2012,3.93339987296985,17568.2137969714,6.09506845,1322696,5.6,56.3981056213379
Estonia,EST,2014,YR2014,-0.10617514652171,20581.7898991695,6.36199951,1314545,5.72,60.476188659668
Estonia,EST,2016,YR2016,0.148684907627373,18666.3736521706,6.70240974,1315790,5.32,57.1428565979004
Estonia,EST,2018,YR2018,3.43632688420446,23618.1361254581,6.6912818,1321977,5.24,54.7169799804688
Estonia,EST,2020,YR2020,-0.44453109767983,23933.9939421065,7.57906437,1329522,2.21,57.0754699707031
Estonia,EST,2022,YR2022,19.3982634080616,28451.1477825175,6.98701143,1348840,4.06,56.1320762634277
Estonia,EST,2024,YR2024,3.52056053296586,..,..,..,..,..
Eswatini,SWZ,1960,YR1960,..,101.572799813694,..,345337,..,..
Eswatini,SWZ,1962,YR1962,..,127.095766410182,..,361365,..,..
Eswatini,SWZ,1964,YR1964,..,171.608409764479,..,378656,..,..
Eswatini,SWZ,1966,YR1966,3.1775210084201,192.744540046073,..,398766,..,..
Eswatini,SWZ,1968,YR1968,3.44942509524238,190.386590098492,..,419147,..,..
Eswatini,SWZ,1970,YR1970,1.84953956571386,254.161125489597,..,441216,..,..
Eswatini,SWZ,1972,YR1972,2.36633218489993,315.028466244508,..,465788,..,..
Eswatini,SWZ,1974,YR1974,19.2877754456961,536.161003835798,..,492988,..,..
Eswatini,SWZ,1976,YR1976,6.53091265949243,520.799625738095,..,523330,..,..
Eswatini,SWZ,1978,YR1978,8.51761476291623,609.960650013647,..,558446,..,..
Eswatini,SWZ,1980,YR1980,18.6839754034956,908.375601827987,..,596644,..,..
Eswatini,SWZ,1982,YR1982,10.8074213418412,843.043006864844,..,637652,..,..
Eswatini,SWZ,1984,YR1984,12.9397266412726,726.345118603826,..,680783,..,..
Eswatini,SWZ,1986,YR1986,13.7370753323486,611.298158219647,..,734732,..,..
Eswatini,SWZ,1988,YR1988,20.3945622781115,865.25154443731,..,799798,..,..
Eswatini,SWZ,1990,YR1990,13.0922899124981,1277.69173005665,..,872428,..,..
Eswatini,SWZ,1992,YR1992,7.55829536317337,1361.8169795148,..,943416,..,..
Eswatini,SWZ,1994,YR1994,13.7693248804359,1461.36400128736,..,971212,..,..
Eswatini,SWZ,1996,YR1996,6.42521330315218,1619.19119707662,..,989841,..,18.6170215606689
Eswatini,SWZ,1998,YR1998,8.10996563573863,1546.51519325373,..,1019653,..,21.8085098266602
Eswatini,SWZ,2000,YR2000,12.2085358545844,1668.9749133064,4.60951757,1041414,..,24.8677253723145
Eswatini,SWZ,2002,YR2002,12.0197154699232,1351.86550182919,5.52298307,1059441,11.92,26.9841270446777
Eswatini,SWZ,2004,YR2004,3.44533507316614,2581.24172793045,6.81432486,1073159,9.67,26.2135925292969
Eswatini,SWZ,2006,YR2006,5.30463946338728,3035.06156119205,7.82560062,1084436,15.39,22.7053146362305
Eswatini,SWZ,2008,YR2008,12.6574601863915,2999.82816920508,8.85792923,1098091,25.05,25.480770111084
Eswatini,SWZ,2010,YR2010,4.50923691774369,3992.95199562618,8.5912571,1111650,12.55,26.5402851104736
Eswatini,SWZ,2012,YR2012,8.93964682788212,4347.99569336631,7.82047606,1123863,14.64,20.8530807495117
Eswatini,SWZ,2014,YR2014,5.68134885776447,3740.69277623691,7.25596571,1136299,2.46,18.5714282989502
Eswatini,SWZ,2016,YR2016,7.8472745908568,3223.92004062357,6.82044792,1149507,2.55,16.6666660308838
Eswatini,SWZ,2018,YR2018,4.81506167461513,3986.10557163026,7.31937742,1168929,2.27,19.3396224975586
Eswatini,SWZ,2020,YR2020,..,3442.3216527415,7.07603502,1192729,4.07,31.1320762634277
Eswatini,SWZ,2022,YR2022,..,3852.08573272946,7.2226615,1218917,3.15,23.5849056243896
Eswatini,SWZ,2024,YR2024,..,..,..,..,..,..
Ethiopia,ETH,1960,YR1960,..,75.3396090705961,..,21376693,..,..
Ethiopia,ETH,1962,YR1962,..,77.7901849782504,..,22465126,..,..
Ethiopia,ETH,1964,YR1964,..,83.8368648270969,..,23666548,..,..
Ethiopia,ETH,1966,YR1966,-1.36186770466907,93.1549467874985,..,24952689,..,..
Ethiopia,ETH,1968,YR1968,0.182612665558996,99.4743651000667,..,26337930,..,..
Ethiopia,ETH,1970,YR1970,10.1219512195636,109.430466337285,..,27829128,..,..
Ethiopia,ETH,1972,YR1972,-6.08151197179128,119.839997124757,..,29374608,..,..
Ethiopia,ETH,1974,YR1974,8.59215597391085,147.855722504485,..,30957273,..,..
Ethiopia,ETH,1976,YR1976,28.5378398237849,151.95618662171,..,32534418,..,..
Ethiopia,ETH,1978,YR1978,14.3081144649155,178.302480574913,..,33734592,..,..
Ethiopia,ETH,1980,YR1980,4.48253780600435,203.685394440965,..,34428514,..,..
Ethiopia,ETH,1982,YR1982,5.89006107723961,215.25098547162,..,36701290,..,..
Ethiopia,ETH,1984,YR1984,8.41727378312053,214.228860396002,..,38735722,..,..
Ethiopia,ETH,1986,YR1986,-9.80876507050661,245.977228769295,..,41037656,..,..
Ethiopia,ETH,1988,YR1988,7.08071532141089,253.248262470167,..,44150825,..,..
Ethiopia,ETH,1990,YR1990,5.15248124174767,262.108971053707,..,47609755,..,..
Ethiopia,ETH,1992,YR1992,10.5274440119592,207.406400863847,..,51853747,..,..
Ethiopia,ETH,1994,YR1994,7.59387600185337,127.685923459033,..,55611508,..,..
Ethiopia,ETH,1996,YR1996,-8.48424868948825,147.327458851964,..,59467635,..,6.38297891616821
Ethiopia,ETH,1998,YR1998,0.894801693964107,126.465095781244,..,63363524,..,12.7659578323364
Ethiopia,ETH,2000,YR2000,0.662458109266482,122.269202606069,4.36504698,67411494,..,8.99470901489258
Ethiopia,ETH,2002,YR2002,0.675089102170801,109.593813612988,4.7126298,71635517,22.06,3.70370364189148
Ethiopia,ETH,2004,YR2004,3.32737047894847,133.169812538096,4.31281853,76077206,..,4.36893224716187
Ethiopia,ETH,2006,YR2006,12.2994763114825,189.345737521418,4.45757294,80703490,17.89,1.44927537441254
Ethiopia,ETH,2008,YR2008,44.3566858766952,316.410475118075,4.28063869,85543668,19.41,1.92307686805725
Ethiopia,ETH,2010,YR2010,8.14926402965082,330.619412798644,5.46637249,90538514,19.74,3.3175356388092
Ethiopia,ETH,2012,YR2012,23.600417677317,452.101031885754,4.5395956,95798767,19.89,4.7393364906311
Ethiopia,ETH,2014,YR2014,6.89001951597192,549.986577082588,4.03365517,101115610,..,7.14285707473755
Ethiopia,ETH,2016,YR2016,6.62813337230924,696.195884706786,3.60033751,106718162,..,5.7142858505249
Ethiopia,ETH,2018,YR2018,13.8330356586661,747.968143637014,3.30371761,112664152,18.45,6.60377359390259
Ethiopia,ETH,2020,YR2020,20.3563468559061,905.313175805855,3.48096275,118917671,..,3.77358484268188
Ethiopia,ETH,2022,YR2022,33.8898797100898,1011.0732858233,2.85274577,125384287,..,1.41509437561035
Ethiopia,ETH,2024,YR2024,..,..,..,..,..,..
Faroe Islands,FRO,1960,YR1960,..,..,..,34127,..,..
Faroe Islands,FRO,1962,YR1962,..,..,..,34963,..,..
Faroe Islands,FRO,1964,YR1964,..,..,..,35847,..,..
Faroe Islands,FRO,1966,YR1966,..,1749.16153532827,..,36816,..,..
Faroe Islands,FRO,1968,YR1968,..,1735.53425630103,..,37560,..,..
Faroe Islands,FRO,1970,YR1970,..,2219.37686726419,..,38269,..,..
Faroe Islands,FRO,1972,YR1972,..,3046.4591497805,..,39172,..,..
Faroe Islands,FRO,1974,YR1974,..,4906.27514325385,..,40106,..,..
Faroe Islands,FRO,1976,YR1976,..,6593.6212932559,..,41020,..,..
Faroe Islands,FRO,1978,YR1978,..,9479.43754490354,..,41968,..,..
Faroe Islands,FRO,1980,YR1980,..,11446.2829681746,..,43072,..,..
Faroe Islands,FRO,1982,YR1982,..,10052.9192302665,..,44171,..,..
Faroe Islands,FRO,1984,YR1984,..,9437.29347360867,..,45141,..,..
Faroe Islands,FRO,1986,YR1986,..,14933.8685239492,..,46131,..,..
Faroe Islands,FRO,1988,YR1988,..,20453.530924512,..,47355,..,..
Faroe Islands,FRO,1990,YR1990,..,20125.7940710069,..,47740,..,..
Faroe Islands,FRO,1992,YR1992,..,19300.6621973456,..,47287,..,..
Faroe Islands,FRO,1994,YR1994,..,16976.3095407028,..,44694,..,..
Faroe Islands,FRO,1996,YR1996,..,22706.2164905709,..,43580,..,..
Faroe Islands,FRO,1998,YR1998,..,24729.019906458,..,44674,..,..
Faroe Islands,FRO,2000,YR2000,..,23322.7593357515,..,45754,..,..
Faroe Islands,FRO,2002,YR2002,..,26937.6505602847,..,47335,..,..
Faroe Islands,FRO,2004,YR2004,..,35647.5440400531,..,48384,..,..
Faroe Islands,FRO,2006,YR2006,..,41743.6812847661,..,48335,..,..
Faroe Islands,FRO,2008,YR2008,..,51287.8911081663,..,48547,..,..
Faroe Islands,FRO,2010,YR2010,..,47923.1515374991,..,48657,..,..
Faroe Islands,FRO,2012,YR2012,..,50261.9616267693,..,48291,..,..
Faroe Islands,FRO,2014,YR2014,..,60172.0632541664,..,48428,..,..
Faroe Islands,FRO,2016,YR2016,..,56875.2803813296,..,49464,..,..
Faroe Islands,FRO,2018,YR2018,..,62524.0387361638,..,50998,..,..
Faroe Islands,FRO,2020,YR2020,..,62236.0866558197,..,52571,..,..
Faroe Islands,FRO,2022,YR2022,..,66108.733645837,..,53952,..,..
Faroe Islands,FRO,2024,YR2024,..,..,..,..,..,..
Fiji,FJI,1960,YR1960,..,277.431535497766,..,404887,..,..
Fiji,FJI,1962,YR1962,..,285.473073001593,..,430536,..,..
Fiji,FJI,1964,YR1964,..,305.532203132127,..,458324,..,..
Fiji,FJI,1966,YR1966,..,309.5744090096,..,486487,..,..
Fiji,FJI,1968,YR1968,..,327.357416510141,..,510002,..,..
Fiji,FJI,1970,YR1970,4.12417856333567,413.93721652892,..,531188,..,..
Fiji,FJI,1972,YR1972,21.9785040579069,575.217482137037,..,550499,..,..
Fiji,FJI,1974,YR1974,14.4984695078882,984.313523932329,..,567489,..,..
Fiji,FJI,1976,YR1976,11.4324364264689,1186.16648457757,..,585534,..,..
Fiji,FJI,1978,YR1978,6.108071005015,1354.81144050374,..,612091,..,..
Fiji,FJI,1980,YR1980,14.4928744064522,1873.31097972432,..,641975,..,..
Fiji,FJI,1982,YR1982,7.03155689389481,1773.14392517051,..,673414,..,..
Fiji,FJI,1984,YR1984,5.29121761072427,1666.86572541062,..,706716,..,..
Fiji,FJI,1986,YR1986,1.79884248433802,1745.24126633634,..,739306,..,..
Fiji,FJI,1988,YR1988,11.7583268783888,1463.04720165947,..,758697,..,..
Fiji,FJI,1990,YR1990,8.19137132040974,1728.94076871199,..,773316,..,..
Fiji,FJI,1992,YR1992,4.88302271568611,1951.25592930351,..,785346,..,..
Fiji,FJI,1994,YR1994,0.816666666667029,2297.18005884304,..,794771,..,..
Fiji,FJI,1996,YR1996,3.05016181229799,2648.32766264,..,803789,..,49.4680862426758
Fiji,FJI,1998,YR1998,5.7116816041312,2010.49636073149,..,822258,..,52.1276588439941
Fiji,FJI,2000,YR2000,1.09216459977388,1995.72071163264,3.42441177,840909,..,30.6878299713135
Fiji,FJI,2002,YR2002,0.762032085561193,2136.56794118683,2.98349524,858049,..,39.1534385681152
Fiji,FJI,2004,YR2004,2.827485193912,3097.19096651759,3.25768542,874366,18.46,39.8058242797852
Fiji,FJI,2006,YR2006,2.49083638787079,3455.10599907349,3.34798193,890365,21.06,27.0531406402588
Fiji,FJI,2008,YR2008,7.73227857918417,3899.92231512129,3.18467116,903399,21.78,25.480770111084
Fiji,FJI,2010,YR2010,3.68901229670766,3449.14452883369,3.41664124,910419,21.3,24.1706161499023
Fiji,FJI,2012,YR2012,3.4233752340198,4341.40338748749,3.2655499,914918,21.67,28.9099521636963
Fiji,FJI,2014,YR2014,0.519306474579194,5293.35679137747,3.36860466,917585,..,52.3809509277344
Fiji,FJI,2016,YR2016,3.86322538221269,5363.79025590254,3.27979708,919166,..,61.9047622680664
Fiji,FJI,2018,YR2018,4.08147637644526,6085.41979209299,4.10572624,917180,36.05,61.3207550048828
Fiji,FJI,2020,YR2020,-2.5952432588738,4844.42129036462,5.28987408,914963,34.83,55.1886787414551
Fiji,FJI,2022,YR2022,4.52019266394958,5405.03007408295,4.00910091,919422,..,55.6603775024414
Fiji,FJI,2024,YR2024,..,..,..,..,..,..
Finland,FIN,1960,YR1960,3.41812725350792,1191.85508873415,..,4429634,..,..
Finland,FIN,1962,YR1962,4.38398278172668,1426.6675637882,..,4491443,..,..
Finland,FIN,1964,YR1964,10.2758607417486,1725.60483489826,..,4548543,..,..
Finland,FIN,1966,YR1966,3.87365401861324,2031.52331393903,..,4580869,..,..
Finland,FIN,1968,YR1968,9.19166799519512,1927.29380452918,..,4626469,..,..
Finland,FIN,1970,YR1970,2.7404204305122,2465.86455526041,..,4606307,..,..
Finland,FIN,1972,YR1972,6.66249783515328,3177.9287929756,..,4639657,..,..
Finland,FIN,1974,YR1974,16.9363999989274,5298.08008790754,..,4690574,..,..
Finland,FIN,1976,YR1976,14.3426930852257,6740.29145314637,..,4725664,..,..
Finland,FIN,1978,YR1978,7.79935074552145,7629.49572475149,..,4752528,..,..
Finland,FIN,1980,YR1980,11.5946192492107,11224.9380036353,..,4779535,..,..
Finland,FIN,1982,YR1982,9.58492764677445,10935.3110588486,..,4826933,..,..
Finland,FIN,1984,YR1984,7.06765638328172,10830.2185222663,..,4881803,..,..
Finland,FIN,1986,YR1986,2.93357920442327,14946.9926198261,..,4918154,..,..
Finland,FIN,1988,YR1988,5.08592861394881,22043.7701596288,..,4946481,8.48,..
Finland,FIN,1990,YR1990,6.1495653117985,28366.204276071,..,4986431,8.83,..
Finland,FIN,1992,YR1992,2.91932319285011,22320.1124695857,..,5041992,..,..
Finland,FIN,1994,YR1994,1.08855677589405,20278.29109854,..,5088333,..,..
Finland,FIN,1996,YR1996,0.629194238120966,25756.6777073618,..,5124573,..,72.8723373413086
Finland,FIN,1998,YR1998,1.3994737857984,25999.9861694953,..,5153498,..,77.6595764160156
Finland,FIN,2000,YR2000,3.04210080667795,24335.9225082659,7.09253168,5176209,7.93,88.3597869873047
Finland,FIN,2002,YR2002,1.5712201278938,26989.389260959,7.62769508,5200598,6.42,92.5925903320312
Finland,FIN,2004,YR2004,0.187120559084418,37768.1334202029,8.05912876,5228172,6.85,90.7766952514648
Finland,FIN,2006,YR2006,1.56666380704386,41214.0187765069,8.2841177,5266268,7.24,85.9903411865234
Finland,FIN,2008,YR2008,4.06595355358379,53769.4726240385,8.34310627,5313399,5.94,83.6538467407227
Finland,FIN,2010,YR2010,1.18413523154646,46506.2919016566,9.14202785,5363352,6.3,85.3080596923828
Finland,FIN,2012,YR2012,2.80833622561574,47551.6740841369,9.5857954,5413971,5.6,85.3080596923828
Finland,FIN,2014,YR2014,1.04119621178439,50073.7760815871,9.78115082,5461512,5.72,79.523811340332
Finland,FIN,2016,YR2016,0.356684500891695,43451.2562442158,9.37796021,5495303,5.32,66.6666641235352
Finland,FIN,2018,YR2018,1.08382098409305,49654.2497035329,9.04514217,5515525,5.24,64.1509399414062
Finland,FIN,2020,YR2020,0.290554555653239,48828.6846862799,9.63249588,5529543,2.21,66.9811325073242
Finland,FIN,2022,YR2022,7.12350773301402,50438.4753952355,9.6589222,5556106,4.06,61.7924537658691
Finland,FIN,2024,YR2024,1.56568906231616,..,..,..,..,..
France,FRA,1960,YR1960,4.13993575518437,1302.53149729892,..,47412964,..,..
France,FRA,1962,YR1962,5.33128007065639,1547.62025902229,..,48389516,..,..
France,FRA,1964,YR1964,3.21119170293105,1884.13791381574,..,49401492,..,..
France,FRA,1966,YR1966,2.60200076636444,2165.07279456053,..,50311637,..,..
France,FRA,1968,YR1968,4.54320486402014,2512.62017415254,..,51112980,..,..
France,FRA,1970,YR1970,5.29964124562675,2825.12972273207,..,52007169,..,..
France,FRA,1972,YR1972,6.06300309718187,3806.8878889279,..,52962356,..,..
France,FRA,1974,YR1974,13.6493174728139,5267.35330005137,..,53746571,..,..
France,FRA,1976,YR1976,9.62549578155529,6794.61739337861,..,54232383,..,..
France,FRA,1978,YR1978,9.2505584672443,9166.59011961391,..,54734030,..,..
France,FRA,1980,YR1980,13.5625788483016,12565.1639377144,..,55274184,..,..
France,FRA,1982,YR1982,11.9784719523806,10359.8920663549,..,55806789,..,..
France,FRA,1984,YR1984,7.67380262247321,9311.89426452129,..,56383085,..,..
France,FRA,1986,YR1986,2.53852591781417,13430.4824599685,..,56956002,..,..
France,FRA,1988,YR1988,2.70081527508113,17549.6440487161,..,57598186,..,..
France,FRA,1990,YR1990,3.19428338029475,21586.4674617483,..,58261012,..,..
France,FRA,1992,YR1992,2.36376046269353,23615.0168565483,..,58846584,..,..
France,FRA,1994,YR1994,1.65551532926993,23359.8985104774,..,59324863,..,..
France,FRA,1996,YR1996,1.98288365089738,26757.6351494145,..,59754504,..,57.4468078613281
France,FRA,1998,YR1998,0.651126867833049,24869.4030795939,..,60190684,..,51.5957450866699
France,FRA,2000,YR2000,1.67595988720927,22340.5939516217,9.58447742,60918661,7.93,57.6719589233398
France,FRA,2002,YR2002,1.9234122872706,24144.5727019529,10.02218628,61812142,6.42,62.962963104248
France,FRA,2004,YR2004,2.14208964640241,33644.9282220364,10.16429329,62707588,6.85,41.262134552002
France,FRA,2006,YR2006,1.67512449608723,36431.5658906555,10.38566494,63622342,7.24,51.6908226013184
France,FRA,2008,YR2008,2.81286194914787,45464.8181385158,10.50084686,64375116,5.94,49.038459777832
France,FRA,2010,YR2010,1.53112270420926,40694.8211697025,11.22560215,65026211,6.3,54.028434753418
France,FRA,2012,YR2012,1.9541953161351,40863.5814412333,11.29740047,65657659,5.6,52.6066360473633
France,FRA,2014,YR2014,0.50775882293799,43148.0459288416,11.52531433,66312067,5.72,45.238094329834
France,FRA,2016,YR2016,0.18333486112386,37024.2157133669,11.49048996,66724104,5.32,30
France,FRA,2018,YR2018,1.85081508315502,41418.1766484844,11.21033764,67158348,5.24,35.3773574829102
France,FRA,2020,YR2020,0.476498852725066,39169.8606000707,12.07226849,67601110,2.21,44.3396224975586
France,FRA,2022,YR2022,5.22236748369735,41082.8119320747,11.8819046,68065015,4.06,46.698112487793
France,FRA,2024,YR2024,1.99904942291463,..,..,..,..,..
French Polynesia,PYF,1960,YR1960,..,..,..,83671,..,..
French Polynesia,PYF,1962,YR1962,..,..,..,87261,..,..
French Polynesia,PYF,1964,YR1964,..,..,..,92823,..,..
French Polynesia,PYF,1966,YR1966,..,2171.35978202717,..,99320,..,..
French Polynesia,PYF,1968,YR1968,..,2440.8345277325,..,106353,..,..
French Polynesia,PYF,1970,YR1970,..,2228.19051620548,..,114010,..,..
French Polynesia,PYF,1972,YR1972,..,2678.18747088327,..,121886,..,..
French Polynesia,PYF,1974,YR1974,..,4273.16745814336,..,129960,..,..
French Polynesia,PYF,1976,YR1976,..,5302.06138605756,..,138114,..,..
French Polynesia,PYF,1978,YR1978,..,6848.95100426122,..,146821,..,..
French Polynesia,PYF,1980,YR1980,..,8438.72682447341,..,156471,..,..
French Polynesia,PYF,1982,YR1982,..,7416.30736944627,..,166646,..,..
French Polynesia,PYF,1984,YR1984,..,7511.32179070332,..,176469,..,..
French Polynesia,PYF,1986,YR1986,..,11913.8267538469,..,185669,..,..
French Polynesia,PYF,1988,YR1988,..,13952.8382782589,..,195193,..,..
French Polynesia,PYF,1990,YR1990,..,16293.1823294474,..,203776,..,..
French Polynesia,PYF,1992,YR1992,..,17554.3737937032,..,211559,..,..
French Polynesia,PYF,1994,YR1994,..,16806.0592491122,..,218738,..,..
French Polynesia,PYF,1996,YR1996,..,18475.7253329475,..,225489,..,..
French Polynesia,PYF,1998,YR1998,..,16759.7141702526,..,232891,..,..
French Polynesia,PYF,2000,YR2000,..,14978.324104668,..,240337,..,..
French Polynesia,PYF,2002,YR2002,..,16004.0583292112,..,247775,..,..
French Polynesia,PYF,2004,YR2004,..,21764.2203208782,..,255654,..,..
French Polynesia,PYF,2006,YR2006,..,22330.8676659055,..,263223,..,..
French Polynesia,PYF,2008,YR2008,..,26592.0262835732,..,268379,4.3,..
French Polynesia,PYF,2010,YR2010,..,22494.806706186,..,270580,..,..
French Polynesia,PYF,2012,YR2012,..,20846.5457478364,..,273084,3.59,..
French Polynesia,PYF,2014,YR2014,..,22258.6321384251,..,276387,3.56,..
French Polynesia,PYF,2016,YR2016,..,19690.0775734589,..,279178,4.92,..
French Polynesia,PYF,2018,YR2018,..,21925.616043938,..,279815,4.92,..
French Polynesia,PYF,2020,YR2020,..,20746.2720428286,..,279209,4.5,..
French Polynesia,PYF,2022,YR2022,..,20738.6499971661,..,280378,..,..
French Polynesia,PYF,2024,YR2024,..,..,..,..,..,..
Gabon,GAB,1960,YR1960,..,276.136169473227,..,512316,..,..
Gabon,GAB,1962,YR1962,..,348.416820133128,..,524649,..,..
Gabon,GAB,1964,YR1964,3.3284081190083,400.402956504958,..,538657,..,..
Gabon,GAB,1966,YR1966,3.64411138096769,443.401599878142,..,554463,..,..
Gabon,GAB,1968,YR1968,2.33560405929839,514.573983796217,..,572257,..,..
Gabon,GAB,1970,YR1970,3.8126649076679,543.433161441757,..,595846,..,..
Gabon,GAB,1972,YR1972,3.4870916434787,693.294831412979,..,620960,..,..
Gabon,GAB,1974,YR1974,12.0728041856619,2384.18628892572,..,647691,..,..
Gabon,GAB,1976,YR1976,20.1715644639721,4441.09448586623,..,677628,..,..
Gabon,GAB,1978,YR1978,10.7641690976807,3359.57268123664,..,711245,..,..
Gabon,GAB,1980,YR1980,12.3403592565602,5718.46719052717,..,748389,..,..
Gabon,GAB,1982,YR1982,16.6857968797492,4583.89967785445,..,789286,..,..
Gabon,GAB,1984,YR1984,5.85714285714295,4272.88216871705,..,833501,..,..
Gabon,GAB,1986,YR1986,6.28535512256451,3864.67453823981,..,880705,..,..
Gabon,GAB,1988,YR1988,-8.77611940298511,4118.60473032795,..,931020,..,..
Gabon,GAB,1990,YR1990,7.72532188841208,6050.71468999523,..,983734,..,..
Gabon,GAB,1992,YR1992,-9.54291330336575,5385.68811745078,..,1038380,..,..
Gabon,GAB,1994,YR1994,36.1162456962985,3828.21118114454,..,1094720,..,..
Gabon,GAB,1996,YR1996,0.689693377281638,4942.67870027615,..,1152015,..,28.7234039306641
Gabon,GAB,1998,YR1998,1.44873854294598,3699.99513906504,..,1211736,23.77,35.1063842773438
Gabon,GAB,2000,YR2000,0.504920025834859,3982.906200928,2.90124774,1275572,23.81,48.6772499084473
Gabon,GAB,2002,YR2002,0.0366828893971394,3966.48001864663,3.32413292,1345135,23,42.8571434020996
Gabon,GAB,2004,YR2004,0.40820530743925,5465.79193590708,3.32979941,1421609,23.01,42.2330093383789
Gabon,GAB,2006,YR2006,-1.4094013660098,6847.00985685394,3.14270139,1508337,..,40.0966186523438
Gabon,GAB,2008,YR2008,5.26430145575285,9688.64519690633,2.78922606,1607175,21.32,38.9423065185547
Gabon,GAB,2010,YR2010,1.46154402720469,8356.74662013345,2.47556901,1719879,21.17,41.7061614990234
Gabon,GAB,2012,YR2012,2.65241828695626,9296.96587941088,2.42097569,1846889,20.85,41.7061614990234
Gabon,GAB,2014,YR2014,4.69045751826284,9201.36276648105,2.53282261,1978399,..,38.0952377319336
Gabon,GAB,2016,YR2016,2.10670712784054,6677.07003901644,3.1076982,2100306,20.55,28.0952377319336
Gabon,GAB,2018,YR2018,4.74906652083221,7624.2775233771,2.75235105,2212318,..,24.5283012390137
Gabon,GAB,2020,YR2020,1.35276110675333,6605.80346077565,3.41717625,2322539,..,28.7735843658447
Gabon,GAB,2022,YR2022,4.23124798274579,8409.2074145028,2.85591531,2430747,23.12,35.3773574829102
Gabon,GAB,2024,YR2024,1.17311998381218,..,..,..,..,..
"Gambia, The",GMB,1960,YR1960,..,..,..,398060,..,..
"Gambia, The",GMB,1962,YR1962,1.78761787610517,..,..,420163,..,..
"Gambia, The",GMB,1964,YR1964,-4.53565378123679,..,..,443687,..,..
"Gambia, The",GMB,1966,YR1966,0.23908192532822,94.3662144947658,..,468516,..,..
"Gambia, The",GMB,1968,YR1968,4.17875343012887,83.1064852758912,..,495269,..,..
"Gambia, The",GMB,1970,YR1970,-1.98509387961995,99.7816919772448,..,524105,..,..
"Gambia, The",GMB,1972,YR1972,8.69811990079435,106.524604282625,..,555370,..,..
"Gambia, The",GMB,1974,YR1974,9.23631035966853,162.618334686551,..,589085,..,..
"Gambia, The",GMB,1976,YR1976,17.0273310832519,179.313963291107,..,625667,..,..
"Gambia, The",GMB,1978,YR1978,8.85534591214091,257.581042237291,..,667103,..,..
"Gambia, The",GMB,1980,YR1980,6.82461565247797,337.692534389517,..,713913,..,..
"Gambia, The",GMB,1982,YR1982,10.8558454553089,282.141307055388,..,765753,..,..
"Gambia, The",GMB,1984,YR1984,22.0984594145327,214.794357389928,..,825631,..,..
"Gambia, The",GMB,1986,YR1986,56.560172013504,207.654408714945,..,894019,..,..
"Gambia, The",GMB,1988,YR1988,11.6905868876763,274.874465999589,..,970160,..,..
"Gambia, The",GMB,1990,YR1990,12.1677841130696,300.639895740381,..,1054696,..,..
"Gambia, The",GMB,1992,YR1992,9.48654250617163,623.485927783598,..,1145582,..,..
"Gambia, The",GMB,1994,YR1994,1.71020632305637,608.2774907808,..,1227226,..,..
"Gambia, The",GMB,1996,YR1996,1.09948870771018,651.784945724837,..,1301410,..,43.0851058959961
"Gambia, The",GMB,1998,YR1998,1.11418841174713,610.234711461724,..,1376987,..,47.3404273986816
"Gambia, The",GMB,2000,YR2000,0.8449695667737,538.054072348854,10.78532791,1455084,..,40.7407417297363
"Gambia, The",GMB,2002,YR2002,8.60912474386327,376.531026962584,6.2326026,1535691,..,50.2645492553711
"Gambia, The",GMB,2004,YR2004,14.2067432845569,593.285346326581,5.42000151,1621312,..,31.5533981323242
"Gambia, The",GMB,2006,YR2006,2.0565034236599,614.544307904464,5.43720818,1715275,..,29.468599319458
"Gambia, The",GMB,2008,YR2008,4.4436549094501,859.127671411226,4.65938759,1817852,16.92,29.8076915740967
"Gambia, The",GMB,2010,YR2010,5.04968075857402,801.033372714536,4.11944056,1926630,15.64,33.1753540039062
"Gambia, The",GMB,2012,YR2012,4.25432199813899,692.579361628102,4.26872253,2043094,15.81,35.0710906982422
"Gambia, The",GMB,2014,YR2014,5.94799935696626,568.00453558864,3.05234575,2164528,..,29.0476188659668
"Gambia, The",GMB,2016,YR2016,7.22879272057922,650.056501323611,3.19523716,2283769,..,19.0476188659668
"Gambia, The",GMB,2018,YR2018,6.52096823946573,696.219806960615,3.23713565,2399632,19.66,29.7169818878174
"Gambia, The",GMB,2020,YR2020,5.93127636562441,720.335143352133,3.72824264,2515733,18.22,42.4528312683105
"Gambia, The",GMB,2022,YR2022,11.5131198380505,836.244875868476,3.41435836,2636470,17.89,35.3773574829102
"Gambia, The",GMB,2024,YR2024,..,..,..,..,..,..
Georgia,GEO,1960,YR1960,..,..,..,3645600,..,..
Georgia,GEO,1962,YR1962,..,..,..,3760300,..,..
Georgia,GEO,1964,YR1964,..,..,..,3870300,..,..
Georgia,GEO,1966,YR1966,..,..,..,3966700,..,..
Georgia,GEO,1968,YR1968,..,..,..,4042300,..,..
Georgia,GEO,1970,YR1970,..,..,..,4119900,..,..
Georgia,GEO,1972,YR1972,..,..,..,4205300,..,..
Georgia,GEO,1974,YR1974,..,..,..,4279500,..,..
Georgia,GEO,1976,YR1976,..,..,..,4342400,..,..
Georgia,GEO,1978,YR1978,..,..,..,4397700,..,..
Georgia,GEO,1980,YR1980,..,..,..,4467700,..,..
Georgia,GEO,1982,YR1982,..,..,..,4542800,..,..
Georgia,GEO,1984,YR1984,..,..,..,4622200,..,..
Georgia,GEO,1986,YR1986,..,..,..,4704500,..,..
Georgia,GEO,1988,YR1988,..,1843.90343235858,..,4790700,..,..
Georgia,GEO,1990,YR1990,..,1610.98027146868,..,4802000,..,..
Georgia,GEO,1992,YR1992,..,757.223548505358,..,4873500,..,..
Georgia,GEO,1994,YR1994,..,519.816187076762,..,4836076,..,..
Georgia,GEO,1996,YR1996,39.3574999987146,689.034413652597,..,4491699,..,2.12765955924988
Georgia,GEO,1998,YR1998,3.56680781278783,851.515542450841,..,4243607,..,0.531914889812469
Georgia,GEO,2000,YR2000,4.06396201382596,749.908534993961,7.194592,4077131,..,8.99470901489258
Georgia,GEO,2002,YR2002,5.58783730000794,853.526171868939,7.81474257,3978515,13.69,3.17460322380066
Georgia,GEO,2004,YR2004,5.65632636191132,1305.04748557208,8.08910847,3927340,11.9,8.73786449432373
Georgia,GEO,2006,YR2006,9.16096508394497,1996.02013272284,7.63208008,3880347,8.54,8.69565200805664
Georgia,GEO,2008,YR2008,9.99948761552747,3324.7537205015,8.44424057,3848449,4.53,10.5769233703613
Georgia,GEO,2010,YR2010,7.11017897486099,3281.72930937343,8.93945503,3786695,3.75,12.3222751617432
Georgia,GEO,2012,YR2012,-0.943658853270964,4530.69533409431,7.8538909,3728874,4.6,16.1137447357178
Georgia,GEO,2014,YR2014,3.06881210379543,4830.33486170249,7.75487041,3719414,..,23.8095245361328
Georgia,GEO,2016,YR2016,2.13492713939121,4143.40125686315,7.839849,3727505,4.15,21.9047622680664
Georgia,GEO,2018,YR2018,2.6152447139767,4804.0546040444,6.99180031,3726549,..,18.3962268829346
Georgia,GEO,2020,YR2020,5.2024648897534,4300.85701291207,8.34160137,3722716,0.93,18.3962268829346
Georgia,GEO,2022,YR2022,11.8981654203198,6729.84659930283,7.25569582,3712502,1.44,16.9811325073242
Georgia,GEO,2024,YR2024,1.10971758022096,..,..,..,..,..
Germany,DEU,1960,YR1960,1.53661234295201,1162.12266831735,..,72814900,..,..
Germany,DEU,1962,YR1962,2.84327019799062,1430.52095516263,..,74025784,..,..
Germany,DEU,1964,YR1964,2.33573581177832,1637.45522773672,..,75318337,..,..
Germany,DEU,1966,YR1966,3.53306035477689,1870.80540291774,..,76600311,..,..
Germany,DEU,1968,YR1968,1.470289313277,2025.08159465853,..,77294314,..,..
Germany,DEU,1970,YR1970,3.45024936360895,2771.28310514754,..,78169289,..,..
Germany,DEU,1972,YR1972,5.4849331221432,3823.94032602696,..,78688452,..,..
Germany,DEU,1974,YR1974,6.98643109327497,5659.73787773336,..,78967433,..,..
Germany,DEU,1976,YR1976,4.24663102299209,6659.16546576017,..,78336950,..,..
Germany,DEU,1978,YR1978,2.71869696123339,9516.78283228907,..,78091820,..,..
Germany,DEU,1980,YR1980,5.44105754460347,12182.7800196802,..,78288576,..,..
Germany,DEU,1982,YR1982,5.24104507228422,9950.05926025365,..,78333366,..,..
Germany,DEU,1984,YR1984,2.4057933993196,9347.29068412377,..,77858685,..,..
Germany,DEU,1986,YR1986,-0.129413360854742,13511.1520027486,..,77720436,..,..
Germany,DEU,1988,YR1988,1.27411894006923,17996.9783507619,..,78144619,..,..
Germany,DEU,1990,YR1990,2.69646824292392,22385.6778250275,..,79433029,..,..
Germany,DEU,1992,YR1992,5.05697796731731,26559.8543879632,..,80624598,..,..
Germany,DEU,1994,YR1994,2.69305639854954,27201.9593555204,..,81438348,..,..
Germany,DEU,1996,YR1996,1.44972701963239,30599.7891048363,..,81914831,..,68.0851058959961
Germany,DEU,1998,YR1998,0.911183535014403,27395.9440608051,..,82047195,..,68.6170196533203
Germany,DEU,2000,YR2000,1.44026838719741,23925.8559901991,9.88843536,82211508,7.93,77.2486801147461
Germany,DEU,2002,YR2002,1.42080615551526,25486.5942008748,10.18365669,82488495,6.42,68.2539672851562
Germany,DEU,2004,YR2004,1.66573696655992,34566.7359143735,10.14603233,82516260,6.85,52.4271850585938
Germany,DEU,2006,YR2006,1.57742642840563,36980.3349948954,10.17995167,82376451,7.24,64.7342987060547
Germany,DEU,2008,YR2008,2.62837981637219,46386.3295924799,10.25128746,82110097,5.94,65.3846130371094
Germany,DEU,2010,YR2010,1.1038103778926,42409.9356994694,11.09592915,81776930,6.3,59.7156410217285
Germany,DEU,2012,YR2012,2.00848884782956,44735.5882319701,10.85345554,80425823,5.6,59.7156410217285
Germany,DEU,2014,YR2014,0.906794000434246,48971.0824722599,11.02588272,80982500,5.72,66.6666641235352
Germany,DEU,2016,YR2016,0.491747008445174,42961.0356905775,11.24166584,82348669,5.32,57.1428565979004
Germany,DEU,2018,YR2018,1.73216879766942,48874.8595028454,11.47314644,82905782,5.24,54.2452812194824
Germany,DEU,2020,YR2020,0.144877925813982,47379.765194548,12.6902256,83160871,2.21,55.6603775024414
Germany,DEU,2022,YR2022,6.87257438551097,49686.1154582583,12.60513115,83797985,4.06,52.8301887512207
Germany,DEU,2024,YR2024,2.2564981433876,..,..,..,..,..
Ghana,GHA,1960,YR1960,..,174.858856531804,..,6961215,..,..
Ghana,GHA,1962,YR1962,..,188.421016299893,..,7337375,..,..
Ghana,GHA,1964,YR1964,..,224.968154393354,..,7695739,..,..
Ghana,GHA,1966,YR1966,13.2378854626539,263.334589411514,..,8074521,..,..
Ghana,GHA,1968,YR1968,7.89473684210539,196.668571830464,..,8475729,..,..
Ghana,GHA,1970,YR1970,3.03030303053265,248.159869409818,..,8925813,..,..
Ghana,GHA,1972,YR1972,10.0671140939595,223.80286383233,..,9438187,..,..
Ghana,GHA,1974,YR1974,18.1347150268463,289.425856816508,..,10000523,..,..
Ghana,GHA,1976,YR1976,56.0810810829756,260.998295813107,..,10594913,..,..
Ghana,GHA,1978,YR1978,73.091666667343,325.598476678233,..,11248450,..,..
Ghana,GHA,1980,YR1980,50.0701393436364,372.252026367961,..,11941448,..,..
Ghana,GHA,1982,YR1982,22.2955664080893,319.206910329791,..,12643819,..,..
Ghana,GHA,1984,YR1984,39.6653137947268,329.998888863111,..,13370590,..,..
Ghana,GHA,1986,YR1986,24.5654160765001,410.711658388611,..,13965217,..,..
Ghana,GHA,1988,YR1988,31.3592676264768,355.121844932881,..,14636568,..,..
Ghana,GHA,1990,YR1990,37.2590664855671,382.54246368354,..,15394648,..,..
Ghana,GHA,1992,YR1992,10.0561167448841,396.426407640517,..,16184855,..,..
Ghana,GHA,1994,YR1994,24.8702554369576,320.50390343252,..,16993190,..,..
Ghana,GHA,1996,YR1996,46.5610196762282,389.271267898831,..,17810181,..,20.7446804046631
Ghana,GHA,1998,YR1998,14.6241666666675,400.366799508524,..,18688036,..,22.340425491333
Ghana,GHA,2000,YR2000,40.240933123914,253.746936203344,1.7894485,19637087,21.02,19.5767192840576
Ghana,GHA,2002,YR2002,9.36093239560313,297.46164468774,2.0873971,20729388,17.31,25.9259262084961
Ghana,GHA,2004,YR2004,18.0427388232565,406.132105329565,2.5311327,21868298,..,29.6116504669189
Ghana,GHA,2006,YR2006,11.6791839392492,906.441027564887,3.92255616,23040702,..,31.4009666442871
Ghana,GHA,2008,YR2008,16.494639613412,1182.65761256016,3.95173097,24249946,16.63,29.8076915740967
Ghana,GHA,2010,YR2010,10.7333898354915,1263.89251760539,4.73425055,25474995,17.04,33.1753540039062
Ghana,GHA,2012,YR2012,11.1863409441067,1543.77524235764,3.91583276,26734268,..,37.9146919250488
Ghana,GHA,2014,YR2014,15.4896160333318,1953.64513603117,4.01644135,28041592,..,29.5238094329834
Ghana,GHA,2016,YR2016,17.4546347070868,1913.18673253576,3.39035821,29356742,15.23,27.619047164917
Ghana,GHA,2018,YR2018,7.80876516610703,2196.61290615342,2.43001175,30637585,16.15,32.0754699707031
Ghana,GHA,2020,YR2020,9.88728956269944,2196.54789313621,4.4331708,31887809,15.94,40.0943412780762
Ghana,GHA,2022,YR2022,31.2558951049016,2240.27945094566,3.6993649,33149152,16.48,25
Ghana,GHA,2024,YR2024,22.8483281157842,..,..,..,..,..
Gibraltar,GIB,1960,YR1960,..,..,..,21839,..,..
Gibraltar,GIB,1962,YR1962,..,..,..,22197,..,..
Gibraltar,GIB,1964,YR1964,..,..,..,23315,..,..
Gibraltar,GIB,1966,YR1966,..,..,..,24444,..,..
Gibraltar,GIB,1968,YR1968,..,..,..,25578,..,..
Gibraltar,GIB,1970,YR1970,..,..,..,26634,..,..
Gibraltar,GIB,1972,YR1972,..,..,..,27290,..,..
Gibraltar,GIB,1974,YR1974,..,..,..,27755,..,..
Gibraltar,GIB,1976,YR1976,..,..,..,28134,..,..
Gibraltar,GIB,1978,YR1978,..,..,..,28446,..,..
Gibraltar,GIB,1980,YR1980,..,..,..,28675,..,..
Gibraltar,GIB,1982,YR1982,..,..,..,28765,..,..
Gibraltar,GIB,1984,YR1984,..,..,..,28643,..,..
Gibraltar,GIB,1986,YR1986,..,..,..,28328,..,..
Gibraltar,GIB,1988,YR1988,..,..,..,27839,..,..
Gibraltar,GIB,1990,YR1990,..,..,..,27200,..,..
Gibraltar,GIB,1992,YR1992,..,..,..,26878,..,..
Gibraltar,GIB,1994,YR1994,..,..,..,27239,..,..
Gibraltar,GIB,1996,YR1996,..,..,..,27487,..,..
Gibraltar,GIB,1998,YR1998,..,..,..,27650,..,..
Gibraltar,GIB,2000,YR2000,..,..,..,27709,..,..
Gibraltar,GIB,2002,YR2002,..,..,..,27831,..,..
Gibraltar,GIB,2004,YR2004,..,..,..,28715,..,..
Gibraltar,GIB,2006,YR2006,..,..,..,29594,..,..
Gibraltar,GIB,2008,YR2008,..,..,..,30413,..,..
Gibraltar,GIB,2010,YR2010,..,..,..,31248,..,..
Gibraltar,GIB,2012,YR2012,..,..,..,32029,..,..
Gibraltar,GIB,2014,YR2014,..,..,..,32813,..,..
Gibraltar,GIB,2016,YR2016,..,..,..,33658,..,..
Gibraltar,GIB,2018,YR2018,..,..,..,34854,..,..
Gibraltar,GIB,2020,YR2020,..,..,..,36173,..,..
Gibraltar,GIB,2022,YR2022,..,..,..,37609,..,..
Gibraltar,GIB,2024,YR2024,..,..,..,..,..,..
Greece,GRC,1960,YR1960,1.47784758493376,513.085862390915,..,8331725,..,..
Greece,GRC,1962,YR1962,-0.475428291049914,608.475515462307,..,8448233,..,..
Greece,GRC,1964,YR1964,0.617302978512524,772.805500770312,..,8510429,..,..
Greece,GRC,1966,YR1966,4.90341596130601,983.55754915871,..,8613651,..,..
Greece,GRC,1968,YR1968,0.139060583507755,1138.38219032671,..,8740765,..,..
Greece,GRC,1970,YR1970,2.84167067884117,1473.60394808707,..,8792806,..,..
Greece,GRC,1972,YR1972,4.33120123203348,1873.25412773592,..,8888628,..,..
Greece,GRC,1974,YR1974,26.5608465867349,2789.40577350635,..,8962022,..,..
Greece,GRC,1976,YR1976,13.0242794587955,3343.38819444676,..,9188150,..,..
Greece,GRC,1978,YR1978,12.5724256724441,4629.33937671209,..,9429959,..,..
Greece,GRC,1980,YR1980,24.6758939736232,5811.69069600941,..,9642505,..,..
Greece,GRC,1982,YR1982,20.9910886220016,5501.63700061234,..,9789513,..,..
Greece,GRC,1984,YR1984,18.4568132050187,4785.07463033775,..,9895801,..,..
Greece,GRC,1986,YR1986,23.0154508205013,5577.83258692769,..,9967213,..,..
Greece,GRC,1988,YR1988,13.5288583215049,7492.35204811251,..,10036983,..,..
Greece,GRC,1990,YR1990,20.433499109463,9466.66238502174,..,10196792,..,..
Greece,GRC,1992,YR1992,15.8770737923919,11021.012224607,..,10399061,..,..
Greece,GRC,1994,YR1994,10.8740756809132,10937.0223808611,..,10512922,..,..
Greece,GRC,1996,YR1996,8.19455217632728,13432.5262183244,..,10608800,..,45.7446823120117
Greece,GRC,1998,YR1998,4.76622572397641,13022.9648774809,..,10720509,..,53.7234039306641
Greece,GRC,2000,YR2000,3.1511816249383,11638.2010697215,7.24332571,10805808,7.93,58.201057434082
Greece,GRC,2002,YR2002,3.62935871878874,13782.195640943,8.23377991,10902022,6.42,60.8465614318848
Greece,GRC,2004,YR2004,2.8988481075817,21449.2552764245,8.0939045,10955141,6.85,46.6019401550293
Greece,GRC,2006,YR2006,3.19594684144545,24416.0232970275,8.25866985,11020362,7.24,53.1400947570801
Greece,GRC,2008,YR2008,4.15279708110293,31695.8331092209,8.82774162,11077841,5.94,39.4230766296387
Greece,GRC,2010,YR2010,4.71298907760388,26653.0488008626,9.59662342,11121341,6.3,26.5402851104736
Greece,GRC,2012,YR2012,1.50152696177758,21624.346052551,8.92415524,11045011,5.6,26.5402851104736
Greece,GRC,2014,YR2014,-1.31226096405506,21474.7257123892,7.8914113,10892413,5.72,29.0476188659668
Greece,GRC,2016,YR2016,-0.825653978390973,17919.2426377048,8.44874573,10775971,5.32,28.0952377319336
Greece,GRC,2018,YR2018,0.62562141345364,19873.4015238771,8.12024307,10732882,5.24,40.0943412780762
Greece,GRC,2020,YR2020,-1.24798355581405,17886.733165236,9.5242157,10698599,2.21,38.2075462341309
Greece,GRC,2022,YR2022,9.64525981280632,20971.8349258283,8.49983692,10436882,4.06,36.3207550048828
Greece,GRC,2024,YR2024,2.74149045788606,..,..,..,..,..
Greenland,GRL,1960,YR1960,..,..,..,32500,..,..
Greenland,GRL,1962,YR1962,..,..,..,35000,..,..
Greenland,GRL,1964,YR1964,..,..,..,37600,..,..
Greenland,GRL,1966,YR1966,..,..,..,40500,..,..
Greenland,GRL,1968,YR1968,..,..,..,43400,..,..
Greenland,GRL,1970,YR1970,..,1498.27643678161,..,46400,..,..
Greenland,GRL,1972,YR1972,..,2196.71424019198,..,48300,..,..
Greenland,GRL,1974,YR1974,..,3432.70603291276,..,49500,..,..
Greenland,GRL,1976,YR1976,..,4844.65629347485,..,49700,..,..
Greenland,GRL,1978,YR1978,..,7235.5169393433,..,49200,..,..
Greenland,GRL,1980,YR1980,..,9483.10240585198,..,50200,..,..
Greenland,GRL,1982,YR1982,..,7813.65128212172,..,51500,..,..
Greenland,GRL,1984,YR1984,..,7198.7078081665,..,52700,..,..
Greenland,GRL,1986,YR1986,..,11271.3325735884,..,53500,..,..
Greenland,GRL,1988,YR1988,..,16397.9501938761,..,54800,..,..
Greenland,GRL,1990,YR1990,..,18326.9295023252,..,55600,..,..
Greenland,GRL,1992,YR1992,..,18768.8275325455,..,55300,..,..
Greenland,GRL,1994,YR1994,..,18124.0998075763,..,55500,..,..
Greenland,GRL,1996,YR1996,..,21422.4609853672,..,55900,..,..
Greenland,GRL,1998,YR1998,..,20496.578783559,..,56100,..,..
Greenland,GRL,2000,YR2000,..,19004.0038435698,..,56200,..,..
Greenland,GRL,2002,YR2002,..,20652.8417042443,..,56609,..,..
Greenland,GRL,2004,YR2004,..,32023.6820516137,..,56911,..,..
Greenland,GRL,2006,YR2006,..,35458.2542977474,..,56774,..,..
Greenland,GRL,2008,YR2008,..,44366.7858688175,..,56328,..,..
Greenland,GRL,2010,YR2010,..,43988.5280290494,..,56905,..,73.459716796875
Greenland,GRL,2012,YR2012,..,45936.9562817724,..,56810,..,93.3649291992188
Greenland,GRL,2014,YR2014,..,50485.2244135291,..,56295,..,97.1428604125977
Greenland,GRL,2016,YR2016,..,48181.7453541266,..,56186,..,97.1428604125977
Greenland,GRL,2018,YR2018,..,54545.135857765,..,56023,..,94.8113174438477
Greenland,GRL,2020,YR2020,..,54693.0766804265,..,56367,..,95.2830200195312
Greenland,GRL,2022,YR2022,..,..,..,56661,..,83.0188674926758
Greenland,GRL,2024,YR2024,..,..,..,..,..,..
Grenada,GRD,1960,YR1960,..,..,..,94058,..,..
Grenada,GRD,1962,YR1962,..,..,..,96375,..,..
Grenada,GRD,1964,YR1964,..,..,..,97760,..,..
Grenada,GRD,1966,YR1966,..,..,..,98121,..,..
Grenada,GRD,1968,YR1968,..,..,..,98078,..,..
Grenada,GRD,1970,YR1970,..,..,..,98414,..,..
Grenada,GRD,1972,YR1972,..,..,..,98777,..,..
Grenada,GRD,1974,YR1974,..,..,..,98486,..,..
Grenada,GRD,1976,YR1976,..,..,..,97632,..,..
Grenada,GRD,1978,YR1978,18.1353767560665,917.111118802723,..,96305,..,..
Grenada,GRD,1980,YR1980,21.821433894768,1173.07809597238,..,94538,..,..
Grenada,GRD,1982,YR1982,7.81274141216489,1329.00617695983,..,94383,..,..
Grenada,GRD,1984,YR1984,5.65961278703288,1523.94092798531,..,95498,..,..
Grenada,GRD,1986,YR1986,0.557079903550532,1938.10850906698,..,96790,..,..
Grenada,GRD,1988,YR1988,4.00000000000013,2404.25523562379,..,98308,..,..
Grenada,GRD,1990,YR1990,2.72423736530525,2782.18396873619,..,99957,..,..
Grenada,GRD,1992,YR1992,3.77833753148618,3052.70018744163,..,101602,..,..
Grenada,GRD,1994,YR1994,3.77065767284965,3152.2020478855,..,103138,..,..
Grenada,GRD,1996,YR1996,2.03235172127782,3508.294236637,..,104584,23.06,52.1276588439941
Grenada,GRD,1998,YR1998,1.37769330389496,4206.28052894181,..,106009,..,54.7872352600098
Grenada,GRD,2000,YR2000,2.18181818181821,4839.82811114248,5.35886383,107451,18.14,57.6719589233398
Grenada,GRD,2002,YR2002,1.06721547992874,4984.47405931447,6.17569733,108404,18.25,51.8518524169922
Grenada,GRD,2004,YR2004,2.3129167822611,5480.26117644588,5.36568451,109323,..,55.8252410888672
Grenada,GRD,2006,YR2006,4.25195321977967,6344.0383771432,5.11352158,110135,14.14,40.5797119140625
Grenada,GRD,2008,YR2008,8.0332732765034,7448.2040563865,5.386199,110896,13.83,39.4230766296387
Grenada,GRD,2010,YR2010,3.43650905943351,6909.60169568597,5.4188118,111586,9.56,45.0236968994141
Grenada,GRD,2012,YR2012,2.41077704021862,7092.71985352677,5.82235765,112775,13.02,45.497631072998
Grenada,GRD,2014,YR2014,-0.98360305555498,7986.33421210788,4.77353573,114132,..,59.0476188659668
Grenada,GRD,2016,YR2016,1.65038994431573,9221.23461079424,4.43910027,115130,15.08,65.2380981445312
Grenada,GRD,2018,YR2018,0.804102313277033,10083.021279225,4.58373737,115691,..,64.1509399414062
Grenada,GRD,2020,YR2020,-0.740732597045498,8968.55890108484,5.3228159,116341,..,64.6226425170898
Grenada,GRD,2022,YR2022,2.5805392590792,10474.2652893842,4.94846392,116913,19.13,66.5094375610352
Grenada,GRD,2024,YR2024,..,..,..,..,..,..
Guam,GUM,1960,YR1960,..,..,..,69525,..,..
Guam,GUM,1962,YR1962,..,..,..,73192,..,..
Guam,GUM,1964,YR1964,..,..,..,77008,..,..
Guam,GUM,1966,YR1966,..,..,..,80844,..,..
Guam,GUM,1968,YR1968,..,..,..,84563,..,..
Guam,GUM,1970,YR1970,..,..,..,88365,..,..
Guam,GUM,1972,YR1972,..,..,..,92619,..,..
Guam,GUM,1974,YR1974,..,..,..,96939,..,..
Guam,GUM,1976,YR1976,..,..,..,101166,..,..
Guam,GUM,1978,YR1978,..,..,..,105424,..,..
Guam,GUM,1980,YR1980,..,..,..,110141,..,..
Guam,GUM,1982,YR1982,..,..,..,115711,..,..
Guam,GUM,1984,YR1984,..,..,..,121302,..,..
Guam,GUM,1986,YR1986,..,..,..,126965,..,..
Guam,GUM,1988,YR1988,..,..,..,132799,..,..
Guam,GUM,1990,YR1990,..,..,..,138610,..,..
Guam,GUM,1992,YR1992,..,..,..,143393,..,..
Guam,GUM,1994,YR1994,..,..,..,147868,..,..
Guam,GUM,1996,YR1996,..,..,..,152169,..,..
Guam,GUM,1998,YR1998,..,..,..,156237,..,..
Guam,GUM,2000,YR2000,..,..,..,160065,..,..
Guam,GUM,2002,YR2002,..,20909.9590302806,..,162315,..,..
Guam,GUM,2004,YR2004,..,23618.8266894573,..,163810,..,43.2038841247559
Guam,GUM,2006,YR2006,..,25709.9351488422,..,164839,..,46.3768119812012
Guam,GUM,2008,YR2008,..,28112.2316573422,..,165693,..,37.980770111084
Guam,GUM,2010,YR2010,..,29719.7967836082,..,166522,..,36.0189590454102
Guam,GUM,2012,YR2012,..,31653.7506538168,..,166331,..,56.3981056213379
Guam,GUM,2014,YR2014,..,33900.1486530583,..,165486,..,58.0952377319336
Guam,GUM,2016,YR2016,..,35930.6594898711,..,164233,..,52.8571434020996
Guam,GUM,2018,YR2018,..,37195.9503070464,..,162679,..,55.6603775024414
Guam,GUM,2020,YR2020,..,36482.9363953675,..,162158,..,60.3773574829102
Guam,GUM,2022,YR2022,..,41833.1517132825,..,165180,..,56.1320762634277
Guam,GUM,2024,YR2024,..,..,..,..,..,..
Guatemala,GTM,1960,YR1960,-1.19069315346001,256.813115286608,..,4063655,..,..
Guatemala,GTM,1962,YR1962,2.05255023209693,265.21065183936,..,4312044,..,..
Guatemala,GTM,1964,YR1964,-0.193563997036552,284.197970339364,..,4571109,..,..
Guatemala,GTM,1966,YR1966,0.684261974465291,287.277848723331,..,4840958,..,..
Guatemala,GTM,1968,YR1968,1.92632850230086,314.666876118943,..,5118111,..,..
Guatemala,GTM,1970,YR1970,2.34433934881409,352.790808761812,..,5396966,..,..
Guatemala,GTM,1972,YR1972,0.529703252323012,369.762757413424,..,5682833,..,..
Guatemala,GTM,1974,YR1974,16.4948966890134,528.57311003132,..,5981197,..,..
Guatemala,GTM,1976,YR1976,10.72499999925,697.064609693019,..,6262404,..,..
Guatemala,GTM,1978,YR1978,8.28797624957705,925.180026499901,..,6561534,..,..
Guatemala,GTM,1980,YR1980,10.8238432335411,1141.80549814991,..,6900212,..,..
Guatemala,GTM,1982,YR1982,0.307385561437016,1203.96540667638,..,7240241,..,..
Guatemala,GTM,1984,YR1984,3.4067501183779,1241.04242582773,..,7630682,..,..
Guatemala,GTM,1986,YR1986,36.9311212965017,896.063263473632,..,8070818,..,..
Guatemala,GTM,1988,YR1988,10.8327037689913,919.070773138882,..,8532099,..,..
Guatemala,GTM,1990,YR1990,41.2218671380974,847.688561830359,..,9024773,..,..
Guatemala,GTM,1992,YR1992,10.0459179984089,1096.45976992698,..,9522266,..,..
Guatemala,GTM,1994,YR1994,10.8553211494391,1292.67202750483,..,10043718,..,..
Guatemala,GTM,1996,YR1996,11.0569165321987,1481.05986750672,..,10583526,..,6.91489362716675
Guatemala,GTM,1998,YR1998,6.61346070518056,1741.20114182856,..,11139145,9.72,11.702127456665
Guatemala,GTM,2000,YR2000,5.9775773473714,1648.96578971559,5.39686108,11697592,9.05,11.1111106872559
Guatemala,GTM,2002,YR2002,8.13263054281055,1669.33517469705,6.01301289,12246915,9.56,12.6984128952026
Guatemala,GTM,2004,YR2004,7.5786224730973,1840.91184884,6.26182795,12807402,7.31,13.1067962646484
Guatemala,GTM,2006,YR2006,6.56085282795383,2225.1234753878,6.36362219,13367459,8.96,14.0096616744995
Guatemala,GTM,2008,YR2008,11.3557611263151,2763.05988172926,6.08129978,13935174,4.99,13.4615383148193
Guatemala,GTM,2010,YR2010,3.85950909833175,2805.25960237322,6.1247797,14500112,4.75,12.3222751617432
Guatemala,GTM,2012,YR2012,3.78180754679678,3286.61959336267,6.07316971,15089647,4.87,17.5355453491211
Guatemala,GTM,2014,YR2014,3.4183616966296,3689.14472473545,5.8885684,15681725,4.2,13.8095235824585
Guatemala,GTM,2016,YR2016,4.44844199942827,4060.13755621218,6.07008219,16268760,..,16.1904754638672
Guatemala,GTM,2018,YR2018,3.75186186704516,4352.94651790253,6.10662699,16845685,..,15.5660381317139
Guatemala,GTM,2020,YR2020,3.21444062197352,4477.61761796418,6.45951891,17357325,3.54,18.8679237365723
Guatemala,GTM,2022,YR2022,6.88512823344287,5358.08963795,7.44098806,17847877,3.58,22.6415100097656
Guatemala,GTM,2024,YR2024,2.86919482222022,..,..,..,..,..
Guinea,GIN,1960,YR1960,..,..,..,3556749,..,..
Guinea,GIN,1962,YR1962,..,..,..,3684273,..,..
Guinea,GIN,1964,YR1964,..,..,..,3819722,..,..
Guinea,GIN,1966,YR1966,..,..,..,3964155,..,..
Guinea,GIN,1968,YR1968,..,..,..,4118550,..,..
Guinea,GIN,1970,YR1970,..,752.822503572388,..,4277535,..,..
Guinea,GIN,1972,YR1972,..,948.497421297055,..,4431292,..,..
Guinea,GIN,1974,YR1974,..,1242.5292252039,..,4580510,..,..
Guinea,GIN,1976,YR1976,..,1430.66435286764,..,4727022,..,..
Guinea,GIN,1978,YR1978,..,1657.96393230706,..,4877854,..,..
Guinea,GIN,1980,YR1980,..,1930.99184257949,..,5047419,..,..
Guinea,GIN,1982,YR1982,..,2272.63298724274,..,5247672,..,..
Guinea,GIN,1984,YR1984,..,3361.5282015455,..,5480096,..,..
Guinea,GIN,1986,YR1986,..,505.876944250303,..,5750668,..,..
Guinea,GIN,1988,YR1988,..,574.001127225182,..,6056574,..,..
Guinea,GIN,1990,YR1990,..,604.304422702532,..,6434374,..,..
Guinea,GIN,1992,YR1992,..,692.647802662806,..,6914366,..,..
Guinea,GIN,1994,YR1994,..,671.576385058752,..,7345107,..,..
Guinea,GIN,1996,YR1996,..,726.025442583799,..,7770035,..,4.25531911849976
Guinea,GIN,1998,YR1998,..,647.379920832778,..,8081990,6.54,12.2340421676636
Guinea,GIN,2000,YR2000,..,518.157066924026,4.740973,8428832,..,0
Guinea,GIN,2002,YR2002,..,495.916073559269,5.35653734,8674066,..,1.05820107460022
Guinea,GIN,2004,YR2004,..,584.897740538081,4.77632809,9062726,6.54,5.82524251937866
Guinea,GIN,2006,YR2006,34.6952705997072,446.980554135348,3.61526895,9441171,..,0.483091801404953
Guinea,GIN,2008,YR2008,23.065612938798,703.532825785322,3.26561713,9898870,15.61,0.961538434028625
Guinea,GIN,2010,YR2010,15.0502688559001,659.235326211315,3.42781734,10396086,15.59,3.3175356388092
Guinea,GIN,2012,YR2012,15.2262941038638,699.353377212197,3.50398517,10921581,15.65,6.16113758087158
Guinea,GIN,2014,YR2014,6.1505055670642,765.146999389279,4.787992,11472924,..,8.5714282989502
Guinea,GIN,2016,YR2016,8.17268112275132,711.996509782316,5.39694929,12073030,..,20.4761905670166
Guinea,GIN,2018,YR2018,9.82761701259191,933.273615633705,3.73843002,12704774,19.13,11.3207550048828
Guinea,GIN,2020,YR2020,10.6016203387167,1053.66097696415,3.90094519,13371183,18.18,12.7358493804932
Guinea,GIN,2022,YR2022,10.4930409984424,1416.59612011764,3.95847702,14055137,17.26,12.2641506195068
Guinea,GIN,2024,YR2024,8.12313914948596,..,..,..,..,..
Guinea-Bissau,GNB,1960,YR1960,..,..,..,577633,..,..
Guinea-Bissau,GNB,1962,YR1962,..,..,..,589474,..,..
Guinea-Bissau,GNB,1964,YR1964,..,..,..,588543,..,..
Guinea-Bissau,GNB,1966,YR1966,..,..,..,566908,..,..
Guinea-Bissau,GNB,1968,YR1968,..,..,..,578170,..,..
Guinea-Bissau,GNB,1970,YR1970,..,350.221594962107,..,584403,..,..
Guinea-Bissau,GNB,1972,YR1972,..,388.643761374553,..,586620,..,..
Guinea-Bissau,GNB,1974,YR1974,..,418.643114014064,..,613338,..,..
Guinea-Bissau,GNB,1976,YR1976,..,420.852937438178,..,694191,..,..
Guinea-Bissau,GNB,1978,YR1978,..,402.777525700936,..,791694,..,..
Guinea-Bissau,GNB,1980,YR1980,..,346.855441567554,..,829303,..,..
Guinea-Bissau,GNB,1982,YR1982,..,502.732266005568,..,855891,..,..
Guinea-Bissau,GNB,1984,YR1984,..,407.439444684912,..,883519,..,..
Guinea-Bissau,GNB,1986,YR1986,..,371.137575913103,..,912126,..,..
Guinea-Bissau,GNB,1988,YR1988,60.2817826333536,453.807472688208,..,942061,..,..
Guinea-Bissau,GNB,1990,YR1990,33.0019778318026,651.337640650994,..,973669,..,..
Guinea-Bissau,GNB,1992,YR1992,69.5836363993793,574.32110641811,..,1024356,..,..
Guinea-Bissau,GNB,1994,YR1994,15.1763474313441,560.883422537973,..,1092031,..,..
Guinea-Bissau,GNB,1996,YR1996,50.7340549612119,614.729892454585,..,1143535,..,2.12765955924988
Guinea-Bissau,GNB,1998,YR1998,8.01375518965603,497.724279563733,..,1187473,..,0
Guinea-Bissau,GNB,2000,YR2000,8.63632094930278,316.945495037639,4.18953228,1234741,..,17.4603176116943
Guinea-Bissau,GNB,2002,YR2002,3.30012175283749,362.034574570354,3.96902514,1289307,16.54,12.6984128952026
Guinea-Bissau,GNB,2004,YR2004,0.883302696930943,431.376557669634,4.27734661,1349563,16.31,18.9320392608643
Guinea-Bissau,GNB,2006,YR2006,1.95473717628916,448.513075469701,5.0809288,1415303,12.34,16.425121307373
Guinea-Bissau,GNB,2008,YR2008,10.4600731354706,640.210331101753,5.45864058,1488054,14.49,12.5
Guinea-Bissau,GNB,2010,YR2010,2.51785140171697,600.194298540768,5.26704073,1566347,14.92,12.3222751617432
Guinea-Bissau,GNB,2012,YR2012,2.13054580274493,635.461653303881,5.94134808,1651417,15.27,7.5829381942749
Guinea-Bissau,GNB,2014,YR2014,-1.50924460570503,652.022501029449,9.96897411,1741122,15.53,11.9047622680664
Guinea-Bissau,GNB,2016,YR2016,1.50312055861088,679.665386626818,8.32881451,1831893,..,17.1428565979004
Guinea-Bissau,GNB,2018,YR2018,0.381324702791081,808.531613218504,7.28224373,1922168,18.66,12.7358493804932
Guinea-Bissau,GNB,2020,YR2020,1.14000939393213,817.780335749159,9.0293932,2013255,16.82,12.2641506195068
Guinea-Bissau,GNB,2022,YR2022,9.39383877456591,853.281304044102,8.11358356,2105529,17.25,16.9811325073242
Guinea-Bissau,GNB,2024,YR2024,..,..,..,..,..,..
Guyana,GUY,1960,YR1960,..,299.074645785091,..,569143,..,..
Guyana,GUY,1962,YR1962,..,327.392579238974,..,595461,..,..
Guyana,GUY,1964,YR1964,..,313.261161893769,..,621764,..,..
Guyana,GUY,1966,YR1966,..,352.589675035291,..,648646,..,..
Guyana,GUY,1968,YR1968,..,339.786441079035,..,676160,..,..
Guyana,GUY,1970,YR1970,..,381.098754100227,..,702705,..,..
Guyana,GUY,1972,YR1972,..,395.474264576572,..,721617,..,..
Guyana,GUY,1974,YR1974,..,587.968877003464,..,738057,..,..
Guyana,GUY,1976,YR1976,..,604.105267775602,..,752253,..,..
Guyana,GUY,1978,YR1978,..,663.208586084495,..,764586,..,..
Guyana,GUY,1980,YR1980,..,778.958814102357,..,774367,..,..
Guyana,GUY,1982,YR1982,..,620.564636570569,..,776712,..,..
Guyana,GUY,1984,YR1984,..,565.33443558244,..,774111,..,..
Guyana,GUY,1986,YR1986,..,657.014000212061,..,768098,..,..
Guyana,GUY,1988,YR1988,..,544.715209244099,..,759663,..,..
Guyana,GUY,1990,YR1990,..,528.851095342994,..,749894,..,..
Guyana,GUY,1992,YR1992,..,498.156636569954,..,749911,..,..
Guyana,GUY,1994,YR1994,..,715.611525201717,..,755822,..,..
Guyana,GUY,1996,YR1996,7.09471197276045,927.523847211669,..,760526,27.28,19.1489353179932
Guyana,GUY,1998,YR1998,4.5864661654135,939.685488169724,..,763586,..,29.7872333526611
Guyana,GUY,2000,YR2000,6.14854333024871,931.796651718955,3.18737936,764832,24.9,14.2857141494751
Guyana,GUY,2002,YR2002,5.3410152137741,950.866932470993,3.19353795,763652,20.09,15.8730154037476
Guyana,GUY,2004,YR2004,4.66846622369882,1033.31030902188,3.43770432,762418,..,16.019416809082
Guyana,GUY,2006,YR2006,6.67715790410028,3135.60553528326,3.93144464,758966,17.82,13.5265703201294
Guyana,GUY,2008,YR2008,8.10202206969276,4008.9628671603,4.20242214,754606,16.15,15.384614944458
Guyana,GUY,2010,YR2010,3.73337757704246,4581.76179693492,4.21897697,749256,15.6,19.4312801361084
Guyana,GUY,2012,YR2012,2.39193521312334,5444.39751913913,3.7081871,746288,15.64,19.4312801361084
Guyana,GUY,2014,YR2014,0.852630497539914,5472.68820452237,3.94755435,754229,..,29.0476188659668
Guyana,GUY,2016,YR2016,0.836008061506207,5870.87823759835,4.01842117,763548,17.03,31.4285717010498
Guyana,GUY,2018,YR2018,1.28284288443528,6048.38697180418,4.90492535,791556,17.62,25.943395614624
Guyana,GUY,2020,YR2020,0.99333702283873,6775.70939096303,5.4180727,807481,16.92,25.943395614624
Guyana,GUY,2022,YR2022,6.11505550109935,17913.4910146288,3.00636959,821637,17.6,33.4905662536621
Guyana,GUY,2024,YR2024,2.90395226446373,..,..,..,..,..
Haiti,HTI,1960,YR1960,-5.03004159593691,70.8024454423715,..,3858443,..,..
Haiti,HTI,1962,YR1962,-0.554904259869525,70.4464617057034,..,4001575,..,..
Haiti,HTI,1964,YR1964,9.16214587129442,78.4520158485608,..,4146244,..,..
Haiti,HTI,1966,YR1966,8.301835853323,85.7493738145357,..,4302639,..,..
Haiti,HTI,1968,YR1968,1.31621187827357,82.4057717596557,..,4465328,..,..
Haiti,HTI,1970,YR1970,1.36849340736673,71.4543990624631,..,4635124,..,..
Haiti,HTI,1972,YR1972,3.18969396917928,77.2765182599349,..,4813868,..,..
Haiti,HTI,1974,YR1974,14.9506973439721,113.039260601755,..,5001796,..,..
Haiti,HTI,1976,YR1976,7.03815227823619,169.091888071558,..,5198357,..,..
Haiti,HTI,1978,YR1978,-2.67359498369291,180.321253919424,..,5402580,..,..
Haiti,HTI,1980,YR1980,17.7783052456577,246.46927157982,..,5614493,..,..
Haiti,HTI,1982,YR1982,7.35924227605051,252.607250558051,..,5835937,..,..
Haiti,HTI,1984,YR1984,6.40203239106075,299.247186216373,..,6069230,..,..
Haiti,HTI,1986,YR1986,3.27992663366622,366.997344256492,..,6316122,..,..
Haiti,HTI,1988,YR1988,4.10546805875063,397.365336276412,..,6578145,..,..
Haiti,HTI,1990,YR1990,21.2760320067832,451.720249689216,..,6854441,..,..
Haiti,HTI,1992,YR1992,19.358494654122,316.276513134354,..,7136571,..,..
Haiti,HTI,1994,YR1994,39.3316195372753,292.134224374091,..,7419771,..,..
Haiti,HTI,1996,YR1996,20.5835962145112,377.229465025972,..,7707557,..,8.51063823699951
Haiti,HTI,1998,YR1998,5.26903547042201,465.363306259051,..,8002143,..,7.97872352600098
Haiti,HTI,2000,YR2000,9.33322197565603,820.600046761464,3.99165702,8303151,..,12.1693124771118
Haiti,HTI,2002,YR2002,7.03287406224601,720.969568042522,3.43250132,8607641,5.3,3.17460322380066
Haiti,HTI,2004,YR2004,21.0318339277222,683.185298155273,3.42928433,8910263,..,0.970873773097992
Haiti,HTI,2006,YR2006,11.3452152244299,828.805700289589,3.48013902,9216562,..,5.31400966644287
Haiti,HTI,2008,YR2008,15.2817744823772,1094.66058421644,3.75722051,9530774,5.55,6.73076915740967
Haiti,HTI,2010,YR2010,4.82734190074673,1209.72733503094,4.54871035,9803294,10.54,9.95260620117188
Haiti,HTI,2012,YR2012,5.01804155429246,1361.39396587374,5.56462336,10069771,5.38,13.7440757751465
Haiti,HTI,2014,YR2014,3.43816659958601,1460.18898613914,4.52035809,10373235,9.06,13.8095235824585
Haiti,HTI,2016,YR2016,11.5029073942666,1318.40268167953,4.80760574,10671457,9.84,12.380952835083
Haiti,HTI,2018,YR2018,12.4814111170435,1496.38048970156,4.31650305,10962362,..,13.6792449951172
Haiti,HTI,2020,YR2020,22.7963113642528,1290.32538667383,3.22171092,11243848,11.16,10.3773584365845
Haiti,HTI,2022,YR2022,33.98393194707,1760.62635668777,3.20848918,11503606,..,7.07547187805176
Haiti,HTI,2024,YR2024,..,..,..,..,..,..
Honduras,HND,1960,YR1960,-1.74623815710751,162.774119084799,..,2062060,..,..
Honduras,HND,1962,YR1962,1.09215017084013,177.698729276502,..,2182064,..,..
Honduras,HND,1964,YR1964,4.47210147080726,197.847916860582,..,2309855,..,..
Honduras,HND,1966,YR1966,1.78423465718738,224.767456925531,..,2446751,..,..
Honduras,HND,1968,YR1968,1.86122448972086,249.435319007642,..,2593057,..,..
Honduras,HND,1970,YR1970,2.8808864266098,262.840752313489,..,2750715,..,..
Honduras,HND,1972,YR1972,3.61228175799332,274.804500009748,..,2922064,..,..
Honduras,HND,1974,YR1974,12.8495477454187,333.727332671793,..,3099836,..,..
Honduras,HND,1976,YR1976,4.88341895790898,409.172118500864,..,3294457,..,..
Honduras,HND,1978,YR1978,5.74832464618229,883.547221294305,..,3505463,..,..
Honduras,HND,1980,YR1980,18.0615430355956,1064.65679108536,..,3727173,..,..
Honduras,HND,1982,YR1982,8.98262170616892,1077.74606527652,..,3958728,..,..
Honduras,HND,1984,YR1984,4.72636815920389,1170.354142767,..,4199850,..,..
Honduras,HND,1986,YR1986,4.35272383207559,1276.23237996637,..,4448899,..,..
Honduras,HND,1988,YR1988,4.49125763640182,1253.84921085629,..,4707677,..,..
Honduras,HND,1990,YR1990,23.3225664366467,988.459273781288,..,4980488,..,..
Honduras,HND,1992,YR1992,8.75988625255494,937.828918006075,..,5271431,..,..
Honduras,HND,1994,YR1994,21.729346883819,832.062972379136,..,5579242,..,..
Honduras,HND,1996,YR1996,23.8378353073358,883.311249797422,..,5903954,9.94,14.8936166763306
Honduras,HND,1998,YR1998,13.6681077485869,1021.15818843434,..,6234431,11.53,29.2553195953369
Honduras,HND,2000,YR2000,11.0480349344976,1092.56400746252,6.26817989,6577773,11.08,25.9259262084961
Honduras,HND,2002,YR2002,7.69050972034271,1132.49965345317,6.2445755,6938859,9.78,23.8095245361328
Honduras,HND,2004,YR2004,8.1137909709338,1215.13995412761,6.85484362,7298994,7.14,19.4174766540527
Honduras,HND,2006,YR2006,5.57775207654298,1425.84780051892,7.86318684,7656832,9.71,15.9420289993286
Honduras,HND,2008,YR2008,11.4034270813932,1732.49062702803,8.60362625,8012587,6.11,15.865385055542
Honduras,HND,2010,YR2010,4.69889064976226,1893.32722662035,8.72536373,8365878,10.14,19.4312801361084
Honduras,HND,2012,YR2012,5.19618615531848,2126.03474686503,8.65655136,8715076,10.28,21.8009471893311
Honduras,HND,2014,YR2014,6.12924930313022,2179.88171977271,7.91455746,9063122,..,17.1428565979004
Honduras,HND,2016,YR2016,2.72461223295289,2307.34468351082,7.709445,9412380,..,20
Honduras,HND,2018,YR2018,4.34734937777528,2464.64241531918,7.22820663,9765210,6.05,16.5094337463379
Honduras,HND,2020,YR2020,3.46841177951184,2307.61494319511,9.03509808,10119640,5.9,18.3962268829346
Honduras,HND,2022,YR2022,9.08963911525025,3003.28996826399,8.28209972,10463872,2.42,15.0943393707275
Honduras,HND,2024,YR2024,4.60621098127107,..,..,..,..,..
"Hong Kong SAR, China",HKG,1960,YR1960,..,424.056554189694,..,3114671,..,..
"Hong Kong SAR, China",HKG,1962,YR1962,..,487.821134050813,..,3305200,..,..
"Hong Kong SAR, China",HKG,1964,YR1964,..,629.591525784494,..,3504600,..,..
"Hong Kong SAR, China",HKG,1966,YR1966,..,685.926614135084,..,3629900,..,..
"Hong Kong SAR, China",HKG,1968,YR1968,..,714.48296958061,..,3802700,..,..
"Hong Kong SAR, China",HKG,1970,YR1970,..,960.031961510704,..,3959000,..,..
"Hong Kong SAR, China",HKG,1972,YR1972,..,1384.7342645141,..,4123600,..,..
"Hong Kong SAR, China",HKG,1974,YR1974,..,2144.61495884823,..,4377800,..,..
"Hong Kong SAR, China",HKG,1976,YR1976,..,2850.0146101832,..,4518000,..,..
"Hong Kong SAR, China",HKG,1978,YR1978,..,3923.9713784987,..,4667500,..,..
"Hong Kong SAR, China",HKG,1980,YR1980,..,5700.43210891578,..,5063100,..,..
"Hong Kong SAR, China",HKG,1982,YR1982,10.9704641350212,6133.7668997328,..,5264500,..,..
"Hong Kong SAR, China",HKG,1984,YR1984,8.65051903114184,6208.22615937199,..,5397900,..,..
"Hong Kong SAR, China",HKG,1986,YR1986,3.38461538461534,7434.99925513073,..,5524600,..,..
"Hong Kong SAR, China",HKG,1988,YR1988,7.8873239436618,10609.7456394545,..,5627600,0,..
"Hong Kong SAR, China",HKG,1990,YR1990,10.4265402843602,13485.6314525052,..,5704500,..,..
"Hong Kong SAR, China",HKG,1992,YR1992,9.65250965250966,17976.4688629053,..,5800500,..,..
"Hong Kong SAR, China",HKG,1994,YR1994,8.73786407766985,22502.5302426236,..,6035400,..,..
"Hong Kong SAR, China",HKG,1996,YR1996,6.27557980900412,24818.3021600084,..,6435500,0,43.6170196533203
"Hong Kong SAR, China",HKG,1998,YR1998,2.91262135922399,25808.8609899709,..,6543700,0,46.8085098266602
"Hong Kong SAR, China",HKG,2000,YR2000,-3.68550368550369,25756.7728723704,..,6665000,0,61.375659942627
"Hong Kong SAR, China",HKG,2002,YR2002,-2.98313878080415,24665.8362318216,..,6744100,0,60.8465614318848
"Hong Kong SAR, China",HKG,2004,YR2004,-0.274725274725253,24928.1003722551,..,6783500,0,67.9611663818359
"Hong Kong SAR, China",HKG,2006,YR2006,2.00025160397534,28224.0951563146,..,6857100,0,69.5652160644531
"Hong Kong SAR, China",HKG,2008,YR2008,4.30315484104921,31515.5292103443,..,6957800,0,69.711540222168
"Hong Kong SAR, China",HKG,2010,YR2010,2.29289088604673,32550.136489179,..,7024200,0,62.5592422485352
"Hong Kong SAR, China",HKG,2012,YR2012,4.05390950903844,36730.796195815,..,7150100,0,64.9289093017578
"Hong Kong SAR, China",HKG,2014,YR2014,4.42364532019699,40315.3739510191,..,7229500,0,73.3333358764648
"Hong Kong SAR, China",HKG,2016,YR2016,2.40930743862224,43734.1980702999,..,7336600,0,58.0952377319336
"Hong Kong SAR, China",HKG,2018,YR2018,2.40613432046534,48537.5668888343,..,7452600,0,58.9622650146484
"Hong Kong SAR, China",HKG,2020,YR2020,0.2509620210808,46109.2299946609,..,7481000,0,34.4339637756348
"Hong Kong SAR, China",HKG,2022,YR2022,1.88136707196853,48826.0527728276,..,7346100,0,50.4716987609863
"Hong Kong SAR, China",HKG,2024,YR2024,1.72972119105914,..,..,..,..,..
Hungary,HUN,1960,YR1960,..,..,..,9983967,..,..
Hungary,HUN,1962,YR1962,..,..,..,10061734,..,..
Hungary,HUN,1964,YR1964,..,..,..,10119835,..,..
Hungary,HUN,1966,YR1966,..,..,..,10178653,..,..
Hungary,HUN,1968,YR1968,..,474.880214413036,..,10255815,..,..
Hungary,HUN,1970,YR1970,..,557.372982365269,..,10337910,..,..
Hungary,HUN,1972,YR1972,..,707.33760589871,..,10398489,..,..
Hungary,HUN,1974,YR1974,1.79704016823474,952.756132363523,..,10478720,..,..
Hungary,HUN,1976,YR1976,5.2283983330866,1244.72491436848,..,10598677,..,..
Hungary,HUN,1978,YR1978,4.68714274853112,1612.60099090319,..,10684822,..,..
Hungary,HUN,1980,YR1980,9.28585743921337,2151.1816628528,..,10711122,..,..
Hungary,HUN,1982,YR1982,6.8358050825954,2247.70800537405,..,10705535,..,..
Hungary,HUN,1984,YR1984,8.46785487646018,1984.74349777267,..,10668095,..,..
Hungary,HUN,1986,YR1986,5.29166170071091,2323.23864322732,..,10630564,..,..
Hungary,HUN,1988,YR1988,15.7235490703556,2803.06398657229,..,10596487,..,..
Hungary,HUN,1990,YR1990,28.3695996532777,3312.69823800526,..,10373988,..,..
Hungary,HUN,1992,YR1992,23.6557207806552,3735.10582034276,..,10369341,..,..
Hungary,HUN,1994,YR1994,18.8680749869283,4173.37302405441,..,10343355,..,..
Hungary,HUN,1996,YR1996,23.4690301919185,4525.03910312241,..,10311238,20.46,60.1063842773438
Hungary,HUN,1998,YR1998,14.153789654534,4744.21226429639,..,10266570,..,68.0851058959961
Hungary,HUN,2000,YR2000,9.80361016908125,4624.28165670295,6.77804327,10210971,..,62.4338607788086
Hungary,HUN,2002,YR2002,5.26544821583985,6655.33300865319,7.1210165,10158608,17.97,71.4285736083984
Hungary,HUN,2004,YR2004,6.74434679569469,10301.7033946743,7.75805521,10107146,6.85,58.737865447998
Hungary,HUN,2006,YR2006,3.93032603841001,11489.5608654088,7.77806187,10071370,7.24,63.7681159973145
Hungary,HUN,2008,YR2008,6.0425125388106,15772.3300839383,7.08839607,10038188,5.94,55.288459777832
Hungary,HUN,2010,YR2010,4.85555795691956,13217.5045951108,7.44858313,10000023,6.3,54.028434753418
Hungary,HUN,2012,YR2012,5.65214517088646,12984.8365730133,7.41063309,9920362,5.6,57.3459701538086
Hungary,HUN,2014,YR2014,-0.227566270988219,14294.2584180751,7.04665947,9866468,5.72,58.5714302062988
Hungary,HUN,2016,YR2016,0.394769306686392,13104.6995457458,6.9877739,9814023,5.32,57.1428565979004
Hungary,HUN,2018,YR2018,2.85024792594646,16425.2050299693,6.57987547,9775564,5.24,59.9056587219238
Hungary,HUN,2020,YR2020,3.32674385766738,16131.9540355923,7.28760386,9750149,2.21,60.8490562438965
Hungary,HUN,2022,YR2022,14.6081439492433,18353.298364905,6.68981791,9644377,4.06,54.2452812194824
Hungary,HUN,2024,YR2024,3.70370370370369,..,..,..,..,..
Iceland,ISL,1960,YR1960,1.98839723902034,1436.25885405655,..,175574,..,..
Iceland,ISL,1962,YR1962,11.016292445577,1585.721437797,..,182378,..,..
Iceland,ISL,1964,YR1964,19.2450543572579,2332.47365785423,..,188983,..,..
Iceland,ISL,1966,YR1966,10.6866430342387,3264.04742660905,..,195570,..,..
Iceland,ISL,1968,YR1968,15.2317984034252,2389.88350467813,..,201488,..,..
Iceland,ISL,1970,YR1970,13.3724751491846,2576.35344434276,..,204438,..,..
Iceland,ISL,1972,YR1972,9.81132391279972,4014.84273017558,..,209137,..,..
Iceland,ISL,1974,YR1974,42.5161819585292,7040.55404419726,..,215209,..,..
Iceland,ISL,1976,YR1976,32.0351102236086,7583.27529804327,..,220154,..,..
Iceland,ISL,1978,YR1978,43.7499982853606,11236.735735064,..,223537,..,..
Iceland,ISL,1980,YR1980,58.5284260893646,14821.8150912707,..,228138,..,..
Iceland,ISL,1982,YR1982,50.2432263896761,13711.7362718597,..,233860,..,..
Iceland,ISL,1984,YR1984,30.8523970770909,11959.5400102921,..,239511,..,..
Iceland,ISL,1986,YR1986,22.1284011876646,16406.04794507,..,243180,..,..
Iceland,ISL,1988,YR1988,25.7255090852842,24451.9733172334,..,249740,..,..
Iceland,ISL,1990,YR1990,15.510721994253,25384.9150226302,..,254826,..,..
Iceland,ISL,1992,YR1992,3.94771176824031,27124.2745379594,..,261057,..,..
Iceland,ISL,1994,YR1994,1.55265627495777,24018.6313967189,..,266021,..,..
Iceland,ISL,1996,YR1996,2.26041898267297,27614.8770273122,..,268916,7.44,68.0851058959961
Iceland,ISL,1998,YR1998,1.65924170953427,31030.0535989181,..,274047,29.34,72.8723373413086
Iceland,ISL,2000,YR2000,5.13647123245151,32096.3722613695,8.89924335,281205,30.92,80.4232788085938
Iceland,ISL,2002,YR2002,5.19702230216628,32409.2161491753,9.40382481,287523,..,83.0687866210938
Iceland,ISL,2004,YR2004,3.15819324298464,47334.9306537723,9.32854366,292074,23.6,79.1262130737305
Iceland,ISL,2006,YR2006,6.68707906136661,57492.9342498703,8.55709076,303782,13.61,81.6425094604492
Iceland,ISL,2008,YR2008,12.6943942775878,56943.3704468563,8.34370804,317414,12.01,72.5961532592773
Iceland,ISL,2010,YR2010,5.39673113167477,43237.0729488958,8.36173058,318041,8.64,66.3507080078125
Iceland,ISL,2012,YR2012,5.18589988750698,45995.5478789467,8.23091221,320716,8.64,73.459716796875
Iceland,ISL,2014,YR2014,2.04461481539333,54576.7448146565,8.29044247,327386,8.91,78.0952377319336
Iceland,ISL,2016,YR2016,1.69692761997751,61987.9263620283,8.15569115,335439,8.95,87.1428604125977
Iceland,ISL,2018,YR2018,2.68291768267392,74452.1890731447,8.43817616,352721,..,87.2641525268555
Iceland,ISL,2020,YR2020,2.84792401518665,59023.5663465778,9.67780685,366463,..,81.1320724487305
Iceland,ISL,2022,YR2022,8.3087551155892,75314.085560994,9.28593922,382003,9.04,76.4150924682617
Iceland,ISL,2024,YR2024,5.85683849970066,..,..,..,..,..
India,IND,1960,YR1960,1.77987784677382,84.9328084793106,..,435990338,..,..
India,IND,1962,YR1962,3.63221497106987,92.1999583629516,..,457283090,..,..
India,IND,1964,YR1964,13.3552611508153,117.856430772855,..,479229598,..,..
India,IND,1966,YR1966,10.8018483489342,91.0276950517841,..,500740247,..,..
India,IND,1968,YR1968,3.23741242627502,101.556802521195,..,522716889,..,..
India,IND,1970,YR1970,5.09226161997552,114.35532002008,..,545864268,..,..
India,IND,1972,YR1972,6.44209746158243,125.270705961882,..,570482142,..,..
India,IND,1974,YR1974,28.598734077509,166.699661755332,..,597041391,..,..
India,IND,1976,YR1976,-7.63394763392882,164.119999587322,..,625861883,..,..
India,IND,1978,YR1978,2.5230487569518,209.389063573463,..,655728229,..,..
India,IND,1980,YR1980,11.3460734795095,271.080945953678,..,687354025,..,..
India,IND,1982,YR1982,7.89074279377487,278.65038258267,..,720313473,..,..
India,IND,1984,YR1984,8.3189071186008,281.049867840717,..,754875449,..,..
India,IND,1986,YR1986,8.72972072702581,314.897116402542,..,790689978,..,..
India,IND,1988,YR1988,9.38347186185335,358.484539641693,..,827342990,..,..
India,IND,1990,YR1990,8.9712325027325,371.085936203765,..,864972221,71.67,..
India,IND,1992,YR1992,11.7878170418134,319.182472626315,..,902957070,49.21,..
India,IND,1994,YR1994,10.2479355556119,347.73421473994,..,941163767,..,..
India,IND,1996,YR1996,8.97715233826453,401.046754673579,..,979678458,32.67,6.91489362716675
India,IND,1998,YR1998,13.2308389767977,413.630864056851,..,1018665080,..,6.38297891616821
India,IND,2000,YR2000,4.0094359104519,442.750218937263,4.10568476,1057922733,32.2,8.99470901489258
India,IND,2002,YR2002,4.29715203929563,469.149928973927,4.31453371,1097600380,29.94,5.29100513458252
India,IND,2004,YR2004,3.76725173477515,624.258826510066,4.02679491,1135991513,30.6,4.85436916351318
India,IND,2006,YR2006,5.79652337561634,801.668353659022,3.66901541,1172878890,20.27,8.69565200805664
India,IND,2008,YR2008,8.34926704907581,992.519584923828,3.58856082,1207930964,17.57,9.61538505554199
India,IND,2010,YR2010,11.9893899204244,1347.51939071367,3.33625913,1243481564,16.48,4.7393364906311
India,IND,2012,YR2012,9.47899691419801,1429.32199520032,3.32935286,1278674502,19.63,6.16113758087158
India,IND,2014,YR2014,6.66565671867899,1553.88396075118,3.61956549,1312277191,..,8.5714282989502
India,IND,2016,YR2016,4.94821634062141,1707.50892912243,3.50430417,1343944296,16.64,10.4761905670166
India,IND,2018,YR2018,3.9388264669163,1966.25455171679,2.8584938,1374659064,16.84,9.90566062927246
India,IND,2020,YR2020,6.62343677628535,1907.04251637669,3.34146094,1402617695,17.56,11.3207550048828
India,IND,2022,YR2022,6.69903414079852,2352.61392452078,3.3058846,1425423212,17.27,14.6226415634155
India,IND,2024,YR2024,4.95303550973656,..,..,..,..,..
Indonesia,IDN,1960,YR1960,39.5904436860068,..,..,88296070,..,..
Indonesia,IDN,1962,YR1962,131.397849462365,..,..,93375850,..,..
Indonesia,IDN,1964,YR1964,108.994708994709,..,..,98833749,..,..
Indonesia,IDN,1966,YR1966,1136.2541122077,..,..,103792754,..,..
Indonesia,IDN,1968,YR1968,128.843042071197,64.6547730642556,..,109450006,..,..
Indonesia,IDN,1970,YR1970,12.3994646487815,79.118823484002,..,115657495,..,..
Indonesia,IDN,1972,YR1972,6.52174921283022,90.1147549138956,..,122039841,..,..
Indonesia,IDN,1974,YR1974,40.4917904384715,200.710984454591,..,128555045,..,..
Indonesia,IDN,1976,YR1976,19.8286536956639,275.713167824796,..,135173655,..,..
Indonesia,IDN,1978,YR1978,8.11258259525915,362.483779779007,..,141953163,..,..
Indonesia,IDN,1980,YR1980,18.0354301616893,486.620172021155,..,148950540,..,..
Indonesia,IDN,1982,YR1982,9.44542395353452,577.745632722784,..,156052152,..,..
Indonesia,IDN,1984,YR1984,10.45503482319,519.774063103241,..,163251124,..,..
Indonesia,IDN,1986,YR1986,5.822666961752,469.834241253429,..,170175065,..,..
Indonesia,IDN,1988,YR1988,8.04536715123099,476.662483405818,..,176855065,..,..
Indonesia,IDN,1990,YR1990,7.81919144730547,578.420121135382,..,183501098,16.48,..
Indonesia,IDN,1992,YR1992,7.52351717022748,673.67103954742,..,190043744,..,..
Indonesia,IDN,1994,YR1994,8.53200525418847,899.793982949817,..,196591828,..,..
Indonesia,IDN,1996,YR1996,7.97328085611417,1118.92133024129,..,203204348,11.73,5.85106372833252
Indonesia,IDN,1998,YR1998,58.4510444723947,454.877800792123,..,209826788,6.07,1.06382977962494
Indonesia,IDN,2000,YR2000,3.68861915958352,763.711124950924,1.85297656,216077790,6.26,0
Indonesia,IDN,2002,YR2002,11.9001175663778,881.002913569131,1.98062706,222088495,6.92,1.05820107460022
Indonesia,IDN,2004,YR2004,6.06405988526521,1126.84004447173,2.12002277,227926649,4.94,1.45631062984467
Indonesia,IDN,2006,YR2006,13.1086720985296,1558.31562847164,2.61946416,233951652,4.19,5.79710149765015
Indonesia,IDN,2008,YR2008,10.2266645473148,2124.55483920617,2.54842305,240157903,7.13,9.61538505554199
Indonesia,IDN,2010,YR2010,5.13420400767928,3065.68348366636,2.7908783,246305322,5.97,12.3222751617432
Indonesia,IDN,2012,YR2012,4.27949999641975,3632.272540431,2.91427088,252698525,7.13,18.0094795227051
Indonesia,IDN,2014,YR2014,6.39492540819922,3441.06808455308,2.96433568,258877399,..,20.9523811340332
Indonesia,IDN,2016,YR2016,3.5258051568793,3521.46943456251,3.02147198,264627418,7.18,21.4285717010498
Indonesia,IDN,2018,YR2018,3.1983464156241,3860.95353077708,2.86757827,269951846,7.39,15.5660381317139
Indonesia,IDN,2020,YR2020,1.9209680056685,3853.70288778903,3.42067289,274814866,6.2,18.3962268829346
Indonesia,IDN,2022,YR2022,4.20946383402165,4730.74548910499,2.69394851,278830529,6.21,15.5660381317139
Indonesia,IDN,2024,YR2024,..,..,..,..,..,..
"Iran, Islamic Rep.",IRN,1960,YR1960,9.82241081297867,195.577527212584,..,21470434,..,..
"Iran, Islamic Rep.",IRN,1962,YR1962,0.721320571656337,205.786809657214,..,22807907,..,..
"Iran, Islamic Rep.",IRN,1964,YR1964,3.81448957223043,221.731727810658,..,24262859,..,..
"Iran, Islamic Rep.",IRN,1966,YR1966,-0.388148532154432,262.877683796297,..,25829270,..,..
"Iran, Islamic Rep.",IRN,1968,YR1968,0.690360521996233,314.285456656371,..,27437391,..,..
"Iran, Islamic Rep.",IRN,1970,YR1970,1.66687093970068,376.606879152384,..,29145100,..,..
"Iran, Islamic Rep.",IRN,1972,YR1972,6.39824135128871,554.748034125811,..,30921179,..,..
"Iran, Islamic Rep.",IRN,1974,YR1974,14.2489355382567,1408.96571902077,..,32796463,..,..
"Iran, Islamic Rep.",IRN,1976,YR1976,11.2561425062111,1953.5196967855,..,34837271,..,..
"Iran, Islamic Rep.",IRN,1978,YR1978,11.7219692041212,2100.77015324707,..,37126535,..,..
"Iran, Islamic Rep.",IRN,1980,YR1980,20.6439144373798,2368.39285730473,..,39842324,..,..
"Iran, Islamic Rep.",IRN,1982,YR1982,18.6897259269564,2844.87611384054,..,44272141,..,..
"Iran, Islamic Rep.",IRN,1984,YR1984,12.5402194538868,3395.33697556582,..,47793998,..,..
"Iran, Islamic Rep.",IRN,1986,YR1986,18.4290030211474,4064.34667297518,..,51446045,..,..
"Iran, Islamic Rep.",IRN,1988,YR1988,28.6706349206345,2234.46235141339,..,55072694,..,..
"Iran, Islamic Rep.",IRN,1990,YR1990,7.62767493763934,2137.94222739878,..,58380092,..,..
"Iran, Islamic Rep.",IRN,1992,YR1992,25.8077226162332,1957.48507794252,..,61184983,..,..
"Iran, Islamic Rep.",IRN,1994,YR1994,31.4470284237728,1167.7627251321,..,61520598,..,..
"Iran, Islamic Rep.",IRN,1996,YR1996,28.9373440168137,1914.78121290985,..,62881300,..,19.680850982666
"Iran, Islamic Rep.",IRN,1998,YR1998,17.8661342130398,1709.19334095949,..,64519859,..,11.702127456665
"Iran, Islamic Rep.",IRN,2000,YR2000,14.4767513188567,1650.01385832603,4.72250843,66418659,23.83,12.1693124771118
"Iran, Islamic Rep.",IRN,2002,YR2002,14.3359337378404,1891.25756092031,4.65182209,68011317,..,13.7566137313843
"Iran, Islamic Rep.",IRN,2004,YR2004,14.7615086970672,2672.42266512669,5.12801409,70256316,15.01,13.1067962646484
"Iran, Islamic Rep.",IRN,2006,YR2006,10.0158982511924,3618.9160136791,5.15990877,73392747,..,8.69565200805664
"Iran, Islamic Rep.",IRN,2008,YR2008,25.4105090311987,5377.41150725587,5.03990459,75514204,16.62,10.5769233703613
"Iran, Islamic Rep.",IRN,2010,YR2010,10.0893629287979,6291.19443652344,6.29153061,77420842,..,3.3175356388092
"Iran, Islamic Rep.",IRN,2012,YR2012,27.2568127242908,8114.08099831877,6.12235117,79370580,..,5.68720388412476
"Iran, Islamic Rep.",IRN,2014,YR2014,16.6065532357449,5672.06372896319,6.35239553,81502045,..,9.0476188659668
"Iran, Islamic Rep.",IRN,2016,YR2016,7.24542548952979,5477.03712389913,7.99202633,83812228,..,10.9523811340332
"Iran, Islamic Rep.",IRN,2018,YR2018,18.0141183371874,4631.78709016514,7.73915195,86117998,..,6.60377359390259
"Iran, Islamic Rep.",IRN,2020,YR2020,30.5941390387295,2988.78122414716,5.40149546,87723443,12.09,3.77358484268188
"Iran, Islamic Rep.",IRN,2022,YR2022,43.4884641742179,4405.09291519791,5.34889174,89524246,..,5.18867921829224
"Iran, Islamic Rep.",IRN,2024,YR2024,..,..,..,..,..,..
Iraq,IRQ,1960,YR1960,3.47823790409599,218.917802531101,..,7022052,..,..
Iraq,IRQ,1962,YR1962,1.29236216541521,240.653442461626,..,7413875,..,..
Iraq,IRQ,1964,YR1964,-0.0901365196717478,269.423092996101,..,7929566,..,..
Iraq,IRQ,1966,YR1966,1.98321891712164,298.205666763491,..,8485104,..,..
Iraq,IRQ,1968,YR1968,2.19647598286799,318.832552563525,..,9085016,..,..
Iraq,IRQ,1970,YR1970,4.35559526470564,337.042912609442,..,9735611,..,..
Iraq,IRQ,1972,YR1972,5.18595041325518,394.41834302923,..,10430164,..,..
Iraq,IRQ,1974,YR1974,7.69999999976926,1031.25081332691,..,11167761,..,..
Iraq,IRQ,1976,YR1976,12.8232301828134,1488.54335200482,..,11927651,..,..
Iraq,IRQ,1978,YR1978,4.61194286682018,1863.21761229727,..,12753355,..,..
Iraq,IRQ,1980,YR1980,..,3867.64500744262,..,13591992,..,..
Iraq,IRQ,1982,YR1982,..,2941.9748125381,..,14406083,..,..
Iraq,IRQ,1984,YR1984,..,3065.7178266236,..,15310733,..,..
Iraq,IRQ,1986,YR1986,..,2940.40623181091,..,16074145,..,..
Iraq,IRQ,1988,YR1988,..,3707.20841763297,..,16908819,..,..
Iraq,IRQ,1990,YR1990,..,10261.4157706888,..,17581206,..,..
Iraq,IRQ,1992,YR1992,83.615819209039,30.2539012636825,..,18300845,..,..
Iraq,IRQ,1994,YR1994,448.499999999999,198.182101881974,..,20139807,..,..
Iraq,IRQ,1996,YR1996,-16.1173257510572,485.258492784825,..,21501321,..,1.59574472904205
Iraq,IRQ,1998,YR1998,14.7687735575528,900.937142559106,..,22884399,..,3.72340416908264
Iraq,IRQ,2000,YR2000,4.97896213183735,1980.18916038782,..,24424056,..,0.52910053730011
Iraq,IRQ,2002,YR2002,19.316694601979,1266.15961275094,..,26006559,..,1.05820107460022
Iraq,IRQ,2004,YR2004,26.9619068193272,1328.37157628292,3.90128636,27577878,..,0
Iraq,IRQ,2006,YR2006,53.230962911428,2276.55435744086,2.49370432,28616515,..,0
Iraq,IRQ,2008,YR2008,12.6628528269228,4542.96609046032,3.06604242,28971036,..,0
Iraq,IRQ,2010,YR2010,2.8777472527476,4461.75196161555,3.23955345,31045366,..,0
Iraq,IRQ,2012,YR2012,6.08909641595043,6477.59618450955,2.69365859,33654842,..,1.89573454856873
Iraq,IRQ,2014,YR2014,2.23597407904679,6249.39226978969,2.78786659,36550059,..,0
Iraq,IRQ,2016,YR2016,0.556521397155511,4334.42096404188,4.58949184,38469627,..,0.952380955219269
Iraq,IRQ,2018,YR2018,0.367441488936849,5646.68932074742,4.12989378,40265624,..,0
Iraq,IRQ,2020,YR2020,0.574162679425795,4295.18945121228,5.76473284,42116605,..,0
Iraq,IRQ,2022,YR2022,4.99476596381044,6504.12428393548,4.29332495,44070551,..,0
Iraq,IRQ,2024,YR2024,..,..,..,..,..,..
Ireland,IRL,1960,YR1960,0.450837269431776,706.551022345168,..,2828600,..,..
Ireland,IRL,1962,YR1962,4.26372712149085,821.344113076887,..,2836050,..,..
Ireland,IRL,1964,YR1964,6.71728971926295,994.607331611746,..,2866550,..,..
Ireland,IRL,1966,YR1966,3.05429864140273,1107.31823034754,..,2888800,..,..
Ireland,IRL,1968,YR1968,4.6808510638299,1158.85549787929,..,2915550,..,..
Ireland,IRL,1970,YR1970,8.20719016091027,1486.51452734638,..,2957250,..,..
Ireland,IRL,1972,YR1972,8.60581745301066,2080.46514718169,..,3036850,..,..
Ireland,IRL,1974,YR1974,16.9761273212048,2516.92768605196,..,3137500,..,..
Ireland,IRL,1976,YR1976,17.9856958613386,2919.58308695615,..,3238050,..,..
Ireland,IRL,1978,YR1978,7.71111214621869,4399.98680535092,..,3329100,..,..
Ireland,IRL,1980,YR1980,18.1544622557972,6372.43777545453,..,3412800,..,..
Ireland,IRL,1982,YR1982,17.1471262037092,6160.63861381484,..,3485800,..,..
Ireland,IRL,1984,YR1984,8.65111053796386,5692.02738597285,..,3532423,..,..
Ireland,IRL,1986,YR1986,3.82704166542659,8112.17136316453,..,3539690,..,..
Ireland,IRL,1988,YR1988,2.13456989107103,10715.8706184163,..,3524949,..,..
Ireland,IRL,1990,YR1990,3.31732886680118,14031.3025675469,..,3513974,..,..
Ireland,IRL,1992,YR1992,3.06999853835904,15714.3847487231,..,3558430,..,..
Ireland,IRL,1994,YR1994,2.30920192610951,15902.9296755168,..,3590386,..,..
Ireland,IRL,1996,YR1996,1.75574469607419,20835.8973666717,..,3637510,..,71.2765960693359
Ireland,IRL,1998,YR1998,2.40768094534715,24294.8547674007,..,3712696,..,78.7234039306641
Ireland,IRL,2000,YR2000,5.57763269940387,26334.5672050501,5.8990283,3805174,7.93,81.4814834594727
Ireland,IRL,2002,YR2002,4.62820512820515,32705.4345565698,6.67263031,3931947,6.42,82.539680480957
Ireland,IRL,2004,YR2004,2.17854605730523,47754.2023194244,7.21972942,4070262,6.85,71.8446578979492
Ireland,IRL,2006,YR2006,3.93576114001354,54329.1618599624,7.51646996,4273591,7.24,71.4975814819336
Ireland,IRL,2008,YR2008,4.03568834941391,61353.1065629523,9.12564754,4489544,5.94,72.5961532592773
Ireland,IRL,2010,YR2010,-0.918388645376774,48679.4026820361,10.52404499,4560155,6.3,66.8246459960938
Ireland,IRL,2012,YR2012,1.69474116680366,49411.7387476787,10.6218853,4599533,5.6,63.5071105957031
Ireland,IRL,2014,YR2014,0.190916398713745,57278.2590911107,9.49471951,4657740,5.72,69.523811340332
Ireland,IRL,2016,YR2016,0.0201247735963237,64292.659966313,7.4818964,4755335,5.32,62.8571434020996
Ireland,IRL,2018,YR2018,0.471130713712916,81248.3135388,6.47943211,4867316,5.24,66.9811325073242
Ireland,IRL,2020,YR2020,-0.326183651280033,87567.1148972037,7.06342745,4985382,2.21,64.6226425170898
Ireland,IRL,2022,YR2022,7.82945736434105,106194.755859223,6.11978531,5165700,4.06,61.7924537658691
Ireland,IRL,2024,YR2024,2.11344999577317,..,..,..,..,..
Isle of Man,IMN,1960,YR1960,..,..,..,48868,..,..
Isle of Man,IMN,1962,YR1962,..,..,..,48688,..,..
Isle of Man,IMN,1964,YR1964,..,..,..,49625,..,..
Isle of Man,IMN,1966,YR1966,..,..,..,50749,..,..
Isle of Man,IMN,1968,YR1968,..,..,..,52891,..,..
Isle of Man,IMN,1970,YR1970,..,..,..,55300,..,..
Isle of Man,IMN,1972,YR1972,..,..,..,57367,..,..
Isle of Man,IMN,1974,YR1974,..,..,..,59139,..,..
Isle of Man,IMN,1976,YR1976,..,..,..,60750,..,..
Isle of Man,IMN,1978,YR1978,..,..,..,62398,..,..
Isle of Man,IMN,1980,YR1980,..,..,..,64076,..,..
Isle of Man,IMN,1982,YR1982,..,..,..,64686,..,..
Isle of Man,IMN,1984,YR1984,..,3892.81857107699,..,64528,..,..
Isle of Man,IMN,1986,YR1986,..,5507.18003873984,..,64695,..,..
Isle of Man,IMN,1988,YR1988,..,8768.79053218172,..,66680,..,..
Isle of Man,IMN,1990,YR1990,..,11049.8949396235,..,68916,..,..
Isle of Man,IMN,1992,YR1992,..,12150.8545456352,..,70353,..,..
Isle of Man,IMN,1994,YR1994,..,11708.2857474351,..,71168,..,..
Isle of Man,IMN,1996,YR1996,..,13979.8454930411,..,72047,..,..
Isle of Man,IMN,1998,YR1998,..,18753.1202301034,..,73861,..,..
Isle of Man,IMN,2000,YR2000,..,21161.3963073772,..,75659,..,..
Isle of Man,IMN,2002,YR2002,..,24471.0798814847,..,77275,..,..
Isle of Man,IMN,2004,YR2004,..,35564.6023910146,..,78792,..,..
Isle of Man,IMN,2006,YR2006,..,42627.5089352891,..,80294,..,..
Isle of Man,IMN,2008,YR2008,..,72276.7741329461,..,82029,..,..
Isle of Man,IMN,2010,YR2010,..,70587.3140283741,..,83873,..,..
Isle of Man,IMN,2012,YR2012,..,79329.2034347434,..,84335,..,..
Isle of Man,IMN,2014,YR2014,..,91885.4528718026,..,83892,..,..
Isle of Man,IMN,2016,YR2016,..,82025.9454509241,..,83466,..,..
Isle of Man,IMN,2018,YR2018,..,89393.8244248812,..,83805,..,..
Isle of Man,IMN,2020,YR2020,..,79513.5330346598,..,84064,..,..
Isle of Man,IMN,2022,YR2022,..,..,..,84132,..,..
Isle of Man,IMN,2024,YR2024,..,..,..,..,..,..
Israel,ISR,1960,YR1960,2.22811242067084,1449.76140897192,..,2114020,..,..
Israel,ISR,1962,YR1962,9.40819406826558,1291.14207507409,..,2293000,..,..
Israel,ISR,1964,YR1964,5.17275042328816,1622.94713795895,..,2475000,..,..
Israel,ISR,1966,YR1966,7.93036754448455,1785.65063547398,..,2629000,..,..
Israel,ISR,1968,YR1968,2.07922185813623,1943.69837323735,..,2803000,..,..
Israel,ISR,1970,YR1970,6.11074203598739,2485.81574130995,..,2974000,..,..
Israel,ISR,1972,YR1972,12.8814708218396,2924.42858457511,..,3148000,..,..
Israel,ISR,1974,YR1974,39.6799704514568,5076.29651451905,..,3377000,..,..
Israel,ISR,1976,YR1976,31.3108653312175,4508.34326185306,..,3533000,..,..
Israel,ISR,1978,YR1978,50.5509246487277,4788.32792496606,..,3690000,..,..
Israel,ISR,1980,YR1980,131.024995515683,6536.74795007038,..,3878000,..,..
Israel,ISR,1982,YR1982,120.364351369544,7244.51893752661,..,4031000,..,..
Israel,ISR,1984,YR1984,373.215653131363,7355.25317040048,..,4159000,..,..
Israel,ISR,1986,YR1986,47.8885135135135,8320.4734890676,..,4299000,..,..
Israel,ISR,1988,YR1988,16.4028776978417,11831.6680266533,..,4442000,..,..
Israel,ISR,1990,YR1990,17.1858952413557,13284.3794576924,..,4660000,..,..
Israel,ISR,1992,YR1992,12.0156939676313,15482.1005731603,..,5123000,..,..
Israel,ISR,1994,YR1994,12.2755081902506,16776.6124890797,..,5399000,..,..
Israel,ISR,1996,YR1996,11.4166933162775,20180.3770456889,..,5692000,..,5.85106372833252
Israel,ISR,1998,YR1998,5.49190043461083,20157.0966336239,..,5971000,..,7.44680833816528
Israel,ISR,2000,YR2000,1.03264094955491,21660.840378309,6.61731339,6289000,12.69,8.99470901489258
Israel,ISR,2002,YR2002,5.77235772357722,19034.3175740071,6.92267561,6570000,11.19,2.64550256729126
Israel,ISR,2004,YR2004,-0.381637771235433,20546.2291718399,6.80059671,6809000,4.2,4.36893224716187
Israel,ISR,2006,YR2006,2.06352636127917,22502.0722209991,6.70972347,7053700,8.25,7.72946882247925
Israel,ISR,2008,YR2008,4.55216016859853,30176.2865128483,6.82830238,7308800,6.84,8.65384578704834
Israel,ISR,2010,YR2010,2.69137006338376,31338.5568903917,6.88817596,7623600,..,4.26540279388428
Israel,ISR,2012,YR2012,1.67920719398061,33236.5731239421,6.97648525,7910500,3.96,7.10900497436523
Israel,ISR,2014,YR2014,0.479786761439324,38230.4954049785,7.04530668,8215700,5.08,8.09523773193359
Israel,ISR,2016,YR2016,-0.551552352993558,37556.6272863143,7.09562969,8546000,6.13,10.9523811340332
Israel,ISR,2018,YR2018,0.794075660242718,42233.2610344935,7.22799444,8882800,..,10.8490562438965
Israel,ISR,2020,YR2020,-0.61441235846577,44679.7715799755,7.70120192,9215100,..,10.8490562438965
Israel,ISR,2022,YR2022,4.39359665912654,54930.7261602593,7.34161806,9557500,5.81,8.49056625366211
Israel,ISR,2024,YR2024,3.07052614744924,..,..,..,..,..
Italy,ITA,1960,YR1960,2.3501614137705,836.905850281885,..,50199700,..,..
Italy,ITA,1962,YR1962,4.69114360740471,1030.15800343763,..,50879450,..,..
Italy,ITA,1964,YR1964,5.91232253218587,1271.80119301518,..,51675350,..,..
Italy,ITA,1966,YR1966,2.34658893413318,1458.94713889011,..,52519000,..,..
Italy,ITA,1968,YR1968,1.27731335390797,1718.49646427147,..,53235750,..,..
Italy,ITA,1970,YR1970,4.96831987329335,2111.71986404332,..,53821850,..,..
Italy,ITA,1972,YR1972,5.74950393730007,2677.29372999774,..,54381345,..,..
Italy,ITA,1974,YR1974,19.1597695854699,3629.49182319594,..,55110868,..,..
Italy,ITA,1976,YR1976,16.6141664725788,4042.39482463789,..,55718260,..,..
Italy,ITA,1978,YR1978,12.0940138425074,5623.42917622719,..,56155143,..,..
Italy,ITA,1980,YR1980,21.0641682770745,8476.41045000836,..,56433883,..,..
Italy,ITA,1982,YR1982,16.4804146202214,7573.93967597775,..,56543548,..,..
Italy,ITA,1984,YR1984,10.7944960076811,7757.55374836822,..,56576718,..,..
Italy,ITA,1986,YR1986,5.82354691862017,11341.0939892903,..,56596155,..,..
Italy,ITA,1988,YR1988,5.05824747667119,15780.9495122174,..,56629288,..,..
Italy,ITA,1990,YR1990,6.456609061464,20873.7834092719,..,56719240,..,..
Italy,ITA,1992,YR1992,5.2705899859293,23297.0460325456,..,56797087,..,..
Italy,ITA,1994,YR1994,4.05184218065716,19382.2002150155,..,56843400,..,..
Italy,ITA,1996,YR1996,4.0069766898104,23122.9337219116,..,56860281,..,61.7021293640137
Italy,ITA,1998,YR1998,1.95508557719381,22365.1837644545,..,56906744,..,67.5531921386719
Italy,ITA,2000,YR2000,2.53768532095002,20190.0035636084,7.56665516,56942108,7.93,62.4338607788086
Italy,ITA,2002,YR2002,2.46532319171165,22463.5222129968,7.86693573,57059007,6.42,59.7883605957031
Italy,ITA,2004,YR2004,2.20673661423657,31425.8208728669,8.16549301,57685327,6.85,38.3495140075684
Italy,ITA,2006,YR2006,2.09084391012754,33684.7200358552,8.43673038,58143979,7.24,49.2753639221191
Italy,ITA,2008,YR2008,3.34783258401022,41095.4063415012,8.53282356,58826731,5.94,49.038459777832
Italy,ITA,2010,YR2010,1.52551602118248,36184.7118698678,8.91602039,59277417,6.3,49.7630348205566
Italy,ITA,2012,YR2012,3.04136333226775,35235.7989058242,8.78352833,59539717,5.6,50.7108993530273
Italy,ITA,2014,YR2014,0.241047429826756,35750.7197500382,8.86791801,60789140,5.72,50.476188659668
Italy,ITA,2016,YR2016,-0.09401665691575,31126.3246947273,8.72533035,60627498,5.32,48.0952377319336
Italy,ITA,2018,YR2018,1.13748763600391,34746.3441392416,8.68187714,60421760,5.24,45.2830200195312
Italy,ITA,2020,YR2020,-0.13770757391651,32091.4866621366,9.62485981,59438851,2.21,48.113208770752
Italy,ITA,2022,YR2022,8.20128991161718,35635.7442204098,9.02753067,59013667,4.06,49.0566024780273
Italy,ITA,2024,YR2024,0.982373023061417,..,..,..,..,..
Jamaica,JAM,1960,YR1960,3.27424913835588,423.674098184095,..,1650005,..,..
Jamaica,JAM,1962,YR1962,1.40750670241315,458.313997796567,..,1696932,..,..
Jamaica,JAM,1964,YR1964,2.01342281879186,514.416511313452,..,1745568,..,..
Jamaica,JAM,1966,YR1966,1.90239867659225,612.210363692586,..,1791475,..,..
Jamaica,JAM,1968,YR1968,5.92869805002995,591.045817173244,..,1833765,..,..
Jamaica,JAM,1970,YR1970,14.7280041962567,747.909399172491,..,1878196,..,..
Jamaica,JAM,1972,YR1972,5.42770299630751,970.802906405502,..,1931542,..,..
Jamaica,JAM,1974,YR1974,27.1581894550216,1192.98569350958,..,1990906,..,..
Jamaica,JAM,1976,YR1976,9.79365327534651,1449.977882067,..,2045578,..,..
Jamaica,JAM,1978,YR1978,34.8998015240508,1262.40327239465,..,2094836,..,..
Jamaica,JAM,1980,YR1980,27.3081589882307,1248.74484727418,..,2145658,..,..
Jamaica,JAM,1982,YR1982,6.54540796720066,1494.40208283218,..,2203889,..,..
Jamaica,JAM,1984,YR1984,27.8147693237453,1048.13405395534,..,2264562,..,..
Jamaica,JAM,1986,YR1986,15.1053754209796,1191.34976782142,..,2312125,..,..
Jamaica,JAM,1988,YR1988,8.26676574400908,1632.01481656159,..,2345777,..,..
Jamaica,JAM,1990,YR1990,21.9601751165083,1929.59891905857,..,2379877,..,..
Jamaica,JAM,1992,YR1992,77.2965929559651,1458.10146892635,..,2424701,..,..
Jamaica,JAM,1994,YR1994,35.0633942484772,2202.85831038471,..,2475220,..,..
Jamaica,JAM,1996,YR1996,26.4066566074043,2928.89692611996,..,2524463,23.62,28.7234039306641
Jamaica,JAM,1998,YR1998,8.63189613012144,3419.49352868739,..,2569736,..,30.319149017334
Jamaica,JAM,2000,YR2000,8.17108356120225,3453.09252800226,5.64462519,2607826,15.39,32.8042335510254
Jamaica,JAM,2002,YR2002,7.07635009310985,3680.64551727724,4.74544334,2640572,15.64,25.3968257904053
Jamaica,JAM,2004,YR2004,13.5545023696682,3807.56293124552,4.80435276,2672225,15.86,21.3592224121094
Jamaica,JAM,2006,YR2006,8.56106408706157,4417.00127135363,4.20788145,2700968,15.85,23.1884059906006
Jamaica,JAM,2008,YR2008,22.0228384991843,5029.80095281745,5.61143064,2725635,..,20.1923084259033
Jamaica,JAM,2010,YR2010,12.6105519975603,4809.977380312,5.2951932,2748568,13.91,19.9052124023438
Jamaica,JAM,2012,YR2012,6.87397708674309,5340.83333232158,4.88512897,2772430,15.98,37.9146919250488
Jamaica,JAM,2014,YR2014,8.27407886231419,4975.11326954633,5.16564465,2793749,..,35.238094329834
Jamaica,JAM,2016,YR2016,2.35102197485846,5009.79450059092,5.70102215,2809915,18.94,45.238094329834
Jamaica,JAM,2018,YR2018,3.73663882152163,5578.10346083169,5.96798849,2820097,..,50
Jamaica,JAM,2020,YR2020,5.2267777929352,4879.44024631319,6.62580395,2830739,15.86,43.3962249755859
Jamaica,JAM,2022,YR2022,10.3495688391272,6022.15341099999,7.77706337,2839144,18.33,45.7547187805176
Jamaica,JAM,2024,YR2024,5.41194447981659,..,..,..,..,..
Japan,JPN,1960,YR1960,3.5745115253591,508.702779291773,..,93216000,..,..
Japan,JPN,1962,YR1962,6.8354403481973,684.565509797705,..,94933000,..,..
Japan,JPN,1964,YR1964,3.80038945305753,902.867721515126,..,96903000,..,..
Japan,JPN,1966,YR1966,5.04083205887676,1143.60789652395,..,98851000,..,..
Japan,JPN,1968,YR1968,5.33943295739344,1553.27139379996,..,101011000,..,..
Japan,JPN,1970,YR1970,6.92417383485781,2100.74807036009,..,103403000,..,..
Japan,JPN,1972,YR1972,4.84351713859905,3031.43860570759,..,107188000,..,..
Japan,JPN,1974,YR1974,23.2222458076842,4448.31965623627,..,110162000,..,..
Japan,JPN,1976,YR1976,9.37403638606234,5310.43140904992,..,112775000,..,..
Japan,JPN,1978,YR1978,4.20956601068681,9012.13603523182,..,114913000,..,..
Japan,JPN,1980,YR1980,7.77858176555718,9668.74626395709,..,116807000,..,..
Japan,JPN,1982,YR1982,2.7410409556314,9779.97490636267,..,118480000,..,..
Japan,JPN,1984,YR1984,2.26161369193155,11207.4523524293,..,120083000,..,..
Japan,JPN,1986,YR1986,0.595586799453249,17451.8349394142,..,121482000,..,..
Japan,JPN,1988,YR1988,0.678557580457558,25499.8811728107,..,122578000,7.14,..
Japan,JPN,1990,YR1990,3.0785162869516,25801.3950393094,..,123478000,7.44,..
Japan,JPN,1992,YR1992,1.7602830605927,31992.7902119161,..,124425000,7.37,..
Japan,JPN,1994,YR1994,0.695458057869004,39933.5150564874,..,125178000,7.61,..
Japan,JPN,1996,YR1996,0.136600358575909,39150.0396308089,..,125757000,9.82,63.2978706359863
Japan,JPN,1998,YR1998,0.661974191385911,32423.7556133801,..,126400000,11.27,69.1489334106445
Japan,JPN,2000,YR2000,-0.676578683595175,39169.3595701504,7.03456163,126843000,14.3,70.8994674682617
Japan,JPN,2002,YR2002,-0.923494026942321,32820.7936433254,7.35235405,127445000,14.87,70.3703689575195
Japan,JPN,2004,YR2004,-0.00857338820310272,38298.9801712303,7.53518438,127761000,13.69,63.5922317504883
Japan,JPN,2006,YR2006,0.249355116079085,35991.546002862,7.68688869,127854000,12.63,68.1159439086914
Japan,JPN,2008,YR2008,1.3800788616492,39876.3039685725,8.08909321,128063000,10.82,61.0576934814453
Japan,JPN,2010,YR2010,-0.728243207517779,44968.1562349739,9.0630064,128070000,9.36,62.5592422485352
Japan,JPN,2012,YR2012,-0.0440645104432602,49145.2804308193,10.67169094,127629000,10.71,64.4549789428711
Japan,JPN,2014,YR2014,2.75922671353253,38475.3952461838,10.7290144,127276000,11.4,67.6190490722656
Japan,JPN,2016,YR2016,-0.127258844489754,39375.4731620781,10.65891552,127076000,10.81,65.7142868041992
Japan,JPN,2018,YR2018,0.989094598021848,39751.1330982711,10.73988247,126811000,12.53,68.8679275512695
Japan,JPN,2020,YR2020,-0.024995834027731,40040.7655055923,11.20903683,126261000,8.34,67.9245300292969
Japan,JPN,2022,YR2022,2.49770278172255,34017.2718075024,11.42183685,125124989,7.3,68.8679275512695
Japan,JPN,2024,YR2024,2.73853681635241,..,..,..,..,..
Jordan,JOR,1960,YR1960,..,..,..,853471,..,..
Jordan,JOR,1962,YR1962,..,..,..,940554,..,..
Jordan,JOR,1964,YR1964,..,..,..,1035640,..,..
Jordan,JOR,1966,YR1966,..,558.402981092455,..,1178360,..,..
Jordan,JOR,1968,YR1968,..,408.842352820548,..,1372460,..,..
Jordan,JOR,1970,YR1970,5.89999999899992,408.596257509347,..,1565163,..,..
Jordan,JOR,1972,YR1972,7.6576576576576,459.874244108895,..,1714555,..,..
Jordan,JOR,1974,YR1974,19.4277108435204,651.095948462669,..,1839182,..,..
Jordan,JOR,1976,YR1976,11.4999999999997,872.506019353732,..,1958177,..,..
Jordan,JOR,1978,YR1978,6.92152129952408,1248.90326044987,..,2083595,..,..
Jordan,JOR,1980,YR1980,11.1111111111113,1750.09801076564,..,2234186,..,..
Jordan,JOR,1982,YR1982,7.42804085422491,1928.87589643338,..,2426927,..,..
Jordan,JOR,1984,YR1984,3.84747273837611,1871.09074979987,..,2654688,..,..
Jordan,JOR,1986,YR1986,0,2200.10278230881,..,2909887,..,..
Jordan,JOR,1988,YR1988,6.61322645290578,1965.98031813995,..,3193039,..,..
Jordan,JOR,1990,YR1990,16.1921375615233,1148.59005469899,..,3621908,..,..
Jordan,JOR,1992,YR1992,3.9958356055719,1286.6347360596,..,4127693,..,..
Jordan,JOR,1994,YR1994,3.51669624132886,1367.18721776691,..,4561406,..,..
Jordan,JOR,1996,YR1996,6.50121802679586,1410.17424189419,..,4912516,..,23.4042549133301
Jordan,JOR,1998,YR1998,3.09166666666703,1532.11380395602,..,5164284,..,30.319149017334
Jordan,JOR,2000,YR2000,0.66688092559796,1570.61002940477,9.34367943,5386945,27.86,29.100528717041
Jordan,JOR,2002,YR2002,1.83299389002049,1706.26744384401,9.2786417,5616066,21.67,20.1058197021484
Jordan,JOR,2004,YR2004,3.36186821476601,1940.08641342805,8.74670506,5882061,20.5,23.3009700775146
Jordan,JOR,2006,YR2006,6.25172466656443,2342.63459574933,7.67925692,6427371,14.33,13.5265703201294
Jordan,JOR,2008,YR2008,13.9712310012729,3241.6524135556,8.48880577,6989866,14.47,19.7115383148193
Jordan,JOR,2010,YR2010,4.84551875852116,3718.46571622945,8.17025661,7297043,19,24.1706161499023
Jordan,JOR,2012,YR2012,4.5152295667099,4169.50470054618,7.81799555,7587127,17.87,19.4312801361084
Jordan,JOR,2014,YR2014,2.89947905006057,4191.18050084986,7.20892906,8791710,9.09,17.1428565979004
Jordan,JOR,2016,YR2016,-0.778430463054142,3986.71677010853,6.97644138,10006367,9.27,17.1428565979004
Jordan,JOR,2018,YR2018,4.46231108475481,4145.43989673265,6.98295021,10462306,..,20.2830181121826
Jordan,JOR,2020,YR2020,0.333294350628378,4022.0401356135,7.11578226,10865228,12.15,23.5849056243896
Jordan,JOR,2022,YR2022,4.22915568897117,4332.25159897931,6.82820034,11256263,14.34,25
Jordan,JOR,2024,YR2024,..,..,..,..,..,..
Kazakhstan,KAZ,1960,YR1960,..,..,..,9429981,..,..
Kazakhstan,KAZ,1962,YR1962,..,..,..,10058928,..,..
Kazakhstan,KAZ,1964,YR1964,..,..,..,10690309,..,..
Kazakhstan,KAZ,1966,YR1966,..,..,..,11288989,..,..
Kazakhstan,KAZ,1968,YR1968,..,..,..,11879182,..,..
Kazakhstan,KAZ,1970,YR1970,..,..,..,12419057,..,..
Kazakhstan,KAZ,1972,YR1972,..,..,..,12951798,..,..
Kazakhstan,KAZ,1974,YR1974,..,..,..,13454570,..,..
Kazakhstan,KAZ,1976,YR1976,..,..,..,13998738,..,..
Kazakhstan,KAZ,1978,YR1978,..,..,..,14711497,..,..
Kazakhstan,KAZ,1980,YR1980,..,..,..,15152949,..,..
Kazakhstan,KAZ,1982,YR1982,..,..,..,15492595,..,..
Kazakhstan,KAZ,1984,YR1984,..,..,..,15844621,..,..
Kazakhstan,KAZ,1986,YR1986,..,..,..,16262702,..,..
Kazakhstan,KAZ,1988,YR1988,..,..,..,16781168,..,..
Kazakhstan,KAZ,1990,YR1990,..,1570.00883112591,..,17154054,..,..
Kazakhstan,KAZ,1992,YR1992,..,1437.59848100913,..,17332625,..,..
Kazakhstan,KAZ,1994,YR1994,1877.37239517571,1246.83633018218,..,17043771,..,..
Kazakhstan,KAZ,1996,YR1996,39.1825423654111,1281.39152895397,..,16416027,..,16.4893608093262
Kazakhstan,KAZ,1998,YR1998,7.14632665452335,1414.59289652597,..,15647785,..,32.9787216186523
Kazakhstan,KAZ,2000,YR2000,13.1808905865732,1180.0444563226,4.16032362,15501103,..,30.6878299713135
Kazakhstan,KAZ,2002,YR2002,5.83692452105644,1573.55219932325,3.61481094,15656677,..,41.2698402404785
Kazakhstan,KAZ,2004,YR2004,6.882054389819,2722.47407755402,3.98307943,15850159,3.41,30.0970878601074
Kazakhstan,KAZ,2006,YR2006,8.72169386091733,5030.13494711519,3.39824891,16103716,..,40.0966186523438
Kazakhstan,KAZ,2008,YR2008,17.139899777207,8123.54705891736,3.02569818,16426525,6.96,52.8846168518066
Kazakhstan,KAZ,2010,YR2010,7.40046356341398,8793.07589980782,2.73641348,16836810,7.86,50.7108993530273
Kazakhstan,KAZ,2012,YR2012,5.19568369035072,12018.7966527993,3.03725958,17306106,7.32,21.8009471893311
Kazakhstan,KAZ,2014,YR2014,6.84944977003349,12427.7094576939,2.97468472,17816285,6.13,36.1904754638672
Kazakhstan,KAZ,2016,YR2016,14.3610942386247,7475.56688689424,3.42235589,18363600,4.93,32.8571434020996
Kazakhstan,KAZ,2018,YR2018,6.16366247577751,9472.48527327758,2.8178606,18932727,4.65,32.0754699707031
Kazakhstan,KAZ,2020,YR2020,6.71815454861464,8781.50797787648,3.75300956,19482117,4.33,24.5283012390137
Kazakhstan,KAZ,2022,YR2022,15.0278644440851,11255.3396437881,3.74026752,20034609,4.87,16.9811325073242
Kazakhstan,KAZ,2024,YR2024,4.85655589318192,..,..,..,..,..
Kenya,KEN,1960,YR1960,1.24378109452731,102.824417465582,..,7695307,..,..
Kenya,KEN,1962,YR1962,3.11750599520378,104.600455936259,..,8299308,..,..
Kenya,KEN,1964,YR1964,-0.0993048669314341,111.300544823892,..,8973535,..,..
Kenya,KEN,1966,YR1966,5.01439539323414,119.833476389359,..,9717816,..,..
Kenya,KEN,1968,YR1968,0.366711570051019,128.654646882243,..,10518823,..,..
Kenya,KEN,1970,YR1970,2.18852703907439,141.039390962597,..,11368791,..,..
Kenya,KEN,1972,YR1972,5.83164474311005,172.642044778441,..,12206060,..,..
Kenya,KEN,1974,YR1974,17.8099480331818,227.233442066411,..,13070078,..,..
Kenya,KEN,1976,YR1976,11.4490304932756,248.935108198575,..,13957623,..,..
Kenya,KEN,1978,YR1978,16.9317824582842,355.141982232607,..,14934126,..,..
Kenya,KEN,1980,YR1980,13.8581814562484,453.558973444809,..,16018459,..,..
Kenya,KEN,1982,YR1982,20.6667146662827,373.794835688888,..,17206175,..,..
Kenya,KEN,1984,YR1984,10.284098213138,334.40283575753,..,18514906,..,..
Kenya,KEN,1986,YR1986,2.53427598892888,363.745117772717,..,19901646,..,..
Kenya,KEN,1988,YR1988,12.2649630481582,391.238771204282,..,21356219,..,..
Kenya,KEN,1990,YR1990,17.78181442992,374.458992895562,..,22892651,..,..
Kenya,KEN,1992,YR1992,27.3323644475784,336.68139978696,..,24382460,..,..
Kenya,KEN,1994,YR1994,28.8143894306731,276.447871981244,..,25857130,32.16,..
Kenya,KEN,1996,YR1996,8.86408741577522,440.527078880876,..,27344211,..,9.57446765899658
Kenya,KEN,1998,YR1998,6.72243650753928,487.883239905452,..,28888057,..,10.1063833236694
Kenya,KEN,2000,YR2000,9.98002515350979,414.626365130846,3.62446713,30642890,20.15,7.93650770187378
Kenya,KEN,2002,YR2002,1.96130821739162,402.936385605382,3.82154393,32629808,20.3,5.29100513458252
Kenya,KEN,2004,YR2004,11.6240355442426,463.662781300121,4.21154118,34713455,20.29,5.82524251937866
Kenya,KEN,2006,YR2006,14.4537342081708,699.80237063381,5.01337528,36904008,15.27,8.21256065368652
Kenya,KEN,2008,YR2008,26.2398166445063,915.54435473604,5.19043827,39206351,16.13,7.692307472229
Kenya,KEN,2010,YR2010,3.96138889115385,1091.51873101194,5.38849831,41598567,17.09,8.05687236785889
Kenya,KEN,2012,YR2012,9.37777003547598,1285.00536171512,5.0180583,43888303,17.41,5.68720388412476
Kenya,KEN,2014,YR2014,6.87815499275949,1482.81566253497,4.91267347,46051440,16.88,7.61904764175415
Kenya,KEN,2016,YR2016,6.29724953814625,1554.12610314423,4.75429106,48139687,16.74,7.14285707473755
Kenya,KEN,2018,YR2018,4.6898064677633,1836.45275528993,4.09903383,50207107,17.63,7.54716968536377
Kenya,KEN,2020,YR2020,5.40516207933392,1927.66459027849,4.49248838,52217334,17.3,10.3773584365845
Kenya,KEN,2022,YR2022,7.65986268272224,2109.56288513137,4.32603645,54252461,22.2,10.8490562438965
Kenya,KEN,2024,YR2024,4.48978854243448,..,..,..,..,..
Kiribati,KIR,1960,YR1960,..,..,..,47157,..,..
Kiribati,KIR,1962,YR1962,..,..,..,49538,..,..
Kiribati,KIR,1964,YR1964,..,..,..,52088,..,..
Kiribati,KIR,1966,YR1966,..,..,..,54425,..,..
Kiribati,KIR,1968,YR1968,..,..,..,55529,..,..
Kiribati,KIR,1970,YR1970,..,201.023774667798,..,57510,..,..
Kiribati,KIR,1972,YR1972,..,256.187000109277,..,59778,..,..
Kiribati,KIR,1974,YR1974,..,1131.29075149996,..,61219,..,..
Kiribati,KIR,1976,YR1976,..,548.075641711172,..,60661,..,..
Kiribati,KIR,1978,YR1978,..,610.783852582543,..,59864,..,..
Kiribati,KIR,1980,YR1980,..,542.253599617514,..,61148,..,..
Kiribati,KIR,1982,YR1982,..,518.62249584629,..,63134,..,..
Kiribati,KIR,1984,YR1984,..,527.291455228898,..,65228,..,..
Kiribati,KIR,1986,YR1986,..,381.918758641144,..,68059,..,..
Kiribati,KIR,1988,YR1988,..,535.915134580045,..,71427,..,..
Kiribati,KIR,1990,YR1990,..,488.067527876014,..,74855,..,..
Kiribati,KIR,1992,YR1992,..,791.996422129169,..,77641,..,..
Kiribati,KIR,1994,YR1994,..,837.972073850342,..,80021,..,..
Kiribati,KIR,1996,YR1996,..,985.885799103975,..,82623,..,..
Kiribati,KIR,1998,YR1998,..,874.484573921122,..,85657,..,..
Kiribati,KIR,2000,YR2000,..,845.367556128631,7.77379847,88613,..,..
Kiribati,KIR,2002,YR2002,..,810.108949976176,11.4402895,92264,..,..
Kiribati,KIR,2004,YR2004,..,1083.26858963731,12.17176056,96085,..,63.5922317504883
Kiribati,KIR,2006,YR2006,..,1123.19268258743,11.30852318,100017,..,68.1159439086914
Kiribati,KIR,2008,YR2008,13.6653995252441,1410.62249506033,13.51428604,104222,..,71.6346130371094
Kiribati,KIR,2010,YR2010,-3.89955040651649,1522.10110213175,8.76666641,108704,..,78.1990509033203
Kiribati,KIR,2012,YR2012,-3.04586292775571,1843.55346948038,7.94999981,112284,..,70.1421813964844
Kiribati,KIR,2014,YR2014,2.10398520925043,1736.7053011433,8.9549551,115326,..,59.0476188659668
Kiribati,KIR,2016,YR2016,1.91731090233378,1742.66812442095,9.04265118,118478,..,58.5714302062988
Kiribati,KIR,2018,YR2018,0.564030491493476,1912.73798131035,10.89694214,122084,..,64.1509399414062
Kiribati,KIR,2020,YR2020,2.5532455441463,1769.43211760217,13.53000164,126099,..,68.8679275512695
Kiribati,KIR,2022,YR2022,5.34595440908904,2075.90844085067,10.49855042,130469,..,69.8113174438477
Kiribati,KIR,2024,YR2024,..,..,..,..,..,..
"Korea, Dem. People's Rep.",PRK,1960,YR1960,..,..,..,11722953,..,..
"Korea, Dem. People's Rep.",PRK,1962,YR1962,..,..,..,12262882,..,..
"Korea, Dem. People's Rep.",PRK,1964,YR1964,..,..,..,12889770,..,..
"Korea, Dem. People's Rep.",PRK,1966,YR1966,..,..,..,13569094,..,..
"Korea, Dem. People's Rep.",PRK,1968,YR1968,..,..,..,14365596,..,..
"Korea, Dem. People's Rep.",PRK,1970,YR1970,..,..,..,15172775,..,..
"Korea, Dem. People's Rep.",PRK,1972,YR1972,..,..,..,15975069,..,..
"Korea, Dem. People's Rep.",PRK,1974,YR1974,..,..,..,16673121,..,..
"Korea, Dem. People's Rep.",PRK,1976,YR1976,..,..,..,17243450,..,..
"Korea, Dem. People's Rep.",PRK,1978,YR1978,..,..,..,17735995,..,..
"Korea, Dem. People's Rep.",PRK,1980,YR1980,..,..,..,18236786,..,..
"Korea, Dem. People's Rep.",PRK,1982,YR1982,..,..,..,18776357,..,..
"Korea, Dem. People's Rep.",PRK,1984,YR1984,..,..,..,19335043,..,..
"Korea, Dem. People's Rep.",PRK,1986,YR1986,..,..,..,19910855,..,..
"Korea, Dem. People's Rep.",PRK,1988,YR1988,..,..,..,20503161,..,..
"Korea, Dem. People's Rep.",PRK,1990,YR1990,..,..,..,21112137,..,..
"Korea, Dem. People's Rep.",PRK,1992,YR1992,..,..,..,21750911,..,..
"Korea, Dem. People's Rep.",PRK,1994,YR1994,..,..,..,22393975,..,..
"Korea, Dem. People's Rep.",PRK,1996,YR1996,..,..,..,22895746,..,11.702127456665
"Korea, Dem. People's Rep.",PRK,1998,YR1998,..,..,..,23311564,..,15.957447052002
"Korea, Dem. People's Rep.",PRK,2000,YR2000,..,..,..,23665910,..,25.9259262084961
"Korea, Dem. People's Rep.",PRK,2002,YR2002,..,..,..,23943973,..,30.1587295532227
"Korea, Dem. People's Rep.",PRK,2004,YR2004,..,..,..,24254943,..,35.4368934631348
"Korea, Dem. People's Rep.",PRK,2006,YR2006,..,..,..,24524507,..,29.468599319458
"Korea, Dem. People's Rep.",PRK,2008,YR2008,..,..,..,24764618,..,43.75
"Korea, Dem. People's Rep.",PRK,2010,YR2010,..,..,..,24987258,..,22.274881362915
"Korea, Dem. People's Rep.",PRK,2012,YR2012,..,..,..,25211728,..,33.6492881774902
"Korea, Dem. People's Rep.",PRK,2014,YR2014,..,..,..,25451262,..,8.09523773193359
"Korea, Dem. People's Rep.",PRK,2016,YR2016,..,..,..,25698326,..,13.3333330154419
"Korea, Dem. People's Rep.",PRK,2018,YR2018,..,..,..,25931147,..,20.7547168731689
"Korea, Dem. People's Rep.",PRK,2020,YR2020,..,..,..,26136312,..,20.2830181121826
"Korea, Dem. People's Rep.",PRK,2022,YR2022,..,..,..,26328845,..,16.9811325073242
"Korea, Dem. People's Rep.",PRK,2024,YR2024,..,..,..,..,..,..
"Korea, Rep.",KOR,1960,YR1960,7.96556575482592,158.274135881229,..,25012374,..,..
"Korea, Rep.",KOR,1962,YR1962,6.61831097492391,106.159702780685,..,26513030,..,..
"Korea, Rep.",KOR,1964,YR1964,29.4628314500798,123.606374492665,..,27984155,..,..
"Korea, Rep.",KOR,1966,YR1966,11.261384877581,133.479834432364,..,29435571,..,..
"Korea, Rep.",KOR,1968,YR1968,10.7718213969351,198.434884397043,..,30838302,..,..
"Korea, Rep.",KOR,1970,YR1970,15.9503423646945,279.308746302217,..,32240827,..,..
"Korea, Rep.",KOR,1972,YR1972,11.6889866806845,324.192811178745,..,33505406,..,..
"Korea, Rep.",KOR,1974,YR1974,24.3041995402397,563.352475775669,..,34692266,..,..
"Korea, Rep.",KOR,1976,YR1976,15.3273205213194,834.134207951691,..,35848523,..,..
"Korea, Rep.",KOR,1978,YR1978,14.4602850195024,1405.82237444554,..,36969185,..,..
"Korea, Rep.",KOR,1980,YR1980,28.6976086362017,1715.42239973641,..,38123775,..,..
"Korea, Rep.",KOR,1982,YR1982,7.1908466400687,1992.51677784629,..,39326352,..,..
"Korea, Rep.",KOR,1984,YR1984,2.27395640001863,2413.27650109593,..,40405956,..,..
"Korea, Rep.",KOR,1986,YR1986,2.74998096063357,2834.89033966815,..,41213674,..,..
"Korea, Rep.",KOR,1988,YR1988,7.14609773721605,4748.64064406123,..,42031247,19.02,..
"Korea, Rep.",KOR,1990,YR1990,8.57327225728677,6609.99728316175,..,42869283,13.81,..
"Korea, Rep.",KOR,1992,YR1992,6.21328146355184,8126.66206183629,..,43747962,13,..
"Korea, Rep.",KOR,1994,YR1994,6.26585950039679,10385.3904572997,..,44641540,..,..
"Korea, Rep.",KOR,1996,YR1996,4.92454354292754,13402.994604707,..,45524681,21,46.2765960693359
"Korea, Rep.",KOR,1998,YR1998,7.51358008079307,8281.71948271445,..,46286503,21.82,42.5531921386719
"Korea, Rep.",KOR,2000,YR2000,2.25916580080157,12257.0206622345,3.85544205,47008111,21.47,40.7407417297363
"Korea, Rep.",KOR,2002,YR2002,2.76226210296599,13165.08362497,4.05226278,47644736,21.08,39.1534385681152
"Korea, Rep.",KOR,2004,YR2004,3.59066298882578,16496.1316167114,4.60466433,48082519,21.25,43.6893196105957
"Korea, Rep.",KOR,2006,YR2006,2.24234028518921,21743.4774514254,5.16117191,48438292,21.61,46.3768119812012
"Korea, Rep.",KOR,2008,YR2008,4.67389655533408,21350.427979823,5.39977121,49054708,24.7,44.711540222168
"Korea, Rep.",KOR,2010,YR2010,2.93928652655686,23079.2601257735,6.02606916,49554112,25.61,43.1279602050781
"Korea, Rep.",KOR,2012,YR2012,2.18707104433314,25459.1689000965,6.17752457,50199853,26.05,41.2322273254395
"Korea, Rep.",KOR,2014,YR2014,1.27477446401322,29252.9312377352,6.50225973,50746659,21.68,36.6666679382324
"Korea, Rep.",KOR,2016,YR2016,0.971685739912168,29280.4403170048,6.89293242,51217803,31.29,38.5714302062988
"Korea, Rep.",KOR,2018,YR2018,1.47583935002645,33447.1562836166,7.46262026,51585058,20.61,56.6037750244141
"Korea, Rep.",KOR,2020,YR2020,0.537288023411737,31721.2989141857,8.3554945,51836239,21.11,55.6603775024414
"Korea, Rep.",KOR,2022,YR2022,5.08951365062842,32394.6833725203,9.43414211,51672569,23.76,51.886791229248
"Korea, Rep.",KOR,2024,YR2024,2.32174328643542,..,..,..,..,..
Kosovo,XKX,1960,YR1960,..,..,..,984846,..,..
Kosovo,XKX,1962,YR1962,..,..,..,1036950,..,..
Kosovo,XKX,1964,YR1964,..,..,..,1090270,..,..
Kosovo,XKX,1966,YR1966,..,..,..,1152586,..,..
Kosovo,XKX,1968,YR1968,..,..,..,1214208,..,..
Kosovo,XKX,1970,YR1970,..,..,..,1249555,..,..
Kosovo,XKX,1972,YR1972,..,..,..,1301579,..,..
Kosovo,XKX,1974,YR1974,..,..,..,1363123,..,..
Kosovo,XKX,1976,YR1976,..,..,..,1434880,..,..
Kosovo,XKX,1978,YR1978,..,..,..,1516249,..,..
Kosovo,XKX,1980,YR1980,..,..,..,1604818,..,..
Kosovo,XKX,1982,YR1982,..,..,..,1683166,..,..
Kosovo,XKX,1984,YR1984,..,..,..,1756818,..,..
Kosovo,XKX,1986,YR1986,..,..,..,1836972,..,..
Kosovo,XKX,1988,YR1988,..,..,..,1917882,..,..
Kosovo,XKX,1990,YR1990,..,..,..,1973790,..,..
Kosovo,XKX,1992,YR1992,..,..,..,2039723,..,..
Kosovo,XKX,1994,YR1994,..,..,..,2105256,..,..
Kosovo,XKX,1996,YR1996,..,..,..,2168753,..,..
Kosovo,XKX,1998,YR1998,..,..,..,2078964,..,..
Kosovo,XKX,2000,YR2000,..,..,..,1802493,..,..
Kosovo,XKX,2002,YR2002,..,..,..,1829462,..,..
Kosovo,XKX,2004,YR2004,-1.06472696605525,..,..,1822773,..,..
Kosovo,XKX,2006,YR2006,0.621646938601728,..,..,1813079,..,..
Kosovo,XKX,2008,YR2008,9.35041764658178,2877.39331402724,..,1800858,..,41.3461532592773
Kosovo,XKX,2010,YR2010,3.48050763735842,2987.54519574464,..,1788743,..,4.7393364906311
Kosovo,XKX,2012,YR2012,2.47673782156533,3410.65550749316,..,1807126,..,6.16113758087158
Kosovo,XKX,2014,YR2014,0.428957808324092,3902.49424360946,..,1812788,..,22.8571434020996
Kosovo,XKX,2016,YR2016,0.273169431045468,3759.44959067104,..,1777568,..,22.8571434020996
Kosovo,XKX,2018,YR2018,1.05379773654991,4384.18624084947,..,1797086,..,12.7358493804932
Kosovo,XKX,2020,YR2020,0.198227922994854,4310.88824737367,..,1790152,..,21.698112487793
Kosovo,XKX,2022,YR2022,11.5805104542012,5290.94747224687,..,1768096,..,24.5283012390137
Kosovo,XKX,2024,YR2024,1.61944994559476,..,..,..,..,..
Kuwait,KWT,1960,YR1960,..,..,..,311060,..,..
Kuwait,KWT,1962,YR1962,..,4748.39284354226,..,384995,..,..
Kuwait,KWT,1964,YR1964,..,4378.78429775998,..,473115,..,..
Kuwait,KWT,1966,YR1966,..,4176.11038180964,..,572590,..,..
Kuwait,KWT,1968,YR1968,..,3871.94559219275,..,687716,..,..
Kuwait,KWT,1970,YR1970,..,3551.58710706336,..,809114,..,..
Kuwait,KWT,1972,YR1972,..,4835.69104574325,..,920352,..,..
Kuwait,KWT,1974,YR1974,12.9926108375187,12526.6031710726,..,1038346,..,..
Kuwait,KWT,1976,YR1976,5.23504273532376,11141.1981409668,..,1178711,..,..
Kuwait,KWT,1978,YR1978,8.6897451227484,11567.0653748784,..,1340319,..,..
Kuwait,KWT,1980,YR1980,6.92822668563188,19031.9051902,..,1504782,..,..
Kuwait,KWT,1982,YR1982,7.77679842690853,12978.8949980867,..,1662480,..,..
Kuwait,KWT,1984,YR1984,1.17746005046669,11918.6168925905,..,1820688,..,..
Kuwait,KWT,1986,YR1986,0.953606740192038,9076.70885221848,..,1972520,..,..
Kuwait,KWT,1988,YR1988,1.46813288041913,9692.34754600725,..,2134707,..,..
Kuwait,KWT,1990,YR1990,9.83363531543402,10937.5415268808,..,1684819,..,..
Kuwait,KWT,1992,YR1992,-0.54547121378821,12146.19505586,..,1634961,..,..
Kuwait,KWT,1994,YR1994,2.53443526170792,14929.7441110335,..,1664361,..,..
Kuwait,KWT,1996,YR1996,3.55398569684287,18201.0958607918,..,1730246,..,31.9148941040039
Kuwait,KWT,1998,YR1998,0.129658287674027,14066.9509572183,..,1844302,..,40.957447052002
Kuwait,KWT,2000,YR2000,1.81294613887089,19296.3471698729,2.20362997,1954709,..,54.4973526000977
Kuwait,KWT,2002,YR2002,0.888450148074907,18512.7523035862,3.12441754,2059974,1.2,26.4550266265869
Kuwait,KWT,2004,YR2004,1.24856443679889,27552.2827399787,2.35702467,2157320,4.12,39.8058242797852
Kuwait,KWT,2006,YR2006,3.05701339166722,42946.6374104066,1.8213098,2364733,3.92,45.4106292724609
Kuwait,KWT,2008,YR2008,10.5827097865144,55585.1889344442,1.92400301,2651421,3.23,47.1153831481934
Kuwait,KWT,2010,YR2010,4.49640287769787,39212.2726673435,2.67879915,2943372,4.02,47.8672981262207
Kuwait,KWT,2012,YR2012,3.25514600287211,52155.2225460479,2.33311439,3337109,3.67,39.8104248046875
Kuwait,KWT,2014,YR2014,2.90892672858625,44368.781373043,2.9159987,3665876,3.31,38.0952377319336
Kuwait,KWT,2016,YR2016,3.19839776658374,27323.6890643847,4.73096323,4004096,3.22,30.9523811340332
Kuwait,KWT,2018,YR2018,0.543133148199567,32067.9623689512,5.18862629,4323515,3.58,37.2641525268555
Kuwait,KWT,2020,YR2020,2.101729548274,25236.0755520534,6.23488235,4400267,3.14,41.9811325073242
Kuwait,KWT,2022,YR2022,3.98064961990313,40077.238047746,4.26875782,4589643,4.39,45.2830200195312
Kuwait,KWT,2024,YR2024,2.89855072463762,..,..,..,..,..
Kyrgyz Republic,KGZ,1960,YR1960,..,..,..,2172300,..,..
Kyrgyz Republic,KGZ,1962,YR1962,..,..,..,2333400,..,..
Kyrgyz Republic,KGZ,1964,YR1964,..,..,..,2495300,..,..
Kyrgyz Republic,KGZ,1966,YR1966,..,..,..,2655300,..,..
Kyrgyz Republic,KGZ,1968,YR1968,..,..,..,2818300,..,..
Kyrgyz Republic,KGZ,1970,YR1970,..,..,..,2959900,..,..
Kyrgyz Republic,KGZ,1972,YR1972,..,..,..,3088200,..,..
Kyrgyz Republic,KGZ,1974,YR1974,..,..,..,3223900,..,..
Kyrgyz Republic,KGZ,1976,YR1976,..,..,..,3358700,..,..
Kyrgyz Republic,KGZ,1978,YR1978,..,..,..,3487100,..,..
Kyrgyz Republic,KGZ,1980,YR1980,..,..,..,3617400,..,..
Kyrgyz Republic,KGZ,1982,YR1982,..,..,..,3759300,..,..
Kyrgyz Republic,KGZ,1984,YR1984,..,..,..,3916400,..,..
Kyrgyz Republic,KGZ,1986,YR1986,..,..,..,4066500,..,..
Kyrgyz Republic,KGZ,1988,YR1988,..,..,..,4218400,..,..
Kyrgyz Republic,KGZ,1990,YR1990,..,605.798144966488,..,4391236,..,..
Kyrgyz Republic,KGZ,1992,YR1992,..,512.766797900164,..,4515399.5,..,..
Kyrgyz Republic,KGZ,1994,YR1994,..,372.48180119768,..,4515068.5,..,..
Kyrgyz Republic,KGZ,1996,YR1996,31.9473377218567,394.856922269739,..,4628437.5,..,19.680850982666
Kyrgyz Republic,KGZ,1998,YR1998,10.4573825846721,345.13708226961,..,4769014.5,..,18.6170215606689
Kyrgyz Republic,KGZ,2000,YR2000,18.7007342838023,279.621767006739,4.41414976,4898361.5,6.2,19.0476188659668
Kyrgyz Republic,KGZ,2002,YR2002,2.13420986310243,321.726775366804,4.59219551,4990704,8.28,12.6984128952026
Kyrgyz Republic,KGZ,2004,YR2004,4.11065084723381,433.233915720699,6.20281315,5104712.5,..,4.85436916351318
Kyrgyz Republic,KGZ,2006,YR2006,5.55212333162542,543.113512472219,8.3118391,5218373,4.62,5.31400966644287
Kyrgyz Republic,KGZ,2008,YR2008,24.5201024234102,966.388569370494,6.52511883,5318729,4.8,15.865385055542
Kyrgyz Republic,KGZ,2010,YR2010,7.96772225579684,876.954476440354,6.95027161,5467059,4.78,9.00473976135254
Kyrgyz Republic,KGZ,2012,YR2012,2.76844236540957,1168.62244675446,8.50966358,5652076,4.8,10.4265403747559
Kyrgyz Republic,KGZ,2014,YR2014,7.5342472977589,1264.52679529608,7.35766459,5905847.5,4.68,10
Kyrgyz Republic,KGZ,2016,YR2016,0.388838296895799,1103.27498361324,6.41248226,6175337.5,4.29,13.8095235824585
Kyrgyz Republic,KGZ,2018,YR2018,1.54266145238436,1283.52040333083,5.01030922,6444078.5,3.62,16.0377349853516
Kyrgyz Republic,KGZ,2020,YR2020,6.32542296338078,1229.51775742135,4.94803715,6726595.5,3.51,18.3962268829346
Kyrgyz Republic,KGZ,2022,YR2022,13.9229093174176,1739.72030814894,4.92258883,6975219.5,..,16.5094337463379
Kyrgyz Republic,KGZ,2024,YR2024,..,..,..,..,..,..
Lao PDR,LAO,1960,YR1960,..,..,..,2121514,..,..
Lao PDR,LAO,1962,YR1962,..,..,..,2219910,..,..
Lao PDR,LAO,1964,YR1964,..,..,..,2322826,..,..
Lao PDR,LAO,1966,YR1966,..,..,..,2431084,..,..
Lao PDR,LAO,1968,YR1968,..,..,..,2546377,..,..
Lao PDR,LAO,1970,YR1970,..,..,..,2669702,..,..
Lao PDR,LAO,1972,YR1972,..,..,..,2801660,..,..
Lao PDR,LAO,1974,YR1974,..,..,..,2939761,..,..
Lao PDR,LAO,1976,YR1976,..,..,..,3064876,..,..
Lao PDR,LAO,1978,YR1978,..,..,..,3171740,..,..
Lao PDR,LAO,1980,YR1980,..,..,..,3292573,..,..
Lao PDR,LAO,1982,YR1982,..,..,..,3450026,..,..
Lao PDR,LAO,1984,YR1984,..,483.017781668524,..,3637843,..,..
Lao PDR,LAO,1986,YR1986,..,461.911552367003,..,3846715,..,..
Lao PDR,LAO,1988,YR1988,..,147.070942942331,..,4072601,..,..
Lao PDR,LAO,1990,YR1990,35.642982971227,200.7349054896,..,4311955,..,..
Lao PDR,LAO,1992,YR1992,9.86452966991032,247.345286150532,..,4559646,..,..
Lao PDR,LAO,1994,YR1994,6.7844807862023,320.968128951646,..,4809220,..,..
Lao PDR,LAO,1996,YR1996,13.0244156963462,371.341879197673,..,5045678,..,31.9148941040039
Lao PDR,LAO,1998,YR1998,90.9807345622878,243.923962451418,..,5248266,..,18.6170215606689
Lao PDR,LAO,2000,YR2000,25.0846414281315,318.749852236965,4.27513599,5431212,15.98,11.1111106872559
Lao PDR,LAO,2002,YR2002,10.6313446323333,313.350817148131,3.69751263,5610889,..,21.1640205383301
Lao PDR,LAO,2004,YR2004,10.4622667314208,409.296298284117,3.5405724,5781626,14.69,15.5339803695679
Lao PDR,LAO,2006,YR2006,6.54559439052787,579.391947440719,2.93200922,5963200,10.7,27.0531406402588
Lao PDR,LAO,2008,YR2008,7.62880887577516,885.747376088762,2.76727295,6148969,16.03,29.8076915740967
Lao PDR,LAO,2010,YR2010,5.98254521550082,1125.91610151261,2.91154933,6334194,..,24.1706161499023
Lao PDR,LAO,2012,YR2012,4.2551267783209,1563.5650771337,2.07637572,6518978,..,35.5450248718262
Lao PDR,LAO,2014,YR2014,4.12924306873771,1981.03910900473,2.29845548,6703172,4.79,52.3809509277344
Lao PDR,LAO,2016,YR2016,1.59691227583204,2303.22156035363,2.36087489,6908802,2.44,52.3809509277344
Lao PDR,LAO,2018,YR2018,2.04039266890201,2545.1075420815,2.24630046,7128045,1.89,49.5283012390137
Lao PDR,LAO,2020,YR2020,5.10407262959919,2583.77730696131,2.05965185,7346533,2.52,56.1320762634277
Lao PDR,LAO,2022,YR2022,22.9562225132056,2046.40440255621,2.01825476,7559007,2.5,56.6037750244141
Lao PDR,LAO,2024,YR2024,23.1305695942588,..,..,..,..,..
Latvia,LVA,1960,YR1960,..,..,..,2120979,..,..
Latvia,LVA,1962,YR1962,..,..,..,2181586,..,..
Latvia,LVA,1964,YR1964,..,..,..,2240623,..,..
Latvia,LVA,1966,YR1966,..,..,..,2283217,..,..
Latvia,LVA,1968,YR1968,..,..,..,2323619,..,..
Latvia,LVA,1970,YR1970,..,..,..,2359164,..,..
Latvia,LVA,1972,YR1972,..,..,..,2395674,..,..
Latvia,LVA,1974,YR1974,..,..,..,2437186,..,..
Latvia,LVA,1976,YR1976,..,..,..,2470989,..,..
Latvia,LVA,1978,YR1978,..,..,..,2497921,..,..
Latvia,LVA,1980,YR1980,..,..,..,2511701,..,..
Latvia,LVA,1982,YR1982,..,..,..,2531080,..,..
Latvia,LVA,1984,YR1984,..,..,..,2562047,..,..
Latvia,LVA,1986,YR1986,..,..,..,2599892,..,..
Latvia,LVA,1988,YR1988,..,..,..,2653434,..,..
Latvia,LVA,1990,YR1990,..,..,..,2663151,..,..
Latvia,LVA,1992,YR1992,951.696194870801,..,..,2614338,..,..
Latvia,LVA,1994,YR1994,35.9247053929642,..,..,2520742,..,..
Latvia,LVA,1996,YR1996,17.6104698431032,2360.1714816213,..,2457222,6.33,43.6170196533203
Latvia,LVA,1998,YR1998,4.64421422660787,2893.79998716563,..,2410019,..,29.2553195953369
Latvia,LVA,2000,YR2000,2.65425477796048,3278.17896440803,5.43338442,2367550,..,40.2116394042969
Latvia,LVA,2002,YR2002,1.93887573855896,4003.60935783538,5.76281166,2310173,..,62.962963104248
Latvia,LVA,2004,YR2004,6.1923854719744,6109.73265186817,6.20221329,2263122,6.85,49.5145645141602
Latvia,LVA,2006,YR2006,6.53619908765877,9211.7374468148,5.70438385,2218357,7.24,56.5217399597168
Latvia,LVA,2008,YR2008,15.4023191064986,15677.6080864506,5.58478308,2177322,5.94,37.019229888916
Latvia,LVA,2010,YR2010,-1.08463595015162,11188.4191700977,6.097435,2097555,6.3,50.7108993530273
Latvia,LVA,2012,YR2012,2.25778924374595,13329.3499931271,5.41047668,2034319,5.6,48.3412322998047
Latvia,LVA,2014,YR2014,0.620490636732421,15185.814581236,5.46339607,1993782,5.72,52.3809509277344
Latvia,LVA,2016,YR2016,0.140633334505327,13838.5266823272,6.1332593,1959537,5.32,49.0476188659668
Latvia,LVA,2018,YR2018,2.53445424186598,17252.1710428626,6.18867874,1927174,5.24,49.5283012390137
Latvia,LVA,2020,YR2020,0.219064904842156,17564.2321549354,7.28520584,1900449,2.21,49.5283012390137
Latvia,LVA,2022,YR2022,17.3102830198815,20229.4613617326,7.62168407,1879383,4.06,50
Latvia,LVA,2024,YR2024,1.26579885828729,..,..,..,..,..
Lebanon,LBN,1960,YR1960,..,..,..,1794406,..,..
Lebanon,LBN,1962,YR1962,..,..,..,1909578,..,..
Lebanon,LBN,1964,YR1964,..,..,..,2030543,..,..
Lebanon,LBN,1966,YR1966,..,..,..,2148260,..,..
Lebanon,LBN,1968,YR1968,..,..,..,2266368,..,..
Lebanon,LBN,1970,YR1970,..,..,..,2386114,..,..
Lebanon,LBN,1972,YR1972,..,..,..,2509729,..,..
Lebanon,LBN,1974,YR1974,..,..,..,2635185,..,..
Lebanon,LBN,1976,YR1976,..,..,..,2726469,..,..
Lebanon,LBN,1978,YR1978,..,..,..,2822682,..,..
Lebanon,LBN,1980,YR1980,..,..,..,2944763,..,..
Lebanon,LBN,1982,YR1982,..,..,..,3054931,..,..
Lebanon,LBN,1984,YR1984,..,..,..,3152744,..,..
Lebanon,LBN,1986,YR1986,..,..,..,3300365,..,..
Lebanon,LBN,1988,YR1988,..,959.153901867443,..,3454649,..,..
Lebanon,LBN,1990,YR1990,..,789.526338484738,..,3595175,..,..
Lebanon,LBN,1992,YR1992,..,1559.38100628446,..,3747371,..,..
Lebanon,LBN,1994,YR1994,..,2467.76942720577,..,3889799,..,..
Lebanon,LBN,1996,YR1996,..,3393.05090749359,..,4034781,..,9.57446765899658
Lebanon,LBN,1998,YR1998,..,4124.85527892575,..,4181281,..,10.638298034668
Lebanon,LBN,2000,YR2000,..,3986.83513941026,10.82951355,4329340,23.26,17.4603176116943
Lebanon,LBN,2002,YR2002,..,4290.85283803266,9.28233719,4463504,25.95,20.1058197021484
Lebanon,LBN,2004,YR2004,..,4600.68371412993,7.99923086,4599279,13.63,13.5922327041626
Lebanon,LBN,2006,YR2006,..,4635.2514117486,8.66057873,4751136,11.94,0.966183602809906
Lebanon,LBN,2008,YR2008,..,5912.04532820842,7.81751728,4925354,..,1.92307686805725
Lebanon,LBN,2010,YR2010,3.98347941855833,7625.81051551165,7.43864489,5041288,..,3.3175356388092
Lebanon,LBN,2012,YR2012,6.58147447683677,8406.98405608118,7.00420094,5235742,..,3.79146909713745
Lebanon,LBN,2014,YR2014,1.8546042134091,7577.6413302369,7.52181005,6346990,11.85,5.7142858505249
Lebanon,LBN,2016,YR2016,-0.783359624361508,8089.012088155,7.92386055,6323060,12.18,5.7142858505249
Lebanon,LBN,2018,YR2018,6.07698907889607,9174.53666204759,8.07092381,5984119,12.94,5.18867921829224
Lebanon,LBN,2020,YR2020,84.8643330472041,5561.19166950397,7.57650805,5702398,12.17,4.24528312683105
Lebanon,LBN,2022,YR2022,171.205491336641,3654.35845534878,5.73500204,5744489,..,7.07547187805176
Lebanon,LBN,2024,YR2024,..,..,..,..,..,..
Lesotho,LSO,1960,YR1960,..,46.9517802688466,..,736500,..,..
Lesotho,LSO,1962,YR1962,..,53.5421254364935,..,781814,..,..
Lesotho,LSO,1964,YR1964,..,62.6207647163176,..,829437,..,..
Lesotho,LSO,1966,YR1966,..,64.2951651830872,..,881870,..,..
Lesotho,LSO,1968,YR1968,..,64.809251529746,..,948105,..,..
Lesotho,LSO,1970,YR1970,..,67.4401975761263,..,1019273,..,..
Lesotho,LSO,1972,YR1972,..,73.9566189783241,..,1094063,..,..
Lesotho,LSO,1974,YR1974,13.4228345165924,128.666618214693,..,1172420,..,..
Lesotho,LSO,1976,YR1976,11.4125519984136,117.825077692245,..,1253214,..,..
Lesotho,LSO,1978,YR1978,13.4835790118489,200.845413521682,..,1327240,..,..
Lesotho,LSO,1980,YR1980,16.2748416182533,306.815565970065,..,1406521,..,..
Lesotho,LSO,1982,YR1982,12.1399176954734,233.939892397725,..,1490732,..,..
Lesotho,LSO,1984,YR1984,10.9838625715774,210.998495414288,..,1578986,..,..
Lesotho,LSO,1986,YR1986,18.0049668874172,191.375758184053,..,1666138,..,..
Lesotho,LSO,1988,YR1988,11.4563716258632,270.36712009929,..,1739841,..,..
Lesotho,LSO,1990,YR1990,11.6347569955818,329.563785157203,..,1809696,..,..
Lesotho,LSO,1992,YR1992,17.2085201793721,443.624297195576,..,1873274,..,..
Lesotho,LSO,1994,YR1994,8.21473862195302,455.593586203956,..,1927707,..,..
Lesotho,LSO,1996,YR1996,9.33031458531928,479.671394625707,..,1972418,..,26.5957450866699
Lesotho,LSO,1998,YR1998,..,464.683745548265,..,1998049,..,18.6170215606689
Lesotho,LSO,2000,YR2000,6.13197538722696,442.779545779081,5.15633392,2003913,..,25.9259262084961
Lesotho,LSO,2002,YR2002,33.812578338126,388.92334985135,5.86441517,1994679,..,23.280424118042
Lesotho,LSO,2004,YR2004,5.02342068616285,766.685820928242,5.24658537,1971129,9.7,36.4077682495117
Lesotho,LSO,2006,YR2006,6.07271879734293,925.467485502842,5.40532398,1945063,31.64,26.57004737854
Lesotho,LSO,2008,YR2008,10.7156661309681,898.482517882593,7.66648197,1966541,28.15,23.0769233703613
Lesotho,LSO,2010,YR2010,-2.40524254598706,1119.47557793042,7.64083624,1996251,37.26,45.0236968994141
Lesotho,LSO,2012,YR2012,6.05143662139967,1217.93071228944,10.04389477,2034354,32.14,40.2843589782715
Lesotho,LSO,2014,YR2014,5.37028961008587,1173.5377928819,9.99925232,2080089,0.9,23.3333339691162
Lesotho,LSO,2016,YR2016,6.59650490696543,992.491840678465,9.24263859,2130422,1.87,24.761905670166
Lesotho,LSO,2018,YR2018,4.7518030162474,1170.65569702819,11.1686039,2183603,4.36,25.943395614624
Lesotho,LSO,2020,YR2020,4.97809676252309,918.582577421982,10.45941448,2235727,2.9,22.6415100097656
Lesotho,LSO,2022,YR2022,8.27180389943028,1029.99553333827,12.65127754,2286110,2.73,19.8113212585449
Lesotho,LSO,2024,YR2024,6.10544624245032,..,..,..,..,..
Liberia,LBR,1960,YR1960,..,167.171498224694,..,1139522,..,..
Liberia,LBR,1962,YR1962,..,160.280325035358,..,1197039,..,..
Liberia,LBR,1964,YR1964,..,173.926490274043,..,1258745,..,..
Liberia,LBR,1966,YR1966,..,184.583689159405,..,1324383,..,..
Liberia,LBR,1968,YR1968,..,198.647104834485,..,1393530,..,..
Liberia,LBR,1970,YR1970,..,220.293848130057,..,1466676,..,..
Liberia,LBR,1972,YR1972,..,238.610979665126,..,1542670,..,..
Liberia,LBR,1974,YR1974,..,299.413660673331,..,1626362,..,..
Liberia,LBR,1976,YR1976,..,347.498456664298,..,1717060,..,..
Liberia,LBR,1978,YR1978,..,394.468078319392,..,1818247,..,..
Liberia,LBR,1980,YR1980,..,443.027171656595,..,1929253,..,..
Liberia,LBR,1982,YR1982,..,422.446142509338,..,2045073,..,..
Liberia,LBR,1984,YR1984,..,390.407957992226,..,2173312,..,..
Liberia,LBR,1986,YR1986,..,364.288669189794,..,2308511,..,..
Liberia,LBR,1988,YR1988,..,424.325719336919,..,2446941,..,..
Liberia,LBR,1990,YR1990,..,172.867610123278,..,2223667,..,..
Liberia,LBR,1992,YR1992,..,107.842801384441,..,2072461,..,..
Liberia,LBR,1994,YR1994,..,61.490431307467,..,2149928,..,..
Liberia,LBR,1996,YR1996,..,71.4065248720036,..,2232289,..,0
Liberia,LBR,1998,YR1998,..,134.675393352518,..,2670124,..,0.531914889812469
Liberia,LBR,2000,YR2000,..,298.485340578945,2.87913179,2928117,..,0
Liberia,LBR,2002,YR2002,14.1596470116325,299.536445539621,2.28035998,3094782,..,0
Liberia,LBR,2004,YR2004,7.82908704883235,284.140223992458,6.33815622,3156892,..,4.36893224716187
Liberia,LBR,2006,YR2006,7.34144608278558,320.55808618515,6.06891537,3490787,..,5.31400966644287
Liberia,LBR,2008,YR2008,17.489448642993,451.713856283285,5.99615717,3821003,..,8.17307662963867
Liberia,LBR,2010,YR2010,7.28992796890218,492.252808033724,10.35444641,4058890,..,18.9573459625244
Liberia,LBR,2012,YR2012,6.83178703418548,638.368751462083,8.15444565,4373043,9.69,20.3791465759277
Liberia,LBR,2014,YR2014,9.86111285574904,706.714490064507,8.76283932,4564293,9.31,14.2857141494751
Liberia,LBR,2016,YR2016,8.83424868336488,714.613063145659,9.88514519,4755608,..,19.5238094329834
Liberia,LBR,2018,YR2018,23.5635148953742,692.203127129794,10.78197193,4944726,9.65,26.4150943756104
Liberia,LBR,2020,YR2020,16.9557241496255,616.787867006715,12.90504265,5149463,19.08,22.6415100097656
Liberia,LBR,2022,YR2022,7.59298486560313,744.617175237387,13.47386169,5373294,18.46,23.5849056243896
Liberia,LBR,2024,YR2024,..,..,..,..,..,..
Libya,LBY,1960,YR1960,..,269.038073094669,..,1492890,..,..
Libya,LBY,1962,YR1962,..,382.084505727445,..,1621960,..,..
Libya,LBY,1964,YR1964,..,764.898389420845,..,1753691,..,..
Libya,LBY,1966,YR1966,12.2429137683409,1250.60018821673,..,1849063,..,..
Libya,LBY,1968,YR1968,0.391231447309205,1971.86632548697,..,1952781,..,..
Libya,LBY,1970,YR1970,-5.29637142204704,2209.5811758058,..,2082589,..,..
Libya,LBY,1972,YR1972,-0.251023192089008,2829.80145194559,..,2226091,..,..
Libya,LBY,1974,YR1974,7.45845156082894,6213.50027490617,..,2432211,..,..
Libya,LBY,1976,YR1976,5.47921527968846,7017.74340734557,..,2721237,..,..
Libya,LBY,1978,YR1978,29.3797941641698,7251.83754156259,..,3052526,..,..
Libya,LBY,1980,YR1980,9.73428879471392,11959.5222690783,..,3424378,..,..
Libya,LBY,1982,YR1982,10.2588088556284,9063.69851267735,..,3724765,..,..
Libya,LBY,1984,YR1984,12.4776272053182,7811.06937340039,..,3773633,..,..
Libya,LBY,1986,YR1986,3.29098104561558,6018.91345215523,..,4017403,..,..
Libya,LBY,1988,YR1988,6.08695652173909,5736.28243992278,..,4237755,..,..
Libya,LBY,1990,YR1990,8.45146240803882,6502.27886565421,..,4445239,..,..
Libya,LBY,1992,YR1992,9.35975158953135,7302.68908679226,..,4640352,..,..
Libya,LBY,1994,YR1994,5.11259890444314,5933.29121354077,..,4822037,..,..
Libya,LBY,1996,YR1996,4.02807775377963,5591.02027544558,..,4987393,56.02,6.91489362716675
Libya,LBY,1998,YR1998,3.70927318295739,5301.08354775559,..,5140704,..,10.1063833236694
Libya,LBY,2000,YR2000,-2.90000000000024,7214.10040377084,3.31908512,5305021,..,19.5767192840576
Libya,LBY,2002,YR2002,-9.79764705882357,3718.29434696755,4.73818302,5508410,48.24,26.9841270446777
Libya,LBY,2004,YR2004,-2.197567740559,5773.76333234281,3.38328195,5736693,..,39.3203887939453
Libya,LBY,2006,YR2006,1.45926876202724,10048.8480434289,2.29996443,5980211,0,42.0289840698242
Libya,LBY,2008,YR2008,10.3607288954998,13906.1407818125,2.24441886,6235430,..,56.730770111084
Libya,LBY,2010,YR2010,2.79989500109268,11600.9068649472,3.28064442,6497839,..,33.1753540039062
Libya,LBY,2012,YR2012,6.05980392156864,14975.8902795144,3.95612097,6179328,..,3.79146909713745
Libya,LBY,2014,YR2014,2.43294141599225,8926.42074591474,5.17777824,6427252,..,0.476190477609634
Libya,LBY,2016,YR2016,25.8538742124461,7525.80299308216,6.17178679,6632126,..,0.952380955219269
Libya,LBY,2018,YR2018,13.1702038536721,11196.5854810844,4.86648417,6849055,..,0
Libya,LBY,2020,YR2020,1.44703656998741,6650.33810585348,7.10674047,7045399,4.83,0
Libya,LBY,2022,YR2022,4.51030149235703,5986.63694851258,4.65005827,7223805,..,0
Libya,LBY,2024,YR2024,2.12615766885025,..,..,..,..,..
Liechtenstein,LIE,1960,YR1960,..,..,..,16451,..,..
Liechtenstein,LIE,1962,YR1962,..,..,..,17443,..,..
Liechtenstein,LIE,1964,YR1964,..,..,..,18755,..,..
Liechtenstein,LIE,1966,YR1966,..,..,..,19610,..,..
Liechtenstein,LIE,1968,YR1968,..,..,..,20835,..,..
Liechtenstein,LIE,1970,YR1970,..,4262.03220640334,..,21140,..,..
Liechtenstein,LIE,1972,YR1972,..,5645.23266418851,..,22132,..,..
Liechtenstein,LIE,1974,YR1974,..,8271.73531542796,..,23451,..,..
Liechtenstein,LIE,1976,YR1976,..,11326.3488431219,..,24058,..,..
Liechtenstein,LIE,1978,YR1978,..,17456.9309487089,..,25028,..,..
Liechtenstein,LIE,1980,YR1980,..,20958.7395302666,..,25512,..,..
Liechtenstein,LIE,1982,YR1982,..,19885.6126562976,..,26255,..,..
Liechtenstein,LIE,1984,YR1984,..,18898.3678693391,..,26596,..,..
Liechtenstein,LIE,1986,YR1986,..,28612.8865004795,..,27238,..,..
Liechtenstein,LIE,1988,YR1988,..,41568.5441182755,..,27948,..,..
Liechtenstein,LIE,1990,YR1990,..,49457.5609343203,..,28742,..,..
Liechtenstein,LIE,1992,YR1992,..,55057.1110625654,..,29627,..,..
Liechtenstein,LIE,1994,YR1994,..,63935.9902445462,..,30470,..,..
Liechtenstein,LIE,1996,YR1996,..,80688.7182490376,..,31033,..,52.1276588439941
Liechtenstein,LIE,1998,YR1998,..,78302.9905905848,..,31668,..,54.7872352600098
Liechtenstein,LIE,2000,YR2000,..,76087.911114202,..,32645,..,54.4973526000977
Liechtenstein,LIE,2002,YR2002,..,79795.1785891101,..,33694,..,62.4338607788086
Liechtenstein,LIE,2004,YR2004,..,100280.831356705,..,34447,..,78.1553421020508
Liechtenstein,LIE,2006,YR2006,..,114167.939211301,..,35037,..,68.1159439086914
Liechtenstein,LIE,2008,YR2008,..,143249.227302093,..,35473,..,71.6346130371094
Liechtenstein,LIE,2010,YR2010,..,141089.812849014,..,36022,..,87.2037887573242
Liechtenstein,LIE,2012,YR2012,..,148842.035144342,..,36657,..,76.7772521972656
Liechtenstein,LIE,2014,YR2014,..,178735.153020908,..,37248,..,88.5714263916016
Liechtenstein,LIE,2016,YR2016,..,165375.491396259,..,37716,..,88.0952377319336
Liechtenstein,LIE,2018,YR2018,..,174988.775083446,..,38246,..,86.7924499511719
Liechtenstein,LIE,2020,YR2020,..,164671.093553454,..,38901,..,94.3396224975586
Liechtenstein,LIE,2022,YR2022,..,186400.23376784,..,39493,..,94.3396224975586
Liechtenstein,LIE,2024,YR2024,..,..,..,..,..,..
Lithuania,LTU,1960,YR1960,..,..,..,2778550,..,..
Lithuania,LTU,1962,YR1962,..,..,..,2863350,..,..
Lithuania,LTU,1964,YR1964,..,..,..,2935200,..,..
Lithuania,LTU,1966,YR1966,..,..,..,3008050,..,..
Lithuania,LTU,1968,YR1968,..,..,..,3078850,..,..
Lithuania,LTU,1970,YR1970,..,..,..,3139689,..,..
Lithuania,LTU,1972,YR1972,..,..,..,3213622,..,..
Lithuania,LTU,1974,YR1974,..,..,..,3273894,..,..
Lithuania,LTU,1976,YR1976,..,..,..,3328664,..,..
Lithuania,LTU,1978,YR1978,..,..,..,3379514,..,..
Lithuania,LTU,1980,YR1980,..,..,..,3413202,..,..
Lithuania,LTU,1982,YR1982,..,..,..,3457179,..,..
Lithuania,LTU,1984,YR1984,..,..,..,3514205,..,..
Lithuania,LTU,1986,YR1986,..,..,..,3578914,..,..
Lithuania,LTU,1988,YR1988,..,..,..,3655049,..,..
Lithuania,LTU,1990,YR1990,..,..,..,3697838,..,..
Lithuania,LTU,1992,YR1992,1020.62056524354,..,..,3700114,..,..
Lithuania,LTU,1994,YR1994,72.2546816164428,..,..,3657144,..,..
Lithuania,LTU,1996,YR1996,24.62519538645,2340.67545970008,..,3601613,..,42.5531921386719
Lithuania,LTU,1998,YR1998,5.06755385841968,3180.64498555255,..,3549331,..,38.2978706359863
Lithuania,LTU,2000,YR2000,0.981615478857598,3300.63634928559,6.19950438,3499536,..,40.2116394042969
Lithuania,LTU,2002,YR2002,0.281506610345575,4148.13091485015,6.14446115,3443067,3.35,60.3174591064453
Lithuania,LTU,2004,YR2004,1.16410252104671,6734.57487061946,5.51149988,3377075,6.85,54.8543701171875
Lithuania,LTU,2006,YR2006,3.73912004060664,9210.10118229413,5.84418154,3269909,7.24,59.4202880859375
Lithuania,LTU,2008,YR2008,10.9258856241655,14955.5345462921,6.29453707,3198231,5.94,55.288459777832
Lithuania,LTU,2010,YR2010,1.31921362055463,11829.122609457,6.81462288,3097282,6.3,54.502368927002
Lithuania,LTU,2012,YR2012,3.08998277055417,14294.7178607152,6.2759347,2987773,5.6,59.7156410217285
Lithuania,LTU,2014,YR2014,0.103758009433708,16473.5678231709,6.19332647,2932367,5.72,59.523811340332
Lithuania,LTU,2016,YR2016,0.905525075460342,14981.6208126311,6.63746262,2868231,5.32,61.9047622680664
Lithuania,LTU,2018,YR2018,2.69792779208394,19368.5391045353,6.53038597,2801543,5.24,58.4905662536621
Lithuania,LTU,2020,YR2020,1.19989444983569,20541.824988603,7.47439718,2794885,2.21,64.1509399414062
Lithuania,LTU,2022,YR2022,19.7050461518394,25085.784063499,7.24335003,2831639,4.06,53.301887512207
Lithuania,LTU,2024,YR2024,0.715735835228723,..,..,..,..,..
Luxembourg,LUX,1960,YR1960,0.449620296389857,2261.17741836594,..,313970,..,..
Luxembourg,LUX,1962,YR1962,0.895946647339897,2331.55685801925,..,320750,..,..
Luxembourg,LUX,1964,YR1964,3.09638151245736,2779.18439746326,..,327750,..,..
Luxembourg,LUX,1966,YR1966,3.33167977254562,2925.22204723477,..,333895,..,..
Luxembourg,LUX,1968,YR1968,2.62542908963153,3202.50594852825,..,335850,..,..
Luxembourg,LUX,1970,YR1970,4.63935344389948,4298.03389742102,..,339171,..,..
Luxembourg,LUX,1972,YR1972,5.22568050555548,5486.72062789089,..,346600,..,..
Luxembourg,LUX,1974,YR1974,9.54065541660593,8966.72895879047,..,355050,..,..
Luxembourg,LUX,1976,YR1976,9.79734643716296,9490.6903118849,..,360731,..,..
Luxembourg,LUX,1978,YR1978,3.09466077424648,13034.3882079614,..,362007,..,..
Luxembourg,LUX,1980,YR1980,6.29990006244593,16531.1148988397,..,364150,..,..
Luxembourg,LUX,1982,YR1982,9.35705099427382,12590.9767956204,..,365525,..,..
Luxembourg,LUX,1984,YR1984,6.43585780786993,12126.9391987909,..,365998,..,..
Luxembourg,LUX,1986,YR1986,0.294563408545436,18149.8692500239,..,368355,..,..
Luxembourg,LUX,1988,YR1988,1.43659056634904,25219.3542781732,..,373450,..,..
Luxembourg,LUX,1990,YR1990,3.25376659083639,33465.478207919,..,381850,..,..
Luxembourg,LUX,1992,YR1992,3.15417375961789,39570.8615665986,..,392175,..,..
Luxembourg,LUX,1994,YR1994,2.1947646868907,43933.235442736,..,402925,..,..
Luxembourg,LUX,1996,YR1996,1.18385968843571,50444.3591236175,..,414225,..,68.6170196533203
Luxembourg,LUX,1998,YR1998,0.958570110494674,47445.3810812051,..,424700,..,72.8723373413086
Luxembourg,LUX,2000,YR2000,3.15076707022592,48659.5988753233,5.92533875,436300,..,80.9523773193359
Luxembourg,LUX,2002,YR2002,2.07408613571643,53005.7339209179,6.76099968,446175,..,83.0687866210938
Luxembourg,LUX,2004,YR2004,2.22567916428889,76544.9170868473,7.2793355,458095,..,74.7572784423828
Luxembourg,LUX,2006,YR2006,2.66631494577069,90788.8004876145,6.6364212,472637,..,79.7101440429688
Luxembourg,LUX,2008,YR2008,3.40187963025571,120422.137934157,6.23101091,488650,..,87.0192337036133
Luxembourg,LUX,2010,YR2010,2.2736791162154,110885.991378721,6.66263008,506953,..,86.2559204101562
Luxembourg,LUX,2012,YR2012,2.66284165508021,112584.676270958,5.29404306,530946,..,78.1990509033203
Luxembourg,LUX,2014,YR2014,0.628543985440717,123678.702143275,5.23040915,556319,..,86.6666641235352
Luxembourg,LUX,2016,YR2016,0.290833333333317,106899.293549552,5.07103872,582014,..,88.5714263916016
Luxembourg,LUX,2018,YR2018,1.5281952430738,116786.511654677,5.27988529,607950,..,83.9622650146484
Luxembourg,LUX,2020,YR2020,0.819957302127036,116905.370396853,5.76488066,630419,..,73.5849075317383
Luxembourg,LUX,2022,YR2022,6.33600807777919,125006.021815486,5.55154753,653103,..,69.8113174438477
Luxembourg,LUX,2024,YR2024,2.05113269954859,..,..,..,..,..
"Macao SAR, China",MAC,1960,YR1960,..,..,..,173315,..,..
"Macao SAR, China",MAC,1962,YR1962,..,..,..,177810,..,..
"Macao SAR, China",MAC,1964,YR1964,..,..,..,225655,..,..
"Macao SAR, China",MAC,1966,YR1966,..,..,..,262942,..,..
"Macao SAR, China",MAC,1968,YR1968,..,..,..,257933,..,..
"Macao SAR, China",MAC,1970,YR1970,..,..,..,257396,..,..
"Macao SAR, China",MAC,1972,YR1972,..,..,..,245050,..,..
"Macao SAR, China",MAC,1974,YR1974,..,..,..,240550,..,..
"Macao SAR, China",MAC,1976,YR1976,..,..,..,235600,..,..
"Macao SAR, China",MAC,1978,YR1978,..,..,..,232400,..,..
"Macao SAR, China",MAC,1980,YR1980,..,..,..,239650,..,..
"Macao SAR, China",MAC,1982,YR1982,..,4486.541208636,..,254650,..,..
"Macao SAR, China",MAC,1984,YR1984,..,4611.49497355573,..,282850,..,..
"Macao SAR, China",MAC,1986,YR1986,..,5175.15646068506,..,296050,..,..
"Macao SAR, China",MAC,1988,YR1988,..,7242.91715984991,..,316000,..,..
"Macao SAR, China",MAC,1990,YR1990,7.96969384363224,9692.43538809962,..,334950,..,..
"Macao SAR, China",MAC,1992,YR1992,7.71392168356611,13249.8387410349,..,370900,..,..
"Macao SAR, China",MAC,1994,YR1994,6.2520689021027,15905.2615421482,..,396800,..,..
"Macao SAR, China",MAC,1996,YR1996,4.82248676783488,17289.5517956917,..,415100,0,22.8723411560059
"Macao SAR, China",MAC,1998,YR1998,0.172630384568575,16097.0688851452,..,422300,0,23.9361705780029
"Macao SAR, China",MAC,2000,YR2000,-1.60971883961895,15731.9868750281,..,430600,0,30.1587295532227
"Macao SAR, China",MAC,2002,YR2002,-2.63751699816194,16814.9926424134,..,438400,0,33.3333320617676
"Macao SAR, China",MAC,2004,YR2004,0.980728452039424,23407.1993692194,..,454700,0,68.4466018676758
"Macao SAR, China",MAC,2006,YR2006,5.14997337750697,29813.7877167933,..,498900,0,56.5217399597168
"Macao SAR, China",MAC,2008,YR2008,8.61101858636995,38888.5118044503,..,540700,0,41.8269233703613
"Macao SAR, China",MAC,2010,YR2010,2.80947242060845,52591.8035225196,..,537000,0,47.3933639526367
"Macao SAR, China",MAC,2012,YR2012,6.10738928336549,76051.6312325843,..,567900,0,50.7108993530273
"Macao SAR, China",MAC,2014,YR2014,6.04823452094085,88310.8119567344,..,621700,0,72.8571395874023
"Macao SAR, China",MAC,2016,YR2016,2.36895749705898,69074.0363049212,..,652500,0,79.0476226806641
"Macao SAR, China",MAC,2018,YR2018,3.00446293166938,83761.8171798142,..,658900,0,71.2264175415039
"Macao SAR, China",MAC,2020,YR2020,0.811410511491651,36976.2561071429,..,685400,0,66.9811325073242
"Macao SAR, China",MAC,2022,YR2022,1.04502802369954,36909.9564090312,..,677300,0,66.5094375610352
"Macao SAR, China",MAC,2024,YR2024,..,..,..,..,..,..
Madagascar,MDG,1960,YR1960,..,131.69201832961,..,5111029,..,..
Madagascar,MDG,1962,YR1962,..,137.308007316434,..,5384150,..,..
Madagascar,MDG,1964,YR1964,..,141.534669132002,..,5669863,..,..
Madagascar,MDG,1966,YR1966,3.21157397897554,150.690080692721,..,5974279,..,..
Madagascar,MDG,1968,YR1968,0.956513164485543,163.588485295319,..,6306493,..,..
Madagascar,MDG,1970,YR1970,2.87864534318793,166.645544206518,..,6672003,..,..
Madagascar,MDG,1972,YR1972,5.6225596527748,189.640262028465,..,7074398,..,..
Madagascar,MDG,1974,YR1974,22.100944418778,255.336638120604,..,7509726,..,..
Madagascar,MDG,1976,YR1976,4.98681511862571,273.522678185535,..,7976831,..,..
Madagascar,MDG,1978,YR1978,6.52844692261797,314.983241249429,..,8475864,..,..
Madagascar,MDG,1980,YR1980,18.2178658946756,577.592700958515,..,9006032,..,..
Madagascar,MDG,1982,YR1982,31.7897046510535,500.642606965445,..,9557671,..,..
Madagascar,MDG,1984,YR1984,9.85662095433889,385.408181010621,..,10134550,..,..
Madagascar,MDG,1986,YR1986,14.4973321039129,404.959271422966,..,10736857,..,..
Madagascar,MDG,1988,YR1988,26.8537971413812,280.528398357653,..,11369462,..,..
Madagascar,MDG,1990,YR1990,11.7844838321357,326.099253221978,..,12055639,..,..
Madagascar,MDG,1992,YR1992,14.5123786075771,290.2120463948,..,12800870,..,..
Madagascar,MDG,1994,YR1994,38.9417908989239,258.723806434505,..,13613850,..,..
Madagascar,MDG,1996,YR1996,19.7563545439776,339.877283663608,..,14510711,6.17,29.7872333526611
Madagascar,MDG,1998,YR1998,6.2080160866332,284.192923139852,..,15489364,6.2,30.319149017334
Madagascar,MDG,2000,YR2000,11.859684500028,280.282905559649,3.99177623,16516338,5.75,30.1587295532227
Madagascar,MDG,2002,YR2002,16.4985255315846,304.941777398445,4.92547655,17549913,6.2,20.1058197021484
Madagascar,MDG,2004,YR2004,13.9558018033211,272.20074858856,5.25090027,18606608,5.86,36.4077682495117
Madagascar,MDG,2006,YR2006,10.7656371554865,324.146874882604,5.07203865,19730909,14.54,39.613525390625
Madagascar,MDG,2008,YR2008,9.29650839381057,512.579800058444,4.08111811,20923840,13.92,17.7884616851807
Madagascar,MDG,2010,YR2010,9.24732173644116,450.009391645726,4.69762659,22183340,12.82,9.95260620117188
Madagascar,MDG,2012,YR2012,5.71384434191053,493.511162904211,3.91105914,23462438,13.22,19.4312801361084
Madagascar,MDG,2014,YR2014,6.08040811088302,505.684922503435,4.46240282,24764348,13.08,16.6666660308838
Madagascar,MDG,2016,YR2016,6.03575858154679,453.970714522463,5.33248854,26099952,13.63,23.8095245361328
Madagascar,MDG,2018,YR2018,8.59422958870476,500.45718552916,4.22160387,27494926,13,14.6226415634155
Madagascar,MDG,2020,YR2020,4.20179312190557,450.771615201509,3.72316122,28953556,11.23,16.0377349853516
Madagascar,MDG,2022,YR2022,8.16059031991844,497.242514792961,3.25023246,30437261,13.47,16.5094337463379
Madagascar,MDG,2024,YR2024,..,..,..,..,..,..
Malawi,MWI,1960,YR1960,..,..,..,3628134,..,..
Malawi,MWI,1962,YR1962,..,..,..,3806307,..,..
Malawi,MWI,1964,YR1964,..,..,..,3997305,..,..
Malawi,MWI,1966,YR1966,..,..,..,4197926,..,..
Malawi,MWI,1968,YR1968,..,..,..,4411054,..,..
Malawi,MWI,1970,YR1970,..,..,..,4633944,..,..
Malawi,MWI,1972,YR1972,..,..,..,4874475,..,..
Malawi,MWI,1974,YR1974,..,..,..,5141337,..,..
Malawi,MWI,1976,YR1976,..,..,..,5443384,..,..
Malawi,MWI,1978,YR1978,..,..,..,5810132,..,..
Malawi,MWI,1980,YR1980,..,287.470822426729,..,6265529,..,..
Malawi,MWI,1982,YR1982,9.82116244432078,253.342697905133,..,6778879,..,..
Malawi,MWI,1984,YR1984,20.0263032042325,239.74828969103,..,7332810,..,..
Malawi,MWI,1986,YR1986,14.0468679587644,217.8701899466,..,7906480,..,..
Malawi,MWI,1988,YR1988,33.9121649354339,229.421843922728,..,8753262,..,..
Malawi,MWI,1990,YR1990,11.8235380454151,286.730598968269,..,9545852,..,..
Malawi,MWI,1992,YR1992,23.7513530230399,258.393430877557,..,10135079,..,..
Malawi,MWI,1994,YR1994,34.6496361508324,169.196526919639,..,10164894,28.63,..
Malawi,MWI,1996,YR1996,37.6020450235016,320.662735559137,..,10352228,21.58,14.8936166763306
Malawi,MWI,1998,YR1998,29.7486512828264,236.045479450504,..,10792876,15.96,25
Malawi,MWI,2000,YR2000,29.5814884631684,224.22415918428,2.35247517,11315942,15.21,19.5767192840576
Malawi,MWI,2002,YR2002,14.7446346101603,428.210439838398,2.69725966,11880440,..,29.100528717041
Malawi,MWI,2004,YR2004,11.4298060822124,404.674248445428,4.07199907,12500737,..,32.5242729187012
Malawi,MWI,2006,YR2006,13.9742943548388,440.822149023873,4.91223288,13198701,12.77,33.8164253234863
Malawi,MWI,2008,YR2008,8.71260186609043,554.048820396119,6.10668802,13976417,12.73,28.8461532592773
Malawi,MWI,2010,YR2010,7.41159092883827,683.124694716799,5.14304781,14826463,13.41,32.2274894714355
Malawi,MWI,2012,YR2012,21.2712650013779,558.46208832772,6.02199793,15709577,13.92,35.5450248718262
Malawi,MWI,2014,YR2014,23.7920649469687,529.5133440206,6.89776182,16621538,8.97,36.6666679382324
Malawi,MWI,2016,YR2016,21.7111132136499,450.506105510719,7.72703791,17557739,10.16,28.0952377319336
Malawi,MWI,2018,YR2018,12.420178108921,533.203173686705,6.88249922,18528081,..,19.3396224975586
Malawi,MWI,2020,YR2020,8.62551469650552,602.507478176106,7.17979383,19533888,11.61,26.4150943756104
Malawi,MWI,2022,YR2022,20.953969729969,604.269751184515,6.50023508,20568728,..,25.943395614624
Malawi,MWI,2024,YR2024,32.1796504225025,..,..,..,..,..
Malaysia,MYS,1960,YR1960,0.063182597888167,240.847414554537,..,7956197,..,..
Malaysia,MYS,1962,YR1962,0.10844026784809,238.836339180717,..,8380172,..,..
Malaysia,MYS,1964,YR1964,-0.402731571003658,302.933952345239,..,8828406,..,..
Malaysia,MYS,1966,YR1966,0.967969025261369,338.570121454412,..,9284688,..,..
Malaysia,MYS,1968,YR1968,-0.158346528794567,342.444763417284,..,9725281,..,..
Malaysia,MYS,1970,YR1970,1.84393596556387,379.626764270849,..,10178802,..,..
Malaysia,MYS,1972,YR1972,3.23155422354874,472.363509449959,..,10676835,..,..
Malaysia,MYS,1974,YR1974,17.3289809824411,847.806802570239,..,11200906,..,..
Malaysia,MYS,1976,YR1976,2.63371150730571,940.437734141673,..,11750097,..,..
Malaysia,MYS,1978,YR1978,4.86006458554252,1326.88769798353,..,12328157,..,..
Malaysia,MYS,1980,YR1980,6.6749195345051,1886.12339323875,..,12983363,..,..
Malaysia,MYS,1982,YR1982,5.8189000297783,1937.74922725899,..,13832798,..,..
Malaysia,MYS,1984,YR1984,3.89727260149768,2299.80870816235,..,14759009,..,..
Malaysia,MYS,1986,YR1986,0.737002855391939,1759.73185736702,..,15760419,..,..
Malaysia,MYS,1988,YR1988,2.55651945320742,2099.95467656701,..,16796605,17.21,..
Malaysia,MYS,1990,YR1990,2.61780104712051,2468.69080320116,..,17833171,..,..
Malaysia,MYS,1992,YR1992,4.76722829992821,3141.43321987651,..,18834572,..,..
Malaysia,MYS,1994,YR1994,3.72497055359284,3757.65292858601,..,19820446,..,..
Malaysia,MYS,1996,YR1996,3.48855945858916,4837.16897250768,..,20850087,16.28,46.8085098266602
Malaysia,MYS,1998,YR1998,5.27034200348766,3294.30978444095,..,21906713,14.23,26.0638294219971
Malaysia,MYS,2000,YR2000,1.53474023697699,4083.52874483605,2.51463366,22967816,13.11,31.7460308074951
Malaysia,MYS,2002,YR2002,1.80787246281536,4184.03163773539,2.66876554,24102477,4.27,48.1481475830078
Malaysia,MYS,2004,YR2004,1.42127115937402,4939.24851854427,2.86016941,25256772,25.62,41.262134552002
Malaysia,MYS,2006,YR2006,3.60923564224389,6158.40785533236,3.10897732,26417909,7.04,41.5458946228027
Malaysia,MYS,2008,YR2008,5.44078221100769,8371.82156086005,3.00692558,27570059,9.82,35.0961532592773
Malaysia,MYS,2010,YR2010,1.62285235577035,8899.34505544675,3.16474271,28655776,9.84,36.0189590454102
Malaysia,MYS,2012,YR2012,1.66357102479206,10600.5744240026,3.45786357,29662831,8.16,35.5450248718262
Malaysia,MYS,2014,YR2014,3.14299050879095,11013.3107334403,3.71036959,30696137,1.8,42.8571434020996
Malaysia,MYS,2016,YR2016,2.09056659525742,9476.53409809923,3.70085335,31789685,8.08,38.0952377319336
Malaysia,MYS,2018,YR2018,0.884709160571235,10901.8019954421,3.75944281,32910967,..,42.4528312683105
Malaysia,MYS,2020,YR2020,-1.1387021539305,9957.52626697613,4.08254337,33889558,5.44,39.6226425170898
Malaysia,MYS,2022,YR2022,3.37869862549928,11748.0919307944,3.90591931,34695493,4.97,41.5094337463379
Malaysia,MYS,2024,YR2024,1.834100204499,..,..,..,..,..
Maldives,MDV,1960,YR1960,..,..,..,91189,..,..
Maldives,MDV,1962,YR1962,..,..,..,95802,..,..
Maldives,MDV,1964,YR1964,..,..,..,100662,..,..
Maldives,MDV,1966,YR1966,..,..,..,108507,..,..
Maldives,MDV,1968,YR1968,..,..,..,116075,..,..
Maldives,MDV,1970,YR1970,..,156.859236934154,..,123219,..,..
Maldives,MDV,1972,YR1972,..,192.238848639394,..,130968,..,..
Maldives,MDV,1974,YR1974,..,281.484632436928,..,138978,..,..
Maldives,MDV,1976,YR1976,..,151.835059178195,..,147525,..,..
Maldives,MDV,1978,YR1978,..,156.053183880423,..,156159,..,..
Maldives,MDV,1980,YR1980,..,257.612619643525,..,164835,..,..
Maldives,MDV,1982,YR1982,..,274.826568598483,..,174333,..,..
Maldives,MDV,1984,YR1984,..,594.488246882652,..,184198,..,..
Maldives,MDV,1986,YR1986,9.72219327678563,720.452201133255,..,196935,..,..
Maldives,MDV,1988,YR1988,6.45636026801941,799.082501719284,..,210885,..,..
Maldives,MDV,1990,YR1990,3.64991197717477,956.763019768672,..,224762,..,..
Maldives,MDV,1992,YR1992,16.8559977535548,1194.2325242813,..,238543,..,..
Maldives,MDV,1994,YR1994,3.38610098291493,1419.39276513408,..,250822,..,..
Maldives,MDV,1996,YR1996,6.24124591476026,1716.74281753716,..,262347,..,50
Maldives,MDV,1998,YR1998,-1.40425233816792,1980.38448396751,..,272723,..,61.1702117919922
Maldives,MDV,2000,YR2000,-1.17475681175946,2213.81235053178,7.73655844,282019,18.47,64.0211639404297
Maldives,MDV,2002,YR2002,4.1786723990479,3076.07007160101,8.78440189,291616,17.99,58.7301597595215
Maldives,MDV,2004,YR2004,-1.68541212459466,4070.2609459446,7.48356962,301413,17.37,43.6893196105957
Maldives,MDV,2006,YR2006,2.73842131602099,5018.94335409159,8.04819012,313851,17.98,52.6570053100586
Maldives,MDV,2008,YR2008,12.0414583505108,6757.43280929292,11.47104168,336170,17.53,23.5576915740967
Maldives,MDV,2010,YR2010,6.14988536750173,7173.59601844692,8.48758984,360792,17.88,24.6445503234863
Maldives,MDV,2012,YR2012,10.884695658563,7461.29703686309,8.67304802,386818,7.7,20.3791465759277
Maldives,MDV,2014,YR2014,2.12000175718134,8939.07416571472,7.91345072,413617,6.91,57.6190490722656
Maldives,MDV,2016,YR2016,0.502509413611612,9947.80744731739,10.30544567,443308,6.6,47.1428565979004
Maldives,MDV,2018,YR2018,-0.133373386117595,11423.2838427029,7.43627834,473099,7.48,35.3773574829102
Maldives,MDV,2020,YR2020,-1.36977425569811,7393.8886543933,11.3365984,502118,7.6,44.3396224975586
Maldives,MDV,2022,YR2022,2.33314337624567,11786.0091545343,9.65276241,524106,6.28,51.886791229248
Maldives,MDV,2024,YR2024,1.39979779674928,..,..,..,..,..
Mali,MLI,1960,YR1960,..,..,..,5402550,..,..
Mali,MLI,1962,YR1962,..,..,..,5563917,..,..
Mali,MLI,1964,YR1964,..,..,..,5730125,..,..
Mali,MLI,1966,YR1966,..,..,..,5902204,..,..
Mali,MLI,1968,YR1968,..,56.5137530466331,..,6082979,..,..
Mali,MLI,1970,YR1970,..,57.3207870762744,..,6276472,..,..
Mali,MLI,1972,YR1972,..,75.0521043387011,..,6483726,..,..
Mali,MLI,1974,YR1974,..,80.2252214087116,..,6715436,..,..
Mali,MLI,1976,YR1976,..,134.927575165475,..,6960979,..,..
Mali,MLI,1978,YR1978,..,169.123319071279,..,7229651,..,..
Mali,MLI,1980,YR1980,..,233.674746866573,..,7530515,..,..
Mali,MLI,1982,YR1982,..,169.684644551965,..,7860194,..,..
Mali,MLI,1984,YR1984,..,150.200065086961,..,8208599,..,..
Mali,MLI,1986,YR1986,..,217.102721333894,..,8531277,..,..
Mali,MLI,1988,YR1988,..,245.533346765602,..,8833996,..,..
Mali,MLI,1990,YR1990,0.606339703737522,292.184532091609,..,9178830,..,..
Mali,MLI,1992,YR1992,-6.24250599520423,296.295758235174,..,9553540,..,..
Mali,MLI,1994,YR1994,23.1767911524285,208.873284105014,..,9967031,..,..
Mali,MLI,1996,YR1996,6.80545996788235,267.161312421177,..,10407278,18.26,35.638298034668
Mali,MLI,1998,YR1998,4.03658945954986,267.442574037141,..,10919573,18.26,36.1702117919922
Mali,MLI,2000,YR2000,-0.677661659046769,256.199554978241,5.46631575,11559290,..,31.7460308074951
Mali,MLI,2002,YR2002,5.03282275711195,318.042432039222,4.99773645,12288050,14.95,39.1534385681152
Mali,MLI,2004,YR2004,-3.09978128063956,416.278344366266,5.21767759,13102409,14.96,43.6893196105957
Mali,MLI,2006,YR2006,1.54352596927584,493.628706470251,5.45589256,13990139,11.47,42.9951705932617
Mali,MLI,2008,YR2008,9.17098813667678,658.493183322369,5.02686644,14940782,12.76,37.5
Mali,MLI,2010,YR2010,1.10892690670187,670.369098976461,4.67865133,15945198,12.87,26.0663509368896
Mali,MLI,2012,YR2012,5.32312847064058,733.738935290444,3.7521615,16957033,11.84,1.89573454856873
Mali,MLI,2014,YR2014,0.883814547137841,797.154510755732,4.48158312,18020267,11.86,5.2380952835083
Mali,MLI,2016,YR2016,-1.79964707083386,730.85493818079,3.77377558,19191289,14.35,5.7142858505249
Mali,MLI,2018,YR2018,0.299546507387934,835.086710561793,3.73249912,20442030,17.86,1.41509437561035
Mali,MLI,2020,YR2020,0.438088940320668,804.343956745857,3.47597885,21713836,16.89,1.41509437561035
Mali,MLI,2022,YR2022,9.62147608489072,813.965034073188,3.67284775,23072640,16.24,0
Mali,MLI,2024,YR2024,3.20639864099652,..,..,..,..,..
Malta,MLT,1960,YR1960,3.38461538461553,..,..,326550,..,..
Malta,MLT,1962,YR1962,0.168674698957635,..,..,323900,..,..
Malta,MLT,1964,YR1964,2.18024399859687,..,..,321250,..,..
Malta,MLT,1966,YR1966,0.52312357869953,..,..,315200,..,..
Malta,MLT,1968,YR1968,2.03730057682276,..,..,307900,..,..
Malta,MLT,1970,YR1970,3.71565884809263,828.444704972702,..,302650,..,..
Malta,MLT,1972,YR1972,3.37276106781155,975.720889032725,..,302450,..,..
Malta,MLT,1974,YR1974,7.25561627204007,1245.3185941538,..,301996,..,..
Malta,MLT,1976,YR1976,0.551512830258583,1726.55927652911,..,305774,..,..
Malta,MLT,1978,YR1978,4.70751124951487,2558.73545942042,..,310182,..,..
Malta,MLT,1980,YR1980,15.747254103486,3948.26726691223,..,316645,..,..
Malta,MLT,1982,YR1982,5.81823397218665,3787.91737037633,..,325898,..,..
Malta,MLT,1984,YR1984,-0.442500000750075,3332.82104690242,..,330593,..,..
Malta,MLT,1986,YR1986,2.02788871414761,4194.53354255539,..,342121,..,..
Malta,MLT,1988,YR1988,0.938344387128515,5814.44988643074,..,347325,..,..
Malta,MLT,1990,YR1990,2.9834058606356,7192.39410227111,..,354170,..,..
Malta,MLT,1992,YR1992,1.63321209889045,8220.33925272398,..,367618,..,..
Malta,MLT,1994,YR1994,4.12992181638259,8000.34243622095,..,374797,..,..
Malta,MLT,1996,YR1996,2.05400000000009,10061.6952382544,..,379905,..,68.0851058959961
Malta,MLT,1998,YR1998,2.38525135417661,10408.0619868925,..,385287,..,73.9361724853516
Malta,MLT,2000,YR2000,2.36959287531806,10348.4865480967,6.57308626,390087,6.71,79.8941802978516
Malta,MLT,2002,YR2002,2.18849048060549,11251.2060862043,7.70661688,395969,5.88,82.0105819702148
Malta,MLT,2004,YR2004,2.79082848067754,15212.1267402818,8.04820728,401268,6.85,74.271842956543
Malta,MLT,2006,YR2006,2.77378006481472,16653.607176998,8.80992031,405308,7.24,71.0144958496094
Malta,MLT,2008,YR2008,4.25862171897073,22315.3198630182,7.86335802,409379,5.94,75
Malta,MLT,2010,YR2010,1.51563513618532,21946.6069676515,7.95211124,414508,6.3,75.8293838500977
Malta,MLT,2012,YR2012,2.37582057760386,22878.313086001,8.37802982,420028,5.6,69.1943130493164
Malta,MLT,2014,YR2014,0.310306472181665,27356.6080303021,9.08505249,434558,5.72,73.3333358764648
Malta,MLT,2016,YR2016,0.642702771527304,26409.6285858968,8.96600914,455356,5.32,70.9523773193359
Malta,MLT,2018,YR2018,1.15782362451517,33332.1905601302,8.5073843,484630,5.24,78.7735824584961
Malta,MLT,2020,YR2020,0.638544956776712,31796.8213417258,10.60137844,515332,..,66.9811325073242
Malta,MLT,2022,YR2022,6.15375621933037,36142.2058531852,9.52376747,531511,4.06,61.7924537658691
Malta,MLT,2024,YR2024,..,..,..,..,..,..
Marshall Islands,MHL,1960,YR1960,..,..,..,14703,..,..
Marshall Islands,MHL,1962,YR1962,..,..,..,15755,..,..
Marshall Islands,MHL,1964,YR1964,..,..,..,16852,..,..
Marshall Islands,MHL,1966,YR1966,..,..,..,17927,..,..
Marshall Islands,MHL,1968,YR1968,..,..,..,19862,..,..
Marshall Islands,MHL,1970,YR1970,..,373.212871726587,..,22530,..,..
Marshall Islands,MHL,1972,YR1972,..,415.707402467489,..,23992,..,..
Marshall Islands,MHL,1974,YR1974,..,601.578589500316,..,25296,..,..
Marshall Islands,MHL,1976,YR1976,..,671.834758151068,..,27021,..,..
Marshall Islands,MHL,1978,YR1978,..,770.91776875282,..,28809,..,..
Marshall Islands,MHL,1980,YR1980,..,867.961688438292,..,30774,..,..
Marshall Islands,MHL,1982,YR1982,..,1045.54301284547,..,33397,..,..
Marshall Islands,MHL,1984,YR1984,..,1244.87094639312,..,36264,..,..
Marshall Islands,MHL,1986,YR1986,..,1425.16418062414,..,39286,..,..
Marshall Islands,MHL,1988,YR1988,..,1670.28189314997,..,42321,..,..
Marshall Islands,MHL,1990,YR1990,..,1758.40820990836,..,44629,..,..
Marshall Islands,MHL,1992,YR1992,..,1963.07234629646,..,46388,..,..
Marshall Islands,MHL,1994,YR1994,..,2265.0695841717,..,47712,..,..
Marshall Islands,MHL,1996,YR1996,..,2272.84469502819,..,48775,..,..
Marshall Islands,MHL,1998,YR1998,..,2254.16054870567,..,49717,..,..
Marshall Islands,MHL,2000,YR2000,..,2264.79114897645,13.52467632,50706,..,..
Marshall Islands,MHL,2002,YR2002,..,2566.06708799222,12.06634617,51425,..,..
Marshall Islands,MHL,2004,YR2004,..,2566.08291015814,14.15128136,51791,..,51.9417457580566
Marshall Islands,MHL,2006,YR2006,..,2754.26988767503,22.29854774,51992,..,45.4106292724609
Marshall Islands,MHL,2008,YR2008,..,2817.60522775322,19.1096344,52030,..,41.3461532592773
Marshall Islands,MHL,2010,YR2010,..,3095.45768964722,17.84438324,52044,..,57.3459701538086
Marshall Islands,MHL,2012,YR2012,..,3514.26515490383,11.7263298,51419,..,43.1279602050781
Marshall Islands,MHL,2014,YR2014,..,3735.23977829545,12.11000061,49796,..,51.9047622680664
Marshall Islands,MHL,2016,YR2016,..,4229.80988911945,14.70093918,47709,..,58.5714302062988
Marshall Islands,MHL,2018,YR2018,..,4858.12079054875,14.5333004,45285,..,64.1509399414062
Marshall Islands,MHL,2020,YR2020,..,5661.96787336674,12.17444134,42706,..,62.7358474731445
Marshall Islands,MHL,2022,YR2022,..,6322.82855503156,11.73604298,40077,..,66.5094375610352
Marshall Islands,MHL,2024,YR2024,..,..,..,..,..,..
Mauritania,MRT,1960,YR1960,..,..,..,824298,..,..
Mauritania,MRT,1962,YR1962,..,188.995146612769,..,869184,..,..
Mauritania,MRT,1964,YR1964,..,244.294599697524,..,918955,..,..
Mauritania,MRT,1966,YR1966,..,273.604362731912,..,974157,..,..
Mauritania,MRT,1968,YR1968,..,300.94152952866,..,1034739,..,..
Mauritania,MRT,1970,YR1970,..,281.327175871626,..,1099806,..,..
Mauritania,MRT,1972,YR1972,..,335.23154288786,..,1168355,..,..
Mauritania,MRT,1974,YR1974,..,494.288408290337,..,1240188,..,..
Mauritania,MRT,1976,YR1976,..,589.237667658903,..,1315336,..,..
Mauritania,MRT,1978,YR1978,..,577.742777476832,..,1392713,..,..
Mauritania,MRT,1980,YR1980,..,710.918952530534,..,1474043,..,..
Mauritania,MRT,1982,YR1982,..,710.21886884239,..,1561176,..,..
Mauritania,MRT,1984,YR1984,..,649.681186509673,..,1653693,..,..
Mauritania,MRT,1986,YR1986,7.4333333333332,677.363323878901,..,1751835,..,..
Mauritania,MRT,1988,YR1988,1.31965861005482,762.423918016846,..,1855859,..,..
Mauritania,MRT,1990,YR1990,6.60022564874018,772.033092140219,..,1951878,..,..
Mauritania,MRT,1992,YR1992,10.141817562151,1036.47437808576,..,2088135,..,..
Mauritania,MRT,1994,YR1994,4.12825861295442,864.599478365453,..,2249454,..,..
Mauritania,MRT,1996,YR1996,4.68130623916413,904.120879798142,..,2358188,..,31.9148941040039
Mauritania,MRT,1998,YR1998,8.03166665498858,821.266378551937,..,2474651,..,33.5106391906738
Mauritania,MRT,2000,YR2000,3.25406745833358,680.911061879778,3.37824655,2613441,..,32.2751312255859
Mauritania,MRT,2002,YR2002,3.8957052575849,648.879643934862,4.00224972,2738655,..,31.7460308074951
Mauritania,MRT,2004,YR2004,10.3676233473073,823.554457141893,3.70429492,2868664,..,23.3009700775146
Mauritania,MRT,2006,YR2006,6.2410332814282,1300.60367988659,2.70252752,3013660,11.56,39.613525390625
Mauritania,MRT,2008,YR2008,7.34663541249786,1635.5630623124,3.01338983,3183269,10.43,14.9038457870483
Mauritania,MRT,2010,YR2010,6.28354087427704,1659.96369705455,2.63618922,3390965,10.66,9.00473976135254
Mauritania,MRT,2012,YR2012,4.90242727217997,1859.11733247641,2.64919329,3619034,..,7.10900497436523
Mauritania,MRT,2014,YR2014,3.53436856147324,1713.00865264234,3.46724391,3848514,11.93,15.2380952835083
Mauritania,MRT,2016,YR2016,1.47171045650004,1565.76575722696,3.18699503,4086657,..,11.4285717010498
Mauritania,MRT,2018,YR2018,3.06735996058356,1722.93528854073,2.88362551,4337685,12.79,13.2075471878052
Mauritania,MRT,2020,YR2020,2.3856948845632,1795.76459566714,3.00147843,4600131,16.83,12.7358493804932
Mauritania,MRT,2022,YR2022,9.52526628622843,1960.35240077424,4.48389912,4875637,16.4,16.0377349853516
Mauritania,MRT,2024,YR2024,..,..,..,..,..,..
Mauritius,MUS,1960,YR1960,..,239.535445444268,..,676683,..,..
Mauritius,MUS,1962,YR1962,..,282.342386236302,..,700349,..,..
Mauritius,MUS,1964,YR1964,1.89557417281005,297.284380211561,..,736381,..,..
Mauritius,MUS,1966,YR1966,2.50489556095845,295.955041673441,..,768813,..,..
Mauritius,MUS,1968,YR1968,6.97710758672967,258.734051896237,..,798413,..,..
Mauritius,MUS,1970,YR1970,1.54186594325664,271.338746980393,..,826000,..,..
Mauritius,MUS,1972,YR1972,5.39593552933407,373.996570209941,..,852053,..,..
Mauritius,MUS,1974,YR1974,29.115630311092,762.940758670279,..,878042,..,..
Mauritius,MUS,1976,YR1976,12.9557291671836,787.098225962589,..,906507,..,..
Mauritius,MUS,1978,YR1978,8.54513915082283,1102.34753691974,..,933499,..,..
Mauritius,MUS,1980,YR1980,41.9995143865698,1187.35157080412,..,966039,..,..
Mauritius,MUS,1982,YR1982,11.4156931283652,1101.15920527391,..,992521,..,..
Mauritius,MUS,1984,YR1984,7.3891625616946,1041.83252378016,..,1012221,..,..
Mauritius,MUS,1986,YR1986,1.63265306122486,1441.71452837714,..,1028360,..,..
Mauritius,MUS,1988,YR1988,9.15931413351059,2073.59238787189,..,1043239,..,..
Mauritius,MUS,1990,YR1990,13.4880887926371,2539.92846467452,..,1058775,..,..
Mauritius,MUS,1992,YR1992,4.64351929883709,3013.23706337167,..,1084441,..,..
Mauritius,MUS,1994,YR1994,7.32347154412294,3240.38624662702,..,1112846,..,..
Mauritius,MUS,1996,YR1996,6.55097336065571,3951.94494649336,..,1133996,22.16,57.4468078613281
Mauritius,MUS,1998,YR1998,6.81079323797192,3641.62142564086,..,1160421,23.49,53.7234039306641
Mauritius,MUS,2000,YR2000,4.19928825622803,3981.98343249582,2.85734653,1186873,18.03,45.5026473999023
Mauritius,MUS,2002,YR2002,6.41933372221151,4073.06053055903,3.18897271,1204621,19.56,68.2539672851562
Mauritius,MUS,2004,YR2004,4.71037060105879,5460.60800184198,3.31652546,1221003,18.92,61.6504859924316
Mauritius,MUS,2006,YR2006,8.91350105650141,5695.97525509869,3.60573649,1233996,6.13,54.1062812805176
Mauritius,MUS,2008,YR2008,9.73228317146883,8030.05228087539,3.93896508,1244121,6.13,58.6538467407227
Mauritius,MUS,2010,YR2010,2.93236301369854,8000.37643182154,4.51898289,1250400,1.17,52.1327018737793
Mauritius,MUS,2012,YR2012,3.85216033315983,9291.23627601053,4.21993399,1255882,1.1,63.9810409545898
Mauritius,MUS,2014,YR2014,3.21769191994684,10366.3550754936,5.38024664,1261208,0.96,58.0952377319336
Mauritius,MUS,2016,YR2016,0.977675134719049,9965.72531085228,5.54289532,1263747,1.05,65.7142868041992
Mauritius,MUS,2018,YR2018,3.21605383144587,11643.4605962124,5.60310221,1265577,1.11,63.2075462341309
Mauritius,MUS,2020,YR2020,2.58080077182822,9011.04288445023,6.09606028,1266014,1.32,60.8490562438965
Mauritius,MUS,2022,YR2022,10.7737512242899,10239.7970461095,5.82381678,1262523,1.19,58.9622650146484
Mauritius,MUS,2024,YR2024,4.10263226568006,..,..,..,..,..
Mexico,MEX,1960,YR1960,4.92751886903116,355.075199563018,..,36724615,..,..
Mexico,MEX,1962,YR1962,1.19898417815082,388.456702411498,..,39129200,..,..
Mexico,MEX,1964,YR1964,2.33790317234362,480.704214437745,..,41772049,..,..
Mexico,MEX,1966,YR1966,4.21578837738435,544.935854193449,..,44629106,..,..
Mexico,MEX,1968,YR1968,2.33395093467026,615.922912128842,..,47668303,..,..
Mexico,MEX,1970,YR1970,5.00341205483431,699.006845485029,..,50814953,..,..
Mexico,MEX,1972,YR1972,4.94369236377875,836.569673446138,..,54030168,..,..
Mexico,MEX,1974,YR1974,23.7840154425787,1256.10280601329,..,57320149,..,..
Mexico,MEX,1976,YR1976,15.824722489347,1465.49877862474,..,60645512,..,..
Mexico,MEX,1978,YR1978,17.4572925678265,1604.40920452482,..,63979046,..,..
Mexico,MEX,1980,YR1980,26.3516513562834,3054.62162291784,..,67300334,..,..
Mexico,MEX,1982,YR1982,58.9134198531048,2620.95793392947,..,70433260,..,..
Mexico,MEX,1984,YR1984,65.4488071277602,2506.30742754755,..,73506846,..,..
Mexico,MEX,1986,YR1986,86.2333169923538,1756.93563367491,..,76585637,..,..
Mexico,MEX,1988,YR1988,114.162258549066,2278.81222720992,..,79695531,..,..
Mexico,MEX,1990,YR1990,26.6516725646771,3154.46920349038,..,82820170,..,..
Mexico,MEX,1992,YR1992,15.5078962533573,4220.56643677057,..,86044809,..,..
Mexico,MEX,1994,YR1994,6.96581237191123,6202.36588372862,..,89259205,..,..
Mexico,MEX,1996,YR1996,34.3783832235168,4674.36792733681,..,92452702,15.38,7.97872352600098
Mexico,MEX,1998,YR1998,15.9283950119353,5832.69342004468,..,95575245,15.43,15.957447052002
Mexico,MEX,2000,YR2000,9.49156149435403,7524.02713693678,4.24436522,98625552,18.76,24.8677253723145
Mexico,MEX,2002,YR2002,5.03072733151295,7983.03398483743,4.83042812,101548624,13.66,28.0423278808594
Mexico,MEX,2004,YR2004,4.68840884843143,7849.66759649565,5.6835022,104394131,9.49,24.2718448638916
Mexico,MEX,2006,YR2006,3.62946762439132,9512.63575346699,5.40647888,107253666,7.21,17.3913040161133
Mexico,MEX,2008,YR2008,5.12498274575896,10523.7685403244,5.44587374,110374288,7.59,13.4615383148193
Mexico,MEX,2010,YR2010,4.15672722680174,9728.80078377082,5.4897337,113623895,10.61,13.2701425552368
Mexico,MEX,2012,YR2012,4.11150981070289,10744.1335242686,5.42140484,116818208,11.51,17.5355453491211
Mexico,MEX,2014,YR2014,4.01861608078679,11391.3773497683,5.35336781,119784261,4.95,10
Mexico,MEX,2016,YR2016,2.8217078474766,9097.92397674769,5.38499022,122251351,9.41,14.2857141494751
Mexico,MEX,2018,YR2018,4.89935015356551,10084.7937562021,5.23821402,124573711,4.52,13.2075471878052
Mexico,MEX,2020,YR2020,3.39683415570006,8841.27075003163,6.0537405,126799054,..,12.7358493804932
Mexico,MEX,2022,YR2022,7.8962761916855,11385.4070757929,5.72145176,128613117,3.6,13.2075471878052
Mexico,MEX,2024,YR2024,4.72225588452932,..,..,..,..,..
"Micronesia, Fed. Sts.",FSM,1960,YR1960,..,..,..,43061,..,..
"Micronesia, Fed. Sts.",FSM,1962,YR1962,..,..,..,46218,..,..
"Micronesia, Fed. Sts.",FSM,1964,YR1964,..,..,..,49181,..,..
"Micronesia, Fed. Sts.",FSM,1966,YR1966,..,..,..,52258,..,..
"Micronesia, Fed. Sts.",FSM,1968,YR1968,..,..,..,55457,..,..
"Micronesia, Fed. Sts.",FSM,1970,YR1970,..,337.4957740742,..,58922,..,..
"Micronesia, Fed. Sts.",FSM,1972,YR1972,..,403.046469058094,..,62278,..,..
"Micronesia, Fed. Sts.",FSM,1974,YR1974,..,701.077963162938,..,65749,..,..
"Micronesia, Fed. Sts.",FSM,1976,YR1976,..,677.970615070457,..,69049,..,..
"Micronesia, Fed. Sts.",FSM,1978,YR1978,..,737.510432416087,..,72754,..,..
"Micronesia, Fed. Sts.",FSM,1980,YR1980,..,829.209813066002,..,77407,..,..
"Micronesia, Fed. Sts.",FSM,1982,YR1982,..,973.688636446563,..,82219,..,..
"Micronesia, Fed. Sts.",FSM,1984,YR1984,..,971.323735890612,..,87176,..,..
"Micronesia, Fed. Sts.",FSM,1986,YR1986,..,1216.15763119676,..,92266,..,..
"Micronesia, Fed. Sts.",FSM,1988,YR1988,..,1284.2827275817,..,97097,..,..
"Micronesia, Fed. Sts.",FSM,1990,YR1990,..,1459.04369201491,..,100888,..,..
"Micronesia, Fed. Sts.",FSM,1992,YR1992,..,1699.3301910196,..,104806,..,..
"Micronesia, Fed. Sts.",FSM,1994,YR1994,..,1856.5207426083,..,109075,..,..
"Micronesia, Fed. Sts.",FSM,1996,YR1996,..,1973.93821696324,..,110710,..,..
"Micronesia, Fed. Sts.",FSM,1998,YR1998,..,1965.15528340681,..,111377,..,..
"Micronesia, Fed. Sts.",FSM,2000,YR2000,2.15851810619419,2081.9660133519,7.86639547,112044,..,..
"Micronesia, Fed. Sts.",FSM,2002,YR2002,-0.111442426432945,2156.70532157086,8.02993011,112448,..,..
"Micronesia, Fed. Sts.",FSM,2004,YR2004,2.27669698247304,2146.40160821979,12.23100758,111925,..,62.1359214782715
"Micronesia, Fed. Sts.",FSM,2006,YR2006,4.63737008585635,2289.75155559971,17.96380424,110729,..,63.7681159973145
"Micronesia, Fed. Sts.",FSM,2008,YR2008,8.42372566246186,2415.59355952119,18.93288994,108936,..,69.2307662963867
"Micronesia, Fed. Sts.",FSM,2010,YR2010,3.31370963136217,2761.24325832248,21.48778725,107540,..,68.7203826904297
"Micronesia, Fed. Sts.",FSM,2012,YR2012,5.01850353045616,3033.16989526369,12.42913532,107890,..,69.1943130493164
"Micronesia, Fed. Sts.",FSM,2014,YR2014,0.650284891767944,2945.41495996162,11.9102993,108396,..,65.7142868041992
"Micronesia, Fed. Sts.",FSM,2016,YR2016,-1.03746806405349,2979.60119184048,13.4160471,109075,..,65.7142868041992
"Micronesia, Fed. Sts.",FSM,2018,YR2018,1.49840023593737,3566.58690371125,11.96551991,109909,..,77.8301849365234
"Micronesia, Fed. Sts.",FSM,2020,YR2020,0.554594630853174,3353.8894298388,12.01537514,110916,..,70.7547149658203
"Micronesia, Fed. Sts.",FSM,2022,YR2022,5.40874375479067,3835.38184348074,10.34470272,112114,..,74.0566024780273
"Micronesia, Fed. Sts.",FSM,2024,YR2024,..,..,..,..,..,..
Moldova,MDA,1960,YR1960,..,..,..,2058020,..,..
Moldova,MDA,1962,YR1962,..,..,..,2147227,..,..
Moldova,MDA,1964,YR1964,..,..,..,2228000,..,..
Moldova,MDA,1966,YR1966,..,..,..,2301871,..,..
Moldova,MDA,1968,YR1968,..,..,..,2373073,..,..
Moldova,MDA,1970,YR1970,..,..,..,2437590,..,..
Moldova,MDA,1972,YR1972,..,..,..,2484742,..,..
Moldova,MDA,1974,YR1974,..,..,..,2538164,..,..
Moldova,MDA,1976,YR1976,..,..,..,2596491,..,..
Moldova,MDA,1978,YR1978,..,..,..,2656211,..,..
Moldova,MDA,1980,YR1980,..,..,..,2708675,..,..
Moldova,MDA,1982,YR1982,..,..,..,2763101,..,..
Moldova,MDA,1984,YR1984,..,..,..,2820518,..,..
Moldova,MDA,1986,YR1986,..,..,..,2883057,..,..
Moldova,MDA,1988,YR1988,..,..,..,2948891,..,..
Moldova,MDA,1990,YR1990,..,1206.50208704977,..,2977912,..,..
Moldova,MDA,1992,YR1992,1026.82626424702,778.017667420102,..,2980965,..,..
Moldova,MDA,1994,YR1994,486.42562379589,573.798647201304,..,2966745,..,..
Moldova,MDA,1996,YR1996,23.5056772963369,575.145455139019,..,2947293,10.79,23.4042549133301
Moldova,MDA,1998,YR1998,7.69576517517206,578.734627562193,..,2935227,..,36.7021293640137
Moldova,MDA,2000,YR2000,31.2993015817783,440.538683980372,5.92687273,2924668,8.61,17.4603176116943
Moldova,MDA,2002,YR2002,5.30124390261593,570.799866188293,7.40437651,2911385,..,26.4550266265869
Moldova,MDA,2004,YR2004,12.5242768428228,897.178494749468,8.97114944,2896023,8.87,22.3300971984863
Moldova,MDA,2006,YR2006,12.777755783035,1183.02481442894,10.54445267,2880967,7.21,22.2222213745117
Moldova,MDA,2008,YR2008,12.783047261882,2110.55305353857,10.94920063,2868833,6.55,23.0769233703613
Moldova,MDA,2010,YR2010,7.4838508635085,2436.79935102421,10.13112831,2862354,6.87,21.3270149230957
Moldova,MDA,2012,YR2012,4.54633427355292,3044.8084324815,9.13962078,2860324,6.98,36.9668235778809
Moldova,MDA,2014,YR2014,5.08878554625879,3289.95758568777,8.63275623,2857815,7.35,29.0476188659668
Moldova,MDA,2016,YR2016,6.35930898037931,2847.08794770479,7.53552246,2803186,8.06,23.3333339691162
Moldova,MDA,2018,YR2018,3.04505397337058,4156.44981956646,6.70760345,2707203,..,19.3396224975586
Moldova,MDA,2020,YR2020,3.76597122245358,4375.7788930524,7.00484037,2635130,3.49,20.7547168731689
Moldova,MDA,2022,YR2022,28.7372976766236,5738.42473515618,6.96505404,2528654,4.15,13.2075471878052
Moldova,MDA,2024,YR2024,4.67773516007048,..,..,..,..,..
Monaco,MCO,1960,YR1960,..,..,..,21808,..,..
Monaco,MCO,1962,YR1962,..,..,..,22078,..,..
Monaco,MCO,1964,YR1964,..,..,..,22686,..,..
Monaco,MCO,1966,YR1966,..,..,..,23131,..,..
Monaco,MCO,1968,YR1968,..,..,..,23437,..,..
Monaco,MCO,1970,YR1970,..,12098.2018753587,..,24229,..,..
Monaco,MCO,1972,YR1972,..,16187.4306500397,..,24862,..,..
Monaco,MCO,1974,YR1974,..,22347.8999054501,..,25235,..,..
Monaco,MCO,1976,YR1976,..,28396.3794040315,..,25895,..,..
Monaco,MCO,1978,YR1978,..,37607.7886875432,..,26605,..,..
Monaco,MCO,1980,YR1980,..,50813.9342272643,..,27122,..,..
Monaco,MCO,1982,YR1982,..,41479.49844229,..,27561,..,..
Monaco,MCO,1984,YR1984,..,36582.3672009832,..,28356,..,..
Monaco,MCO,1986,YR1986,..,52082.4508807502,..,29093,..,..
Monaco,MCO,1988,YR1988,..,67180.5763713568,..,29781,..,..
Monaco,MCO,1990,YR1990,..,81734.8664968011,..,30358,..,..
Monaco,MCO,1992,YR1992,..,88614.926367223,..,30887,..,..
Monaco,MCO,1994,YR1994,..,86703.8130529474,..,31375,..,..
Monaco,MCO,1996,YR1996,..,98561.0137425657,..,31837,..,..
Monaco,MCO,1998,YR1998,..,90947.2051224438,..,32267,..,..
Monaco,MCO,2000,YR2000,..,81789.0206522549,3.69517851,32455,..,..
Monaco,MCO,2002,YR2002,..,90051.4459877468,3.80860424,32422,..,..
Monaco,MCO,2004,YR2004,..,125160.228087598,4.52466917,32307,..,55.8252410888672
Monaco,MCO,2006,YR2006,..,143083.461107202,4.29524565,32057,..,53.1400947570801
Monaco,MCO,2008,YR2008,..,204263.797114294,4.08357811,31836,..,52.8846168518066
Monaco,MCO,2010,YR2010,..,161853.920622244,4.95791674,33163,..,51.6587677001953
Monaco,MCO,2012,YR2012,..,165444.651378771,4.7558527,34711,..,57.3459701538086
Monaco,MCO,2014,YR2014,..,195693.570738894,4.44085073,36128,..,59.0476188659668
Monaco,MCO,2016,YR2016,..,173604.753555915,4.12467051,37276,..,78.5714263916016
Monaco,MCO,2018,YR2018,..,188298.315668437,4.04578018,38154,..,90.5660400390625
Monaco,MCO,2020,YR2020,..,176891.886538492,4.27929592,38050,..,71.2264175415039
Monaco,MCO,2022,YR2022,..,226052.001905201,3.39779735,38931,..,71.2264175415039
Monaco,MCO,2024,YR2024,..,..,..,..,..,..
Mongolia,MNG,1960,YR1960,..,..,..,977595,..,..
Mongolia,MNG,1962,YR1962,..,..,..,1041444,..,..
Mongolia,MNG,1964,YR1964,..,..,..,1100234,..,..
Mongolia,MNG,1966,YR1966,..,..,..,1163754,..,..
Mongolia,MNG,1968,YR1968,..,..,..,1229930,..,..
Mongolia,MNG,1970,YR1970,..,..,..,1295272,..,..
Mongolia,MNG,1972,YR1972,..,..,..,1366821,..,..
Mongolia,MNG,1974,YR1974,..,..,..,1446050,..,..
Mongolia,MNG,1976,YR1976,..,..,..,1531945,..,..
Mongolia,MNG,1978,YR1978,..,..,..,1619468,..,..
Mongolia,MNG,1980,YR1980,..,1235.14422497627,..,1701335,..,..
Mongolia,MNG,1982,YR1982,..,1429.62551800828,..,1785364,..,..
Mongolia,MNG,1984,YR1984,..,1119.71388466075,..,1874349,..,..
Mongolia,MNG,1986,YR1986,..,1469.42176378914,..,1970965,..,..
Mongolia,MNG,1988,YR1988,..,1543.33555521093,..,2076322,..,..
Mongolia,MNG,1990,YR1990,..,1220.17127664137,..,2098710,..,..
Mongolia,MNG,1992,YR1992,..,607.813424662797,..,2167790,..,..
Mongolia,MNG,1994,YR1994,87.580009329808,422.864349383041,..,2189395,..,..
Mongolia,MNG,1996,YR1996,46.8899521531103,595.5810149554,..,2259507,..,49.4680862426758
Mongolia,MNG,1998,YR1998,9.35704217716551,483.878066074871,..,2323809,..,34.5744667053223
Mongolia,MNG,2000,YR2000,11.5955387593327,476.02755082717,6.07605076,2388299,5.1,52.9100532531738
Mongolia,MNG,2002,YR2002,0.917074687184271,570.249213248399,5.49190998,2449027,7.04,65.6084671020508
Mongolia,MNG,2004,YR2004,8.24115449417618,794.154552001815,4.30204487,2508412,5.04,53.8834953308105
Mongolia,MNG,2006,YR2006,5.09516661663163,1329.89179579053,3.74971509,2567168,5.01,49.2753639221191
Mongolia,MNG,2008,YR2008,27.9556650246306,2127.42678594737,4.55693007,2643201,5.17,47.1153831481934
Mongolia,MNG,2010,YR2010,10.0462065881651,2625.21881402433,3.73945642,2738622,5.16,52.1327018737793
Mongolia,MNG,2012,YR2012,14.3303348325837,4328.89001905655,3.85800076,2839705,..,49.7630348205566
Mongolia,MNG,2014,YR2014,12.253980812976,4126.23975800524,4.20989752,2963113,..,60.476188659668
Mongolia,MNG,2016,YR2016,0.733272227314397,3619.90026383792,4.58008575,3088856,..,61.4285697937012
Mongolia,MNG,2018,YR2018,6.82424790145522,4107.64288528468,4.53449297,3208189,6.36,63.2075462341309
Mongolia,MNG,2020,YR2020,3.79604026111247,4001.25193077703,4.6662488,3327204,6.24,57.0754699707031
Mongolia,MNG,2022,YR2022,15.1479560897226,4993.51487463495,8.85170174,3433748,6.27,50.4716987609863
Mongolia,MNG,2024,YR2024,6.80284899332961,..,..,..,..,..
Montenegro,MNE,1960,YR1960,..,..,..,480579,..,..
Montenegro,MNE,1962,YR1962,..,..,..,502558,..,..
Montenegro,MNE,1964,YR1964,..,..,..,521753,..,..
Montenegro,MNE,1966,YR1966,..,..,..,526419,..,..
Montenegro,MNE,1968,YR1968,..,..,..,517481,..,..
Montenegro,MNE,1970,YR1970,..,..,..,512407,..,..
Montenegro,MNE,1972,YR1972,..,..,..,521785,..,..
Montenegro,MNE,1974,YR1974,..,..,..,538902,..,..
Montenegro,MNE,1976,YR1976,..,..,..,552562,..,..
Montenegro,MNE,1978,YR1978,..,..,..,562065,..,..
Montenegro,MNE,1980,YR1980,..,..,..,572608,..,..
Montenegro,MNE,1982,YR1982,..,..,..,587001,..,..
Montenegro,MNE,1984,YR1984,..,..,..,600884,..,..
Montenegro,MNE,1986,YR1986,..,..,..,607711,..,..
Montenegro,MNE,1988,YR1988,..,..,..,607413,..,..
Montenegro,MNE,1990,YR1990,..,..,..,606372,..,..
Montenegro,MNE,1992,YR1992,..,..,..,608516,..,..
Montenegro,MNE,1994,YR1994,..,..,..,611389,..,..
Montenegro,MNE,1996,YR1996,..,..,..,611003,..,..
Montenegro,MNE,1998,YR1998,..,1405.81632669854,..,607662,..,..
Montenegro,MNE,2000,YR2000,..,1627.06511911987,..,604950,..,..
Montenegro,MNE,2002,YR2002,..,2106.6350684523,..,609828,..,..
Montenegro,MNE,2004,YR2004,..,3380.16512135859,..,613353,..,..
Montenegro,MNE,2006,YR2006,2.92451258123648,4425.67887307803,..,615025,..,17.3913040161133
Montenegro,MNE,2008,YR2008,8.75872769588798,7367.75190910882,..,616969,10.24,54.8076934814453
Montenegro,MNE,2010,YR2010,0.654946570148479,6688.40259641346,..,619428,8.94,50.7108993530273
Montenegro,MNE,2012,YR2012,4.14524724981119,6586.39970256684,8.29550457,620601,5.77,52.6066360473633
Montenegro,MNE,2014,YR2014,-0.710514051710227,7387.87296917548,8.00086784,621810,4.42,40.9523811340332
Montenegro,MNE,2016,YR2016,-0.271385023385176,7033.43962398373,8.63302994,622303,3.62,43.3333320617676
Montenegro,MNE,2018,YR2018,2.611223782638,8850.3749248372,8.34355545,622227,3.75,35.3773574829102
Montenegro,MNE,2020,YR2020,-0.255655699848551,7677.37132106817,11.42177582,621306,3.33,27.8301887512207
Montenegro,MNE,2022,YR2022,13.0403036347004,10093.4387007266,10.92241859,617213,3.92,25.943395614624
Montenegro,MNE,2024,YR2024,3.33675009282281,..,..,..,..,..
Morocco,MAR,1960,YR1960,3.42429906542058,174.784133911133,..,11624933,..,..
Morocco,MAR,1962,YR1962,5.09672908138148,193.647811889648,..,12253092,..,..
Morocco,MAR,1964,YR1964,4.02154147421213,216.263046264648,..,12898886,..,..
Morocco,MAR,1966,YR1966,-1.0135793646964,210.824432373047,..,13597065,..,..
Morocco,MAR,1968,YR1968,0.436479069044525,227.120864868164,..,14347899,..,..
Morocco,MAR,1970,YR1970,1.27918132376476,260.26513671875,..,15129449,..,..
Morocco,MAR,1972,YR1972,3.75917055722263,317.074066162109,..,15924692,..,..
Morocco,MAR,1974,YR1974,17.5568227452454,456.592529296875,..,16733842,..,..
Morocco,MAR,1976,YR1976,8.50215244349303,543.368469238281,..,17574182,..,..
Morocco,MAR,1978,YR1978,9.7160327495434,712.879638671875,..,18477385,..,..
Morocco,MAR,1980,YR1980,9.40837947437956,1109.88220214844,..,19459943,..,..
Morocco,MAR,1982,YR1982,10.5278072972983,856.569763183594,..,20520318,..,..
Morocco,MAR,1984,YR1984,12.4475693291853,681.909729003906,..,21593778,..,..
Morocco,MAR,1986,YR1986,8.73355918706675,855.169311523438,..,22600803,..,..
Morocco,MAR,1988,YR1988,2.36905505487641,1086.03527832031,..,23500524,..,..
Morocco,MAR,1990,YR1990,6.78259401511006,1229.07104492188,..,24375551,..,..
Morocco,MAR,1992,YR1992,5.7402466286874,1327.02954101563,..,25212468,..,..
Morocco,MAR,1994,YR1994,5.14167152953361,1358.79443359375,..,26000822,..,..
Morocco,MAR,1996,YR1996,2.98680922773017,1596.83239746094,..,26808107,..,21.2765960693359
Morocco,MAR,1998,YR1998,2.75311330764477,1668.49755859375,..,27621648,..,34.5744667053223
Morocco,MAR,2000,YR2000,1.89463456763464,1499.107421875,3.69304585,28423435,37.46,26.4550266265869
Morocco,MAR,2002,YR2002,2.79561966936936,1596.02062988281,4.06117535,29198142,34.71,23.8095245361328
Morocco,MAR,2004,YR2004,1.49344403381774,2183.55541992188,4.23211098,29953018,..,21.8446598052979
Morocco,MAR,2006,YR2006,3.28476166954811,2438.12646484375,4.56586647,30771178,21.72,19.8067626953125
Morocco,MAR,2008,YR2008,3.71484311494064,3183.20043945313,4.83789158,31606767,20.49,15.865385055542
Morocco,MAR,2010,YR2010,0.993557401226392,3067.9853515625,5.41861057,32467016,25.56,22.274881362915
Morocco,MAR,2012,YR2012,1.28712240079219,3164.17724609375,5.39619017,33355241,12.69,20.3791465759277
Morocco,MAR,2014,YR2014,0.442310053557048,3435.40698242188,5.41626596,34204780,9.3,20.9523811340332
Morocco,MAR,2016,YR2016,1.63531114327064,3140.85546875,5.09203386,35023457,8.86,22.8571434020996
Morocco,MAR,2018,YR2018,1.80391671141896,3501.69799804688,4.94516659,35839760,..,21.2264156341553
Morocco,MAR,2020,YR2020,0.705968661338261,3268.0302734375,5.59079361,36584208,7.7,20.2830181121826
Morocco,MAR,2022,YR2022,6.65704202759067,3455.39624023438,5.68049145,37329064,..,18.3962268829346
Morocco,MAR,2024,YR2024,0.985256592004507,..,..,..,..,..
Mozambique,MOZ,1960,YR1960,..,..,..,6713695,..,..
Mozambique,MOZ,1962,YR1962,..,..,..,6969364,..,..
Mozambique,MOZ,1964,YR1964,..,..,..,7255061,..,..
Mozambique,MOZ,1966,YR1966,..,..,..,7562990,..,..
Mozambique,MOZ,1968,YR1968,..,..,..,7892613,..,..
Mozambique,MOZ,1970,YR1970,..,..,..,8250506,..,..
Mozambique,MOZ,1972,YR1972,..,..,..,8692935,..,..
Mozambique,MOZ,1974,YR1974,..,..,..,9236093,..,..
Mozambique,MOZ,1976,YR1976,..,..,..,9867209,..,..
Mozambique,MOZ,1978,YR1978,..,..,..,10618250,..,..
Mozambique,MOZ,1980,YR1980,..,..,..,11336221,..,..
Mozambique,MOZ,1982,YR1982,..,..,..,11824370,..,..
Mozambique,MOZ,1984,YR1984,..,..,..,12315954,..,..
Mozambique,MOZ,1986,YR1986,..,..,..,12770578,..,..
Mozambique,MOZ,1988,YR1988,..,..,..,12800558,..,..
Mozambique,MOZ,1990,YR1990,..,..,..,13094537,..,..
Mozambique,MOZ,1992,YR1992,..,205.585216062094,..,13613316,..,..
Mozambique,MOZ,1994,YR1994,..,196.763143175646,..,15033853,..,..
Mozambique,MOZ,1996,YR1996,..,244.362651012498,..,16492480,..,23.4042549133301
Mozambique,MOZ,1998,YR1998,..,320.125121723292,..,17340464,..,30.319149017334
Mozambique,MOZ,2000,YR2000,..,327.12623979157,2.14253044,18129653,..,25.3968257904053
Mozambique,MOZ,2002,YR2002,..,313.886661721198,3.18652654,18958338,16.29,31.7460308074951
Mozambique,MOZ,2004,YR2004,..,400.056973161545,3.53062654,19840313,..,29.6116504669189
Mozambique,MOZ,2006,YR2006,13.2450879070999,457.487647833183,3.94559026,20787087,14.64,48.7922706604004
Mozambique,MOZ,2008,YR2008,14.5028053002268,592.159111184122,4.13496828,21819036,13.54,43.75
Mozambique,MOZ,2010,YR2010,12.4255421735156,496.185839392659,5.29249668,22999235,9.67,45.0236968994141
Mozambique,MOZ,2012,YR2012,2.60245456956618,685.685748199513,5.14035702,24337846,9.67,45.497631072998
Mozambique,MOZ,2014,YR2014,2.55974875844295,697.142680444123,6.24013042,25788475,9.85,23.3333339691162
Mozambique,MOZ,2016,YR2016,17.4180418197597,441.489734819071,7.21501875,27337105,9.73,8.5714282989502
Mozambique,MOZ,2018,YR2018,3.91133439990729,517.507260258101,7.97903347,29018644,10.4,12.2641506195068
Mozambique,MOZ,2020,YR2020,3.48393567493204,462.433876479921,7.54172373,30783688,10.4,7.54716968536377
Mozambique,MOZ,2022,YR2022,10.2794018093421,578.251663751351,8.77717781,32656246,..,8.01886749267578
Mozambique,MOZ,2024,YR2024,..,..,..,..,..,..
Myanmar,MMR,1960,YR1960,7.38993710703491,25.0847757223623,..,21730250,..,..
Myanmar,MMR,1962,YR1962,-1.61290322727254,27.9470039695431,..,22704719,..,..
Myanmar,MMR,1964,YR1964,-0.459418068919959,17.3322006236435,..,23737315,..,..
Myanmar,MMR,1966,YR1966,25.4901960784319,11.8013216738981,..,24836496,..,..
Myanmar,MMR,1968,YR1968,2.37603305787562,21.5453410007264,..,25989662,..,..
Myanmar,MMR,1970,YR1970,-4.00843881755277,20.7242782768026,..,27193016,..,..
Myanmar,MMR,1972,YR1972,7.64262648008593,23.2941302744944,..,28428324,..,..
Myanmar,MMR,1974,YR1974,25.2116613422039,41.4076276435663,..,29598167,..,..
Myanmar,MMR,1976,YR1976,22.3844016992292,39.1660083715823,..,30758811,..,..
Myanmar,MMR,1978,YR1978,-6.04470612570265,29.2562311044151,..,31972976,..,..
Myanmar,MMR,1980,YR1980,0.608153083899614,31.2462392881093,..,33227204,..,..
Myanmar,MMR,1982,YR1982,5.30474040537993,42.9535414901862,..,34482965,..,..
Myanmar,MMR,1984,YR1984,4.84631154769053,36.3255768443636,..,35899313,..,..
Myanmar,MMR,1986,YR1986,9.32546190007652,42.4193735892874,..,37314878,..,..
Myanmar,MMR,1988,YR1988,16.0428021801856,39.9236088878004,..,38600927,..,..
Myanmar,MMR,1990,YR1990,17.6267750314504,53.1225401094506,..,39817251,..,..
Myanmar,MMR,1992,YR1992,21.9132104007913,58.8896739558883,..,40950342,..,..
Myanmar,MMR,1994,YR1994,24.0987860757019,105.391561114159,..,42055143,..,..
Myanmar,MMR,1996,YR1996,16.2753966377374,141.897267580367,..,43154860,7.05,3.72340416908264
Myanmar,MMR,1998,YR1998,51.4875497504079,145.950830383757,..,44257793,7.05,3.72340416908264
Myanmar,MMR,2000,YR2000,-0.109165514668565,196.619580625284,2.12591195,45290841,7.05,1.05820107460022
Myanmar,MMR,2002,YR2002,57.0745112621703,146.598390364449,2.74706364,46232653,6.82,2.64550256729126
Myanmar,MMR,2004,YR2004,4.53421374129692,224.508811413327,2.46972823,47068772,6.6,7.76699018478394
Myanmar,MMR,2006,YR2006,19.9964873359214,303.495087119254,2.39884496,47785135,6.88,12.5603866577148
Myanmar,MMR,2008,YR2008,26.7995371934022,658.442487229705,2.24654627,48390793,5.98,9.13461494445801
Myanmar,MMR,2010,YR2010,7.71838195873614,1010.53417343401,2.08368421,49024382,5.14,4.26540279388428
Myanmar,MMR,2012,YR2012,1.46758322674679,1202.6658960055,2.5793314,49837446,7.54,9.00473976135254
Myanmar,MMR,2014,YR2014,4.953299184844,1293.00042298704,4.39346027,50681634,..,8.09523773193359
Myanmar,MMR,2016,YR2016,6.92882525816076,1229.19713515893,5.11349964,51495696,..,10.9523811340332
Myanmar,MMR,2018,YR2018,6.87232865662935,1298.21310320785,4.89992189,52272247,..,7.07547187805176
Myanmar,MMR,2020,YR2020,..,1490.21683548367,4.38807583,53016522,..,4.24528312683105
Myanmar,MMR,2022,YR2022,..,1158.05005034332,5.20476246,53756787,4.31,0
Myanmar,MMR,2024,YR2024,..,..,..,..,..,..
Namibia,NAM,1960,YR1960,..,..,..,591465,..,..
Namibia,NAM,1962,YR1962,..,..,..,615759,..,..
Namibia,NAM,1964,YR1964,..,..,..,644530,..,..
Namibia,NAM,1966,YR1966,..,..,..,677655,..,..
Namibia,NAM,1968,YR1968,..,..,..,715542,..,..
Namibia,NAM,1970,YR1970,..,..,..,757868,..,..
Namibia,NAM,1972,YR1972,..,..,..,804399,..,..
Namibia,NAM,1974,YR1974,..,..,..,854320,..,..
Namibia,NAM,1976,YR1976,..,..,..,906566,..,..
Namibia,NAM,1978,YR1978,..,..,..,947269,..,..
Namibia,NAM,1980,YR1980,..,2467.80765504439,..,981434,..,..
Namibia,NAM,1982,YR1982,..,2097.09340946461,..,1010308,..,..
Namibia,NAM,1984,YR1984,..,1830.46920554097,..,1065989,..,..
Namibia,NAM,1986,YR1986,..,1599.39785666132,..,1131081,..,..
Namibia,NAM,1988,YR1988,..,2062.57997582884,..,1209696,..,..
Namibia,NAM,1990,YR1990,..,2037.47589359778,..,1369303,..,..
Namibia,NAM,1992,YR1992,..,2346.86242963741,..,1461322,..,..
Namibia,NAM,1994,YR1994,..,2355.90445673153,..,1556304,..,..
Namibia,NAM,1996,YR1996,..,2423.3982907313,..,1646103,..,54.7872352600098
Namibia,NAM,1998,YR1998,..,2235.24515468625,..,1732745,..,42.5531921386719
Namibia,NAM,2000,YR2000,..,2156.67590512714,9.23999977,1818647,..,20.6349201202393
Namibia,NAM,2002,YR2002,..,1772.07565537493,9.68074989,1889970,5.39,31.7460308074951
Namibia,NAM,2004,YR2004,4.13663213144748,3403.15496192955,10.12623405,1942082,4.84,52.9126205444336
Namibia,NAM,2006,YR2006,4.96116689298916,4017.1834716928,10.57086945,1991888,6.12,54.1062812805176
Namibia,NAM,2008,YR2008,9.0946430719281,4204.78555422749,9.91801167,2047056,5.78,72.1153869628906
Namibia,NAM,2010,YR2010,4.8749198764395,5418.21633365814,9.72781372,2109811,5,60.6635055541992
Namibia,NAM,2012,YR2012,6.72199777334886,5942.64680978673,9.26659298,2194654,4.96,64.9289093017578
Namibia,NAM,2014,YR2014,5.35016966859602,5378.32326241205,8.4089098,2312139,4.34,57.6190490722656
Namibia,NAM,2016,YR2016,6.72858234593338,4395.68776162376,9.3223238,2439213,5.64,58.0952377319336
Namibia,NAM,2018,YR2018,4.29159105337875,5308.60813408705,8.28609943,2577327,4.72,57.0754699707031
Namibia,NAM,2020,YR2020,2.20938236933469,3878.58982993966,8.88723373,2728762,3.99,51.4150924682617
Namibia,NAM,2022,YR2022,6.08128114112413,4349.04532248966,9.29635525,2889662,5.11,51.4150924682617
Namibia,NAM,2024,YR2024,4.23903922877036,..,..,..,..,..
Nauru,NRU,1960,YR1960,..,..,..,4607,..,..
Nauru,NRU,1962,YR1962,..,..,..,4979,..,..
Nauru,NRU,1964,YR1964,..,..,..,5515,..,..
Nauru,NRU,1966,YR1966,..,..,..,6043,..,..
Nauru,NRU,1968,YR1968,..,..,..,6328,..,..
Nauru,NRU,1970,YR1970,..,2618.53445937725,..,6710,..,..
Nauru,NRU,1972,YR1972,..,3190.58553898837,..,6812,..,..
Nauru,NRU,1974,YR1974,..,5199.26497504766,..,6923,..,..
Nauru,NRU,1976,YR1976,..,5703.20317140765,..,7064,..,..
Nauru,NRU,1978,YR1978,..,5721.31368927221,..,7298,..,..
Nauru,NRU,1980,YR1980,..,6137.68129611495,..,7649,..,..
Nauru,NRU,1982,YR1982,..,6576.83364047027,..,8040,..,..
Nauru,NRU,1984,YR1984,..,5653.96100020028,..,8377,..,..
Nauru,NRU,1986,YR1986,..,4568.67887653491,..,8742,..,..
Nauru,NRU,1988,YR1988,..,5011.58031484611,..,9165,..,..
Nauru,NRU,1990,YR1990,..,5775.55347423089,..,9622,..,..
Nauru,NRU,1992,YR1992,..,5102.59685913907,..,10021,..,..
Nauru,NRU,1994,YR1994,..,3920.53972987914,..,10137,..,..
Nauru,NRU,1996,YR1996,..,3678.56242894634,..,10183,..,..
Nauru,NRU,1998,YR1998,..,2908.84986525428,..,10198,..,..
Nauru,NRU,2000,YR2000,..,2648.60152860938,18.96671295,10168,..,..
Nauru,NRU,2002,YR2002,..,2084.64824520971,13.80812454,10082,..,..
Nauru,NRU,2004,YR2004,..,3040.51349889,6.87889576,10060,..,51.9417457580566
Nauru,NRU,2006,YR2006,..,2910.14145794684,12.41761494,10034,..,45.4106292724609
Nauru,NRU,2008,YR2008,..,3756.84531228766,23.00409317,10009,..,41.3461532592773
Nauru,NRU,2010,YR2010,..,4735.92000502092,12.69640064,10043,..,67.2985763549805
Nauru,NRU,2012,YR2012,-0.124750499001971,9817.36872216004,8.84148979,10267,..,43.1279602050781
Nauru,NRU,2014,YR2014,..,9193.09784447237,8.3867569,10742,..,36.6666679382324
Nauru,NRU,2016,YR2016,..,8724.30700255019,10.99060154,11150,15.43,65.7142868041992
Nauru,NRU,2018,YR2018,..,11408.6947593898,11.10239792,11477,26.29,63.2075462341309
Nauru,NRU,2020,YR2020,..,10695.6993301601,11.55650234,11643,29.15,56.6037750244141
Nauru,NRU,2022,YR2022,..,13287.2711890938,18.17031097,11801,..,58.0188674926758
Nauru,NRU,2024,YR2024,..,..,..,..,..,..
Nepal,NPL,1960,YR1960,..,50.2125233749587,..,10123658,..,..
Nepal,NPL,1962,YR1962,..,54.565608932967,..,10521116,..,..
Nepal,NPL,1964,YR1964,..,45.320757315163,..,10946392,..,..
Nepal,NPL,1966,YR1966,14.3889706868656,79.484178651631,..,11408710,..,..
Nepal,NPL,1968,YR1968,1.17986997370048,64.8592419247839,..,11906266,..,..
Nepal,NPL,1970,YR1970,15.2372784450359,69.6334897297304,..,12436190,..,..
Nepal,NPL,1972,YR1972,8.38902389630182,78.842912842237,..,12989099,..,..
Nepal,NPL,1974,YR1974,19.8063380280849,89.7637455591626,..,13568435,..,..
Nepal,NPL,1976,YR1976,-3.11323573327194,102.470373251774,..,14177649,..,..
Nepal,NPL,1978,YR1978,7.34609125083295,108.099425052837,..,14839695,..,..
Nepal,NPL,1980,YR1980,14.6845027763768,125.114347478097,..,15553105,..,..
Nepal,NPL,1982,YR1982,11.6985465924139,146.976662933749,..,16297987,..,..
Nepal,NPL,1984,YR1984,2.84578495716266,151.078187115939,..,17085242,..,..
Nepal,NPL,1986,YR1986,18.9989495502395,159.545682806044,..,17868124,..,..
Nepal,NPL,1988,YR1988,8.98300338208989,187.084777621975,..,18638661,..,..
Nepal,NPL,1990,YR1990,8.2397003745321,185.794600449903,..,19524573,..,..
Nepal,NPL,1992,YR1992,17.149523624344,165.02959412726,..,20609707,..,..
Nepal,NPL,1994,YR1994,8.34928672883386,187.258176246151,..,21717479,..,..
Nepal,NPL,1996,YR1996,9.22046662376986,198.821907435345,..,22741862,..,20.7446804046631
Nepal,NPL,1998,YR1998,11.2444677818614,205.075246306069,..,23680357,16.64,10.1063833236694
Nepal,NPL,2000,YR2000,2.47882020709132,223.830289183078,3.13292074,24546509,15.94,3.70370364189148
Nepal,NPL,2002,YR2002,3.02939948714896,238.89140296106,3.93863344,25328981,14.18,0
Nepal,NPL,2004,YR2004,2.84181131248978,279.587750044428,4.04629898,26016656,14.35,0.485436886548996
Nepal,NPL,2006,YR2006,6.92033580707587,340.431796437968,3.54402447,26565425,14.99,0.483091801404953
Nepal,NPL,2008,YR2008,9.90783005306479,464.817391891529,3.81756353,26990037,22.36,1.92307686805725
Nepal,NPL,2010,YR2010,9.32650410745394,585.278491984574,4.36131525,27341952,16.58,3.79146909713745
Nepal,NPL,2012,YR2012,9.45980980357135,788.202937148377,4.49078751,27534915,17.29,5.21327018737793
Nepal,NPL,2014,YR2014,8.36415469659563,821.455224911731,5.07549381,27672370,16.22,12.380952835083
Nepal,NPL,2016,YR2016,8.79034332004633,877.256454696737,5.42378998,27955462,18.4,10.9523811340332
Nepal,NPL,2018,YR2018,4.0611633875107,1179.19843190389,4.52808428,28079689,23.78,15.5660381317139
Nepal,NPL,2020,YR2020,5.05236655289212,1154.21517578318,5.2080965,28966574,18.7,25.943395614624
Nepal,NPL,2022,YR2022,7.6507917679853,1385.91066275016,6.65589333,29715436,20.23,24.056604385376
Nepal,NPL,2024,YR2024,..,..,..,..,..,..
Netherlands,NLD,1960,YR1960,2.32394366197218,1156.38597727767,..,11486631,..,..
Netherlands,NLD,1962,YR1962,2.4311226441781,1342.36827187015,..,11805689,..,..
Netherlands,NLD,1964,YR1964,5.8237682581744,1668.33086114697,..,12127120,..,..
Netherlands,NLD,1966,YR1966,5.76214023622459,1986.2702443166,..,12456251,..,..
Netherlands,NLD,1968,YR1968,3.72079328019141,2364.3594192663,..,12729721,..,..
Netherlands,NLD,1970,YR1970,3.66893088808655,2931.38078026525,..,13038526,..,..
Netherlands,NLD,1972,YR1972,7.80279219256605,4110.49164551948,..,13328593,..,..
Netherlands,NLD,1974,YR1974,9.59142267268508,6450.45770236493,..,13545056,..,..
Netherlands,NLD,1976,YR1976,8.83065158603156,7937.35246713998,..,13774037,..,..
Netherlands,NLD,1978,YR1978,4.11201196269291,11195.8424872959,..,13941700,..,..
Netherlands,NLD,1980,YR1980,6.51345545521797,13812.1600098191,..,14149800,..,..
Netherlands,NLD,1982,YR1982,5.91109658468384,11088.9543150885,..,14312690,..,..
Netherlands,NLD,1984,YR1984,3.30164075759304,9991.84377655651,..,14424211,..,..
Netherlands,NLD,1986,YR1986,0.0833467771085387,13804.1360603265,..,14572278,..,..
Netherlands,NLD,1988,YR1988,0.737950688332319,17770.6162376388,..,14760094,..,..
Netherlands,NLD,1990,YR1990,2.45409184818341,21322.1944802703,..,14951510,..,..
Netherlands,NLD,1992,YR1992,3.18358181761551,23939.2173482108,..,15184166,..,..
Netherlands,NLD,1994,YR1994,2.80152463293178,24682.5866742863,..,15382838,..,..
Netherlands,NLD,1996,YR1996,1.94936713166008,29063.6236532536,..,15530498,..,76.5957412719727
Netherlands,NLD,1998,YR1998,1.95913632274251,27924.281808994,..,15707209,..,81.9148941040039
Netherlands,NLD,2000,YR2000,2.36052233801948,26225.1697734149,7.7069602,15925513,7.93,90.476188659668
Netherlands,NLD,2002,YR2002,3.28753104712771,29446.5330872868,8.64913177,16148929,6.42,74.6031723022461
Netherlands,NLD,2004,YR2004,1.2636473918318,40611.3414353091,9.1107645,16281779,6.85,63.5922317504883
Netherlands,NLD,2006,YR2006,1.10150106517702,45123.5432406426,9.08055115,16346101,7.24,59.9033813476562
Netherlands,NLD,2008,YR2008,2.48650198289454,58246.7026905874,9.27660465,16445593,5.94,58.6538467407227
Netherlands,NLD,2010,YR2010,1.27530569556683,51305.7338533973,10.15508747,16615394,6.3,64.4549789428711
Netherlands,NLD,2012,YR2012,2.45554765291604,50473.9442002689,10.53898716,16754962,5.6,72.9857788085938
Netherlands,NLD,2014,YR2014,0.976035079699679,53457.2234864322,10.56703758,16865008,5.72,69.523811340332
Netherlands,NLD,2016,YR2016,0.316666666666743,46808.5291492503,10.05679512,17030314,5.32,64.7619018554688
Netherlands,NLD,2018,YR2018,1.7034979474447,53955.0770024266,10.01993561,17231624,5.24,63.2075462341309
Netherlands,NLD,2020,YR2020,1.27246037789161,53467.9277413737,11.22355747,17441500,2.21,60.3773574829102
Netherlands,NLD,2022,YR2022,10.0012078753473,59123.318556487,10.10068321,17700982,4.06,56.1320762634277
Netherlands,NLD,2024,YR2024,3.34754304219953,..,..,..,..,..
New Caledonia,NCL,1960,YR1960,..,..,..,79819,..,..
New Caledonia,NCL,1962,YR1962,..,..,..,85334,..,..
New Caledonia,NCL,1964,YR1964,..,..,..,90602,..,..
New Caledonia,NCL,1966,YR1966,..,1713.69793827137,..,95820,..,..
New Caledonia,NCL,1968,YR1968,..,2124.4581832684,..,101441,..,..
New Caledonia,NCL,1970,YR1970,..,3281.71069593272,..,109338,..,..
New Caledonia,NCL,1972,YR1972,..,4225.83816273241,..,119931,..,..
New Caledonia,NCL,1974,YR1974,..,4848.9446983879,..,131452,..,..
New Caledonia,NCL,1976,YR1976,..,5618.32573273327,..,142091,..,..
New Caledonia,NCL,1978,YR1978,..,5779.03633913119,..,146392,..,..
New Caledonia,NCL,1980,YR1980,..,7892.72212911846,..,149817,..,..
New Caledonia,NCL,1982,YR1982,..,5912.37880618972,..,153001,..,..
New Caledonia,NCL,1984,YR1984,..,5051.72635841793,..,157583,..,..
New Caledonia,NCL,1986,YR1986,..,7374.68547045802,..,162898,..,..
New Caledonia,NCL,1988,YR1988,..,12301.1923190702,..,168502,..,..
New Caledonia,NCL,1990,YR1990,..,14334.6807372176,..,176456,..,..
New Caledonia,NCL,1992,YR1992,..,15713.7198562158,..,186072,..,..
New Caledonia,NCL,1994,YR1994,..,15534.3093278924,..,195614,..,..
New Caledonia,NCL,1996,YR1996,..,17592.0502745845,..,205034,..,..
New Caledonia,NCL,1998,YR1998,..,16614.5978812179,..,214047,..,..
New Caledonia,NCL,2000,YR2000,..,15329.7297200058,..,223098,..,..
New Caledonia,NCL,2002,YR2002,..,16104.5520406819,..,232236,..,..
New Caledonia,NCL,2004,YR2004,..,24475.6488547037,..,240852,..,..
New Caledonia,NCL,2006,YR2006,..,28193.2537573387,..,247547,..,..
New Caledonia,NCL,2008,YR2008,..,35723.9033194947,..,253825,..,..
New Caledonia,NCL,2010,YR2010,..,35798.9084757829,..,261582,..,..
New Caledonia,NCL,2012,YR2012,1.74967234600262,35559.5672006157,..,271633,..,..
New Caledonia,NCL,2014,YR2014,0.178851060785511,37816.9558599295,..,281224,..,..
New Caledonia,NCL,2016,YR2016,0.578317435520754,30782.8544433514,..,283423,..,..
New Caledonia,NCL,2018,YR2018,..,34902.8968780031,..,283541,..,..
New Caledonia,NCL,2020,YR2020,..,33270.330597637,..,284176,..,..
New Caledonia,NCL,2022,YR2022,..,33516.363085906,..,287123,..,..
New Caledonia,NCL,2024,YR2024,..,..,..,..,..,..
New Zealand,NZL,1960,YR1960,0.697929233796477,2334.13382506632,..,2371800,..,..
New Zealand,NZL,1962,YR1962,2.68085396987461,2471.05511866341,..,2482000,..,..
New Zealand,NZL,1964,YR1964,3.4749054767661,2839.31567298721,..,2585400,..,..
New Zealand,NZL,1966,YR1966,2.75548077542815,2211.38232224774,..,2675900,..,..
New Zealand,NZL,1968,YR1968,4.31192496550194,1902.4219087344,..,2748100,..,..
New Zealand,NZL,1970,YR1970,6.5171810515548,2311.02772239737,..,2810700,..,..
New Zealand,NZL,1972,YR1972,6.93280459206854,3294.64894268304,..,2903900,..,..
New Zealand,NZL,1974,YR1974,11.1094020122224,4610.57042634013,..,3023700,..,..
New Zealand,NZL,1976,YR1976,16.906857005945,4373.84099791231,..,3110500,..,..
New Zealand,NZL,1978,YR1978,11.9566179733303,5936.98526036423,..,3121200,..,..
New Zealand,NZL,1980,YR1980,17.1505454240954,7467.16803773805,..,3112900,..,..
New Zealand,NZL,1982,YR1982,16.1636941231018,7656.47573238963,..,3156100,..,..
New Zealand,NZL,1984,YR1984,6.17125347924442,6713.76013104154,..,3227100,..,..
New Zealand,NZL,1986,YR1986,13.2133980640021,9427.55394035348,..,3246300,..,..
New Zealand,NZL,1988,YR1988,6.37524944411053,13759.1556295922,..,3283400,..,..
New Zealand,NZL,1990,YR1990,6.09844414810204,13663.0216184298,..,3329800,..,..
New Zealand,NZL,1992,YR1992,1.01456027171236,11793.1392416214,..,3531700,14.37,..
New Zealand,NZL,1994,YR1994,1.74537790773743,15280.3127842922,..,3620000,..,..
New Zealand,NZL,1996,YR1996,2.28571305402195,18794.436039393,..,3732000,3.67,71.2765960693359
New Zealand,NZL,1998,YR1998,1.26524409915406,14738.4455703918,..,3815000,2.96,72.8723373413086
New Zealand,NZL,2000,YR2000,2.6152344624632,13641.1027183822,7.4700222,3857700,2.1,76.1904754638672
New Zealand,NZL,2002,YR2002,2.67709257711605,16874.1874918196,7.90045929,3948500,5.85,75.661376953125
New Zealand,NZL,2004,YR2004,2.29024902847571,25420.234882944,7.90090561,4087500,6.77,83.0097122192383
New Zealand,NZL,2006,YR2006,3.36540196171993,26654.5932018985,8.63841629,4184600,10.1,73.4299545288086
New Zealand,NZL,2008,YR2008,3.9589493731206,31252.9625640673,9.12382889,4259800,1.92,71.6346130371094
New Zealand,NZL,2010,YR2010,2.30202385958572,33676.7741239925,9.59277534,4350700,15.28,75.3554534912109
New Zealand,NZL,2012,YR2012,1.05991318445632,39974.2997334925,9.65163612,4408100,2.38,82.9383850097656
New Zealand,NZL,2014,YR2014,1.227507505974,44578.2253868016,9.40168381,4516500,1.39,90.476188659668
New Zealand,NZL,2016,YR2016,0.646240284454524,40070.8956577431,9.24379444,4714100,1.42,91.4285736083984
New Zealand,NZL,2018,YR2018,1.59829703801696,43228.6976473771,9.03810501,4900600,..,91.0377349853516
New Zealand,NZL,2020,YR2020,1.71456170007245,41785.6922905898,10.05994129,5090200,1.39,88.6792449951172
New Zealand,NZL,2022,YR2022,7.17222476016441,48216.5095836302,10.02858067,5117200,1.5,82.5471725463867
New Zealand,NZL,2024,YR2024,2.92279782301957,..,..,..,..,..
Nicaragua,NIC,1960,YR1960,..,127.483812082529,..,1782370,..,..
Nicaragua,NIC,1962,YR1962,..,142.303523551421,..,1892320,..,..
Nicaragua,NIC,1964,YR1964,..,172.68135633824,..,2010176,..,..
Nicaragua,NIC,1966,YR1966,..,283.999593265889,..,2137820,..,..
Nicaragua,NIC,1968,YR1968,..,304.441965331491,..,2275836,..,..
Nicaragua,NIC,1970,YR1970,..,321.316159006971,..,2423065,..,..
Nicaragua,NIC,1972,YR1972,..,341.380772391976,..,2573578,..,..
Nicaragua,NIC,1974,YR1974,..,556.866122465391,..,2732075,..,..
Nicaragua,NIC,1976,YR1976,..,632.573778388006,..,2903851,..,..
Nicaragua,NIC,1978,YR1978,..,690.741261696299,..,3080314,..,..
Nicaragua,NIC,1980,YR1980,..,659.297143121648,..,3252403,..,..
Nicaragua,NIC,1982,YR1982,..,713.777809066357,..,3438745,..,..
Nicaragua,NIC,1984,YR1984,..,861.428649767358,..,3619104,..,..
Nicaragua,NIC,1986,YR1986,..,760.59055909276,..,3794157,..,..
Nicaragua,NIC,1988,YR1988,..,662.308196621167,..,3972320,..,..
Nicaragua,NIC,1990,YR1990,..,242.508388735709,..,4162559,..,..
Nicaragua,NIC,1992,YR1992,..,411.473330661786,..,4357026,..,..
Nicaragua,NIC,1994,YR1994,..,849.179331364895,..,4549316,..,..
Nicaragua,NIC,1996,YR1996,..,910.861645917295,..,4729974,13.88,13.8297872543335
Nicaragua,NIC,1998,YR1998,..,949.155373494771,..,4883655,7.86,15.957447052002
Nicaragua,NIC,2000,YR2000,7.06991352252517,1017.3124434882,5.23883677,5022633,4.88,26.4550266265869
Nicaragua,NIC,2002,YR2002,3.75017465778466,1014.3339042591,5.73315859,5149909,6.29,26.9841270446777
Nicaragua,NIC,2004,YR2004,8.47021063584077,1098.62118662335,6.05740356,5272912,7.47,21.3592224121094
Nicaragua,NIC,2006,YR2006,9.1401996677772,1248.17675959909,6.35756445,5418855,9.37,25.1207733154297
Nicaragua,NIC,2008,YR2008,19.8262031287429,1523.68088982295,7.16700697,5576593,9.17,24.0384616851807
Nicaragua,NIC,2010,YR2010,5.45513425887423,1526.56185349171,7.71019173,5737450,5.47,18.9573459625244
Nicaragua,NIC,2012,YR2012,7.1935505333896,1784.69212752824,7.48836899,5901287,6.29,23.222749710083
Nicaragua,NIC,2014,YR2014,6.03596861798425,1958.36966453366,7.97716141,6066492,4.95,30.4761905670166
Nicaragua,NIC,2016,YR2016,3.52317317628473,2131.68828465802,8.04877567,6232666,4.88,30
Nicaragua,NIC,2018,YR2018,4.94723728039886,2035.16750115975,8.4993515,6400080,4.51,10.3773584365845
Nicaragua,NIC,2020,YR2020,3.68181341625572,1931.61515811642,8.58996105,6565267,4.68,15.0943393707275
Nicaragua,NIC,2022,YR2022,10.4674244465991,2325.16737851871,8.95364857,6730654,3.98,19.3396224975586
Nicaragua,NIC,2024,YR2024,4.62473841057141,..,..,..,..,..
Niger,NER,1960,YR1960,..,128.251201351162,..,3505050,..,..
Niger,NER,1962,YR1962,..,143.150824130834,..,3714520,..,..
Niger,NER,1964,YR1964,1.00401606426671,148.080269139855,..,3935814,..,..
Niger,NER,1966,YR1966,10.5714285704761,168.596485499415,..,4165544,..,..
Niger,NER,1968,YR1968,-2.92309891297468,145.610145933803,..,4403637,..,..
Niger,NER,1970,YR1970,1.11783884490559,139.75875001865,..,4650275,..,..
Niger,NER,1972,YR1972,9.75116837202703,151.437947747318,..,4904845,..,..
Niger,NER,1974,YR1974,3.39750849373326,198.28916531089,..,5174953,..,..
Niger,NER,1976,YR1976,23.5296801569284,194.789570593583,..,5464962,..,..
Niger,NER,1978,YR1978,10.0932002756994,306.828022482047,..,5782932,..,..
Niger,NER,1980,YR1980,10.3052757124046,408.822779755471,..,6135971,..,..
Niger,NER,1982,YR1982,11.6418357416785,309.795062345471,..,6512732,..,..
Niger,NER,1984,YR1984,8.36442411829965,211.468807340699,..,6909971,..,..
Niger,NER,1986,YR1986,-3.20757134165687,259.561894151866,..,7335811,..,..
Niger,NER,1988,YR1988,-1.39396304047091,292.587878484489,..,7793748,..,..
Niger,NER,1990,YR1990,-0.775653010977504,423.887460599302,..,8286059,..,..
Niger,NER,1992,YR1992,-4.47561790247176,384.029657304316,..,8817633,..,..
Niger,NER,1994,YR1994,36.0410583134241,206.214617135856,..,9398258,..,..
Niger,NER,1996,YR1996,5.28885751264882,239.494513213973,..,10044852,..,23.4042549133301
Niger,NER,1998,YR1998,4.5480157771872,246.090855923026,..,10741413,..,18.0851058959961
Niger,NER,2000,YR2000,2.90014973599108,194.771959898935,4.69005966,11509630,..,30.1587295532227
Niger,NER,2002,YR2002,2.62886597938136,225.294391147438,4.85896921,12349144,14.69,22.7513236999512
Niger,NER,2004,YR2004,0.262543757292838,283.468281798296,5.01118755,13265836,15.11,17.9611644744873
Niger,NER,2006,YR2006,0.0404858299595074,333.345078419447,5.80890512,14268581,13.08,25.1207733154297
Niger,NER,2008,YR2008,11.3051098827019,475.044955398162,5.22304106,15361915,13.81,13.4615383148193
Niger,NER,2010,YR2010,0.804073080882659,474.425692340831,5.02160501,16548835,14.12,8.05687236785889
Niger,NER,2012,YR2012,0.455089820359289,528.510104469655,4.30732679,17836769,13.97,7.10900497436523
Niger,NER,2014,YR2014,-0.930287259984466,565.30989731175,4.45377159,19215909,13.75,8.09523773193359
Niger,NER,2016,YR2016,1.65388922387806,502.706475406446,4.53239059,20685753,12.92,8.5714282989502
Niger,NER,2018,YR2018,2.96760366004456,578.568035680892,5.30310822,22188069,18.5,6.60377359390259
Niger,NER,2020,YR2020,2.8981937602627,579.512495758236,6.17007589,23717613,11.71,3.77358484268188
Niger,NER,2022,YR2022,4.22621791916392,609.745147574878,4.35259724,25311973,12.67,6.13207530975342
Niger,NER,2024,YR2024,9.07151997725013,..,..,..,..,..
Nigeria,NGA,1960,YR1960,5.4443273618724,93.1370090424417,..,45053782,..,..
Nigeria,NGA,1962,YR1962,5.26563234621733,104.532495533943,..,46965292,..,..
Nigeria,NGA,1964,YR1964,0.856793145737554,113.297345671875,..,49012016,..,..
Nigeria,NGA,1966,YR1966,9.69034608375119,124.382440176253,..,51188234,..,..
Nigeria,NGA,1968,YR1968,-0.476059059060833,97.3372081255964,..,53432783,..,..
Nigeria,NGA,1970,YR1970,13.757079924793,224.46293599595,..,55893838,..,..
Nigeria,NGA,1972,YR1972,3.457649752015,209.454776294345,..,58601748,..,..
Nigeria,NGA,1974,YR1974,12.674393177433,402.836999782685,..,61679144,..,..
Nigeria,NGA,1976,YR1976,24.2999999999996,556.389687719878,..,65258009,..,..
Nigeria,NGA,1978,YR1978,21.7092457416665,526.895852928476,..,69326532,..,..
Nigeria,NGA,1980,YR1980,9.97226199001427,870.359934682057,..,73764641,..,..
Nigeria,NGA,1982,YR1982,7.69774724714251,1821.53265482387,..,78378701,..,..
Nigeria,NGA,1984,YR1984,17.8205332860842,890.434106332302,..,82526443,..,..
Nigeria,NGA,1986,YR1986,5.71715145436305,628.248453718536,..,87235953,..,..
Nigeria,NGA,1988,YR1988,54.5112247797671,539.539468397166,..,92020090,33.01,..
Nigeria,NGA,1990,YR1990,7.36440030557692,556.376449130902,..,97120925,33.53,..
Nigeria,NGA,1992,YR1992,44.588842715023,508.515905682785,..,102372770,33.04,..
Nigeria,NGA,1994,YR1994,57.031708911966,744.884247151377,..,107935714,..,..
Nigeria,NGA,1996,YR1996,29.2682926829271,1632.72469370276,..,113754779,26.19,6.38297891616821
Nigeria,NGA,1998,YR1998,9.99637812386801,1822.46998452473,..,119846254,26.22,13.297872543335
Nigeria,NGA,2000,YR2000,6.93329215565161,547.318298903379,3.1973834,126382494,28.51,1.58730161190033
Nigeria,NGA,2002,YR2002,12.8765792031099,712.164852077686,2.49063969,133471989,37.61,1.05820107460022
Nigeria,NGA,2004,YR2004,14.9980338183251,962.48104194733,4.63368416,141057045,..,2.42718458175659
Nigeria,NGA,2006,YR2006,8.22522152017048,1599.53891556365,4.25775146,149077334,12.79,0.483091801404953
Nigeria,NGA,2008,YR2008,11.5810751748252,2154.10543545364,3.69581532,157595014,12.06,1.92307686805725
Nigeria,NGA,2010,YR2010,13.7400521363694,2202.25672957344,3.29653287,166642886,12.78,0.947867274284363
Nigeria,NGA,2012,YR2012,12.2242413020583,2633.19734671361,3.35984254,176200625,..,1.89573454856873
Nigeria,NGA,2014,YR2014,8.04741087967907,3088.72131316169,3.34840417,185896915,13.28,2.38095235824585
Nigeria,NGA,2016,YR2016,15.6968126387972,2070.4127339595,3.64773679,195443700,12.57,4.2857141494751
Nigeria,NGA,2018,YR2018,12.0951065173432,2057.87944554011,3.09069347,204938755,..,1.41509437561035
Nigeria,NGA,2020,YR2020,13.2460234276597,2019.65706326224,3.38063431,213996181,15.82,2.35849046707153
Nigeria,NGA,2022,YR2022,18.8471877843274,2139.37478476974,4.27090406,223150896,13.14,4.24528312683105
Nigeria,NGA,2024,YR2024,..,..,..,..,..,..
North Macedonia,MKD,1960,YR1960,..,..,..,1435059,..,..
North Macedonia,MKD,1962,YR1962,..,..,..,1471745,..,..
North Macedonia,MKD,1964,YR1964,..,..,..,1510900,..,..
North Macedonia,MKD,1966,YR1966,..,..,..,1557349,..,..
North Macedonia,MKD,1968,YR1968,..,..,..,1608930,..,..
North Macedonia,MKD,1970,YR1970,..,..,..,1664208,..,..
North Macedonia,MKD,1972,YR1972,..,..,..,1717395,..,..
North Macedonia,MKD,1974,YR1974,..,..,..,1770545,..,..
North Macedonia,MKD,1976,YR1976,..,..,..,1825830,..,..
North Macedonia,MKD,1978,YR1978,..,..,..,1879847,..,..
North Macedonia,MKD,1980,YR1980,..,..,..,1933038,..,..
North Macedonia,MKD,1982,YR1982,..,..,..,1978956,..,..
North Macedonia,MKD,1984,YR1984,..,..,..,2003399,..,..
North Macedonia,MKD,1986,YR1986,..,..,..,2024732,..,..
North Macedonia,MKD,1988,YR1988,..,..,..,2045737,..,..
North Macedonia,MKD,1990,YR1990,..,2277.30372314314,..,2063689,..,..
North Macedonia,MKD,1992,YR1992,..,1198.92829846257,..,2032523,..,..
North Macedonia,MKD,1994,YR1994,126.583368336245,1786.35488334914,..,1992666,..,..
North Macedonia,MKD,1996,YR1996,2.46660008582917,2306.53366957635,..,2012553,..,12.2340421676636
North Macedonia,MKD,1998,YR1998,0.544199652523074,1875.81662735988,..,2007523,..,10.638298034668
North Macedonia,MKD,2000,YR2000,6.60742291038536,1861.89899780644,8.86991501,2026350,..,13.2275133132935
North Macedonia,MKD,2002,YR2002,2.31459794083219,1989.13537265159,8.97826958,2020157,11.59,7.93650770187378
North Macedonia,MKD,2004,YR2004,-0.448650206552038,2818.5814561242,8.46505451,2016186,13.12,10.6796112060547
North Macedonia,MKD,2006,YR2006,3.21362929606346,3440.4411057968,7.38314581,1994287,9.31,13.5265703201294
North Macedonia,MKD,2008,YR2008,8.33189666968095,5026.4202989873,6.55317593,1971493,8.7,20.1923084259033
North Macedonia,MKD,2010,YR2010,1.50997522027621,4833.36586759968,6.71369696,1946298,7.92,17.0616111755371
North Macedonia,MKD,2012,YR2012,3.31605566687647,5049.8265386157,6.61468363,1929821,7.39,19.4312801361084
North Macedonia,MKD,2014,YR2014,-0.281705032928494,5925.38592218015,6.28993368,1917557,8.01,42.3809509277344
North Macedonia,MKD,2016,YR2016,-0.23929078768441,5598.48622617967,6.37943363,1906313,5.22,21.4285717010498
North Macedonia,MKD,2018,YR2018,1.45831298507117,6713.98925398989,6.45699358,1889051,7.48,25.943395614624
North Macedonia,MKD,2020,YR2020,1.20007348888487,6659.59651070776,7.73212385,1856124,6.82,36.3207550048828
North Macedonia,MKD,2022,YR2022,14.2047173195833,7606.2375253797,7.6204114,1831712,8.95,39.1509437561035
North Macedonia,MKD,2024,YR2024,3.48974086026947,..,..,..,..,..
Northern Mariana Islands,MNP,1960,YR1960,..,..,..,8736,..,..
Northern Mariana Islands,MNP,1962,YR1962,..,..,..,9280,..,..
Northern Mariana Islands,MNP,1964,YR1964,..,..,..,9925,..,..
Northern Mariana Islands,MNP,1966,YR1966,..,..,..,10612,..,..
Northern Mariana Islands,MNP,1968,YR1968,..,..,..,10468,..,..
Northern Mariana Islands,MNP,1970,YR1970,..,..,..,10170,..,..
Northern Mariana Islands,MNP,1972,YR1972,..,..,..,12636,..,..
Northern Mariana Islands,MNP,1974,YR1974,..,..,..,14655,..,..
Northern Mariana Islands,MNP,1976,YR1976,..,..,..,15438,..,..
Northern Mariana Islands,MNP,1978,YR1978,..,..,..,16130,..,..
Northern Mariana Islands,MNP,1980,YR1980,..,..,..,17625,..,..
Northern Mariana Islands,MNP,1982,YR1982,..,..,..,22350,..,..
Northern Mariana Islands,MNP,1984,YR1984,..,..,..,27575,..,..
Northern Mariana Islands,MNP,1986,YR1986,..,..,..,32980,..,..
Northern Mariana Islands,MNP,1988,YR1988,..,..,..,38519,..,..
Northern Mariana Islands,MNP,1990,YR1990,..,..,..,43342,..,..
Northern Mariana Islands,MNP,1992,YR1992,..,..,..,45181,..,..
Northern Mariana Islands,MNP,1994,YR1994,..,..,..,46730,..,..
Northern Mariana Islands,MNP,1996,YR1996,..,..,..,51706,..,..
Northern Mariana Islands,MNP,1998,YR1998,..,..,..,61337,..,..
Northern Mariana Islands,MNP,2000,YR2000,..,..,..,68356,..,..
Northern Mariana Islands,MNP,2002,YR2002,..,19227.8894246608,..,66778,..,..
Northern Mariana Islands,MNP,2004,YR2004,..,18924.5831899653,..,63938,..,..
Northern Mariana Islands,MNP,2006,YR2006,..,16314.5578590027,..,60682,..,..
Northern Mariana Islands,MNP,2008,YR2008,..,16430.4461942257,..,57150,..,..
Northern Mariana Islands,MNP,2010,YR2010,..,14771.4037455399,..,54091,..,..
Northern Mariana Islands,MNP,2012,YR2012,..,14013.6003306158,..,53234,..,..
Northern Mariana Islands,MNP,2014,YR2014,..,15945.417608954,..,52178,..,..
Northern Mariana Islands,MNP,2016,YR2016,..,24225.474169342,..,50773,..,..
Northern Mariana Islands,MNP,2018,YR2018,..,26509.3628379893,..,49077,..,..
Northern Mariana Islands,MNP,2020,YR2020,..,18220.8382427201,..,47528,..,..
Northern Mariana Islands,MNP,2022,YR2022,..,23785.754590043,..,46078,..,..
Northern Mariana Islands,MNP,2024,YR2024,..,..,..,..,..,..
Norway,NOR,1960,YR1960,0.360492346844622,1451.2850779894,..,3581239,..,..
Norway,NOR,1962,YR1962,5.27425952920732,1678.26725653992,..,3638918,..,..
Norway,NOR,1964,YR1964,5.86701538751922,1950.69324222931,..,3694339,..,..
Norway,NOR,1966,YR1966,3.250563343053,2332.51059866098,..,3753012,..,..
Norway,NOR,1968,YR1968,3.44829324254207,2679.71300438189,..,3816486,..,..
Norway,NOR,1970,YR1970,10.6372065264183,3306.21947607769,..,3875763,..,..
Norway,NOR,1972,YR1972,7.25843582961521,4413.57569168528,..,3933004,..,..
Norway,NOR,1974,YR1974,9.4117681321189,6811.52733653232,..,3985258,..,..
Norway,NOR,1976,YR1976,9.16147276547562,8927.20162734477,..,4026152,..,..
Norway,NOR,1978,YR1978,8.1616715433962,11462.5945916053,..,4058671,..,..
Norway,NOR,1980,YR1980,10.878661087866,15772.2409073814,..,4085620,..,..
Norway,NOR,1982,YR1982,11.3409961685824,15224.8939100982,..,4114787,..,..
Norway,NOR,1984,YR1984,6.21827411167512,14989.4857665906,..,4140099,..,..
Norway,NOR,1986,YR1986,7.17649274816357,18883.2333523873,..,4167354,..,..
Norway,NOR,1988,YR1988,6.67636598771417,24207.281468963,..,4209488,2.26,..
Norway,NOR,1990,YR1990,4.1310334831135,28242.981402822,..,4241473,..,..
Norway,NOR,1992,YR1992,2.32808504911857,30523.9850558974,..,4286401,..,..
Norway,NOR,1994,YR1994,1.37567498071479,29315.8092337732,..,4336613,..,..
Norway,NOR,1996,YR1996,1.26253249164502,37321.9741993473,..,4381336,27.08,73.9361724853516
Norway,NOR,1998,YR1998,2.25241329996423,34803.4634058738,..,4431464,35.14,76.0638275146484
Norway,NOR,2000,YR2000,3.08550609131276,38178.2368777076,7.70270586,4490967,36.47,80.9523773193359
Norway,NOR,2002,YR2002,1.28672528415184,43170.557174499,8.98267078,4538159,31.2,86.7724838256836
Norway,NOR,2004,YR2004,0.45449850222084,57768.6980958462,8.79598331,4591910,30.55,72.3300933837891
Norway,NOR,2006,YR2006,2.32934980757544,74434.4996835671,7.8822999,4660677,31.04,73.4299545288086
Norway,NOR,2008,YR2008,3.75393081761005,97503.5407803783,7.91507673,4768212,26.13,76.4423065185547
Norway,NOR,2010,YR2010,2.41890639481001,88163.2085931423,8.8581152,4889252,30.09,81.0426559448242
Norway,NOR,2012,YR2012,0.696864111498362,102175.919298374,8.72188568,5018573,30.32,79.1469192504883
Norway,NOR,2014,YR2014,2.04170286707211,97666.6951838749,9.28297901,5137232,26.36,73.8095245361328
Norway,NOR,2016,YR2016,3.54999999999998,70867.3609970749,10.53049755,5234519,24.96,74.7619018554688
Norway,NOR,2018,YR2018,2.76483134528788,82792.8427113304,9.96037865,5311916,23.64,71.2264175415039
Norway,NOR,2020,YR2020,1.28658490708005,68340.0181033702,11.42416382,5379475,21.17,74.0566024780273
Norway,NOR,2022,YR2022,5.76412317852272,108798.451165901,7.94803333,5457127,16.87,60.8490562438965
Norway,NOR,2024,YR2024,3.14530134431073,..,..,..,..,..
Oman,OMN,1960,YR1960,..,83.3853058553192,..,530485,..,..
Oman,OMN,1962,YR1962,..,102.325884133491,..,549941,..,..
Oman,OMN,1964,YR1964,..,108.059741020755,..,572577,..,..
Oman,OMN,1966,YR1966,..,113.158851470616,..,598804,..,..
Oman,OMN,1968,YR1968,..,300.382394498902,..,628798,..,..
Oman,OMN,1970,YR1970,..,386.792712839023,..,662680,..,..
Oman,OMN,1972,YR1972,..,523.675726630998,..,700593,..,..
Oman,OMN,1974,YR1974,..,2203.40591346986,..,746988,..,..
Oman,OMN,1976,YR1976,..,3142.52717836645,..,814701,..,..
Oman,OMN,1978,YR1978,..,3043.75121036129,..,900304,..,..
Oman,OMN,1980,YR1980,..,5974.30434611467,..,1001248,..,..
Oman,OMN,1982,YR1982,..,6759.29870293907,..,1117678,..,..
Oman,OMN,1984,YR1984,..,7070.07295804885,..,1247716,..,..
Oman,OMN,1986,YR1986,..,5181.87980290561,..,1413419,..,..
Oman,OMN,1988,YR1988,..,5279.10411437183,..,1588568,..,..
Oman,OMN,1990,YR1990,..,7545.70305230441,..,1763954,..,..
Oman,OMN,1992,YR1992,..,7317.78815838166,..,1938238,7.25,..
Oman,OMN,1994,YR1994,..,7068.38996979073,..,2081834,..,..
Oman,OMN,1996,YR1996,..,8068.00076784612,..,2156926,..,54.7872352600098
Oman,OMN,1998,YR1998,..,7219.02932432025,..,2222489,..,56.9148941040039
Oman,OMN,2000,YR2000,..,9753.84755185404,2.68485427,2282131,..,69.8412704467773
Oman,OMN,2002,YR2002,-0.279578822571373,9869.13050219438,2.77737164,2337140,9.47,61.375659942627
Oman,OMN,2004,YR2004,0.624969062631367,11800.8507411171,2.59660101,2404821,4.82,67.4757308959961
Oman,OMN,2006,YR2006,3.54498591605033,16930.8565071853,2.01985121,2514795,4.53,56.5217399597168
Oman,OMN,2008,YR2008,12.3754091529912,26576.779241509,1.75567567,2626529,6.65,60.5769233703613
Oman,OMN,2010,YR2010,3.25657959078624,23570.1798147325,2.47588587,2757446,..,51.6587677001953
Oman,OMN,2012,YR2012,2.94773495257209,24642.2978768596,2.27702832,3547106,2.78,48.8151664733887
Oman,OMN,2014,YR2014,1.01401483924156,23160.6502252547,3.13740134,4002439,2.48,59.0476188659668
Oman,OMN,2016,YR2016,1.10920805807027,17110.1897460545,4.17580843,4390877,5.49,60.476188659668
Oman,OMN,2018,YR2018,0.889312370970404,19901.7615642016,3.21469474,4597877,5.36,56.6037750244141
Oman,OMN,2020,YR2020,-0.40640291946585,16784.8630630058,5.11922884,4522497,3.78,48.113208770752
Oman,OMN,2022,YR2022,2.5061425061425,23665.6394740852,2.9162159,4730226,4.25,50.4716987609863
Oman,OMN,2024,YR2024,..,..,..,..,..,..
Pakistan,PAK,1960,YR1960,6.94736842105289,82.0241000071912,..,45709310,..,..
Pakistan,PAK,1962,YR1962,-0.5164622336985,89.5039525753413,..,48156128,..,..
Pakistan,PAK,1964,YR1964,4.17958688145319,102.45976384531,..,50799999,..,..
Pakistan,PAK,1966,YR1966,7.22762159787735,122.229353754713,..,53678667,..,..
Pakistan,PAK,1968,YR1968,0.170627348438101,141.558306459346,..,56810507,..,..
Pakistan,PAK,1970,YR1970,5.34984090983017,166.662061958389,..,60166719,..,..
Pakistan,PAK,1972,YR1972,5.18323764549138,148.073976270617,..,63583194,..,..
Pakistan,PAK,1974,YR1974,26.6630348537488,132.005156607293,..,67415487,..,..
Pakistan,PAK,1976,YR1976,7.15832373118465,183.859733422347,..,71620254,..,..
Pakistan,PAK,1978,YR1978,6.13869266742743,233.41799161409,..,76307379,..,..
Pakistan,PAK,1980,YR1980,11.9382309107087,287.448707270022,..,82291010,..,..
Pakistan,PAK,1982,YR1982,5.90352878435863,344.889792466995,..,89089246,..,..
Pakistan,PAK,1984,YR1984,6.08716673573716,327.345625152291,..,95164936,..,..
Pakistan,PAK,1986,YR1986,3.50641424758205,313.946324043906,..,101606764,..,..
Pakistan,PAK,1988,YR1988,8.83793701817773,353.85454278549,..,108724739,..,..
Pakistan,PAK,1990,YR1990,9.05213155279776,344.45547384189,..,116155576,..,..
Pakistan,PAK,1992,YR1992,9.5090414619015,395.67720859593,..,123546848,..,..
Pakistan,PAK,1994,YR1994,12.3681943936948,399.955927561352,..,130748083,..,..
Pakistan,PAK,1996,YR1996,10.3738085885002,456.996961832943,..,138557092,..,5.85106372833252
Pakistan,PAK,1998,YR1998,6.22800415424543,424.453697798497,..,146522356,41.27,7.44680833816528
Pakistan,PAK,2000,YR2000,4.36666451291681,642.338346499898,2.48079324,154879127,22.98,6.87830686569214
Pakistan,PAK,2002,YR2002,3.29034472613153,599.937345723927,2.42219901,163222549,16.57,1.05820107460022
Pakistan,PAK,2004,YR2004,7.44462469342739,771.902247348954,2.03666282,171286000,14.92,3.39805817604065
Pakistan,PAK,2006,YR2006,7.92108440058789,900.873564984808,2.73132491,179682690,14.69,0.483091801404953
Pakistan,PAK,2008,YR2008,20.2861210929554,1067.04324565284,2.56806731,189499113,12.99,0
Pakistan,PAK,2010,YR2010,12.9388705634889,987.304571124485,2.42967653,199239047,14.31,0
Pakistan,PAK,2012,YR2012,9.68235186055684,1204.36475491585,2.22185278,207667125,13.29,0
Pakistan,PAK,2014,YR2014,7.18938402847028,1266.61340849959,2.48899078,214264647,11.86,0
Pakistan,PAK,2016,YR2016,3.7651191635658,1424.69161195897,2.57026362,220138869,11.56,0
Pakistan,PAK,2018,YR2018,5.07805725868917,1569.33814626355,2.82844949,226928892,11.08,0.943396210670471
Pakistan,PAK,2020,YR2020,9.73999313898155,1278.39735206896,2.95273018,235001746,9.01,3.30188679695129
Pakistan,PAK,2022,YR2022,19.8738599646655,1538.3228133171,2.90434051,243700667,8.84,2.35849046707153
Pakistan,PAK,2024,YR2024,12.6325318530452,..,..,..,..,..
Palau,PLW,1960,YR1960,..,..,..,9328,..,..
Palau,PLW,1962,YR1962,..,..,..,9793,..,..
Palau,PLW,1964,YR1964,..,..,..,10292,..,..
Palau,PLW,1966,YR1966,..,..,..,10805,..,..
Palau,PLW,1968,YR1968,..,..,..,11080,..,..
Palau,PLW,1970,YR1970,..,1017.15701970443,..,11368,..,..
Palau,PLW,1972,YR1972,..,1144.53616532721,..,12194,..,..
Palau,PLW,1974,YR1974,..,1328.03334121542,..,12687,..,..
Palau,PLW,1976,YR1976,..,1616.48039371329,..,12598,..,..
Palau,PLW,1978,YR1978,..,1971.86615755627,..,12440,..,..
Palau,PLW,1980,YR1980,..,2422.62684377801,..,12271,..,..
Palau,PLW,1982,YR1982,..,2838.1584213014,..,12694,..,..
Palau,PLW,1984,YR1984,..,3360.14538501912,..,13337,..,..
Palau,PLW,1986,YR1986,..,4143.56203650884,..,14024,..,..
Palau,PLW,1988,YR1988,..,5145.00614544213,..,14645,..,..
Palau,PLW,1990,YR1990,..,6402.929615309,..,15259,..,..
Palau,PLW,1992,YR1992,..,6552.7112389768,..,15989,..,..
Palau,PLW,1994,YR1994,..,6329.06976744186,..,16770,..,..
Palau,PLW,1996,YR1996,..,7788.29726974057,..,17654,..,..
Palau,PLW,1998,YR1998,..,8047.91621679983,..,18524,..,..
Palau,PLW,2000,YR2000,..,7797.25727395975,8.63728905,19178,..,..
Palau,PLW,2002,YR2002,-1.30123617436562,8340.53735322771,7.28691149,19503,..,..
Palau,PLW,2004,YR2004,4.96407576747217,8395.13622603431,9.13479805,19820,..,51.9417457580566
Palau,PLW,2006,YR2006,4.42981143370254,9885.14775685194,8.73999214,19593,1.29,45.4106292724609
Palau,PLW,2008,YR2008,11.9655746807329,10582.739754853,8.41378212,19009,..,41.3461532592773
Palau,PLW,2010,YR2010,1.44219017355169,10229.0878451837,10.93099976,18396,7.55,67.2985763549805
Palau,PLW,2012,YR2012,3.61418047882138,12145.3644807205,10.24609089,17765,6.54,43.1279602050781
Palau,PLW,2014,YR2014,4.19174548581256,13726.0222622072,10.66757393,17715,..,51.9047622680664
Palau,PLW,2016,YR2016,-1.04230533415074,16762.5723436534,10.01226997,17797,11.01,58.5714302062988
Palau,PLW,2018,YR2018,2.10970464135017,16197.7254546986,11.06327057,17814,65.48,69.3396224975586
Palau,PLW,2020,YR2020,0.218181818181833,14556.5896891862,13.33730412,17792,16.68,66.0377349853516
Palau,PLW,2022,YR2022,12.3526638378124,14392.1990258461,14.28555965,17759,..,66.5094375610352
Palau,PLW,2024,YR2024,2.23172772921704,..,..,..,..,..
Panama,PAN,1960,YR1960,0.0511770724157666,477.037935000289,..,1126005,..,..
Panama,PAN,1962,YR1962,0.788002033555912,545.570446272529,..,1195301,..,..
Panama,PAN,1964,YR1964,2.41353570491375,611.100612960754,..,1270065,..,..
Panama,PAN,1966,YR1966,0.193470375092593,688.846978762789,..,1348388,..,..
Panama,PAN,1968,YR1968,1.61904761953549,778.476641666323,..,1429447,..,..
Panama,PAN,1970,YR1970,3.08329498367029,892.890877487492,..,1513070,..,..
Panama,PAN,1972,YR1972,5.40954883948926,1046.06341222824,..,1599723,..,..
Panama,PAN,1974,YR1974,16.2680666277125,1296.44759308169,..,1687926,..,..
Panama,PAN,1976,YR1976,3.94999999941722,1456.50009707727,..,1776935,..,..
Panama,PAN,1978,YR1978,4.20052123266097,1738.48763684081,..,1866311,..,..
Panama,PAN,1980,YR1980,13.8079019078008,2357.09131999751,..,1957534,..,..
Panama,PAN,1982,YR1982,4.25057176328124,2811.40643706411,..,2052271,..,..
Panama,PAN,1984,YR1984,1.58264332858587,2874.94832112227,..,2150782,..,..
Panama,PAN,1986,YR1986,-0.0663841083593552,3019.48150533575,..,2251325,..,..
Panama,PAN,1988,YR1988,0.35922084492817,2508.78229277879,..,2352848,..,..
Panama,PAN,1990,YR1990,0.769485354956023,2620.13827266274,..,2455583,..,..
Panama,PAN,1992,YR1992,1.82452156989957,3139.89952899581,..,2561336,..,..
Panama,PAN,1994,YR1994,1.26843190106196,3508.19570069218,..,2669546,..,..
Panama,PAN,1996,YR1996,1.25571661111548,3308.18429574276,..,2780227,..,28.7234039306641
Panama,PAN,1998,YR1998,0.559081293442493,3807.83869182014,..,2893914,10.48,36.1702117919922
Panama,PAN,2000,YR2000,1.49896111605777,3975.09308659503,6.98486614,3010369,11.85,34.3915328979492
Panama,PAN,2002,YR2002,1.00583090379039,4090.58617397129,7.05643845,3129344,13.44,41.798942565918
Panama,PAN,2004,YR2004,0.474723078204336,4644.56582353041,7.08192825,3251155,11.67,31.5533981323242
Panama,PAN,2006,YR2006,2.45789346442096,5528.76705469354,6.54604864,3375024,11.92,29.468599319458
Panama,PAN,2008,YR2008,8.75868317728784,7347.59050324397,6.80452538,3500648,11.29,27.884614944458
Panama,PAN,2010,YR2010,3.491288726188,8331.46421351868,7.22332573,3628535,11.14,27.014217376709
Panama,PAN,2012,YR2012,5.69819959165992,11064.8063606203,6.50450659,3759256,10.89,27.488151550293
Panama,PAN,2014,YR2014,2.62652699929151,13213.1989637473,6.91532087,3892101,..,40.9523811340332
Panama,PAN,2016,YR2016,0.739734025300033,14832.3611608191,7.09378099,4029086,..,48.5714302062988
Panama,PAN,2018,YR2018,0.761578359399944,16151.3273478476,7.60132933,4167860,..,41.9811325073242
Panama,PAN,2020,YR2020,-1.5502754080376,13290.5608347594,10.21630001,4293261,11.73,41.9811325073242
Panama,PAN,2022,YR2022,2.85965128834711,17332.4360742988,8.46561432,4400773,11.06,45.2830200195312
Panama,PAN,2024,YR2024,0.685197879812108,..,..,..,..,..
Papua New Guinea,PNG,1960,YR1960,..,115.530490488928,..,1995110,..,..
Papua New Guinea,PNG,1962,YR1962,..,124.734548848091,..,2093919,..,..
Papua New Guinea,PNG,1964,YR1964,..,139.518603886501,..,2188325,..,..
Papua New Guinea,PNG,1966,YR1966,..,171.054558569102,..,2285774,..,..
Papua New Guinea,PNG,1968,YR1968,..,202.937753394767,..,2390803,..,..
Papua New Guinea,PNG,1970,YR1970,..,257.647270580834,..,2505628,..,..
Papua New Guinea,PNG,1972,YR1972,6.07499999951511,326.720237042343,..,2628432,..,..
Papua New Guinea,PNG,1974,YR1974,23.1672830103248,533.088651774956,..,2752671,..,..
Papua New Guinea,PNG,1976,YR1976,7.65664961624512,525.433235600649,..,2877327,..,..
Papua New Guinea,PNG,1978,YR1978,5.79999999899959,648.490112781654,..,3003714,..,..
Papua New Guinea,PNG,1980,YR1980,12.0643431636459,812.964617578981,..,3131512,..,..
Papua New Guinea,PNG,1982,YR1982,5.53505535055348,725.645992789394,..,3264291,..,..
Papua New Guinea,PNG,1984,YR1984,7.42060920354786,749.637059926778,..,3405198,..,..
Papua New Guinea,PNG,1986,YR1986,5.45375218150084,744.908522742949,..,3554793,..,..
Papua New Guinea,PNG,1988,YR1988,5.44508207660464,984.993556016427,..,3711880,..,..
Papua New Guinea,PNG,1990,YR1990,6.9533615990307,826.317152082832,..,3896481,..,..
Papua New Guinea,PNG,1992,YR1992,4.30961457009748,1050.7071689258,..,4166699,..,..
Papua New Guinea,PNG,1994,YR1994,2.85272217387134,1228.24343638772,..,4480208,..,..
Papua New Guinea,PNG,1996,YR1996,11.6241782908448,1071.04185150251,..,4813361,..,9.04255294799805
Papua New Guinea,PNG,1998,YR1998,13.5741917656809,733.479860137662,..,5166390,..,23.9361705780029
Papua New Guinea,PNG,2000,YR2000,15.5958933107535,635.957919047725,2.0184176,5537064,22.7,21.6931209564209
Papua New Guinea,PNG,2002,YR2002,11.7994470972606,506.331789534482,2.77562952,5924003,17.97,17.4603176116943
Papua New Guinea,PNG,2004,YR2004,2.15893131266946,620.596147680561,2.59372902,6328041,18.74,17.4757289886475
Papua New Guinea,PNG,2006,YR2006,2.3684623841683,1238.18282926706,2.42600322,6747720,15.22,12.0772943496704
Papua New Guinea,PNG,2008,YR2008,10.7614182326827,1624.79319935188,2.13526058,7183002,15.39,15.865385055542
Papua New Guinea,PNG,2010,YR2010,6.01360893567856,1866.86889851208,2.10756016,7633523,16.12,12.3222751617432
Papua New Guinea,PNG,2012,YR2012,4.53720508166972,2635.0873631547,2.66693544,8081390,14.98,17.5355453491211
Papua New Guinea,PNG,2014,YR2014,5.22211720226841,2723.17529825196,3.27119064,8523441,..,23.3333339691162
Papua New Guinea,PNG,2016,YR2016,6.6737288135593,2316.39479758492,2.33063054,8961718,..,16.6666660308838
Papua New Guinea,PNG,2018,YR2018,4.37448921453162,2566.36833735041,2.30051899,9394513,46.42,13.2075471878052
Papua New Guinea,PNG,2020,YR2020,4.87167398565555,2429.61134586681,2.30193973,9815746,18.43,14.1509437561035
Papua New Guinea,PNG,2022,YR2022,5.25323922215241,3101.71063200047,2.61825109,10203169,..,13.6792449951172
Papua New Guinea,PNG,2024,YR2024,0.602403921107917,..,..,..,..,..
Paraguay,PRY,1960,YR1960,8.18181818181802,153.375216758109,..,1883514,..,..
Paraguay,PRY,1962,YR1962,1.41843971631208,182.805194132375,..,1973130,..,..
Paraguay,PRY,1964,YR1964,1.36986301369865,196.973355774177,..,2073119,..,..
Paraguay,PRY,1966,YR1966,2.87319422160326,213.947608399441,..,2177584,..,..
Paraguay,PRY,1968,YR1968,0.708073577854366,226.80197812329,..,2282391,..,..
Paraguay,PRY,1970,YR1970,-0.859556021006909,248.996708209079,..,2388028,..,..
Paraguay,PRY,1972,YR1972,9.18037497303685,307.630516228445,..,2499881,..,..
Paraguay,PRY,1974,YR1974,25.2333177791075,507.87047971714,..,2625621,..,..
Paraguay,PRY,1976,YR1976,4.47461474664498,615.825049934218,..,2758836,..,..
Paraguay,PRY,1978,YR1978,10.6602475929181,882.931919341442,..,2899269,..,..
Paraguay,PRY,1980,YR1980,22.4473301362177,1456.84406918803,..,3053235,..,..
Paraguay,PRY,1982,YR1982,5.12006543713188,1679.81843739033,..,3226189,..,..
Paraguay,PRY,1984,YR1984,20.3114625460255,1319.23446766653,..,3412936,..,..
Paraguay,PRY,1986,YR1986,31.7425972672999,1031.15623781062,..,3611474,..,..
Paraguay,PRY,1988,YR1988,22.5942571785268,1113.89406863138,..,3820546,..,..
Paraguay,PRY,1990,YR1990,37.2599561799201,1440.15829610029,..,4035747,..,..
Paraguay,PRY,1992,YR1992,15.192743764172,1682.67444777611,..,4253600,..,..
Paraguay,PRY,1994,YR1994,20.5661948376355,1760.28807083292,..,4471417,8.54,..
Paraguay,PRY,1996,YR1996,9.79968339016083,2088.17109102236,..,4687543,12.07,14.8936166763306
Paraguay,PRY,1998,YR1998,11.5532684355839,1889.88455618586,..,4900025,11.92,10.638298034668
Paraguay,PRY,2000,YR2000,8.98215976750022,1736.11729210765,6.01865244,5100868,13.62,8.99470901489258
Paraguay,PRY,2002,YR2002,10.5102420856612,1367.76506935997,4.75770569,5261328,12.42,5.29100513458252
Paraguay,PRY,2004,YR2004,4.32326492967491,1786.21533938543,4.93224335,5388175,6.95,16.990291595459
Paraguay,PRY,2006,YR2006,9.58934941129229,2439.43124694576,5.01927567,5505148,5.45,13.5265703201294
Paraguay,PRY,2008,YR2008,10.1547846489023,4384.9546943793,5.03776026,5613574,6.44,13.4615383148193
Paraguay,PRY,2010,YR2010,4.65116279069765,4750.96273669322,5.46593952,5737971,6.6,12.3222751617432
Paraguay,PRY,2012,YR2012,3.67591897974496,5642.1699167298,6.53144598,5897008,6.38,11.8483409881592
Paraguay,PRY,2014,YR2014,5.02882767456766,6652.25478942291,6.62719059,6069811,6.57,30
Paraguay,PRY,2016,YR2016,4.08682280577241,5775.1596339946,6.67556572,6249126,5.88,37.6190490722656
Paraguay,PRY,2018,YR2018,3.97561015740694,6258.44991640954,6.74497652,6427382,5.73,30.1886787414551
Paraguay,PRY,2020,YR2020,1.76751592356698,5365.47220721191,7.67533064,6603739,5.67,33.4905662536621
Paraguay,PRY,2022,YR2022,9.76556667164402,6205.62595379319,7.73804235,6760464,6.61,34.9056587219238
Paraguay,PRY,2024,YR2024,3.83540271728533,..,..,..,..,..
Peru,PER,1960,YR1960,8.6644591627191,252.796782675034,..,10174127,..,..
Peru,PER,1962,YR1962,6.64109326359749,304.537817519843,..,10784612,..,..
Peru,PER,1964,YR1964,9.79228486663484,380.965457465866,..,11427978,..,..
Peru,PER,1966,YR1966,8.84060374922209,504.825948542419,..,12101297,..,..
Peru,PER,1968,YR1968,19.086618545438,447.99179719095,..,12803993,..,..
Peru,PER,1970,YR1970,5.02523590072424,550.484609442545,..,13501237,..,..
Peru,PER,1972,YR1972,7.21972216770545,646.679686654992,..,14210147,..,..
Peru,PER,1974,YR1974,16.8916666665703,926.57995047717,..,14956552,..,..
Peru,PER,1976,YR1976,33.4832756634566,1026.41438542928,..,15716809,..,..
Peru,PER,1978,YR1978,57.8487826251505,756.347306761911,..,16516059,..,..
Peru,PER,1980,YR1980,59.1450712444914,1044.69165468575,..,17360949,..,..
Peru,PER,1982,YR1982,64.4481585387929,1194.45000618562,..,18246503,..,..
Peru,PER,1984,YR1984,110.208519562543,917.896274683145,..,19174716,..,..
Peru,PER,1986,YR1986,77.9210255473595,1086.60913755382,..,20117122,..,..
Peru,PER,1988,YR1988,667.019328585961,733.299784874657,..,21054702,..,..
Peru,PER,1990,YR1990,7481.66361124526,1199.66666756615,..,22014771,..,..
Peru,PER,1992,YR1992,73.5282942442641,1567.40910765128,..,22946340,..,..
Peru,PER,1994,YR1994,23.7369050565046,1879.36657757919,..,23881493,..,..
Peru,PER,1996,YR1996,11.5379424115177,2226.91682429265,..,24811171,..,6.38297891616821
Peru,PER,1998,YR1998,7.24782175213469,2156.39377651613,..,25738095,14.25,15.957447052002
Peru,PER,2000,YR2000,3.75733833344474,1945.41338451698,4.41482639,26598331,15.54,8.99470901489258
Peru,PER,2002,YR2002,0.193135003853722,2007.37019626753,4.93902588,27288217,12.58,10.582010269165
Peru,PER,2004,YR2004,3.66247320092233,2397.25147277714,4.42972279,27852190,11.04,7.76699018478394
Peru,PER,2006,YR2006,2.00225801248819,3129.55996496982,4.409585,28324491,9.22,13.043478012085
Peru,PER,2008,YR2008,5.78587598206755,4197.58444634142,4.53154564,28719041,5.66,11.5384616851807
Peru,PER,2010,YR2010,1.52832059732901,5072.11494019615,4.71338701,29086019,3.7,9.95260620117188
Peru,PER,2012,YR2012,3.61121294940163,6519.37852981527,4.7344017,29550366,..,11.3744077682495
Peru,PER,2014,YR2014,3.41194579807465,6667.13410360861,4.93103409,30115826,1.75,17.1428565979004
Peru,PER,2016,YR2016,3.55717663556279,6217.03599995447,4.91142178,30866494,..,25.238094329834
Peru,PER,2018,YR2018,1.50915423024742,6978.49121548627,5.09981441,31897584,0.44,24.5283012390137
Peru,PER,2020,YR2020,2.00241205759292,6133.32552410183,6.36273861,32838579,0.36,20.2830181121826
Peru,PER,2022,YR2022,8.33370630096231,7363.27206939639,6.0930872,33475438,0.37,16.5094337463379
Peru,PER,2024,YR2024,2.00770739412712,..,..,..,..,..
Philippines,PHL,1960,YR1960,4.15482177982161,269.465146474794,..,27891897,..,..
Philippines,PHL,1962,YR1962,5.79665220101376,166.689221357377,..,29723536,..,..
Philippines,PHL,1964,YR1964,8.1830790570033,188.153783582113,..,31643032,..,..
Philippines,PHL,1966,YR1966,5.39999999968075,213.849586020843,..,33617170,..,..
Philippines,PHL,1968,YR1968,2.35880645890594,242.232067627814,..,35638342,..,..
Philippines,PHL,1970,YR1970,14.3814616757328,200.921655645037,..,37622204,..,..
Philippines,PHL,1972,YR1972,8.20403413498834,230.097611314044,..,39408560,..,..
Philippines,PHL,1974,YR1974,34.1635916359165,379.068181207602,..,41174341,..,..
Philippines,PHL,1976,YR1976,9.19922713611011,448.620084504484,..,43201488,..,..
Philippines,PHL,1978,YR1978,7.33452593917692,565.267487053598,..,45575281,..,..
Philippines,PHL,1980,YR1980,18.2005104938508,766.969451146209,..,48043740,..,..
Philippines,PHL,1982,YR1982,10.2217271376892,832.536200258054,..,50695707,..,..
Philippines,PHL,1984,YR1984,50.3389756374498,665.042349344043,..,53726181,..,..
Philippines,PHL,1986,YR1986,1.14813777653338,600.002843935462,..,56645077,..,..
Philippines,PHL,1988,YR1988,13.8600691673319,722.343718454247,..,59739052,29.79,..
Philippines,PHL,1990,YR1990,12.1773522064946,803.572588255813,..,62854666,20.86,..
Philippines,PHL,1992,YR1992,8.65100357865265,916.515694532029,..,65926125,20.67,..
Philippines,PHL,1994,YR1994,10.3864734299517,1059.9838951587,..,69019291,23.09,..
Philippines,PHL,1996,YR1996,7.4761037778791,1311.09249403865,..,72190242,16.46,14.8936166763306
Philippines,PHL,1998,YR1998,9.23493432267121,982.865943728564,..,75791024,11.73,18.6170215606689
Philippines,PHL,2000,YR2000,3.9771250324928,1050.79272954492,3.05512357,79625397,8.18,4.23280429840088
Philippines,PHL,2002,YR2002,2.72277227722765,1014.90879320106,2.63767385,83068889,6.65,12.6984128952026
Philippines,PHL,2004,YR2004,4.82921083627795,1099.63013023758,3.0468533,86394504,6.16,2.42718458175659
Philippines,PHL,2006,YR2006,5.4852320675105,1426.14649179546,3.77762938,89508986,6.11,1.93236720561981
Philippines,PHL,2008,YR2008,8.26044703595725,1959.29233534978,3.86315918,92699095,6.24,1.92307686805725
Philippines,PHL,2010,YR2010,3.78983634797591,2162.91375885614,4.13107872,96337125,6.26,3.3175356388092
Philippines,PHL,2012,YR2012,3.02696391124796,2614.61644410764,4.17709208,100175512,4.85,7.10900497436523
Philippines,PHL,2014,YR2014,3.59782343864211,2866.83803767919,3.70313668,103767130,..,13.3333330154419
Philippines,PHL,2016,YR2016,1.25369880080982,2985.19564020101,3.95484328,106735719,5.79,7.14285707473755
Philippines,PHL,2018,YR2018,5.30934661627707,3168.51036606257,3.9538188,109465287,5.92,8.01886749267578
Philippines,PHL,2020,YR2020,2.3931623931624,3227.57910235199,5.16214037,112081264,4.47,12.2641506195068
Philippines,PHL,2022,YR2022,5.82115811213955,3548.06930572116,5.15676308,113964338,4.84,13.6792449951172
Philippines,PHL,2024,YR2024,3.21260487006347,..,..,..,..,..
Poland,POL,1960,YR1960,..,..,..,29637450,..,..
Poland,POL,1962,YR1962,..,..,..,30308500,..,..
Poland,POL,1964,YR1964,..,..,..,31139450,..,..
Poland,POL,1966,YR1966,..,..,..,31681000,..,..
Poland,POL,1968,YR1968,..,..,..,32294655,..,..
Poland,POL,1970,YR1970,..,..,..,32664300,..,..
Poland,POL,1972,YR1972,-0.0989119673600758,..,..,33055650,..,..
Poland,POL,1974,YR1974,7.05314009565229,..,..,33678899,..,..
Poland,POL,1976,YR1976,4.41306266552893,..,..,34356300,..,..
Poland,POL,1978,YR1978,8.10126582278465,..,..,34965600,..,..
Poland,POL,1980,YR1980,9.68271334792129,..,..,35574150,..,..
Poland,POL,1982,YR1982,103.55871886121,..,..,36230481,..,..
Poland,POL,1984,YR1984,15.4009994265582,..,..,36904134,..,..
Poland,POL,1986,YR1986,16.5499681731383,..,..,37456119,..,..
Poland,POL,1988,YR1988,58.7208297320654,..,..,37824487,..,..
Poland,POL,1990,YR1990,567.878800666191,1731.2095094382,..,38110782,..,..
Poland,POL,1992,YR1992,46.0985621037431,2459.02068468253,..,38363667,10.69,..
Poland,POL,1994,YR1994,32.9912766093522,2874.83163555069,..,38542652,..,..
Poland,POL,1996,YR1996,19.7949669196707,4163.51195431959,..,38624370,19.16,53.7234039306641
Poland,POL,1998,YR1998,11.5978554257235,4533.5356551781,..,38663481,28.15,55.319149017334
Poland,POL,2000,YR2000,9.90017538843064,4520.64100449111,5.28789568,38258629,13.93,38.624340057373
Poland,POL,2002,YR2002,1.90528215048055,5223.45178967082,6.06724358,38230364,23.51,52.9100532531738
Poland,POL,2004,YR2004,3.38264681884691,6711.72715262967,5.86845207,38182222,6.85,35.4368934631348
Poland,POL,2006,YR2006,1.28469394366408,9068.85528307627,5.80280542,38141267,7.24,42.9951705932617
Poland,POL,2008,YR2008,4.16497193524764,14048.5604672654,6.37592173,38125759,5.94,62.019229888916
Poland,POL,2010,YR2010,2.58069370250543,12567.7317676382,6.46800566,38042794,6.3,66.8246459960938
Poland,POL,2012,YR2012,3.56037151702783,13087.420943321,6.2652421,38063164,5.6,69.1943130493164
Poland,POL,2014,YR2014,0.0538213132399802,14262.2841914116,6.42679548,38011735,5.72,62.8571434020996
Poland,POL,2016,YR2016,-0.664767331433961,12464.0110508476,6.59210491,37970087,5.32,52.3809509277344
Poland,POL,2018,YR2018,1.81295156542679,15658.2120316794,6.3129096,37974750,5.24,52.8301887512207
Poland,POL,2020,YR2020,3.37446972618589,15987.5753654045,6.49677992,37899070,2.21,51.4150924682617
Poland,POL,2022,YR2022,14.4294507575758,18891.2121169279,6.39626455,36821749,4.06,50.4716987609863
Poland,POL,2024,YR2024,3.7842600751287,..,..,..,..,..
Portugal,PRT,1960,YR1960,3.046592778327,376.976430250874,..,8857716,..,..
Portugal,PRT,1962,YR1962,2.66206417934763,426.49433629823,..,8993985,..,..
Portugal,PRT,1964,YR1964,3.44489848222768,490.207385856289,..,9035365,..,..
Portugal,PRT,1966,YR1966,5.03926721858183,601.289222261876,..,8930990,..,..
Portugal,PRT,1968,YR1968,6.08136171148615,751.947085624465,..,8836650,..,..
Portugal,PRT,1970,YR1970,6.38014449001673,934.082156096117,..,8680431,..,..
Portugal,PRT,1972,YR1972,10.6633559759477,1302.2662677393,..,8630430,..,..
Portugal,PRT,1974,YR1974,25.0827778589527,2000.41824574682,..,8754365,..,..
Portugal,PRT,1976,YR1976,21.1419048031955,2173.28393425975,..,9355810,..,..
Portugal,PRT,1978,YR1978,21.0387723599382,2457.31321644599,..,9558250,..,..
Portugal,PRT,1980,YR1980,15.8674803836094,3368.36666940279,..,9766312,..,..
Portugal,PRT,1982,YR1982,21.6792837277095,3079.94956634271,..,9911771,..,..
Portugal,PRT,1984,YR1984,28.3846388897103,2522.74747620658,..,9996232,..,..
Portugal,PRT,1986,YR1986,12.3313334897219,3861.9484333688,..,10032734,..,..
Portugal,PRT,1988,YR1988,10.1016321152266,5623.69699982123,..,10019610,..,..
Portugal,PRT,1990,YR1990,13.6305705693074,7884.61798756332,..,9983218,..,..
Portugal,PRT,1992,YR1992,9.55926033177508,10810.5665079626,..,9952494,..,..
Portugal,PRT,1994,YR1994,5.42044019241626,9977.31990905771,..,9991525,..,..
Portugal,PRT,1996,YR1996,3.06897732509789,12185.0914010629,..,10063945,..,68.0851058959961
Portugal,PRT,1998,YR1998,2.5727522590913,12199.206385024,..,10160196,..,73.9361724853516
Portugal,PRT,2000,YR2000,2.85303039287157,11526.3720667968,8.60104179,10289898,7.93,76.7195739746094
Portugal,PRT,2002,YR2002,3.60034658290914,12936.6928204482,8.78642941,10419631,6.42,82.539680480957
Portugal,PRT,2004,YR2004,2.36536204097302,18064.1580932987,9.5325079,10483861,6.85,63.1067962646484
Portugal,PRT,2006,YR2006,3.1076654587105,19839.4540499032,9.35422611,10522288,7.24,63.2850227355957
Portugal,PRT,2008,YR2008,2.58850657657959,24949.0413566739,9.58307838,10558177,5.94,66.8269195556641
Portugal,PRT,2010,YR2010,1.40257289895369,22551.935098809,10.03250504,10573100,6.3,54.502368927002
Portugal,PRT,2012,YR2012,2.77333854051586,20593.4274224109,9.65393257,10514844,5.6,59.7156410217285
Portugal,PRT,2014,YR2014,-0.278153367467428,22120.6850127107,9.3428812,10401062,5.72,61.9047622680664
Portugal,PRT,2016,YR2016,0.607397074641719,19980.2808866516,9.39439487,10325452,5.32,65.7142868041992
Portugal,PRT,2018,YR2018,0.993715683468326,23541.1401075289,9.4126482,10283822,5.24,70.7547149658203
Portugal,PRT,2020,YR2020,-0.0124383299575305,22299.4044062173,10.54770088,10297081,2.21,67.4528274536133
Portugal,PRT,2022,YR2022,7.83269124233323,24620.519556875,10.46883011,10434332,4.06,58.4905662536621
Portugal,PRT,2024,YR2024,2.41613187791884,..,..,..,..,..
Puerto Rico,PRI,1960,YR1960,..,717.514843087362,..,2358000,..,..
Puerto Rico,PRI,1962,YR1962,..,854.74480496849,..,2450322,..,..
Puerto Rico,PRI,1964,YR1964,..,1006.43444609497,..,2554066,..,..
Puerto Rico,PRI,1966,YR1966,..,1207.81182440348,..,2624995,..,..
Puerto Rico,PRI,1968,YR1968,..,1480.69317642251,..,2662064,..,..
Puerto Rico,PRI,1970,YR1970,..,1852.35467255335,..,2718000,..,..
Puerto Rico,PRI,1972,YR1972,..,2246.4767135113,..,2817256,..,..
Puerto Rico,PRI,1974,YR1974,..,2614.50094053038,..,2939299,..,..
Puerto Rico,PRI,1976,YR1976,..,2946.46195251152,..,3043854,..,..
Puerto Rico,PRI,1978,YR1978,..,3567.7526290007,..,3129421,..,..
Puerto Rico,PRI,1980,YR1980,..,4502.8384279476,..,3206000,..,..
Puerto Rico,PRI,1982,YR1982,..,5115.00851423346,..,3277453,..,..
Puerto Rico,PRI,1984,YR1984,..,5730.11700890201,..,3344190,..,..
Puerto Rico,PRI,1986,YR1986,..,6455.18446107614,..,3409554,..,..
Puerto Rico,PRI,1988,YR1988,..,7595.44465611829,..,3473898,..,..
Puerto Rico,PRI,1990,YR1990,..,8652.50749222505,..,3537000,..,..
Puerto Rico,PRI,1992,YR1992,..,9659.33889995916,..,3585176,..,..
Puerto Rico,PRI,1994,YR1994,..,10876.4188239898,..,3649237,..,..
Puerto Rico,PRI,1996,YR1996,..,12173.163688986,..,3724655,..,22.8723411560059
Puerto Rico,PRI,1998,YR1998,..,14304.4049868015,..,3781101,..,23.9361705780029
Puerto Rico,PRI,2000,YR2000,..,16192.1269719638,..,3810605,..,24.8677253723145
Puerto Rico,PRI,2002,YR2002,..,18731.4593897378,..,3823701,..,28.0423278808594
Puerto Rico,PRI,2004,YR2004,..,20988.9923326534,..,3826878,..,43.6893196105957
Puerto Rico,PRI,2006,YR2006,..,22935.9411586313,..,3805214,..,40.0966186523438
Puerto Rico,PRI,2008,YR2008,..,24898.3345857045,..,3760866,..,35.5769233703613
Puerto Rico,PRI,2010,YR2010,..,26435.74878578,..,3721525,..,40.7582931518555
Puerto Rico,PRI,2012,YR2012,..,27944.7338937424,..,3634488,..,51.6587677001953
Puerto Rico,PRI,2014,YR2014,..,28981.4573305866,..,3534874,..,60.9523811340332
Puerto Rico,PRI,2016,YR2016,..,30627.1634017011,..,3406672,..,57.1428565979004
Puerto Rico,PRI,2018,YR2018,..,31615.0667918433,..,3193354,..,41.5094337463379
Puerto Rico,PRI,2020,YR2020,..,31427.4291136799,..,3281557,..,48.113208770752
Puerto Rico,PRI,2022,YR2022,..,35268.0791015719,..,3220113,..,50.4716987609863
Puerto Rico,PRI,2024,YR2024,..,..,..,..,..,..
Qatar,QAT,1960,YR1960,..,..,..,36010,..,..
Qatar,QAT,1962,YR1962,..,..,..,44630,..,..
Qatar,QAT,1964,YR1964,..,..,..,56867,..,..
Qatar,QAT,1966,YR1966,..,..,..,72192,..,..
Qatar,QAT,1968,YR1968,..,..,..,91749,..,..
Qatar,QAT,1970,YR1970,..,2593.82296339752,..,116350,..,..
Qatar,QAT,1972,YR1972,..,3482.877835561,..,146506,..,..
Qatar,QAT,1974,YR1974,..,13539.5587974924,..,177362,..,..
Qatar,QAT,1976,YR1976,..,15710.3208135683,..,209052,..,..
Qatar,QAT,1978,YR1978,..,16757.0982461328,..,241808,..,..
Qatar,QAT,1980,YR1980,6.79999999900022,28375.4852501113,..,275913,..,..
Qatar,QAT,1982,YR1982,5.69999999999979,24384.5938501228,..,311537,..,..
Qatar,QAT,1984,YR1984,1.10497237570068,19272.2616094603,..,347878,..,..
Qatar,QAT,1986,YR1986,0.757575757575709,13213.2093617769,..,382422,..,..
Qatar,QAT,1988,YR1988,4.60251046025085,14682.0218472004,..,411264,..,..
Qatar,QAT,1990,YR1990,3.0009680542111,16721.6207714589,..,440175,..,..
Qatar,QAT,1992,YR1992,3.06030603060311,16280.2938815273,..,469657,..,..
Qatar,QAT,1994,YR1994,1.32158590308376,14764.8771355222,..,499459,..,..
Qatar,QAT,1996,YR1996,4.90453460620532,17124.7920861356,..,529019,..,37.7659568786621
Qatar,QAT,1998,YR1998,2.9513888888889,17665.4408438222,..,580540,..,63.2978706359863
Qatar,QAT,2000,YR2000,1.65033522434232,27535.182940934,1.97258496,644989,..,69.8412704467773
Qatar,QAT,2002,YR2002,0.239999999999952,27226.6593510117,2.46044064,711205,4.51,56.6137580871582
Qatar,QAT,2004,YR2004,6.79933665008279,41035.5008380177,3.18311739,773332,6.79,67.9611663818359
Qatar,QAT,2006,YR2006,11.8358096197431,62582.4453138755,2.288064,972831,3.92,60.8695640563965
Qatar,QAT,2008,YR2008,15.0501451570333,80781.4039187792,1.63775349,1426938,5.17,69.2307662963867
Qatar,QAT,2010,YR2010,-2.42525675161714,77387.3267885308,1.87017763,1616832,5.45,71.5639801025391
Qatar,QAT,2012,YR2012,2.31534853431661,108470.378825036,1.74822152,1722438,3.67,72.9857788085938
Qatar,QAT,2014,YR2014,3.34972085659523,95840.6310094498,2.42293572,2151745,3.03,67.6190490722656
Qatar,QAT,2016,YR2016,2.6765917009819,61253.6375482797,3.54971433,2477113,3.09,64.2857131958008
Qatar,QAT,2018,YR2018,0.255815382724408,71039.8490579352,2.96176219,2580734,4.14,56.6037750244141
Qatar,QAT,2020,YR2020,-2.5403150300476,51683.5054353851,3.81872201,2794148,3.15,56.6037750244141
Qatar,QAT,2022,YR2022,4.99527553740761,88701.463350036,2.18112326,2657333,3.54,65.5660400390625
Qatar,QAT,2024,YR2024,1.26734310292375,..,..,..,..,..
Romania,ROU,1960,YR1960,..,..,..,18406905,..,..
Romania,ROU,1962,YR1962,..,..,..,18676550,..,..
Romania,ROU,1964,YR1964,..,..,..,18919126,..,..
Romania,ROU,1966,YR1966,..,..,..,19215450,..,..
Romania,ROU,1968,YR1968,..,..,..,19799831,..,..
Romania,ROU,1970,YR1970,..,..,..,20250398,..,..
Romania,ROU,1972,YR1972,..,..,..,20657957,..,..
Romania,ROU,1974,YR1974,..,..,..,21029429,..,..
Romania,ROU,1976,YR1976,..,..,..,21551634,..,..
Romania,ROU,1978,YR1978,..,..,..,21951464,..,..
Romania,ROU,1980,YR1980,..,..,..,22207282,..,..
Romania,ROU,1982,YR1982,..,..,..,22475741,..,..
Romania,ROU,1984,YR1984,..,..,..,22640547,..,..
Romania,ROU,1986,YR1986,..,..,..,22836841,..,..
Romania,ROU,1988,YR1988,..,1753.19285632198,..,23057662,..,..
Romania,ROU,1990,YR1990,..,1648.48522974542,..,23201835,..,..
Romania,ROU,1992,YR1992,211.205587610082,1102.10378473246,..,22794284,..,..
Romania,ROU,1994,YR1994,136.759392815441,1323.03237766927,..,22730211,..,..
Romania,ROU,1996,YR1996,38.8293013382852,1633.01064354117,..,22619004,..,47.3404273986816
Romania,ROU,1998,YR1998,59.0965827541167,1852.5549693339,..,22507344,..,42.5531921386719
Romania,ROU,2000,YR2000,45.6665940440238,1659.92904910528,4.20876169,22442971,..,19.0476188659668
Romania,ROU,2002,YR2002,22.5398862605386,2119.85509684554,4.57694626,21730496,..,46.0317459106445
Romania,ROU,2004,YR2004,11.8743635936399,3494.99056448955,5.47733593,21451748,13.75,30.5825233459473
Romania,ROU,2006,YR2006,6.55851412276983,5757.53127301178,5.07106066,21193760,..,38.164249420166
Romania,ROU,2008,YR2008,7.85080255714482,10435.1561230787,5.02274227,20537875,5.94,37.5
Romania,ROU,2010,YR2010,6.09141668601891,8399.5374234284,5.63998747,20246871,6.3,40.7582931518555
Romania,ROU,2012,YR2012,3.33492267693442,8929.95366231474,4.50899887,20058035,5.6,37.9146919250488
Romania,ROU,2014,YR2014,1.06830987684298,10031.7710755404,5.02789736,19908979,5.72,36.6666679382324
Romania,ROU,2016,YR2016,-1.54479666813897,9404.54005870715,5.08021355,19702267,5.32,44.2857131958008
Romania,ROU,2018,YR2018,4.62548443137779,12502.2624061935,5.51800871,19473970,5.24,35.3773574829102
Romania,ROU,2020,YR2020,2.63107311184743,13082.3006559554,6.22618055,19265250,2.21,51.886791229248
Romania,ROU,2022,YR2022,13.7954887432521,15557.8826247584,5.7490139,19048502,4.06,48.113208770752
Romania,ROU,2024,YR2024,-4.5191101423114,..,..,..,..,..
Russian Federation,RUS,1960,YR1960,..,..,..,119897000,..,..
Russian Federation,RUS,1962,YR1962,..,..,..,122591000,..,..
Russian Federation,RUS,1964,YR1964,..,..,..,125345000,..,..
Russian Federation,RUS,1966,YR1966,..,..,..,127468000,..,..
Russian Federation,RUS,1968,YR1968,..,..,..,128928000,..,..
Russian Federation,RUS,1970,YR1970,..,..,..,130404000,..,..
Russian Federation,RUS,1972,YR1972,..,..,..,131909000,..,..
Russian Federation,RUS,1974,YR1974,..,..,..,133432000,..,..
Russian Federation,RUS,1976,YR1976,..,..,..,135147000,..,..
Russian Federation,RUS,1978,YR1978,..,..,..,137060000,..,..
Russian Federation,RUS,1980,YR1980,..,..,..,139010000,..,..
Russian Federation,RUS,1982,YR1982,..,..,..,140823000,..,..
Russian Federation,RUS,1984,YR1984,..,..,..,142745000,..,..
Russian Federation,RUS,1986,YR1986,..,..,..,144894000,..,..
Russian Federation,RUS,1988,YR1988,..,3778.01977539063,..,146857000,..,..
Russian Federation,RUS,1990,YR1990,..,3494.06323242188,..,147969406,..,..
Russian Federation,RUS,1992,YR1992,..,3098.802734375,..,148538197,..,..
Russian Federation,RUS,1994,YR1994,307.722635553193,2662.10400390625,..,148407912,7.57,..
Russian Federation,RUS,1996,YR1996,47.7520122009939,2643.92919921875,..,148160129,9.64,4.78723382949829
Russian Federation,RUS,1998,YR1998,27.6856798076742,1834.86181640625,..,147670784,..,7.44680833816528
Russian Federation,RUS,2000,YR2000,20.7987606558704,1771.59411621094,5.01989794,146596869,..,3.70370364189148
Russian Federation,RUS,2002,YR2002,15.7887307914463,2377.52954101563,5.52166557,145306497,10.79,15.8730154037476
Russian Federation,RUS,2004,YR2004,10.8886157326216,4102.36474609375,4.7603755,144067316,..,3.88349509239197
Russian Federation,RUS,2006,YR2006,9.66865454789265,6920.19970703125,4.76654387,143049637,..,12.5603866577148
Russian Federation,RUS,2008,YR2008,14.1107677840442,11635.2841796875,4.90364122,142742366,8.88,13.4615383148193
Russian Federation,RUS,2010,YR2010,6.84939230255025,10674.990234375,4.97111797,142849468,8.02,10.4265403747559
Russian Federation,RUS,2012,YR2012,5.07474300799149,15401.8515625,4.93637609,143378447,9.04,13.7440757751465
Russian Federation,RUS,2014,YR2014,7.82341183865513,14055.47265625,5.18209648,144237223,7.24,9.0476188659668
Russian Federation,RUS,2016,YR2016,7.04244762954799,8663.158203125,5.28970242,145015460,5.51,10.4761905670166
Russian Federation,RUS,2018,YR2018,2.87829723647884,11211.8876953125,5.35520792,145398106,5.26,16.5094337463379
Russian Federation,RUS,2020,YR2020,3.38165937237898,10108.3271484375,8.04076004,145245148,5.38,13.2075471878052
Russian Federation,RUS,2022,YR2022,..,15445.2421875,6.91986275,144236933,..,10.3773584365845
Russian Federation,RUS,2024,YR2024,..,..,..,..,..,..
Rwanda,RWA,1960,YR1960,..,39.3740728069473,..,3022294,..,..
Rwanda,RWA,1962,YR1962,..,39.2338440533266,..,3186025,..,..
Rwanda,RWA,1964,YR1964,..,38.9824483017745,..,3334834,..,..
Rwanda,RWA,1966,YR1966,..,35.3602860886258,..,3521626,..,..
Rwanda,RWA,1968,YR1968,3.16193697269933,45.9934717054709,..,3744010,..,..
Rwanda,RWA,1970,YR1970,0.514885808022463,55.2419721408638,..,3980669,..,..
Rwanda,RWA,1972,YR1972,3.092193808935,58.397695523384,..,4220335,..,..
Rwanda,RWA,1974,YR1974,31.0882993654484,68.9411498886186,..,4474228,..,..
Rwanda,RWA,1976,YR1976,7.1658615138318,134.378431212254,..,4745954,..,..
Rwanda,RWA,1978,YR1978,13.2705337973878,179.876527812666,..,5035171,..,..
Rwanda,RWA,1980,YR1980,7.24939299325274,234.392851442674,..,5353259,..,..
Rwanda,RWA,1982,YR1982,12.5651365334134,246.385549568864,..,5711549,..,..
Rwanda,RWA,1984,YR1984,5.36957038827376,259.906684530767,..,6107627,..,..
Rwanda,RWA,1986,YR1986,-1.11706657280676,297.725981822308,..,6531881,..,..
Rwanda,RWA,1988,YR1988,2.97864355658034,343.781325819105,..,6968071,..,..
Rwanda,RWA,1990,YR1990,4.18576372649948,345.773495134655,..,7375307,..,..
Rwanda,RWA,1992,YR1992,9.56041187600816,264.083914517464,..,7683266,..,..
Rwanda,RWA,1994,YR1994,..,110.953668251372,..,6792352,..,..
Rwanda,RWA,1996,YR1996,7.41137173526642,206.04911417485,..,6708764,..,0
Rwanda,RWA,1998,YR1998,6.2100670945581,246.154673288384,..,8081681,..,0
Rwanda,RWA,2000,YR2000,3.89952980284712,251.86926386091,3.57583427,8213931,15.86,0.52910053730011
Rwanda,RWA,2002,YR2002,1.99258542453993,234.043016755733,3.12787294,8400180,22.52,0
Rwanda,RWA,2004,YR2004,12.2507102894391,269.540446333402,7.50856972,8816844,..,4.36893224716187
Rwanda,RWA,2006,YR2006,8.88282654777923,356.995022901154,7.60937929,9299246,17.2,13.5265703201294
Rwanda,RWA,2008,YR2008,15.4382138709255,528.326391755502,7.55979156,9804269,14.58,19.7115383148193
Rwanda,RWA,2010,YR2010,-0.246128693436934,593.624927744346,8.08192921,10317553,13.91,23.222749710083
Rwanda,RWA,2012,YR2012,10.2710182318876,706.817317494399,8.10223293,10829901,14.11,25.1184825897217
Rwanda,RWA,2014,YR2014,2.35449052820358,724.957521209377,6.98471594,11364757,14.98,23.8095245361328
Rwanda,RWA,2016,YR2016,7.17434301982009,729.519154199595,6.96089125,11919183,14.61,30.4761905670166
Rwanda,RWA,2018,YR2018,-0.311210160390699,771.773521962568,6.65483093,12487996,17.04,37.2641525268555
Rwanda,RWA,2020,YR2020,9.85039902274207,778.701538550324,7.48696899,13065837,15.65,34.9056587219238
Rwanda,RWA,2022,YR2022,17.6892095588153,975.469315871749,7.8792119,13651030,23.3,35.3773574829102
Rwanda,RWA,2024,YR2024,1.77029240198635,..,..,..,..,..
Samoa,WSM,1960,YR1960,..,..,..,112490,..,..
Samoa,WSM,1962,YR1962,2.65486725663724,..,..,118597,..,..
Samoa,WSM,1964,YR1964,5.30821917808229,..,..,124894,..,..
Samoa,WSM,1966,YR1966,2.86624203821646,..,..,131073,..,..
Samoa,WSM,1968,YR1968,1.71161825726125,..,..,136020,..,..
Samoa,WSM,1970,YR1970,2.74240940254606,321.996706619559,..,140400,..,..
Samoa,WSM,1972,YR1972,7.50682438580534,432.869670090088,..,144538,..,..
Samoa,WSM,1974,YR1974,24.9876786595613,626.0388469155,..,149431,..,..
Samoa,WSM,1976,YR1976,4.90368682691046,541.03147223181,..,157113,..,..
Samoa,WSM,1978,YR1978,2.05865885702086,670.633271871531,..,161375,..,..
Samoa,WSM,1980,YR1980,33.0472428985001,765.24773288828,..,164322,..,..
Samoa,WSM,1982,YR1982,18.2962245891187,728.127937935873,..,166484,..,..
Samoa,WSM,1984,YR1984,11.8600682594715,654.697560664036,..,166796,..,..
Samoa,WSM,1986,YR1986,5.73355817902005,604.257418815764,..,167061,..,..
Samoa,WSM,1988,YR1988,8.50786801086301,790.134992313838,..,168346,..,..
Samoa,WSM,1990,YR1990,15.2384632724695,743.994213008355,..,169042,..,..
Samoa,WSM,1992,YR1992,9.03113792907172,776.740824409711,..,170331,..,..
Samoa,WSM,1994,YR1994,12.0803818909762,1276.85021574897,..,173159,..,..
Samoa,WSM,1996,YR1996,5.37461972030278,1419.35849045228,..,176071,..,63.2978706359863
Samoa,WSM,1998,YR1998,2.21883468834654,1506.30359215846,..,178905,..,67.5531921386719
Samoa,WSM,2000,YR2000,0.966782350024729,1424.75240002471,4.28232527,181685,..,69.8412704467773
Samoa,WSM,2002,YR2002,8.0503144654087,1527.55790455937,4.49205494,184471,..,59.7883605957031
Samoa,WSM,2004,YR2004,16.3131507905901,2189.26042607992,4.52578545,186249,..,65.5339813232422
Samoa,WSM,2006,YR2006,3.70008680555553,2663.29135939532,4.88451385,187709,..,63.2850227355957
Samoa,WSM,2008,YR2008,11.565906838454,3373.60639884263,4.53258085,190107,..,66.8269195556641
Samoa,WSM,2010,YR2010,0.777007268777692,3524.2479246203,5.15268326,193023,..,52.6066360473633
Samoa,WSM,2012,YR2012,2.0490188352116,3934.60320799981,4.9883461,196498,14.19,63.0331764221191
Samoa,WSM,2014,YR2014,-0.40681608842489,3982.68080202084,6.2579422,200037,19.41,69.523811340332
Samoa,WSM,2016,YR2016,1.30471869303179,4147.07097674888,5.63950825,203499,16.41,71.9047622680664
Samoa,WSM,2018,YR2018,4.19745888663752,4231.81409469194,4.7755332,207582,21.01,69.8113174438477
Samoa,WSM,2020,YR2020,-1.56891247740895,4099.6600907147,6.18667269,211944,16.26,71.2264175415039
Samoa,WSM,2022,YR2022,10.9618822286844,3869.46639492144,6.3012085,215261,..,69.3396224975586
Samoa,WSM,2024,YR2024,2.17245530514377,..,..,..,..,..
San Marino,SMR,1960,YR1960,..,..,..,15428,..,..
San Marino,SMR,1962,YR1962,..,..,..,16183,..,..
San Marino,SMR,1964,YR1964,..,..,..,16977,..,..
San Marino,SMR,1966,YR1966,..,..,..,17523,..,..
San Marino,SMR,1968,YR1968,..,..,..,17861,..,..
San Marino,SMR,1970,YR1970,..,..,..,18168,..,..
San Marino,SMR,1972,YR1972,..,..,..,18787,..,..
San Marino,SMR,1974,YR1974,..,..,..,19030,..,..
San Marino,SMR,1976,YR1976,..,..,..,19110,..,..
San Marino,SMR,1978,YR1978,..,..,..,21026,..,..
San Marino,SMR,1980,YR1980,..,..,..,21585,..,..
San Marino,SMR,1982,YR1982,..,..,..,22055,..,..
San Marino,SMR,1984,YR1984,..,..,..,22346,..,..
San Marino,SMR,1986,YR1986,..,..,..,22636,..,..
San Marino,SMR,1988,YR1988,..,..,..,22843,..,..
San Marino,SMR,1990,YR1990,..,..,..,23475,..,..
San Marino,SMR,1992,YR1992,..,..,..,24125,..,..
San Marino,SMR,1994,YR1994,..,..,..,24823,..,..
San Marino,SMR,1996,YR1996,..,..,..,25482,..,..
San Marino,SMR,1998,YR1998,..,40126.9331369802,..,26125,..,..
San Marino,SMR,2000,YR2000,..,37600.7077379601,5.7876792,26799,..,..
San Marino,SMR,2002,YR2002,..,41790.8432718184,5.39155769,27491,..,..
San Marino,SMR,2004,YR2004,1.43083868527343,58232.0176184948,4.86479282,29457,..,51.9417457580566
San Marino,SMR,2006,YR2006,2.09525935611432,63270.7780755157,4.91361904,30184,..,45.4106292724609
San Marino,SMR,2008,YR2008,4.29320249287704,75902.1320521765,5.41110897,31662,..,41.3461532592773
San Marino,SMR,2010,YR2010,2.58541815582587,56543.1898204098,6.20853519,33270,..,67.2985763549805
San Marino,SMR,2012,YR2012,2.8273322422258,47945.8991734281,8.98883724,33469,..,43.1279602050781
San Marino,SMR,2014,YR2014,1.11296303373851,51260.4938347125,8.30091763,32655,..,51.9047622680664
San Marino,SMR,2016,YR2016,0.644075340346552,44359.4797662688,8.4219532,33101,..,78.5714263916016
San Marino,SMR,2018,YR2018,1.16333522293158,47950.6880557136,8.2778492,34522,..,78.7735824584961
San Marino,SMR,2020,YR2020,-0.133368898372915,44426.6463400658,8.48147392,34770,..,71.2264175415039
San Marino,SMR,2022,YR2022,5.32545321311365,54264.570495898,7.40650225,33755,..,71.2264175415039
San Marino,SMR,2024,YR2024,1.24216507945569,..,..,..,..,..
Sao Tome and Principe,STP,1960,YR1960,..,..,..,68012,..,..
Sao Tome and Principe,STP,1962,YR1962,..,..,..,69403,..,..
Sao Tome and Principe,STP,1964,YR1964,..,..,..,70865,..,..
Sao Tome and Principe,STP,1966,YR1966,..,..,..,72576,..,..
Sao Tome and Principe,STP,1968,YR1968,..,..,..,74765,..,..
Sao Tome and Principe,STP,1970,YR1970,..,479.373226585893,..,77626,..,..
Sao Tome and Principe,STP,1972,YR1972,..,511.225883278212,..,81041,..,..
Sao Tome and Principe,STP,1974,YR1974,..,682.841924804006,..,84672,..,..
Sao Tome and Principe,STP,1976,YR1976,..,585.225491976985,..,88922,..,..
Sao Tome and Principe,STP,1978,YR1978,..,586.866567172971,..,93794,..,..
Sao Tome and Principe,STP,1980,YR1980,..,828.688007722406,..,98544,..,..
Sao Tome and Principe,STP,1982,YR1982,..,783.429221364288,..,102508,..,..
Sao Tome and Principe,STP,1984,YR1984,..,735.13352186245,..,106394,..,..
Sao Tome and Principe,STP,1986,YR1986,..,1042.99511241999,..,111150,..,..
Sao Tome and Principe,STP,1988,YR1988,..,846.60177007008,..,116939,..,..
Sao Tome and Principe,STP,1990,YR1990,..,970.060189603816,..,122980,..,..
Sao Tome and Principe,STP,1992,YR1992,..,740.471126547797,..,128110,..,..
Sao Tome and Principe,STP,1994,YR1994,..,989.50053269625,..,132732,..,..
Sao Tome and Principe,STP,1996,YR1996,..,987.048712395264,..,136962,..,56.9148941040039
Sao Tome and Principe,STP,1998,YR1998,50.4931357486254,513.569380269738,..,140751,..,60.1063842773438
Sao Tome and Principe,STP,2000,YR2000,12.2089456308977,529.089383412262,9.31892776,144018,..,62.4338607788086
Sao Tome and Principe,STP,2002,YR2002,10.128724672229,568.10257252271,9.49860477,149922,..,41.2698402404785
Sao Tome and Principe,STP,2004,YR2004,13.2858860871796,726.560882130444,10.7211771,157705,..,43.6893196105957
Sao Tome and Principe,STP,2006,YR2006,23.0770373451381,861.970707697664,7.10559654,165638,..,40.0966186523438
Sao Tome and Principe,STP,2008,YR2008,31.9901039492573,1081.8684584729,5.97009039,173793,..,31.25
Sao Tome and Principe,STP,2010,YR2010,13.34005235378,1045.20958234528,5.80827904,181802,..,33.1753540039062
Sao Tome and Principe,STP,2012,YR2012,10.6379353431628,1210.79264672325,7.07299662,189439,..,33.6492881774902
Sao Tome and Principe,STP,2014,YR2014,6.99849943966421,1489.67633417608,7.91452122,196767,9.83,36.6666679382324
Sao Tome and Principe,STP,2016,YR2016,5.43051966119156,1434.87018050521,7.60211611,203689,9.82,39.523811340332
Sao Tome and Principe,STP,2018,YR2018,7.86859628873909,1825.59971753966,5.91960287,210187,10.66,52.8301887512207
Sao Tome and Principe,STP,2020,YR2020,9.81932791540146,2167.22001796925,7.32044411,217435,..,49.5283012390137
Sao Tome and Principe,STP,2022,YR2022,18.0056351122841,2389.73729784737,7.46419811,226305,..,48.113208770752
Sao Tome and Principe,STP,2024,YR2024,..,..,..,..,..,..
Saudi Arabia,SAU,1960,YR1960,..,717.796628958557,..,2435403,..,..
Saudi Arabia,SAU,1962,YR1962,..,812.926247668855,..,2620910,..,..
Saudi Arabia,SAU,1964,YR1964,2.7999999989998,840.480371460232,..,2821968,..,..
Saudi Arabia,SAU,1966,YR1966,1.55038759593052,960.744776733843,..,3039887,..,..
Saudi Arabia,SAU,1968,YR1968,1.58878504672939,1275.70709426176,..,3282711,..,..
Saudi Arabia,SAU,1970,YR1970,0.177777777777795,1509.43961165521,..,3562470,..,..
Saudi Arabia,SAU,1972,YR1972,4.33117970783491,2474.38683208975,..,3905722,..,..
Saudi Arabia,SAU,1974,YR1974,21.4370078736641,10503.4280777085,..,4323632,..,..
Saudi Arabia,SAU,1976,YR1976,31.5586605641125,13312.5119926546,..,4807933,..,..
Saudi Arabia,SAU,1978,YR1978,-1.58360185022085,14914.1542686138,..,5381902,..,..
Saudi Arabia,SAU,1980,YR1980,4.16926655363289,27205.6452285141,..,6047997,..,..
Saudi Arabia,SAU,1982,YR1982,1.02103960396038,22454.4843169614,..,6824486,..,..
Saudi Arabia,SAU,1984,YR1984,-1.55903706534203,15541.1312184609,..,7697307,..,..
Saudi Arabia,SAU,1986,YR1986,-3.20333146472299,10078.2896080512,..,8628639,..,..
Saudi Arabia,SAU,1988,YR1988,0.907563025210514,9165.49615323397,..,9629165,..,..
Saudi Arabia,SAU,1990,YR1990,2.07715133531159,11054.7495049666,..,10640691,..,..
Saudi Arabia,SAU,1992,YR1992,-0.0770060064690777,11730.2687665244,..,11686676,..,..
Saudi Arabia,SAU,1994,YR1994,0.564325478533144,10601.9196697805,..,12750040,11.96,..
Saudi Arabia,SAU,1996,YR1996,1.22206988451309,11471.5045960191,..,13831009,..,21.2765960693359
Saudi Arabia,SAU,1998,YR1998,-0.371269734983814,9836.05729768574,..,14922185,..,30.319149017334
Saudi Arabia,SAU,2000,YR2000,-1.12499477854774,11714.5623675159,4.21160603,16177722,13.23,33.862434387207
Saudi Arabia,SAU,2002,YR2002,0.24718651429923,10586.0543471363,4.24939442,17910910,7.67,28.0423278808594
Saudi Arabia,SAU,2004,YR2004,0.515506766998081,13154.4978989446,3.58402061,19669480,6.64,15.5339803695679
Saudi Arabia,SAU,2006,YR2006,2.20902407871182,17563.6145370639,3.61922765,21459144,3.42,17.8743953704834
Saudi Arabia,SAU,2008,YR2008,9.87024791275994,22320.4888964331,2.97101164,23287877,2.77,20.1923084259033
Saudi Arabia,SAU,2010,YR2010,5.33941680637454,22028.3790215788,3.64786696,23978487,..,25.5924167633057
Saudi Arabia,SAU,2012,YR2012,2.86626887489915,28348.5730107499,3.98779416,26168861,3.88,20.3791465759277
Saudi Arabia,SAU,2014,YR2014,2.23629031536978,27079.6733871148,5.15801096,28309273,3.55,24.761905670166
Saudi Arabia,SAU,2016,YR2016,2.06884036053473,21515.6600083775,6.24142838,30954198,..,17.619047164917
Saudi Arabia,SAU,2018,YR2018,2.45814158007532,28036.0264674095,5.34062767,30196281,..,13.2075471878052
Saudi Arabia,SAU,2020,YR2020,3.44545825956692,23271.4037647084,6.64630127,31552510,4.88,14.6226415634155
Saudi Arabia,SAU,2022,YR2022,2.4740737192537,34454.1957708412,4.62462378,32175224,6.72,19.3396224975586
Saudi Arabia,SAU,2024,YR2024,1.68792112375817,..,..,..,..,..
Senegal,SEN,1960,YR1960,..,300.425115236279,..,3340907,..,..
Senegal,SEN,1962,YR1962,..,307.092565107939,..,3534686,..,..
Senegal,SEN,1964,YR1964,..,317.850426568454,..,3740535,..,..
Senegal,SEN,1966,YR1966,..,314.534344145945,..,3964299,..,..
Senegal,SEN,1968,YR1968,0.0583333328330434,311.196146846683,..,4207587,..,..
Senegal,SEN,1970,YR1970,2.81024819857027,290.486425297989,..,4466328,..,..
Senegal,SEN,1972,YR1972,6.15488417411274,341.835352336553,..,4741631,..,..
Senegal,SEN,1974,YR1974,16.6010915093494,417.407600285381,..,5029437,..,..
Senegal,SEN,1976,YR1976,1.08309218710663,540.594007051938,..,5308564,..,..
Senegal,SEN,1978,YR1978,3.41965105587522,589.134045255614,..,5568096,..,..
Senegal,SEN,1980,YR1980,8.72902766072327,771.533969550579,..,5845638,..,..
Senegal,SEN,1982,YR1982,17.3763852168922,651.93712330983,..,6156961,..,..
Senegal,SEN,1984,YR1984,11.7840274796329,536.231765402514,..,6499364,..,..
Senegal,SEN,1986,YR1986,6.18477854456934,783.940524706279,..,6878192,..,..
Senegal,SEN,1988,YR1988,-1.82668225079295,880.487755138196,..,7289618,..,..
Senegal,SEN,1990,YR1990,0.325098630183258,957.314337438177,..,7720523,..,..
Senegal,SEN,1992,YR1992,-0.109942967085646,951.204960087807,..,8168395,..,..
Senegal,SEN,1994,YR1994,32.2936668569551,583.782776032181,..,8624078,..,..
Senegal,SEN,1996,YR1996,2.75430663482409,723.469950081149,..,9067014,..,11.1702127456665
Senegal,SEN,1998,YR1998,1.15678070391341,684.588105785786,..,9502952,..,7.97872352600098
Senegal,SEN,2000,YR2000,0.731981981981609,603.233162455158,3.55015373,9968260,..,13.7566137313843
Senegal,SEN,2002,YR2002,2.33730187454302,669.430447319209,3.95294404,10466214,14.65,21.6931209564209
Senegal,SEN,2004,YR2004,0.51478178102298,918.102079522155,4.56856203,10975704,14.75,29.6116504669189
Senegal,SEN,2006,YR2006,2.1122858387711,1017.20196747987,3.76337624,11500094,14.37,25.1207733154297
Senegal,SEN,2008,YR2008,7.34720236578404,1398.79218010021,3.50687575,12048959,14.08,26.9230766296387
Senegal,SEN,2010,YR2010,1.22868119673341,1275.88357492357,4.02764368,12635413,14.31,21.3270149230957
Senegal,SEN,2012,YR2012,1.41822871177844,1326.83798848379,4.26688004,13310495,14.15,32.2274894714355
Senegal,SEN,2014,YR2014,-1.09025507446895,1398.89137601382,4.38962269,14152102,14.23,28.5714282989502
Senegal,SEN,2016,YR2016,0.837284942557434,1266.43957151587,4.25606871,15034521,15.31,24.761905670166
Senegal,SEN,2018,YR2018,0.460985642464282,1452.55612562445,4.43182087,15914498,15.94,29.2452831268311
Senegal,SEN,2020,YR2020,2.54314685681652,1461.08720350553,5.15119171,16789219,15.41,25.943395614624
Senegal,SEN,2022,YR2022,9.69681899081073,1564.74522071584,4.06358385,17651103,15.4,25.943395614624
Senegal,SEN,2024,YR2024,..,..,..,..,..,..
Serbia,SRB,1960,YR1960,..,..,..,6638992,..,..
Serbia,SRB,1962,YR1962,..,..,..,6740264,..,..
Serbia,SRB,1964,YR1964,..,..,..,6832855,..,..
Serbia,SRB,1966,YR1966,..,..,..,6927969,..,..
Serbia,SRB,1968,YR1968,..,..,..,7007586,..,..
Serbia,SRB,1970,YR1970,..,..,..,7164993,..,..
Serbia,SRB,1972,YR1972,..,..,..,7252012,..,..
Serbia,SRB,1974,YR1974,..,..,..,7326043,..,..
Serbia,SRB,1976,YR1976,..,..,..,7418973,..,..
Serbia,SRB,1978,YR1978,..,..,..,7504017,..,..
Serbia,SRB,1980,YR1980,..,..,..,7709544,..,..
Serbia,SRB,1982,YR1982,..,..,..,7763335,..,..
Serbia,SRB,1984,YR1984,..,..,..,7813549,..,..
Serbia,SRB,1986,YR1986,..,..,..,7853824,..,..
Serbia,SRB,1988,YR1988,..,..,..,7884218,..,..
Serbia,SRB,1990,YR1990,..,..,..,7897937,..,..
Serbia,SRB,1992,YR1992,..,..,..,7604063,..,..
Serbia,SRB,1994,YR1994,..,..,..,7622711,..,..
Serbia,SRB,1996,YR1996,95.6009261208171,3053.90516860949,..,7622185,..,6.38297891616821
Serbia,SRB,1998,YR1998,30.1596997992844,2775.47372982047,..,7567745,..,0
Serbia,SRB,2000,YR2000,71.1206287946541,974.725469278615,6.18357754,7516346,..,1.05820107460022
Serbia,SRB,2002,YR2002,19.4908321579689,2390.73459447107,7.59296274,7500031,13.17,19.0476188659668
Serbia,SRB,2004,YR2004,11.0263627183464,3597.08798057009,7.84200048,7463157,..,18.9320392608643
Serbia,SRB,2006,YR2006,11.7240229980834,4492.7136699046,8.49390411,7411569,..,17.3913040161133
Serbia,SRB,2008,YR2008,12.410986775178,7376.73517910716,9.48246479,7350222,9.83,15.865385055542
Serbia,SRB,2010,YR2010,6.14255360247248,5970.92660940072,9.5273037,7291436,6.77,21.3270149230957
Serbia,SRB,2012,YR2012,7.33038589596646,6263.04086072815,9.32820415,7201497,..,26.5402851104736
Serbia,SRB,2014,YR2014,2.08244793880154,6886.67809068704,9.2459898,7131787,..,40.476188659668
Serbia,SRB,2016,YR2016,1.12231397417769,5982.37030126471,8.45890999,7058322,3.38,38.0952377319336
Serbia,SRB,2018,YR2018,1.95984076293801,7559.86165747394,8.53168106,6982604,3.71,34.9056587219238
Serbia,SRB,2020,YR2020,1.57553290083415,8098.70955668849,8.70042229,6899126,..,25.943395614624
Serbia,SRB,2022,YR2022,11.9815117344703,10022.9688543402,9.65742779,6664449,..,25.4716987609863
Serbia,SRB,2024,YR2024,4.6705297488997,..,..,..,..,..
Seychelles,SYC,1960,YR1960,..,288.058144476031,..,41700,..,..
Seychelles,SYC,1962,YR1962,..,287.04477353783,..,44042,..,..
Seychelles,SYC,1964,YR1964,..,332.304985875279,..,46322,..,..
Seychelles,SYC,1966,YR1966,..,337.64622904411,..,48699,..,..
Seychelles,SYC,1968,YR1968,..,314.351070663894,..,51134,..,..
Seychelles,SYC,1970,YR1970,..,343.88118849057,..,53600,..,..
Seychelles,SYC,1972,YR1972,20.940994987157,546.951095334072,..,56029,..,..
Seychelles,SYC,1974,YR1974,24.4246673859205,744.506898260813,..,57937,..,..
Seychelles,SYC,1976,YR1976,14.8687336300478,814.47477447888,..,60504,..,..
Seychelles,SYC,1978,YR1978,11.7832512318923,1376.5465132826,..,62150,..,..
Seychelles,SYC,1980,YR1980,13.5715405108088,2478.36470343969,..,63261,..,..
Seychelles,SYC,1982,YR1982,-0.912646675358527,2440.6841742286,..,64413,..,..
Seychelles,SYC,1984,YR1984,4.09429280397012,2487.64499220084,..,64717,..,..
Seychelles,SYC,1986,YR1986,0.236406619385411,3368.4740950781,..,65652,..,..
Seychelles,SYC,1988,YR1988,1.8390804597701,4392.19864861545,..,68755,..,..
Seychelles,SYC,1990,YR1990,3.88888888888912,5642.072897243,..,69507,..,..
Seychelles,SYC,1992,YR1992,3.24675324675323,6520.48950519188,..,70763,..,..
Seychelles,SYC,1994,YR1994,1.73697270471464,6974.86770636796,..,74205,..,..
Seychelles,SYC,1996,YR1996,-1.10024449877743,7004.33603896356,..,76417,..,56.9148941040039
Seychelles,SYC,1998,YR1998,2.57985257985242,8209.51444287,..,78846,..,60.1063842773438
Seychelles,SYC,2000,YR2000,6.26876876876878,8063.65500575169,4.61071777,81131,46.08,69.8412704467773
Seychelles,SYC,2002,YR2002,0.174999999999924,8864.16919495467,4.70596743,83723,..,50.2645492553711
Seychelles,SYC,2004,YR2004,3.85730391367399,10827.671636033,5.3775382,82475,..,50.970874786377
Seychelles,SYC,2006,YR2006,-0.353465498693756,12782.9938926475,5.16842318,84600,27.73,59.4202880859375
Seychelles,SYC,2008,YR2008,36.9647582875289,11265.4376270005,4.58248377,86956,..,54.8076934814453
Seychelles,SYC,2010,YR2010,-2.40463875108227,10934.79494629,5.35168219,89770,..,57.8199043273926
Seychelles,SYC,2012,YR2012,7.11037062326403,12337.1554669388,6.26212692,88303,..,57.8199043273926
Seychelles,SYC,2014,YR2014,1.38583454581263,15188.1902175113,4.76223993,91359,..,45.7142868041992
Seychelles,SYC,2016,YR2016,-1.01548191697626,16566.9946042294,4.71349716,94677,6.11,57.6190490722656
Seychelles,SYC,2018,YR2018,3.70291839111568,18440.2340460932,4.56915951,96762,9.04,56.6037750244141
Seychelles,SYC,2020,YR2020,1.20266463987123,14041.4754074575,6.03121805,98462,6.11,56.6037750244141
Seychelles,SYC,2022,YR2022,2.6260363285129,17167.1909760833,4.2375164,119878,6.83,56.1320762634277
Seychelles,SYC,2024,YR2024,0.311726050919668,..,..,..,..,..
Sierra Leone,SLE,1960,YR1960,..,141.957418300764,..,2268356,..,..
Sierra Leone,SLE,1962,YR1962,..,146.32194986298,..,2342242,..,..
Sierra Leone,SLE,1964,YR1964,..,153.377740974545,..,2424390,..,..
Sierra Leone,SLE,1966,YR1966,..,149.317655188564,..,2514638,..,..
Sierra Leone,SLE,1968,YR1968,..,126.308899122773,..,2611532,..,..
Sierra Leone,SLE,1970,YR1970,..,160.164147056907,..,2712286,..,..
Sierra Leone,SLE,1972,YR1972,..,165.357917863636,..,2814388,..,..
Sierra Leone,SLE,1974,YR1974,..,222.085173234717,..,2920459,..,..
Sierra Leone,SLE,1976,YR1976,..,196.411784759207,..,3028820,..,..
Sierra Leone,SLE,1978,YR1978,..,305.427800560744,..,3145517,..,..
Sierra Leone,SLE,1980,YR1980,..,336.386279506102,..,3272089,..,..
Sierra Leone,SLE,1982,YR1982,..,380.074041189746,..,3408183,..,..
Sierra Leone,SLE,1984,YR1984,..,305.576232491583,..,3558758,..,..
Sierra Leone,SLE,1986,YR1986,..,131.473041005587,..,3728380,..,..
Sierra Leone,SLE,1988,YR1988,..,268.160979625957,..,3934517,..,..
Sierra Leone,SLE,1990,YR1990,..,154.794246226066,..,4196828,..,..
Sierra Leone,SLE,1992,YR1992,..,163.197626253287,..,4166366,..,..
Sierra Leone,SLE,1994,YR1994,..,218.507383869714,..,4173105,..,..
Sierra Leone,SLE,1996,YR1996,..,224.258589380272,..,4199210,..,2.12765955924988
Sierra Leone,SLE,1998,YR1998,..,156.51811883387,..,4295785,..,0
Sierra Leone,SLE,2000,YR2000,..,143.743743239644,8.48961735,4423611,..,0
Sierra Leone,SLE,2002,YR2002,..,388.995136049853,9.40313911,4971435,..,12.6984128952026
Sierra Leone,SLE,2004,YR2004,..,417.750034826993,8.67061424,5355717,18.41,17.4757289886475
Sierra Leone,SLE,2006,YR2006,..,517.913366011018,9.02353287,5624466,19.19,22.2222213745117
Sierra Leone,SLE,2008,YR2008,8.21112432289608,650.684422202761,8.81158161,5894722,..,21.634614944458
Sierra Leone,SLE,2010,YR2010,7.18566275668163,648.129229488008,9.12688351,6222714,16.54,25.1184825897217
Sierra Leone,SLE,2012,YR2012,6.58776239392585,904.840762004552,8.94355106,6551080,16.24,24.6445503234863
Sierra Leone,SLE,2014,YR2014,4.63931171409667,1140.92742266148,19.69004631,6876385,..,29.5238094329834
Sierra Leone,SLE,2016,YR2016,10.8860609413903,838.631615328371,15.78850651,7205328,..,25.7142848968506
Sierra Leone,SLE,2018,YR2018,16.0295447693699,845.914540460932,8.28987598,7554563,..,30.1886787414551
Sierra Leone,SLE,2020,YR2020,13.4468711101052,845.313836261458,9.32588673,7912558,19.42,21.698112487793
Sierra Leone,SLE,2022,YR2022,27.2082883814653,860.130884035452,7.94752312,8276807,18.64,28.301887512207
Sierra Leone,SLE,2024,YR2024,28.6337500014115,..,..,..,..,..
Singapore,SGP,1960,YR1960,..,428.056183371291,..,1646400,..,..
Singapore,SGP,1962,YR1962,0.419580419580313,472.082740153988,..,1750200,..,..
Singapore,SGP,1964,YR1964,1.72609584374285,485.530686047381,..,1841600,..,..
Singapore,SGP,1966,YR1966,2.00579451749492,566.803974405961,..,1934400,..,..
Singapore,SGP,1968,YR1968,0.655391120507335,708.601436896422,..,2012000,..,..
Singapore,SGP,1970,YR1970,0.463352990732629,925.797864348214,..,2074507,..,..
Singapore,SGP,1972,YR1972,2.08075813761872,1264.37510720987,..,2152400,..,..
Singapore,SGP,1974,YR1974,22.3684210526315,2341.70551423633,..,2229800,..,..
Singapore,SGP,1976,YR1976,-1.84189298198422,2758.94038028476,..,2293300,..,..
Singapore,SGP,1978,YR1978,4.87254381306427,3193.90565722355,..,2353600,..,..
Singapore,SGP,1980,YR1980,8.52694319425858,4928.13911785754,..,2413945,..,..
Singapore,SGP,1982,YR1982,3.916286779942,6077.63424070932,..,2646466,..,..
Singapore,SGP,1984,YR1984,2.60098522167485,7228.31758410647,..,2732221,..,..
Singapore,SGP,1986,YR1986,-1.38570336391442,6799.93036332671,..,2733373,..,..
Singapore,SGP,1988,YR1988,1.52318519232631,8914.44122574729,..,2846108,..,..
Singapore,SGP,1990,YR1990,3.46075338652822,11861.7561591366,..,3047132,..,..
Singapore,SGP,1992,YR1992,2.26307118702852,16136.2405377661,..,3230698,..,..
Singapore,SGP,1994,YR1994,3.10013262599504,21552.4100366948,..,3419048,..,..
Singapore,SGP,1996,YR1996,1.38318052481877,26232.866096827,..,3670704,0.52,61.7021293640137
Singapore,SGP,1998,YR1998,-0.267502292876138,21829.2737831583,..,3927213,0.5,60.1063842773438
Singapore,SGP,2000,YR2000,1.36162392448454,23852.8389514753,3.343364,4027887,0.49,69.8412704467773
Singapore,SGP,2002,YR2002,-0.391676866585059,22159.8373710639,3.358464,4175950,0.39,71.4285736083984
Singapore,SGP,2004,YR2004,1.66272719863071,27608.080013423,3.15019798,4166664,0,67.4757308959961
Singapore,SGP,2006,YR2006,0.962901778165114,33768.4528234651,2.9347465,4401365,0.37,73.4299545288086
Singapore,SGP,2008,YR2008,6.62778177352131,40008.5720489092,3.19488454,4839396,1.04,79.8076934814453
Singapore,SGP,2010,YR2010,2.82366134885608,47236.683084953,3.1982615,5076732,1.11,72.0379180908203
Singapore,SGP,2012,YR2012,4.57560270376527,55547.5553077786,3.32392788,5312437,1.31,83.4123229980469
Singapore,SGP,2014,YR2014,1.02514803039391,57564.8023114977,3.87132597,5469724,1.28,76.6666641235352
Singapore,SGP,2016,YR2016,-0.532268739716253,56899.9181805173,4.35019255,5607283,1.25,90.9523773193359
Singapore,SGP,2018,YR2018,0.43862011844684,66840.6373389791,4.01883841,5638676,3.57,89.6226425170898
Singapore,SGP,2020,YR2020,-0.181916666666634,61466.803676358,5.61608791,5685807,1.02,86.7924499511719
Singapore,SGP,2022,YR2022,6.12106004039418,88428.7024226232,4.89702511,5637022,0.32,88.2075500488281
Singapore,SGP,2024,YR2024,2.36645846996694,..,..,..,..,..
Sint Maarten (Dutch part),SXM,1960,YR1960,..,..,..,2715,..,..
Sint Maarten (Dutch part),SXM,1962,YR1962,..,..,..,3264,..,..
Sint Maarten (Dutch part),SXM,1964,YR1964,..,..,..,3922,..,..
Sint Maarten (Dutch part),SXM,1966,YR1966,..,..,..,4664,..,..
Sint Maarten (Dutch part),SXM,1968,YR1968,..,..,..,5500,..,..
Sint Maarten (Dutch part),SXM,1970,YR1970,..,..,..,6414,..,..
Sint Maarten (Dutch part),SXM,1972,YR1972,..,..,..,7380,..,..
Sint Maarten (Dutch part),SXM,1974,YR1974,..,..,..,8492,..,..
Sint Maarten (Dutch part),SXM,1976,YR1976,..,..,..,9716,..,..
Sint Maarten (Dutch part),SXM,1978,YR1978,..,..,..,11039,..,..
Sint Maarten (Dutch part),SXM,1980,YR1980,..,..,..,12410,..,..
Sint Maarten (Dutch part),SXM,1982,YR1982,..,..,..,14607,..,..
Sint Maarten (Dutch part),SXM,1984,YR1984,..,..,..,17694,..,..
Sint Maarten (Dutch part),SXM,1986,YR1986,..,..,..,20930,..,..
Sint Maarten (Dutch part),SXM,1988,YR1988,..,..,..,24357,..,..
Sint Maarten (Dutch part),SXM,1990,YR1990,..,..,..,28061,..,..
Sint Maarten (Dutch part),SXM,1992,YR1992,..,..,..,31567,..,..
Sint Maarten (Dutch part),SXM,1994,YR1994,..,..,..,31917,..,..
Sint Maarten (Dutch part),SXM,1996,YR1996,..,..,..,31598,..,..
Sint Maarten (Dutch part),SXM,1998,YR1998,..,..,..,31193,..,..
Sint Maarten (Dutch part),SXM,2000,YR2000,..,..,..,30773,..,..
Sint Maarten (Dutch part),SXM,2002,YR2002,..,..,..,30960,..,..
Sint Maarten (Dutch part),SXM,2004,YR2004,..,..,..,31690,..,..
Sint Maarten (Dutch part),SXM,2006,YR2006,0.300601202404805,..,..,32428,..,..
Sint Maarten (Dutch part),SXM,2008,YR2008,-0.417929020080758,..,..,33145,..,..
Sint Maarten (Dutch part),SXM,2010,YR2010,1.33857621672882,26403.8143692163,..,33794,..,..
Sint Maarten (Dutch part),SXM,2012,YR2012,4.01518421081576,28149.0997855041,..,35023,..,..
Sint Maarten (Dutch part),SXM,2014,YR2014,1.88675466275266,37134.912423099,..,36672,..,..
Sint Maarten (Dutch part),SXM,2016,YR2016,0.111682655737579,37308.6147795736,..,38249,..,..
Sint Maarten (Dutch part),SXM,2018,YR2018,..,31708.3110124742,..,39712,..,..
Sint Maarten (Dutch part),SXM,2020,YR2020,..,30150.8998380477,..,41008,..,..
Sint Maarten (Dutch part),SXM,2022,YR2022,..,36476.6300833859,..,42139,..,..
Sint Maarten (Dutch part),SXM,2024,YR2024,..,..,..,..,..,..
Slovak Republic,SVK,1960,YR1960,..,..,..,4068095,..,..
Slovak Republic,SVK,1962,YR1962,..,..,..,4238188,..,..
Slovak Republic,SVK,1964,YR1964,..,..,..,4327341,..,..
Slovak Republic,SVK,1966,YR1966,..,..,..,4411666,..,..
Slovak Republic,SVK,1968,YR1968,..,..,..,4483915,..,..
Slovak Republic,SVK,1970,YR1970,..,..,..,4538223,..,..
Slovak Republic,SVK,1972,YR1972,..,..,..,4596622,..,..
Slovak Republic,SVK,1974,YR1974,..,..,..,4689623,..,..
Slovak Republic,SVK,1976,YR1976,..,..,..,4789507,..,..
Slovak Republic,SVK,1978,YR1978,..,..,..,4890125,..,..
Slovak Republic,SVK,1980,YR1980,..,..,..,4979815,..,..
Slovak Republic,SVK,1982,YR1982,..,..,..,5055099,..,..
Slovak Republic,SVK,1984,YR1984,..,..,..,5127097,..,..
Slovak Republic,SVK,1986,YR1986,..,..,..,5193838,..,..
Slovak Republic,SVK,1988,YR1988,..,..,..,5250596,..,..
Slovak Republic,SVK,1990,YR1990,..,2437.17517010845,..,5299187,..,..
Slovak Republic,SVK,1992,YR1992,9.89350519771167,2959.33644860111,..,5305016,..,..
Slovak Republic,SVK,1994,YR1994,13.4155203422246,3820.96427542658,..,5346331,..,..
Slovak Republic,SVK,1996,YR1996,5.77582786155949,5247.70081044708,..,5373361,..,56.9148941040039
Slovak Republic,SVK,1998,YR1998,6.66565123195824,5560.916177503,..,5390516,..,67.5531921386719
Slovak Republic,SVK,2000,YR2000,12.0357805974299,5421.6448441887,5.30256939,5388720,..,50.7936515808105
Slovak Republic,SVK,2002,YR2002,3.12714222984608,6554.62808369461,5.50947618,5376912,5.66,64.0211639404297
Slovak Republic,SVK,2004,YR2004,7.54850088183423,10650.1290097126,6.37190437,5372280,6.85,49.029125213623
Slovak Republic,SVK,2006,YR2006,4.48333120449611,13167.8954730379,6.85076714,5373054,7.24,54.5893707275391
Slovak Republic,SVK,2008,YR2008,4.59817976325028,18744.3192278346,6.9563446,5379233,5.94,69.2307662963867
Slovak Republic,SVK,2010,YR2010,0.957018132975143,16899.448680529,7.66638851,5391428,6.3,67.2985763549805
Slovak Republic,SVK,2012,YR2012,3.6061026352289,17516.9691054078,7.53581381,5407579,5.6,69.6682434082031
Slovak Republic,SVK,2014,YR2014,-0.0761653295419871,18770.9289896545,6.88411617,5418649,5.72,69.523811340332
Slovak Republic,SVK,2016,YR2016,-0.520010196278266,16636.0769133073,7.09177732,5430798,5.32,58.5714302062988
Slovak Republic,SVK,2018,YR2018,2.51403712883812,19573.3717031314,6.66639853,5446771,5.24,58.9622650146484
Slovak Republic,SVK,2020,YR2020,1.93694126694223,19735.4858280801,7.12650204,5458827,2.21,55.1886787414551
Slovak Republic,SVK,2022,YR2022,12.7741463637611,21342.7666714692,7.73064041,5431752,4.06,48.5849075317383
Slovak Republic,SVK,2024,YR2024,2.75760909424272,..,..,..,..,..
Slovenia,SVN,1960,YR1960,..,..,..,1584720,..,..
Slovenia,SVN,1962,YR1962,..,..,..,1603649,..,..
Slovenia,SVN,1964,YR1964,..,..,..,1632114,..,..
Slovenia,SVN,1966,YR1966,..,..,..,1669905,..,..
Slovenia,SVN,1968,YR1968,..,..,..,1704546,..,..
Slovenia,SVN,1970,YR1970,..,..,..,1724891,..,..
Slovenia,SVN,1972,YR1972,..,..,..,1752233,..,..
Slovenia,SVN,1974,YR1974,..,..,..,1776132,..,..
Slovenia,SVN,1976,YR1976,..,..,..,1820249,..,..
Slovenia,SVN,1978,YR1978,..,..,..,1862548,..,..
Slovenia,SVN,1980,YR1980,..,..,..,1901315,..,..
Slovenia,SVN,1982,YR1982,30.1125435950715,..,..,1910334,..,..
Slovenia,SVN,1984,YR1984,53.6719669102484,..,..,1932154,..,..
Slovenia,SVN,1986,YR1986,95.8865052101644,..,..,1965964,..,..
Slovenia,SVN,1988,YR1988,198.753712862023,..,..,1995196,..,..
Slovenia,SVN,1990,YR1990,552.083528914325,9925.14071044684,..,1998161,..,..
Slovenia,SVN,1992,YR1992,209.933731186822,7151.15243829224,..,1996498,..,..
Slovenia,SVN,1994,YR1994,20.9918180471498,8243.89895545106,..,1989443,..,..
Slovenia,SVN,1996,YR1996,9.86445061546851,10796.7399446283,..,1988628,..,68.0851058959961
Slovenia,SVN,1998,YR1998,7.89116682856684,11131.5666628231,..,1981629,..,69.1489334106445
Slovenia,SVN,2000,YR2000,8.91174418658769,10135.7219109212,7.80406952,1988925,..,61.375659942627
Slovenia,SVN,2002,YR2002,7.48077770703754,11639.1297780477,8.02119827,1994530,7.43,74.6031723022461
Slovenia,SVN,2004,YR2004,3.59297594249509,17103.8297783905,7.93957281,1997012,6.85,66.019416809082
Slovenia,SVN,2006,YR2006,2.45792444195865,19563.005059144,7.82322693,2006868,7.24,65.7004852294922
Slovenia,SVN,2008,YR2008,5.64742380573935,27461.9764165315,7.85466576,2021316,5.94,70.1923065185547
Slovenia,SVN,2010,YR2010,1.80117022137134,23329.8417691156,8.56503296,2048583,6.3,62.5592422485352
Slovenia,SVN,2012,YR2012,2.59741386039003,22442.1417859955,8.71509933,2057159,5.6,63.5071105957031
Slovenia,SVN,2014,YR2014,0.19934382657075,24013.0682060959,8.50197601,2061980,5.72,67.6190490722656
Slovenia,SVN,2016,YR2016,-0.054999541670474,21447.8377796036,8.47801018,2065042,5.32,66.1904754638672
Slovenia,SVN,2018,YR2018,1.7386086198818,25888.0481065655,8.27693176,2073894,5.24,64.1509399414062
Slovenia,SVN,2020,YR2020,-0.05485681576061,25392.0651093612,9.42807865,2102419,2.21,57.0754699707031
Slovenia,SVN,2022,YR2022,8.83369886749452,28373.8382265999,9.60507679,2112076,4.06,55.6603775024414
Slovenia,SVN,2024,YR2024,1.96562656432512,..,..,..,..,..
Solomon Islands,SLB,1960,YR1960,..,..,..,139688,..,..
Solomon Islands,SLB,1962,YR1962,..,..,..,146201,..,..
Solomon Islands,SLB,1964,YR1964,..,..,..,153085,..,..
Solomon Islands,SLB,1966,YR1966,..,..,..,160393,..,..
Solomon Islands,SLB,1968,YR1968,..,166.888037688373,..,168282,..,..
Solomon Islands,SLB,1970,YR1970,..,..,..,176579,..,..
Solomon Islands,SLB,1972,YR1972,6.87754613015531,219.502859825935,..,184994,..,..
Solomon Islands,SLB,1974,YR1974,18.8531711555989,433.443902987382,..,195041,..,..
Solomon Islands,SLB,1976,YR1976,4.25531914893602,401.077416855387,..,207194,..,..
Solomon Islands,SLB,1978,YR1978,6.26304801670155,500.058223062566,..,222029,..,..
Solomon Islands,SLB,1980,YR1980,13.0909090909091,767.850616345384,..,238135,..,..
Solomon Islands,SLB,1982,YR1982,12.9834254143648,755.885653343722,..,255200,..,..
Solomon Islands,SLB,1984,YR1984,11.0471806674338,664.696440482807,..,273163,..,..
Solomon Islands,SLB,1986,YR1986,13.5718789407313,505.821806525665,..,291842,..,..
Solomon Islands,SLB,1988,YR1988,16.7375265724654,567.022935580171,..,311265,..,..
Solomon Islands,SLB,1990,YR1990,8.73759261848181,648.325212624098,..,331435,..,..
Solomon Islands,SLB,1992,YR1992,10.7511603675285,763.857968549522,..,352205,..,..
Solomon Islands,SLB,1994,YR1994,13.2560325916638,1078.0410925874,..,373675,..,..
Solomon Islands,SLB,1996,YR1996,11.7743563856637,1289.33036923435,..,396009,..,47.8723411560059
Solomon Islands,SLB,1998,YR1998,12.3995038128069,1091.89096889326,..,419071,..,52.1276588439941
Solomon Islands,SLB,2000,YR2000,7.88956186986721,953.17190137706,4.82778931,440469,..,5.8201060295105
Solomon Islands,SLB,2002,YR2002,10.9296341872692,756.890296490792,10.10627556,457671,..,10.582010269165
Solomon Islands,SLB,2004,YR2004,6.98584202682567,986.081904026618,7.72556639,474611,..,26.2135925292969
Solomon Islands,SLB,2006,YR2006,11.2199870214146,1255.62589099975,8.00802231,491594,..,27.0531406402588
Solomon Islands,SLB,2008,YR2008,17.3200651968774,1525.85092434029,5.50856638,508790,14.75,30.769229888916
Solomon Islands,SLB,2010,YR2010,1.05148163321038,1685.15499035363,4.66450787,532968,..,39.3364944458008
Solomon Islands,SLB,2012,YR2012,5.91200602491155,2066.25352289833,4.87760258,573606,..,36.9668235778809
Solomon Islands,SLB,2014,YR2014,5.16590237925171,2164.9442392168,4.89056253,616908,..,47.6190490722656
Solomon Islands,SLB,2016,YR2016,0.512485626268792,2082.62989047871,4.52952909,662379,23.66,49.0476188659668
Solomon Islands,SLB,2018,YR2018,3.46147484973729,2278.20633913383,3.86440825,709101,35.27,44.8113212585449
Solomon Islands,SLB,2020,YR2020,2.96354992076065,2063.33101522108,4.89478445,744498,17.91,51.886791229248
Solomon Islands,SLB,2022,YR2022,5.51812928576938,2005.4139933198,4.82369328,781066,23.1,45.7547187805176
Solomon Islands,SLB,2024,YR2024,..,..,..,..,..,..
Somalia,SOM,1960,YR1960,..,62.7396279412993,..,2876331,..,..
Somalia,SOM,1962,YR1962,..,67.1702359919979,..,3030091,..,..
Somalia,SOM,1964,YR1964,..,71.8899399360419,..,3192796,..,..
Somalia,SOM,1966,YR1966,..,76.4837413887233,..,3365106,..,..
Somalia,SOM,1968,YR1968,..,80.8438204901175,..,3546590,..,..
Somalia,SOM,1970,YR1970,..,93.0828499649358,..,3738448,..,..
Somalia,SOM,1972,YR1972,..,113.69240195555,..,3939436,..,..
Somalia,SOM,1974,YR1974,..,137.891575811774,..,4151842,..,..
Somalia,SOM,1976,YR1976,..,199.583547142014,..,4365812,..,..
Somalia,SOM,1978,YR1978,..,117.255345126001,..,4814892,..,..
Somalia,SOM,1980,YR1980,..,101.499312257078,..,5936154,..,..
Somalia,SOM,1982,YR1982,..,129.013919752012,..,6003840,..,..
Somalia,SOM,1984,YR1984,..,122.493293689734,..,6428389,..,..
Somalia,SOM,1986,YR1986,..,131.414859681198,..,6974788,..,..
Somalia,SOM,1988,YR1988,..,145.341346820158,..,7235360,..,..
Somalia,SOM,1990,YR1990,..,145.603501373513,..,7082811,..,..
Somalia,SOM,1992,YR1992,..,109.204910481074,..,6495107,..,..
Somalia,SOM,1994,YR1994,..,210.793779581384,..,7026797,..,..
Somalia,SOM,1996,YR1996,..,237.241440951671,..,7554474,..,0
Somalia,SOM,1998,YR1998,..,363.200013489992,..,8155417,..,0
Somalia,SOM,2000,YR2000,..,386.119274401275,..,8838713,..,0
Somalia,SOM,2002,YR2002,..,229.598918310039,..,9550063,..,0
Somalia,SOM,2004,YR2004,..,375.410326225387,..,10280998,..,0
Somalia,SOM,2006,YR2006,..,457.996662206659,..,10975502,..,0
Somalia,SOM,2008,YR2008,..,507.03744334738,..,11663084,..,0
Somalia,SOM,2010,YR2010,..,219.202453852397,..,12261756,..,0
Somalia,SOM,2012,YR2012,..,350.261946720969,..,12461160,..,0
Somalia,SOM,2014,YR2014,..,429.431656017709,2.71561337,13339491,..,0
Somalia,SOM,2016,YR2016,..,460.928491979039,2.27533841,14348740,..,0.476190477609634
Somalia,SOM,2018,YR2018,..,509.525802439801,2.37169838,15452487,..,0.943396210670471
Somalia,SOM,2020,YR2020,..,518.184778494176,2.24750042,16651191,..,0
Somalia,SOM,2022,YR2022,..,573.128092470162,2.62183189,17801897,..,0
Somalia,SOM,2024,YR2024,..,..,..,..,..,..
South Africa,ZAF,1960,YR1960,1.28887692687992,532.147504330332,..,16440172,..,..
South Africa,ZAF,1962,YR1962,1.24627519965495,563.423008817945,..,17418522,..,..
South Africa,ZAF,1964,YR1964,2.53498854234898,645.873375685446,..,18511361,..,..
South Africa,ZAF,1966,YR1966,3.48923715385175,721.75375941418,..,19690087,..,..
South Africa,ZAF,1968,YR1968,1.98613362103222,817.128340614066,..,20957287,..,..
South Africa,ZAF,1970,YR1970,4.99192455435617,952.352188073537,..,22279984,..,..
South Africa,ZAF,1972,YR1972,6.42567638879175,1038.39407468283,..,23609456,..,..
South Africa,ZAF,1974,YR1974,11.7241315190611,1656.2890557998,..,24989108,..,..
South Africa,ZAF,1976,YR1976,11.0204105892452,1558.99824733487,..,26395450,..,..
South Africa,ZAF,1978,YR1978,11.1356088829565,1851.75191300848,..,27869507,..,..
South Africa,ZAF,1980,YR1980,13.6602404681115,3028.97447561832,..,29518857,..,..
South Africa,ZAF,1982,YR1982,14.6390405853128,2717.16388710425,..,31615339,..,..
South Africa,ZAF,1984,YR1984,11.526481434496,2504.07736790289,..,33892788,..,..
South Africa,ZAF,1986,YR1986,18.6549230388755,2027.4662038189,..,36180515,..,..
South Africa,ZAF,1988,YR1988,12.779553083028,2702.05504774508,..,38480649,5.18,..
South Africa,ZAF,1990,YR1990,14.3209918914915,3093.48920352334,..,40746268,7.19,..
South Africa,ZAF,1992,YR1992,13.874703748615,3462.39400202835,..,42443509,..,..
South Africa,ZAF,1994,YR1994,8.938563723594,3488.59711541763,..,44004139,..,..
South Africa,ZAF,1996,YR1996,7.35411972085333,3617.55336002932,..,45123018,7.59,18.0851058959961
South Africa,ZAF,1998,YR1998,6.88054521037351,3309.60933087472,..,46223880,..,14.8936166763306
South Africa,ZAF,2000,YR2000,5.33895913599828,3217.84693448467,7.3366189,47159719,8.4,23.280424118042
South Africa,ZAF,2002,YR2002,9.494713780996,2688.23676032806,6.67774487,48019415,6.97,24.8677253723145
South Africa,ZAF,2004,YR2004,-0.692039437857687,5221.46333731721,6.938416,48991421,6.71,26.2135925292969
South Africa,ZAF,2006,YR2006,3.2439076541923,6077.38293388876,6.87650871,49998277,6.79,33.3333320617676
South Africa,ZAF,2008,YR2008,9.90998456005467,6184.75474328399,7.14832258,51114599,6.08,31.25
South Africa,ZAF,2010,YR2010,4.06749555950263,7973.47195771517,7.79358244,52344051,5.75,30.8056869506836
South Africa,ZAF,2012,YR2012,5.73797139141739,8076.97678479741,8.00428867,53782567,5.6,35.5450248718262
South Africa,ZAF,2014,YR2014,6.13282953059149,6856.73137092522,7.87136555,55594838,4.24,29.0476188659668
South Africa,ZAF,2016,YR2016,6.60290842394872,5651.20585165749,8.07959366,57259551,4.64,27.619047164917
South Africa,ZAF,2018,YR2018,4.50987264867388,6914.1780318076,8.08196545,58613001,4.45,25.4716987609863
South Africa,ZAF,2020,YR2020,3.23238831615113,5580.60383075189,9.01329231,60562381,4.5,23.5849056243896
South Africa,ZAF,2022,YR2022,7.03987272546482,6523.41097815853,8.77086639,62378410,4.63,12.7358493804932
South Africa,ZAF,2024,YR2024,4.36115246518962,..,..,..,..,..
South Sudan,SSD,1960,YR1960,..,..,..,2931559,..,..
South Sudan,SSD,1962,YR1962,..,..,..,3024308,..,..
South Sudan,SSD,1964,YR1964,..,..,..,3129918,..,..
South Sudan,SSD,1966,YR1966,..,..,..,3236423,..,..
South Sudan,SSD,1968,YR1968,..,..,..,3321528,..,..
South Sudan,SSD,1970,YR1970,..,..,..,3409614,..,..
South Sudan,SSD,1972,YR1972,..,..,..,3542497,..,..
South Sudan,SSD,1974,YR1974,..,..,..,3723259,..,..
South Sudan,SSD,1976,YR1976,..,..,..,3921910,..,..
South Sudan,SSD,1978,YR1978,..,..,..,4127657,..,..
South Sudan,SSD,1980,YR1980,..,..,..,4339030,..,..
South Sudan,SSD,1982,YR1982,..,..,..,4557686,..,..
South Sudan,SSD,1984,YR1984,..,..,..,4750627,..,..
South Sudan,SSD,1986,YR1986,..,..,..,4921240,..,..
South Sudan,SSD,1988,YR1988,..,..,..,4848029,..,..
South Sudan,SSD,1990,YR1990,..,..,..,4737633,..,..
South Sudan,SSD,1992,YR1992,..,..,..,4909749,..,..
South Sudan,SSD,1994,YR1994,..,..,..,5071184,..,..
South Sudan,SSD,1996,YR1996,..,..,..,5356925,..,..
South Sudan,SSD,1998,YR1998,..,..,..,5620068,..,..
South Sudan,SSD,2000,YR2000,..,..,..,6032267,..,..
South Sudan,SSD,2002,YR2002,..,..,..,6596806,..,..
South Sudan,SSD,2004,YR2004,..,..,..,7233041,..,..
South Sudan,SSD,2006,YR2006,..,..,..,7976526,..,..
South Sudan,SSD,2008,YR2008,..,1654.21153546555,..,8817647,..,..
South Sudan,SSD,2010,YR2010,1.16962180301106,1498.27034985194,..,9745953,..,..
South Sudan,SSD,2012,YR2012,45.5258978371706,1109.26050083408,..,10756240,..,5.21327018737793
South Sudan,SSD,2014,YR2014,1.67429906295525,1242.73450181032,..,11235073,..,0
South Sudan,SSD,2016,YR2016,379.999585624026,..,..,10830102,..,0
South Sudan,SSD,2018,YR2018,83.5015294921999,..,10.05650043,10122977,..,0
South Sudan,SSD,2020,YR2020,29.6758435538571,..,9.31798267,10698467,..,0.471698105335236
South Sudan,SSD,2022,YR2022,-6.68732094212672,..,6.76125622,11021177,..,0
South Sudan,SSD,2024,YR2024,..,..,..,..,..,..
Spain,ESP,1960,YR1960,1.17777108409632,407.96302786933,..,30455000,..,..
Spain,ESP,1962,YR1962,5.70647719271309,535.391059454488,..,31023366,..,..
Spain,ESP,1964,YR1964,6.97924673989605,694.952086797899,..,31609195,..,..
Spain,ESP,1966,YR1966,6.24036708297987,915.62923367863,..,32283194,..,..
Spain,ESP,1968,YR1968,4.95436611736463,978.292373768035,..,33113134,..,..
Spain,ESP,1970,YR1970,5.73114484293532,1211.42343321309,..,33814531,..,..
Spain,ESP,1972,YR1972,8.27228754941943,1707.58800052655,..,34604469,..,..
Spain,ESP,1974,YR1974,15.680373398539,2747.96036737994,..,35373335,..,..
Spain,ESP,1976,YR1976,17.6248800527481,3276.97023260494,..,36137812,..,..
Spain,ESP,1978,YR1978,19.7736704973662,4353.3273744052,..,36864898,..,..
Spain,ESP,1980,YR1980,15.5619020957245,6204.14321544225,..,37491165,..,..
Spain,ESP,1982,YR1982,14.4150020548327,5156.02303792945,..,37986012,..,..
Spain,ESP,1984,YR1984,11.2802765604038,4486.78173863382,..,38330364,..,..
Spain,ESP,1986,YR1986,8.79493932290321,6508.8506547565,..,38584624,..,..
Spain,ESP,1988,YR1988,4.83727066490361,9696.1928538538,..,38766939,..,..
Spain,ESP,1990,YR1990,6.72181952228657,13795.0159385128,..,38867322,..,..
Spain,ESP,1992,YR1992,5.9245312622849,16100.6799428032,..,39157685,..,..
Spain,ESP,1994,YR1994,4.71841373967329,13405.704414883,..,39549108,..,..
Spain,ESP,1996,YR1996,3.55884559338558,16100.6215831114,..,39889852,..,31.9148941040039
Spain,ESP,1998,YR1998,1.8343299990841,15382.3348573373,..,40223509,..,30.319149017334
Spain,ESP,2000,YR2000,3.43351563418767,14743.2671031455,6.7992177,40567864,7.93,42.3280410766602
Spain,ESP,2002,YR2002,3.06565685902219,17111.0685058941,6.80052757,41431558,6.42,46.0317459106445
Spain,ESP,2004,YR2004,3.03924881090925,24925.0267844576,7.65047979,42921895,6.85,27.6699028015137
Spain,ESP,2006,YR2006,3.51557576832128,28421.686527407,7.82905912,44397319,7.24,27.0531406402588
Spain,ESP,2008,YR2008,4.07534335957339,35603.248328071,8.38225937,45954106,5.94,19.7115383148193
Spain,ESP,2010,YR2010,1.79986457728769,30658.7422282912,9.1189127,46576897,6.3,24.1706161499023
Spain,ESP,2012,YR2012,2.44612782366809,28456.4438151477,9.15596581,46773055,5.6,34.5971565246582
Spain,ESP,2014,YR2014,-0.151114837527235,29694.8874886229,9.08675957,46480882,5.72,42.3809509277344
Spain,ESP,2016,YR2016,-0.202598000426452,26740.6851818829,8.94896126,46484062,5.32,49.0476188659668
Spain,ESP,2018,YR2018,1.6749813686379,30592.1264795541,8.9985857,46797754,5.24,44.3396224975586
Spain,ESP,2020,YR2020,-0.322753017299739,27230.3599933583,10.73210335,47365655,2.21,48.113208770752
Spain,ESP,2022,YR2022,8.39057634118627,30287.3657583614,9.73828793,47759127,4.06,45.2830200195312
Spain,ESP,2024,YR2024,2.77417826534772,..,..,..,..,..
Sri Lanka,LKA,1960,YR1960,-1.54467680609201,145.928701305768,..,9661389,..,..
Sri Lanka,LKA,1962,YR1962,1.50357995251549,141.383197837884,..,10143754,..,..
Sri Lanka,LKA,1964,YR1964,3.19564717604592,122.941808998544,..,10653397,..,..
Sri Lanka,LKA,1966,YR1966,-0.155601659973846,156.606032177183,..,11183928,..,..
Sri Lanka,LKA,1968,YR1968,5.86056644898579,153.48764748655,..,11736088,..,..
Sri Lanka,LKA,1970,YR1970,5.86695607765968,186.900791824546,..,12287110,..,..
Sri Lanka,LKA,1972,YR1972,6.34948605013613,199.38289288123,..,12809205,..,..
Sri Lanka,LKA,1974,YR1974,12.3028867952472,268.650905004753,..,13305693,..,..
Sri Lanka,LKA,1976,YR1976,1.3295186805823,260.301495010261,..,13796770,..,..
Sri Lanka,LKA,1978,YR1978,12.141597276466,190.996464636951,..,14310128,..,..
Sri Lanka,LKA,1980,YR1980,26.1454101014465,271.055290073685,..,14847974,..,..
Sri Lanka,LKA,1982,YR1982,10.8257491675687,311.957878889278,..,15286567,..,..
Sri Lanka,LKA,1984,YR1984,16.6382537479217,391.369617569858,..,15441860,..,..
Sri Lanka,LKA,1986,YR1986,7.97636193570627,407.164600454213,..,15731256,..,..
Sri Lanka,LKA,1988,YR1988,13.9915489002075,434.015552780537,..,16078621,..,..
Sri Lanka,LKA,1990,YR1990,21.495252052759,491.213686238493,..,16352458,35.05,..
Sri Lanka,LKA,1992,YR1992,11.3834370512206,579.655117618283,..,16739284,..,..
Sri Lanka,LKA,1994,YR1994,8.44871248698348,678.268012020205,..,17275773,34.1,..
Sri Lanka,LKA,1996,YR1996,15.9358310447214,776.192371057587,..,17905018,..,2.12765955924988
Sri Lanka,LKA,1998,YR1998,9.36424300683229,849.37461276858,..,18596003,20.88,3.72340416908264
Sri Lanka,LKA,2000,YR2000,6.17627591012045,846.460813304966,4.10818672,19293054,17.65,0
Sri Lanka,LKA,2002,YR2002,9.55103167007251,834.936014905338,4.03715754,19805752,..,13.7566137313843
Sri Lanka,LKA,2004,YR2004,7.57592582995856,1028.62068132555,4.03912592,20087605,17.23,7.76699018478394
Sri Lanka,LKA,2006,YR2006,10.0201836057035,1389.50625583936,3.85019565,20352411,18.06,5.31400966644287
Sri Lanka,LKA,2008,YR2008,22.5644955300126,1973.58476901287,3.85482955,20629378,18.17,1.92307686805725
Sri Lanka,LKA,2010,YR2010,6.2176488930462,2808.36779237408,3.7414515,20879089,18.66,9.95260620117188
Sri Lanka,LKA,2012,YR2012,7.54291373239437,3327.77612404326,3.30659294,21169458,20.82,15.6398105621338
Sri Lanka,LKA,2014,YR2014,3.1790022823606,3971.91913148166,3.46786141,20778000,18.4,23.8095245361328
Sri Lanka,LKA,2016,YR2016,3.9588884659307,4149.76105454457,3.61788416,21209000,..,32.8571434020996
Sri Lanka,LKA,2018,YR2018,2.135037737132,4360.58473469252,3.6418879,21670000,42.05,28.7735843658447
Sri Lanka,LKA,2020,YR2020,6.15394508391738,3846.17449566736,4.06134748,21919000,21.21,27.8301887512207
Sri Lanka,LKA,2022,YR2022,49.7211021114327,3342.71989646203,4.36269855,22181000,..,12.7358493804932
Sri Lanka,LKA,2024,YR2024,-0.42936004906973,..,..,..,..,..
St. Kitts and Nevis,KNA,1960,YR1960,..,221.584586097067,..,55810,..,..
St. Kitts and Nevis,KNA,1962,YR1962,..,230.286541058342,..,54461,..,..
St. Kitts and Nevis,KNA,1964,YR1964,..,256.40471515277,..,52326,..,..
St. Kitts and Nevis,KNA,1966,YR1966,..,289.973108735753,..,49898,..,..
St. Kitts and Nevis,KNA,1968,YR1968,..,309.027410307969,..,47245,..,..
St. Kitts and Nevis,KNA,1970,YR1970,..,365.421692149038,..,44606,..,..
St. Kitts and Nevis,KNA,1972,YR1972,..,521.083031260752,..,44033,..,..
St. Kitts and Nevis,KNA,1974,YR1974,..,720.537205812844,..,43738,..,..
St. Kitts and Nevis,KNA,1976,YR1976,..,692.139328790191,..,43482,..,..
St. Kitts and Nevis,KNA,1978,YR1978,..,1143.84000123408,..,43217,..,..
St. Kitts and Nevis,KNA,1980,YR1980,17.7366548046812,1597.6489908812,..,42850,..,..
St. Kitts and Nevis,KNA,1982,YR1982,5.92722298201993,2022.52944188428,..,42532,..,..
St. Kitts and Nevis,KNA,1984,YR1984,2.71490470548818,2341.40772929271,..,42113,..,..
St. Kitts and Nevis,KNA,1986,YR1986,-0.00668553372426752,3140.11209537184,..,41618,..,..
St. Kitts and Nevis,KNA,1988,YR1988,0.232525033997813,4205.65468298165,..,41062,..,..
St. Kitts and Nevis,KNA,1990,YR1990,4.01098407755617,5373.44824048425,..,40432,..,..
St. Kitts and Nevis,KNA,1992,YR1992,2.85844672514458,5947.1211356266,..,40715,..,..
St. Kitts and Nevis,KNA,1994,YR1994,1.44226958804943,7065.28291984056,..,41776,..,..
St. Kitts and Nevis,KNA,1996,YR1996,2.08657385169121,7788.42839854571,..,42877,22.46,..
St. Kitts and Nevis,KNA,1998,YR1998,3.44635865955273,8710.78984057184,..,43998,..,..
St. Kitts and Nevis,KNA,2000,YR2000,2.14885532743696,9319.65545093525,4.79933786,45248,15.9,..
St. Kitts and Nevis,KNA,2002,YR2002,2.04109102620208,10453.6587064313,4.45210552,46020,17.4,..
St. Kitts and Nevis,KNA,2004,YR2004,2.31455462238093,10944.6183741768,4.49067402,46315,..,74.7572784423828
St. Kitts and Nevis,KNA,2006,YR2006,8.48748575845879,13837.8495311219,4.98203421,46569,14.32,65.7004852294922
St. Kitts and Nevis,KNA,2008,YR2008,5.30029675072584,16604.9448615905,5.30566025,46835,12.25,57.6923065185547
St. Kitts and Nevis,KNA,2010,YR2010,0.850878649795844,16622.9457908577,5.2136941,46846,13.11,62.5592422485352
St. Kitts and Nevis,KNA,2012,YR2012,0.816089281562459,17532.0559008608,5.01447868,47033,14.97,63.0331764221191
St. Kitts and Nevis,KNA,2014,YR2014,0.247865392364942,20219.3954237956,4.75037622,47089,12.46,52.8571434020996
St. Kitts and Nevis,KNA,2016,YR2016,-0.687037123294039,21387.5415511103,5.42923307,47075,12.59,52.8571434020996
St. Kitts and Nevis,KNA,2018,YR2018,-1.03712214131572,22901.3816403197,4.89536953,47008,22.89,55.6603775024414
St. Kitts and Nevis,KNA,2020,YR2020,-1.16724501769353,18859.0190361046,5.66188908,46870,10.87,61.3207550048828
St. Kitts and Nevis,KNA,2022,YR2022,2.66817533111249,21011.5744209816,5.56801701,46709,..,61.3207550048828
St. Kitts and Nevis,KNA,2024,YR2024,..,..,..,..,..,..
St. Lucia,LCA,1960,YR1960,..,..,..,92585,..,..
St. Lucia,LCA,1962,YR1962,..,..,..,94505,..,..
St. Lucia,LCA,1964,YR1964,..,..,..,96505,..,..
St. Lucia,LCA,1966,YR1966,2.47900839657731,..,..,98463,..,..
St. Lucia,LCA,1968,YR1968,3.96945410534389,..,..,100675,..,..
St. Lucia,LCA,1970,YR1970,13.3987625348182,..,..,103165,..,..
St. Lucia,LCA,1972,YR1972,7.88057628905351,..,..,106002,..,..
St. Lucia,LCA,1974,YR1974,34.2206042268792,..,..,109076,..,..
St. Lucia,LCA,1976,YR1976,9.66911984668741,..,..,112425,..,..
St. Lucia,LCA,1978,YR1978,10.8775182920991,..,..,115834,..,..
St. Lucia,LCA,1980,YR1980,19.4777291132912,1428.20328921427,..,119290,..,..
St. Lucia,LCA,1982,YR1982,4.61406749873088,1489.46138368254,..,123087,..,..
St. Lucia,LCA,1984,YR1984,1.20548410365588,1979.12504018731,..,127067,..,..
St. Lucia,LCA,1986,YR1986,2.19025825433132,2590.69331524928,..,131239,..,..
St. Lucia,LCA,1988,YR1988,0.829472425646376,3182.44170096022,..,135000,..,..
St. Lucia,LCA,1990,YR1990,4.26755662855972,4204.57161863111,..,137857,..,..
St. Lucia,LCA,1992,YR1992,5.13889779944828,4759.83867808296,..,141617,..,..
St. Lucia,LCA,1994,YR1994,2.81591665153968,4892.06733637469,..,145890,..,..
St. Lucia,LCA,1996,YR1996,0.924842609615973,5244.01665086076,..,150436,22.65,47.8723411560059
St. Lucia,LCA,1998,YR1998,3.20194341679091,5672.51373770766,..,154677,..,27.659574508667
St. Lucia,LCA,2000,YR2000,3.7107860871361,5879.56191426207,4.86549902,158616,21.61,57.6719589233398
St. Lucia,LCA,2002,YR2002,-0.255536626916508,5567.89428424719,5.38887024,161641,17.46,25.3968257904053
St. Lucia,LCA,2004,YR2004,1.46036814425245,6494.60034867886,4.76760817,164239,..,69.4174728393555
St. Lucia,LCA,2006,YR2006,2.39562082529168,7611.17856675319,5.1270175,166639,12.32,54.1062812805176
St. Lucia,LCA,2008,YR2008,5.54954769383937,8516.96075488787,5.09061956,168808,..,49.038459777832
St. Lucia,LCA,2010,YR2010,3.25034409180129,8673.68720340529,5.12090254,170906,18.65,53.554500579834
St. Lucia,LCA,2012,YR2012,4.17763587102515,9260.30006551714,4.9241581,172587,14.1,60.1895751953125
St. Lucia,LCA,2014,YR2014,3.51695551369241,10044.8218377677,4.62322617,174138,12.88,59.523811340332
St. Lucia,LCA,2016,YR2016,-3.07821765676927,10638.1901982143,4.44097996,175646,13.89,65.2380981445312
St. Lucia,LCA,2018,YR2018,1.93561893150602,11642.7403185172,4.17934036,177017,..,65.0943374633789
St. Lucia,LCA,2020,YR2020,-1.75580833517594,8411.19941821204,6.75983715,178250,15.27,59.9056587219238
St. Lucia,LCA,2022,YR2022,6.37814695133351,13103.7621654634,5.01938295,178781,..,66.5094375610352
St. Lucia,LCA,2024,YR2024,..,..,..,..,..,..
St. Martin (French part),MAF,1960,YR1960,..,..,..,4250,..,..
St. Martin (French part),MAF,1962,YR1962,..,..,..,4527,..,..
St. Martin (French part),MAF,1964,YR1964,..,..,..,4827,..,..
St. Martin (French part),MAF,1966,YR1966,..,..,..,5213,..,..
St. Martin (French part),MAF,1968,YR1968,..,..,..,5693,..,..
St. Martin (French part),MAF,1970,YR1970,..,..,..,6047,..,..
St. Martin (French part),MAF,1972,YR1972,..,..,..,6409,..,..
St. Martin (French part),MAF,1974,YR1974,..,..,..,6801,..,..
St. Martin (French part),MAF,1976,YR1976,..,..,..,7303,..,..
St. Martin (French part),MAF,1978,YR1978,..,..,..,7822,..,..
St. Martin (French part),MAF,1980,YR1980,..,..,..,8288,..,..
St. Martin (French part),MAF,1982,YR1982,..,..,..,9494,..,..
St. Martin (French part),MAF,1984,YR1984,..,..,..,13733,..,..
St. Martin (French part),MAF,1986,YR1986,..,..,..,18558,..,..
St. Martin (French part),MAF,1988,YR1988,..,..,..,23749,..,..
St. Martin (French part),MAF,1990,YR1990,..,..,..,28224,..,..
St. Martin (French part),MAF,1992,YR1992,..,..,..,29081,..,..
St. Martin (French part),MAF,1994,YR1994,..,..,..,29413,..,..
St. Martin (French part),MAF,1996,YR1996,..,..,..,29443,..,..
St. Martin (French part),MAF,1998,YR1998,..,..,..,29107,..,..
St. Martin (French part),MAF,2000,YR2000,..,..,..,29996,..,..
St. Martin (French part),MAF,2002,YR2002,..,..,..,31604,..,..
St. Martin (French part),MAF,2004,YR2004,..,..,..,33171,..,..
St. Martin (French part),MAF,2006,YR2006,..,..,..,34658,..,..
St. Martin (French part),MAF,2008,YR2008,..,..,..,35958,..,..
St. Martin (French part),MAF,2010,YR2010,..,..,..,36856,..,..
St. Martin (French part),MAF,2012,YR2012,..,..,..,37276,..,..
St. Martin (French part),MAF,2014,YR2014,..,20638.7705882379,..,37450,..,..
St. Martin (French part),MAF,2016,YR2016,..,..,..,37175,..,..
St. Martin (French part),MAF,2018,YR2018,..,..,..,36012,..,..
St. Martin (French part),MAF,2020,YR2020,..,..,..,31786,..,..
St. Martin (French part),MAF,2022,YR2022,..,..,..,28870,..,..
St. Martin (French part),MAF,2024,YR2024,..,..,..,..,..,..
St. Vincent and the Grenadines,VCT,1960,YR1960,..,154.839953548866,..,84388,..,..
St. Vincent and the Grenadines,VCT,1962,YR1962,..,166.501945155564,..,87236,..,..
St. Vincent and the Grenadines,VCT,1964,YR1964,..,164.439675512733,..,89749,..,..
St. Vincent and the Grenadines,VCT,1966,YR1966,..,174.900705580548,..,92052,..,..
St. Vincent and the Grenadines,VCT,1968,YR1968,..,163.084474570509,..,94123,..,..
St. Vincent and the Grenadines,VCT,1970,YR1970,..,192.259597349006,..,95964,..,..
St. Vincent and the Grenadines,VCT,1972,YR1972,..,282.092288222755,..,97790,..,..
St. Vincent and the Grenadines,VCT,1974,YR1974,..,330.705359076164,..,99556,..,..
St. Vincent and the Grenadines,VCT,1976,YR1976,11.2889826175874,324.049573435426,..,101197,..,..
St. Vincent and the Grenadines,VCT,1978,YR1978,8.42952810284595,592.019182500428,..,102775,..,..
St. Vincent and the Grenadines,VCT,1980,YR1980,17.2074750037358,790.115816929074,..,104213,..,..
St. Vincent and the Grenadines,VCT,1982,YR1982,7.22825662243943,1073.51398364931,..,105969,..,..
St. Vincent and the Grenadines,VCT,1984,YR1984,2.70195563584383,1253.86525558125,..,107687,..,..
St. Vincent and the Grenadines,VCT,1986,YR1986,1.02766798418975,1471.86296489478,..,109281,..,..
St. Vincent and the Grenadines,VCT,1988,YR1988,0.227229691346298,1813.93765107441,..,110658,..,..
St. Vincent and the Grenadines,VCT,1990,YR1990,7.60609957743892,2149.73944358984,..,111812,..,..
St. Vincent and the Grenadines,VCT,1992,YR1992,3.46353042727654,2470.51840791008,..,112509,..,..
St. Vincent and the Grenadines,VCT,1994,YR1994,1.0089495525225,2563.24976564442,..,112918,..,..
St. Vincent and the Grenadines,VCT,1996,YR1996,4.40790113846454,2930.44394742606,..,113119,22.25,47.8723411560059
St. Vincent and the Grenadines,VCT,1998,YR1998,2.1424064726839,3301.10018129103,..,113180,..,52.1276588439941
St. Vincent and the Grenadines,VCT,2000,YR2000,0.167679637488279,3768.95536604022,3.97939277,113545,21.34,57.6719589233398
St. Vincent and the Grenadines,VCT,2002,YR2002,1.85550399046655,4303.27976789727,4.07769632,113347,19.13,25.3968257904053
St. Vincent and the Grenadines,VCT,2004,YR2004,2.96003946719286,4873.48947742443,3.8658421,112835,..,62.1359214782715
St. Vincent and the Grenadines,VCT,2006,YR2006,2.74067516070673,5744.8278621257,3.65356708,112014,13.64,61.3526573181152
St. Vincent and the Grenadines,VCT,2008,YR2008,10.0662418245849,6598.90531450859,3.88194203,111028,..,55.288459777832
St. Vincent and the Grenadines,VCT,2010,YR2010,0.747109026311474,6551.96835992405,4.30325222,109959,18.71,53.554500579834
St. Vincent and the Grenadines,VCT,2012,YR2012,2.59844414147101,6713.80768643865,4.45042276,108736,15.51,61.6113739013672
St. Vincent and the Grenadines,VCT,2014,YR2014,0.193858560794015,7168.82875342911,4.17631912,107535,..,59.523811340332
St. Vincent and the Grenadines,VCT,2016,YR2016,-0.149641647633284,7656.90042881178,4.09573793,106349,15.57,65.2380981445312
St. Vincent and the Grenadines,VCT,2018,YR2018,2.32414485367921,8428.12677153069,4.25346231,104926,15.72,60.8490562438965
St. Vincent and the Grenadines,VCT,2020,YR2020,-0.628131309354654,8395.09988902412,4.8395834,103526,15.65,64.6226425170898
St. Vincent and the Grenadines,VCT,2022,YR2022,5.66009779226552,9471.14627317673,4.68767738,102046,17.85,66.5094375610352
St. Vincent and the Grenadines,VCT,2024,YR2024,3.62770736940927,..,..,..,..,..
Sudan,SDN,1960,YR1960,0.092240285829437,99.7131195068359,..,8364489,..,..
Sudan,SDN,1962,YR1962,1.66287136567997,111.213455200195,..,8919028,..,..
Sudan,SDN,1964,YR1964,3.95083843356371,109.650077819824,..,9531109,..,..
Sudan,SDN,1966,YR1966,1.71246319927017,110.502571105957,..,10197578,..,..
Sudan,SDN,1968,YR1968,-10.0338953589389,117.824935913086,..,10917999,..,..
Sudan,SDN,1970,YR1970,4.02779565047173,139.038482666016,..,11695771,..,..
Sudan,SDN,1972,YR1972,13.5547507128621,154.511581420898,..,12527856,..,..
Sudan,SDN,1974,YR1974,26.1581023014198,228.787322998047,..,13580723,..,..
Sudan,SDN,1976,YR1976,1.67488426358217,325.185607910156,..,14569716,..,..
Sudan,SDN,1978,YR1978,19.2304044013514,410.072082519531,..,15695003,..,..
Sudan,SDN,1980,YR1980,25.3523690119419,418.348785400391,..,17058905,..,..
Sudan,SDN,1982,YR1982,25.7128797492595,378.945373535156,..,18486645,..,..
Sudan,SDN,1984,YR1984,34.14634146336,429.993377685547,..,19546528,..,..
Sudan,SDN,1986,YR1986,24.453490125132,400.333557128906,..,20288238,..,..
Sudan,SDN,1988,YR1988,64.7005631001051,553.07861328125,..,21138431,..,..
Sudan,SDN,1990,YR1990,65.1580979966203,1257.1875,..,22021481,..,..
Sudan,SDN,1992,YR1992,117.624468896394,252.610092163086,..,22927355,..,..
Sudan,SDN,1994,YR1994,115.398144292738,439.420928955078,..,24043948,..,..
Sudan,SDN,1996,YR1996,132.823777374139,294.826965332031,..,25231528,11.17,0
Sudan,SDN,1998,YR1998,24.6218785461586,350.702880859375,..,26458999,..,0
Sudan,SDN,2000,YR2000,7.12125897172291,362.116882324219,3.60664487,27816745,..,0
Sudan,SDN,2002,YR2002,22.2247241495905,506.262634277344,3.30010891,29228727,29.72,0
Sudan,SDN,2004,YR2004,9.65754628605945,705.113342285156,4.15593481,30556637,..,3.39805817604065
Sudan,SDN,2006,YR2006,7.19912990114709,1132.474609375,4.88544321,31992435,14.07,0.483091801404953
Sudan,SDN,2008,YR2008,14.2971224481434,1527.58239746094,5.42313576,33623980,16.95,0
Sudan,SDN,2010,YR2010,12.9776663898014,1305.63598632813,5.05810165,35414399,15.92,0
Sudan,SDN,2012,YR2012,35.5590574147024,1019.22210693359,5.68827009,36923178,14.54,0.947867274284363
Sudan,SDN,2014,YR2014,36.9066427863595,1275.43835449219,5.67619705,38823318,..,0
Sudan,SDN,2016,YR2016,17.750253831196,1033.21594238281,5.68438482,41259892,..,0.476190477609634
Sudan,SDN,2018,YR2018,63.2925073455888,731.027465820313,4.46358299,44230596,..,3.30188679695129
Sudan,SDN,2020,YR2020,163.257782355458,577.795227050781,3.00965381,46789231,0,3.77358484268188
Sudan,SDN,2022,YR2022,138.80846024176,1046.24084472656,4.61874437,49383346,..,1.41509437561035
Sudan,SDN,2024,YR2024,..,..,..,..,..,..
Suriname,SUR,1960,YR1960,2.85714285714286,377.579399662016,..,263918,..,..
Suriname,SUR,1962,YR1962,2.1008403361344,409.105638366818,..,283912,..,..
Suriname,SUR,1964,YR1964,4.23387096774197,434.893751961714,..,309041,..,..
Suriname,SUR,1966,YR1966,4.74383301707783,574.84107690217,..,331135,..,..
Suriname,SUR,1968,YR1968,0.163666121112876,680.595348207639,..,354616,..,..
Suriname,SUR,1970,YR1970,2.58804258797295,724.484901513275,..,379442,..,..
Suriname,SUR,1972,YR1972,3.23428662488595,784.951674957789,..,397413,..,..
Suriname,SUR,1974,YR1974,16.8761956821095,1041.08454668306,..,393676,..,..
Suriname,SUR,1976,YR1976,10.0695380302795,1301.86536317022,..,388289,..,..
Suriname,SUR,1978,YR1978,8.82352941179666,1927.90601359888,..,381502,..,..
Suriname,SUR,1980,YR1980,14.1097064496918,2117.87083385503,..,375377,..,..
Suriname,SUR,1982,YR1982,7.27640861779861,2429.92391549707,..,376555,..,..
Suriname,SUR,1984,YR1984,3.68874452760907,2260.63794993629,..,382193,..,..
Suriname,SUR,1986,YR1986,18.6879606879605,2271.04733260266,..,392330,..,..
Suriname,SUR,1988,YR1988,7.31328780803817,2886.42980207694,..,402227,..,..
Suriname,SUR,1990,YR1990,21.7399443397526,941.591736102188,..,412493,..,..
Suriname,SUR,1992,YR1992,43.6661783854171,968.895253466926,..,417589,..,..
Suriname,SUR,1994,YR1994,368.478068706267,1433.54255652781,..,422375,..,..
Suriname,SUR,1996,YR1996,-0.701887251452818,1962.88495820295,..,438830,25.1,37.7659568786621
Suriname,SUR,1998,YR1998,18.9753691994478,2428.58641994202,..,457406,..,43.6170196533203
Suriname,SUR,2000,YR2000,59.401686545079,1988.22172925433,5.87092161,476643,23.23,31.2169303894043
Suriname,SUR,2002,YR2002,15.5273989185702,2202.340682196,5.32991552,496551,..,41.798942565918
Suriname,SUR,2004,YR2004,9.98632511974878,2887.7721728844,5.4608078,513923,..,36.4077682495117
Suriname,SUR,2006,YR2006,11.2813043273975,5002.65798695759,5.85598755,524997,..,29.468599319458
Suriname,SUR,2008,YR2008,14.6671427437912,6576.08546307249,4.74699593,537245,..,30.769229888916
Suriname,SUR,2010,YR2010,6.94108221639996,7943.60482816915,4.6978569,549923,18.23,33.1753540039062
Suriname,SUR,2012,YR2012,5.00686319367273,8851.24050668908,4.28435707,562633,15.41,36.9668235778809
Suriname,SUR,2014,YR2014,3.38341272749477,9108.18905406764,4.52127838,575373,..,42.3809509277344
Suriname,SUR,2016,YR2016,55.4123879763196,5644.2061057532,5.99283743,587757,..,38.0952377319336
Suriname,SUR,2018,YR2018,..,6665.74180472239,6.68946934,599513,15.73,35.8490562438965
Suriname,SUR,2020,YR2020,34.889784309078,4755.39221710693,6.67584229,612317,16.79,48.113208770752
Suriname,SUR,2022,YR2022,52.446027276241,6084.43876736445,5.91760969,623164,15.79,46.2264137268066
Suriname,SUR,2024,YR2024,16.2296159130279,..,..,..,..,..
Sweden,SWE,1960,YR1960,4.14177915090215,2128.38884406565,..,7484656,..,..
Sweden,SWE,1962,YR1962,4.76619721905823,2485.49414710873,..,7561588,..,..
Sweden,SWE,1964,YR1964,3.38766231088349,2961.06283239536,..,7661354,..,..
Sweden,SWE,1966,YR1966,6.40480825348414,3477.93731316877,..,7807797,..,..
Sweden,SWE,1968,YR1968,1.94312582473244,3953.12834043751,..,7912273,..,..
Sweden,SWE,1970,YR1970,7.01635885100763,4729.40500975204,..,8042801,..,..
Sweden,SWE,1972,YR1972,6.00738969862495,6018.45963232017,..,8122300,..,..
Sweden,SWE,1974,YR1974,9.91172530113238,8078.27876796371,..,8159955,..,..
Sweden,SWE,1976,YR1976,10.2492246529784,10852.6438272293,..,8222286,..,..
Sweden,SWE,1978,YR1978,9.99526541717732,12602.3664021925,..,8275599,..,..
Sweden,SWE,1980,YR1980,13.7063223649005,17073.2406585323,..,8310531,..,..
Sweden,SWE,1982,YR1982,8.58918509047123,13719.2113978268,..,8325263,..,..
Sweden,SWE,1984,YR1984,8.04424238994422,13080.1803912865,..,8336605,..,..
Sweden,SWE,1986,YR1986,4.23591011089793,17955.1571459902,..,8369829,..,..
Sweden,SWE,1988,YR1988,5.82489868439437,24499.4053182958,..,8436489,0.94,..
Sweden,SWE,1990,YR1990,10.3665533879493,30549.6692751763,..,8558835,..,..
Sweden,SWE,1992,YR1992,2.3743672511188,32753.8047025569,..,8668067,..,..
Sweden,SWE,1994,YR1994,2.15813800724632,26045.8148927701,..,8780745,..,..
Sweden,SWE,1996,YR1996,0.533131978766297,33022.5649478838,..,8840998,..,73.9361724853516
Sweden,SWE,1998,YR1998,-0.267132668355006,30605.6227188103,..,8850974,..,73.9361724853516
Sweden,SWE,2000,YR2000,0.899143734041633,29632.7736101599,7.32689953,8872109,7.93,76.7195739746094
Sweden,SWE,2002,YR2002,2.15848213589264,29957.9387652616,8.21006203,8924958,6.42,82.539680480957
Sweden,SWE,2004,YR2004,0.373659828721813,42758.2015503417,8.1296196,8993531,6.85,77.6699066162109
Sweden,SWE,2006,YR2006,1.3602146862768,46531.6001120572,8.05226612,9080505,7.24,74.8792266845703
Sweden,SWE,2008,YR2008,3.43704910602874,55817.4392710726,8.20824242,9219637,5.94,70.1923065185547
Sweden,SWE,2010,YR2010,1.15798802715628,52542.8274141037,8.31963825,9378126,6.3,70.1421813964844
Sweden,SWE,2012,YR2012,0.888377506923638,57749.8251328664,10.7351532,9519374,5.6,72.9857788085938
Sweden,SWE,2014,YR2014,-0.179638494114635,59583.7140001673,10.9479475,9696110,5.72,70.476188659668
Sweden,SWE,2016,YR2016,0.984269244577992,51820.3972482676,10.85240364,9923085,5.32,68.0952377319336
Sweden,SWE,2018,YR2018,1.95353530127028,54181.9069780904,10.94106293,10175214,5.24,64.6226425170898
Sweden,SWE,2020,YR2020,0.497367318853572,52653.7565934247,11.33296967,10353442,2.21,66.9811325073242
Sweden,SWE,2022,YR2022,8.36929098869189,55296.9371472535,10.49857044,10486941,4.06,63.6792449951172
Sweden,SWE,2024,YR2024,2.83581658224034,..,..,..,..,..
Switzerland,CHE,1960,YR1960,1.43879470321092,1954.3113206427,..,5327827,..,..
Switzerland,CHE,1962,YR1962,4.31599287754389,2330.47736501501,..,5573815,..,..
Switzerland,CHE,1964,YR1964,3.08055687101806,2734.93009044177,..,5789228,..,..
Switzerland,CHE,1966,YR1966,4.77597959563696,3044.84560389449,..,5918002,..,..
Switzerland,CHE,1968,YR1968,2.39582226957016,3413.49358157003,..,6067714,..,..
Switzerland,CHE,1970,YR1970,3.61598678629518,4044.42068227245,..,6180877,..,..
Switzerland,CHE,1972,YR1972,6.66000704160239,5884.77524107186,..,6260956,..,..
Switzerland,CHE,1974,YR1974,9.76741431913024,9004.788599,..,6341405,..,..
Switzerland,CHE,1976,YR1976,1.71547632285655,10864.971231108,..,6302504,..,..
Switzerland,CHE,1978,YR1978,1.02879289487425,16282.1932458492,..,6281738,..,..
Switzerland,CHE,1980,YR1980,4.02250084839003,19393.8805480097,..,6319408,..,..
Switzerland,CHE,1982,YR1982,5.65510182392343,17999.969257078,..,6391309,..,..
Switzerland,CHE,1984,YR1984,2.93145669136625,16991.2458841517,..,6441865,..,..
Switzerland,CHE,1986,YR1986,0.750309839410783,24459.8536348433,..,6504124,..,..
Switzerland,CHE,1988,YR1988,1.87246859731873,32690.4302734561,..,6593386,..,..
Switzerland,CHE,1990,YR1990,5.4039590921894,39574.5398083788,..,6715519,18.42,..
Switzerland,CHE,1992,YR1992,4.03703020778739,40713.6881521435,..,6875364,..,..
Switzerland,CHE,1994,YR1994,0.8521169951207,43091.7770970073,..,6993795,..,..
Switzerland,CHE,1996,YR1996,0.811634064628211,48092.6433036512,..,7071850,28.02,73.9361724853516
Switzerland,CHE,1998,YR1998,0.0179384378439098,42680.5867322391,..,7110001,21.72,76.0638275146484
Switzerland,CHE,2000,YR2000,1.5585291967901,38865.021939688,9.13442421,7184250,22.31,81.4814834594727
Switzerland,CHE,2002,YR2002,0.642711506543278,42458.7384679187,9.88000107,7284753,20.62,83.5978851318359
Switzerland,CHE,2004,YR2004,0.802908730955227,54659.4571488233,10.22576523,7389625,20.38,73.3009719848633
Switzerland,CHE,2006,YR2006,1.05950928324802,59011.0324592016,9.5802002,7483934,29.15,72.4637680053711
Switzerland,CHE,2008,YR2008,2.42604117060158,74175.1927898555,9.53167725,7647675,17.55,73.0769195556641
Switzerland,CHE,2010,YR2010,0.688238707220026,76531.3729407691,10.00535202,7824909,15.36,76.7772521972656
Switzerland,CHE,2012,YR2012,-0.692552018105253,85836.2076767359,10.34784985,7996861,19.25,86.2559204101562
Switzerland,CHE,2014,YR2014,-0.0132025387514939,88724.9909402638,10.69967365,8188649,18.38,89.0476226806641
Switzerland,CHE,2016,YR2016,-0.434618664285835,82153.0745447889,11.2294054,8373338,19.67,79.0476226806641
Switzerland,CHE,2018,YR2018,0.936335464113563,85217.3691512274,11.19891071,8514329,25.37,83.0188674926758
Switzerland,CHE,2020,YR2020,-0.725874933313384,85897.7843338323,12.00404072,8638167,19.87,72.6415100097656
Switzerland,CHE,2022,YR2022,2.83502798644463,93245.7952120851,11.70653343,8777088,15.82,73.1132049560547
Switzerland,CHE,2024,YR2024,1.06234041976595,..,..,..,..,..
Syrian Arab Republic,SYR,1960,YR1960,5.11890951276099,183.525069735278,..,4673500,..,..
Syrian Arab Republic,SYR,1962,YR1962,-3.8461538461533,223.934209140492,..,4959340,..,..
Syrian Arab Republic,SYR,1964,YR1964,5.39656582175021,254.217527062223,..,5269087,..,..
Syrian Arab Republic,SYR,1966,YR1966,3.79338175948378,239.30759595908,..,5609047,..,..
Syrian Arab Republic,SYR,1968,YR1968,2.84879474068662,293.330341001656,..,5978742,..,..
Syrian Arab Republic,SYR,1970,YR1970,4.63768115941983,335.451366800943,..,6380609,..,..
Syrian Arab Republic,SYR,1972,YR1972,2.09836065573833,448.237758556479,..,6826024,..,..
Syrian Arab Republic,SYR,1974,YR1974,15.5282817502668,706.579580221326,..,7302160,..,..
Syrian Arab Republic,SYR,1976,YR1976,11.4285714285715,976.48924016597,..,7817320,..,..
Syrian Arab Republic,SYR,1978,YR1978,4.80916030534371,1107.78304477534,..,8372759,..,..
Syrian Arab Republic,SYR,1980,YR1980,19.2964123998608,1458.23976434095,..,8957663,..,..
Syrian Arab Republic,SYR,1982,YR1982,14.3033292231811,1702.68062491316,..,9572511,..,..
Syrian Arab Republic,SYR,1984,YR1984,9.22951819475496,1706.21944810524,..,10258398,..,..
Syrian Arab Republic,SYR,1986,YR1986,36.0634920634916,1208.16084262217,..,11002844,..,..
Syrian Arab Republic,SYR,1988,YR1988,34.562211981567,897.70876335774,..,11782264,..,..
Syrian Arab Republic,SYR,1990,YR1990,19.3968672229543,978.489616979607,..,12579208,..,..
Syrian Arab Republic,SYR,1992,YR1992,11.0091743119265,990.138251191708,..,13385571,..,..
Syrian Arab Republic,SYR,1994,YR1994,15.3284671532846,712.387716635783,..,14208583,..,..
Syrian Arab Republic,SYR,1996,YR1996,8.2498900991551,918.195857362788,..,15018104,..,19.1489353179932
Syrian Arab Republic,SYR,1998,YR1998,-0.797165633303916,960.837504927725,..,15820413,..,26.0638294219971
Syrian Arab Republic,SYR,2000,YR2000,-3.84615384615379,1138.1884854278,4.55400705,16637888,..,23.280424118042
Syrian Arab Republic,SYR,2002,YR2002,-0.130505282417402,1183.2473451033,4.94717073,17468332,14.42,39.1534385681152
Syrian Arab Republic,SYR,2004,YR2004,4.43314136719839,1368.1148230028,4.47935343,18336875,..,21.8446598052979
Syrian Arab Republic,SYR,2006,YR2006,10.0241105377571,1718.78347217338,3.77771473,19637022,..,25.1207733154297
Syrian Arab Republic,SYR,2008,YR2008,15.7453252219709,2429.12477087189,3.39762759,21636564,..,20.1923084259033
Syrian Arab Republic,SYR,2010,YR2010,4.3974138315007,2730.61477118949,3.22704148,22482421,9.91,12.3222751617432
Syrian Arab Republic,SYR,2012,YR2012,36.7022953364139,1897.66115018696,3.0471952,22759763,..,0
Syrian Arab Republic,SYR,2014,YR2014,10.9271141804297,1060.59105886854,4.01812267,20273659,..,0
Syrian Arab Republic,SYR,2016,YR2016,47.7051615298923,656.3490586313,3.73849273,19193834,..,0
Syrian Arab Republic,SYR,2018,YR2018,0.940983843906769,1098.0668642357,3.86612964,19577845,..,0
Syrian Arab Republic,SYR,2020,YR2020,..,572.355289831901,3.71555972,21049429,8.61,0
Syrian Arab Republic,SYR,2022,YR2022,..,1051.67149587463,4.15098715,22462173,..,0
Syrian Arab Republic,SYR,2024,YR2024,..,..,..,..,..,..
Tajikistan,TJK,1960,YR1960,..,..,..,2112131,..,..
Tajikistan,TJK,1962,YR1962,..,..,..,2255026,..,..
Tajikistan,TJK,1964,YR1964,..,..,..,2411260,..,..
Tajikistan,TJK,1966,YR1966,..,..,..,2577184,..,..
Tajikistan,TJK,1968,YR1968,..,..,..,2753848,..,..
Tajikistan,TJK,1970,YR1970,..,..,..,2936779,..,..
Tajikistan,TJK,1972,YR1972,..,..,..,3123691,..,..
Tajikistan,TJK,1974,YR1974,..,..,..,3324499,..,..
Tajikistan,TJK,1976,YR1976,..,..,..,3540076,..,..
Tajikistan,TJK,1978,YR1978,..,..,..,3768508,..,..
Tajikistan,TJK,1980,YR1980,..,..,..,3995256,..,..
Tajikistan,TJK,1982,YR1982,..,..,..,4227171,..,..
Tajikistan,TJK,1984,YR1984,..,..,..,4480026,..,..
Tajikistan,TJK,1986,YR1986,..,..,..,4772139,..,..
Tajikistan,TJK,1988,YR1988,..,..,..,5114989,..,..
Tajikistan,TJK,1990,YR1990,..,487.03612866309,..,5398768,..,..
Tajikistan,TJK,1992,YR1992,..,337.833145514813,..,5649400,..,..
Tajikistan,TJK,1994,YR1994,..,261.271254544865,..,5825368,..,..
Tajikistan,TJK,1996,YR1996,..,172.035088688368,..,6066523,..,0
Tajikistan,TJK,1998,YR1998,..,213.749145581577,..,6176397,..,0
Tajikistan,TJK,2000,YR2000,..,136.925716400723,4.26492405,6284735,..,0.52910053730011
Tajikistan,TJK,2002,YR2002,12.2499847845885,186.951638285222,4.43647242,6531669,..,5.29100513458252
Tajikistan,TJK,2004,YR2004,7.14196508692253,305.745158587502,4.79911184,6790547,..,4.36893224716187
Tajikistan,TJK,2006,YR2006,10.0108651886461,401.018403316427,5.03254795,7057566,7.11,5.31400966644287
Tajikistan,TJK,2008,YR2008,20.4705219109964,703.327375898643,5.91206694,7338403,..,11.5384616851807
Tajikistan,TJK,2010,YR2010,6.44531440780658,737.338883219356,5.73543453,7652141,4.4,9.00473976135254
Tajikistan,TJK,2012,YR2012,5.83116601031462,952.452819695469,5.98185873,8014084,4.61,6.16113758087158
Tajikistan,TJK,2014,YR2014,6.10442765129667,1081.54402932039,6.6654973,8425552,4.86,12.380952835083
Tajikistan,TJK,2016,YR2016,6.00458082322139,788.710481734485,6.96349716,8865631,5.2,10.9523811340332
Tajikistan,TJK,2018,YR2018,..,834.288404578801,7.01381588,9307333,..,12.2641506195068
Tajikistan,TJK,2020,YR2020,..,834.311715460625,8.8903532,9749310,4.18,15.5660381317139
Tajikistan,TJK,2022,YR2022,..,1052.17949484894,7.62917423,10182222,..,12.7358493804932
Tajikistan,TJK,2024,YR2024,..,..,..,..,..,..
Tanzania,TZA,1960,YR1960,..,275.296020507813,..,9901419,..,..
Tanzania,TZA,1962,YR1962,..,303.997436523438,..,10487756,..,..
Tanzania,TZA,1964,YR1964,..,346.301818847656,..,11127826,..,..
Tanzania,TZA,1966,YR1966,9.77701543927596,380.497924804688,..,11827459,..,..
Tanzania,TZA,1968,YR1968,15.5988857954827,399.301635742188,..,12602076,..,..
Tanzania,TZA,1970,YR1970,3.49288486418357,217.235641479492,..,13492677,..,..
Tanzania,TZA,1972,YR1972,7.63540921001038,246.546295166016,..,14479308,..,..
Tanzania,TZA,1974,YR1974,19.5983935742148,328.783599853516,..,15561630,..,..
Tanzania,TZA,1976,YR1976,6.85935002653251,397.542755126953,..,16736211,..,..
Tanzania,TZA,1978,YR1978,6.57500000000009,529.603637695313,..,17976566,..,..
Tanzania,TZA,1980,YR1980,30.197300103842,611.211791992188,..,19189769,..,..
Tanzania,TZA,1982,YR1982,28.9323346451693,701.959838867188,..,20398571,..,..
Tanzania,TZA,1984,YR1984,36.1459415056028,609.331420898438,..,21779066,..,..
Tanzania,TZA,1986,YR1986,32.4322015801837,479.281768798828,..,23258959,..,..
Tanzania,TZA,1988,YR1988,31.1867182846932,307.50634765625,..,24769686,..,..
Tanzania,TZA,1990,YR1990,35.8267716535433,243.611557006836,..,26110207,..,..
Tanzania,TZA,1992,YR1992,21.8468468468473,250.329925537109,..,27457588,..,..
Tanzania,TZA,1994,YR1994,34.0833640722984,228.890029907227,..,29442356,..,..
Tanzania,TZA,1996,YR1996,20.9772596430629,313.658386230469,..,30945762,..,10.638298034668
Tanzania,TZA,1998,YR1998,12.7997540479609,386.378448486328,..,32420458,26.58,16.4893608093262
Tanzania,TZA,2000,YR2000,5.92396109637479,401.698150634766,3.41529942,34260139,19.01,12.1693124771118
Tanzania,TZA,2002,YR2002,5.31783366118203,402.649047851563,4.68907642,36121304,..,23.280424118042
Tanzania,TZA,2004,YR2004,4.73580143949058,450.385284423828,5.7373414,38109668,..,15.5339803695679
Tanzania,TZA,2006,YR2006,7.25097262082546,475.746734619141,7.598279,40294902,17.29,22.2222213745117
Tanzania,TZA,2008,YR2008,10.2783937621135,675.977233886719,5.55704737,42570728,18.16,24.0384616851807
Tanzania,TZA,2010,YR2010,6.20015595647403,736.530151367188,5.22392178,44758488,18.23,32.2274894714355
Tanzania,TZA,2012,YR2012,16.0010938506338,861.969909667969,5.01779366,47374260,19.02,36.9668235778809
Tanzania,TZA,2014,YR2014,6.13161432988012,1022.74841308594,4.01492071,50351512,19.13,15.2380952835083
Tanzania,TZA,2016,YR2016,5.17476629301493,953.0107421875,3.96350336,53824013,16.96,19.5238094329834
Tanzania,TZA,2018,YR2018,3.49445848856181,1023.10626220703,4.32878637,57437145,17.32,14.6226415634155
Tanzania,TZA,2020,YR2020,3.29029062798325,1117.41528320313,3.05195832,60972798,18.14,16.9811325073242
Tanzania,TZA,2022,YR2022,4.35027204269101,1207.85302734375,3.1119566,64711821,19.83,22.6415100097656
Tanzania,TZA,2024,YR2024,3.05694676312373,..,..,..,..,..
Thailand,THA,1960,YR1960,-0.765864332603765,102.814571454958,..,26851747,..,..
Thailand,THA,1962,YR1962,3.69609856262894,116.179493337844,..,28481040,..,..
Thailand,THA,1964,YR1964,-0.792079207921113,128.642226903734,..,30232141,..,..
Thailand,THA,1966,YR1966,4.03520425067445,164.533414431069,..,32086071,..,..
Thailand,THA,1968,YR1968,1.79035960223018,178.839752885801,..,34002560,..,..
Thailand,THA,1970,YR1970,-0.0880410855462474,197.097903475424,..,35954408,..,..
Thailand,THA,1972,YR1972,4.83776673497443,215.582022917854,..,37933929,..,..
Thailand,THA,1974,YR1974,24.3135598335014,342.978897633446,..,39952891,..,..
Thailand,THA,1976,YR1976,4.14930555494793,405.408734060752,..,41896504,..,..
Thailand,THA,1978,YR1978,7.92408985303782,548.233113208345,..,43788976,..,..
Thailand,THA,1980,YR1980,19.703500522778,708.729450091584,..,45650022,..,..
Thailand,THA,1982,YR1982,5.25907990316824,770.398953205891,..,47494577,..,..
Thailand,THA,1984,YR1984,0.864898430279296,846.934168430884,..,49351708,..,..
Thailand,THA,1986,YR1986,1.84167596806049,842.098436226451,..,51177834,..,..
Thailand,THA,1988,YR1988,3.86273074733655,1164.20096229495,..,52969595,..,..
Thailand,THA,1990,YR1990,5.86399474375828,1559.11209344755,..,54738329,..,..
Thailand,THA,1992,YR1992,4.13914575077056,1971.60879910694,..,56528834,..,..
Thailand,THA,1994,YR1994,5.04774897680755,2517.70732641683,..,58260854,..,..
Thailand,THA,1996,YR1996,5.80510554737349,3054.65690806473,..,59920064,..,42.5531921386719
Thailand,THA,1998,YR1998,7.9947287502746,1847.70379269771,..,61522630,..,47.8723411560059
Thailand,THA,2000,YR2000,1.59196917460972,2005.97694514234,3.10125351,63007815,24.65,42.3280410766602
Thailand,THA,2002,YR2002,0.697308976625449,2089.75183111554,3.334723,64266437,..,47.0899467468262
Thailand,THA,2004,YR2004,2.75914926231081,2641.56268717857,3.13893151,65452047,12.09,15.0485439300537
Thailand,THA,2006,YR2006,4.63747436011765,3331.32043511773,3.09970832,66567687,13.6,8.21256065368652
Thailand,THA,2008,YR2008,5.46848949649846,4309.13509292986,3.45933938,67619830,14.31,8.65384578704834
Thailand,THA,2010,YR2010,3.24758842443723,4973.86288823778,3.39009809,68579447,14.03,4.26540279388428
Thailand,THA,2012,YR2012,3.01489950334994,5725.52802835463,3.5229404,69436098,..,6.63507127761841
Thailand,THA,2014,YR2014,1.8951418189878,5801.1978916205,3.68448091,70216367,12.5,9.0476188659668
Thailand,THA,2016,YR2016,0.188149704448234,5833.57715617098,3.93900609,70859841,..,10
Thailand,THA,2018,YR2018,1.06389754183015,7099.77650081458,3.87040329,71376079,..,12.2641506195068
Thailand,THA,2020,YR2020,-0.845937147357041,6985.64393892574,4.35724688,71641484,..,15.0943393707275
Thailand,THA,2022,YR2022,6.07741228434321,6909.35997481451,5.35470581,71735329,12.64,18.3962268829346
Thailand,THA,2024,YR2024,..,..,..,..,..,..
Timor-Leste,TLS,1960,YR1960,..,..,..,468118,..,..
Timor-Leste,TLS,1962,YR1962,..,..,..,482774,..,..
Timor-Leste,TLS,1964,YR1964,..,..,..,498659,..,..
Timor-Leste,TLS,1966,YR1966,..,..,..,515696,..,..
Timor-Leste,TLS,1968,YR1968,..,..,..,533875,..,..
Timor-Leste,TLS,1970,YR1970,..,..,..,553069,..,..
Timor-Leste,TLS,1972,YR1972,..,..,..,572962,..,..
Timor-Leste,TLS,1974,YR1974,..,..,..,590827,..,..
Timor-Leste,TLS,1976,YR1976,..,..,..,607620,..,..
Timor-Leste,TLS,1978,YR1978,..,..,..,628775,..,..
Timor-Leste,TLS,1980,YR1980,..,..,..,649871,..,..
Timor-Leste,TLS,1982,YR1982,..,..,..,669149,..,..
Timor-Leste,TLS,1984,YR1984,..,..,..,686777,..,..
Timor-Leste,TLS,1986,YR1986,..,..,..,707185,..,..
Timor-Leste,TLS,1988,YR1988,..,..,..,730745,..,..
Timor-Leste,TLS,1990,YR1990,..,168.621010199317,..,760345,..,..
Timor-Leste,TLS,1992,YR1992,..,235.064767714477,..,799318,..,..
Timor-Leste,TLS,1994,YR1994,..,283.058000480762,..,844493,..,..
Timor-Leste,TLS,1996,YR1996,..,344.013327625123,..,892282,..,..
Timor-Leste,TLS,1998,YR1998,..,345.59090957317,..,942530,..,..
Timor-Leste,TLS,2000,YR2000,..,492.457669429651,..,745088,..,30.1587295532227
Timor-Leste,TLS,2002,YR2002,..,533.982476434866,..,879159,..,15.8730154037476
Timor-Leste,TLS,2004,YR2004,3.23751394003321,474.420767344689,4.26103544,929074,..,23.3009700775146
Timor-Leste,TLS,2006,YR2006,3.93616259929866,464.667001844159,6.00192022,976597,..,7.72946882247925
Timor-Leste,TLS,2008,YR2008,9.06423621948942,628.153219252849,6.96563959,1032429,..,11.5384616851807
Timor-Leste,TLS,2010,YR2010,6.76597680236481,813.060177250597,6.47058821,1084679,..,18.4834117889404
Timor-Leste,TLS,2012,YR2012,11.8003096701544,1022.61903188429,6.99215221,1134885,2.5,23.6966819763184
Timor-Leste,TLS,2014,YR2014,0.726275016139465,1224.74957758801,7.60483742,1181903,2.5,28.0952377319336
Timor-Leste,TLS,2016,YR2016,-1.33853876185163,1335.54390089814,6.89625168,1228312,2.5,31.4285717010498
Timor-Leste,TLS,2018,YR2018,2.63647201015892,1219.46598597604,6.36952639,1275959,..,40.0943412780762
Timor-Leste,TLS,2020,YR2020,0.495499215459571,1630.86935439232,9.93865013,1326053,2.52,40.5660362243652
Timor-Leste,TLS,2022,YR2022,7.00530945399787,2343.24524664152,14.32454681,1369295,..,42.9245300292969
Timor-Leste,TLS,2024,YR2024,2.06284153005468,..,..,..,..,..
Togo,TGO,1960,YR1960,..,102.238985564471,..,1673110,..,..
Togo,TGO,1962,YR1962,..,107.761209503061,..,1732959,..,..
Togo,TGO,1964,YR1964,..,130.069304471372,..,1803440,..,..
Togo,TGO,1966,YR1966,..,159.095922113344,..,1918513,..,..
Togo,TGO,1968,YR1968,0.296735906036536,164.256944901945,..,2080226,..,..
Togo,TGO,1970,YR1970,4.48062015465097,159.778184212523,..,2244773,..,..
Togo,TGO,1972,YR1972,7.7266076782349,198.7610542599,..,2384994,..,..
Togo,TGO,1974,YR1974,12.8319316906201,315.097902810358,..,2511760,..,..
Togo,TGO,1976,YR1976,11.6407308106915,331.595624501807,..,2637796,..,..
Togo,TGO,1978,YR1978,0.442773093953005,420.507009475158,..,2768148,..,..
Togo,TGO,1980,YR1980,12.3068572123796,549.433466591605,..,2920894,..,..
Togo,TGO,1982,YR1982,11.1296733281827,372.494829726432,..,3115042,..,..
Togo,TGO,1984,YR1984,-3.52662871020549,304.296330488676,..,3332837,..,..
Togo,TGO,1986,YR1986,4.12461526367686,422.277296555811,..,3547952,..,..
Togo,TGO,1988,YR1988,-0.150910979934777,516.536238879357,..,3769742,..,..
Togo,TGO,1990,YR1990,1.01534150530809,575.094511928654,..,3998761,..,..
Togo,TGO,1992,YR1992,1.39378663675941,564.71733648074,..,4233617,..,..
Togo,TGO,1994,YR1994,39.1627673796796,328.600956079736,..,4222940,..,..
Togo,TGO,1996,YR1996,4.68749999999997,452.068436882428,..,4577860,14.03,14.8936166763306
Togo,TGO,1998,YR1998,0.975338381088715,461.158245854911,..,4860913,..,11.702127456665
Togo,TGO,2000,YR2000,1.86260595463066,409.889802792768,2.7167244,5140037,15.2,19.0476188659668
Togo,TGO,2002,YR2002,3.05981857535874,445.238691488925,2.82402873,5413274,14.72,26.9841270446777
Togo,TGO,2004,YR2004,0.393078681031619,560.266308533382,3.00704718,5696508,15.17,20.8737869262695
Togo,TGO,2006,YR2006,2.22897779414036,552.50227125256,3.36328101,6010668,14.33,17.3913040161133
Togo,TGO,2008,YR2008,8.6948281436391,718.948786366771,3.74071932,6368812,13.76,25
Togo,TGO,2010,YR2010,1.44594517430866,704.987164181378,4.33284378,6732590,14.05,25.5924167633057
Togo,TGO,2012,YR2012,2.57718174055848,762.392047587088,4.64366484,7100736,14.34,21.8009471893311
Togo,TGO,2014,YR2014,0.19087507624975,855.585284856656,4.90473413,7472450,14.36,28.5714282989502
Togo,TGO,2016,YR2016,1.28544847051417,772.581787093976,6.55580902,7858289,14.73,25.238094329834
Togo,TGO,2018,YR2018,0.927755426457183,851.130806891807,6.16073656,8258778,17.59,11.3207550048828
Togo,TGO,2020,YR2020,1.69928463299408,853.578220263722,6.18928432,8669720,15.02,10.8490562438965
Togo,TGO,2022,YR2022,7.96757361617945,898.758154410712,6.04134083,9089738,16.31,12.7358493804932
Togo,TGO,2024,YR2024,..,..,..,..,..,..
Tonga,TON,1960,YR1960,..,..,..,66170,..,..
Tonga,TON,1962,YR1962,..,..,..,69940,..,..
Tonga,TON,1964,YR1964,..,..,..,73879,..,..
Tonga,TON,1966,YR1966,..,..,..,78002,..,..
Tonga,TON,1968,YR1968,..,..,..,81353,..,..
Tonga,TON,1970,YR1970,..,..,..,84401,..,..
Tonga,TON,1972,YR1972,..,..,..,87356,..,..
Tonga,TON,1974,YR1974,..,..,..,90683,..,..
Tonga,TON,1976,YR1976,7.10957583547553,315.094854046623,..,95325,..,..
Tonga,TON,1978,YR1978,9.58437912111287,427.631287521076,..,97204,..,..
Tonga,TON,1980,YR1980,22.3933889164965,544.754241437563,..,97769,..,..
Tonga,TON,1982,YR1982,10.8378703800655,633.477863554833,..,97980,..,..
Tonga,TON,1984,YR1984,0.106451612903717,655.66235882708,..,97990,..,..
Tonga,TON,1986,YR1986,21.6738748768894,695.805077185729,..,98010,..,..
Tonga,TON,1988,YR1988,9.92402339810402,1077.6835915018,..,98969,..,..
Tonga,TON,1990,YR1990,9.70986384562655,1139.0553819198,..,99700,..,..
Tonga,TON,1992,YR1992,7.93698012192874,1370.36142598699,..,100022,..,..
Tonga,TON,1994,YR1994,1.01295206694856,1956.66161136786,..,100166,..,..
Tonga,TON,1996,YR1996,2.99528023991143,2214.91444159434,..,100275,..,..
Tonga,TON,1998,YR1998,3.27444554260464,1888.83200817891,..,101388,..,..
Tonga,TON,2000,YR2000,6.32763551411155,1995.07650349318,2.90389204,102677,..,..
Tonga,TON,2002,YR2002,10.3590607918507,1759.48033285941,3.58957744,103874,..,..
Tonga,TON,2004,YR2004,10.9734053679554,2195.44874051102,4.50741625,105071,..,54.8543701171875
Tonga,TON,2006,YR2006,6.14911606456575,2750.34758182988,5.47225046,106253,..,42.512077331543
Tonga,TON,2008,YR2008,10.4469875128222,3218.45299609309,6.05759716,107020,..,37.019229888916
Tonga,TON,2010,YR2010,3.53491239189831,3416.08358065135,4.81632328,107400,12.66,51.6587677001953
Tonga,TON,2012,YR2012,1.14753853706055,4384.17058321549,7.3327713,107460,12.38,60.1895751953125
Tonga,TON,2014,YR2014,2.51087633253706,4136.59013792529,5.11481524,106609,..,60
Tonga,TON,2016,YR2016,2.57815515245081,3987.98626206287,5.08616114,105524,10.55,61.9047622680664
Tonga,TON,2018,YR2018,5.03209691984874,4638.89774268789,5.98711967,105567,..,61.3207550048828
Tonga,TON,2020,YR2020,-0.349737696727496,4700.44932800575,5.56259537,105704,7.41,68.8679275512695
Tonga,TON,2022,YR2022,10.9713652903022,4933.07479143113,8.13607597,105042,7.62,69.3396224975586
Tonga,TON,2024,YR2024,3.18364611260058,..,..,..,..,..
Trinidad and Tobago,TTO,1960,YR1960,2.08000000007815,633.975608130179,..,844943,..,..
Trinidad and Tobago,TTO,1962,YR1962,2.98335256339286,703.620803786729,..,880194,..,..
Trinidad and Tobago,TTO,1964,YR1964,0.86379762440665,779.766014569675,..,912963,..,..
Trinidad and Tobago,TTO,1966,YR1966,4.0943580499049,767.537870521004,..,942937,..,..
Trinidad and Tobago,TTO,1968,YR1968,8.23205200691283,783.173633599792,..,969006,..,..
Trinidad and Tobago,TTO,1970,YR1970,2.52390057362692,828.919857464313,..,991471,..,..
Trinidad and Tobago,TTO,1972,YR1972,9.30106881253335,1067.46412567566,..,1014921,..,..
Trinidad and Tobago,TTO,1974,YR1974,22.0249772717617,1962.02689234886,..,1040761,..,..
Trinidad and Tobago,TTO,1976,YR1976,10.6924643577729,2344.93028321949,..,1066311,..,..
Trinidad and Tobago,TTO,1978,YR1978,10.256586168874,3258.09275806914,..,1093380,..,..
Trinidad and Tobago,TTO,1980,YR1980,17.4703042795772,5559.05209738728,..,1121744,..,..
Trinidad and Tobago,TTO,1982,YR1982,11.6347629431673,7091.40622187518,..,1147927,..,..
Trinidad and Tobago,TTO,1984,YR1984,13.3347804066324,6613.11947535521,..,1172984,..,..
Trinidad and Tobago,TTO,1986,YR1986,7.69367659323135,3984.99609719733,..,1203124,..,..
Trinidad and Tobago,TTO,1988,YR1988,7.75849206743917,3655.81977035897,..,1230069,..,..
Trinidad and Tobago,TTO,1990,YR1990,11.0644257703083,4047.25093594674,..,1252208,..,..
Trinidad and Tobago,TTO,1992,YR1992,6.43985419198061,4277.47436935604,..,1271674,27.95,..
Trinidad and Tobago,TTO,1994,YR1994,8.81469401768106,3839.96290233114,..,1288341,..,..
Trinidad and Tobago,TTO,1996,YR1996,3.40457442819624,4427.27832448289,..,1300928,18.23,34.5744667053223
Trinidad and Tobago,TTO,1998,YR1998,5.61270907691201,4612.70900312686,..,1310225,..,38.2978706359863
Trinidad and Tobago,TTO,2000,YR2000,3.55541319666877,6178.58975559687,4.23492479,1319774,..,32.2751312255859
Trinidad and Tobago,TTO,2002,YR2002,4.1500586166472,6762.93080808096,4.72302485,1332011,15.05,26.9841270446777
Trinidad and Tobago,TTO,2004,YR2004,3.72154938995965,9871.03419820086,4.30805206,1345380,19.73,27.6699028015137
Trinidad and Tobago,TTO,2006,YR2006,8.32960351465347,14152.6607422113,4.15431976,1297944,17.19,25.1207733154297
Trinidad and Tobago,TTO,2008,YR2008,12.0303445477177,21298.9945258063,3.6575706,1308587,17.09,26.9230766296387
Trinidad and Tobago,TTO,2010,YR2010,10.5492003179988,16815.424737361,5.08042908,1317714,20.09,28.9099521636963
Trinidad and Tobago,TTO,2012,YR2012,9.26028137068292,20472.3574298508,4.59683371,1335194,17.69,37.4407577514648
Trinidad and Tobago,TTO,2014,YR2014,5.68441814595659,22074.4263087858,4.83714819,1345343,..,42.3809509277344
Trinidad and Tobago,TTO,2016,YR2016,3.07066742464024,17521.8007525013,6.44781113,1353895,..,44.2857131958008
Trinidad and Tobago,TTO,2018,YR2018,1.01856930188822,18076.3565550233,6.46674252,1359193,..,41.5094337463379
Trinidad and Tobago,TTO,2020,YR2020,0.598986330824643,15224.5083495616,7.48661852,1366725,..,36.7924537658691
Trinidad and Tobago,TTO,2022,YR2022,5.82838638517959,22004.1997884125,6.43106365,1365805,15.86,45.7547187805176
Trinidad and Tobago,TTO,2024,YR2024,0.526884625776839,..,..,..,..,..
Tunisia,TUN,1960,YR1960,..,..,..,4267288,..,..
Tunisia,TUN,1962,YR1962,..,201.419166932165,..,4369136,..,..
Tunisia,TUN,1964,YR1964,..,228.484793689273,..,4489869,..,..
Tunisia,TUN,1966,YR1966,..,223.750680246593,..,4652287,..,..
Tunisia,TUN,1968,YR1968,..,248.91225549272,..,4879899,..,..
Tunisia,TUN,1970,YR1970,..,280.476910228346,..,5131396,..,..
Tunisia,TUN,1972,YR1972,..,414.626612581104,..,5396557,..,..
Tunisia,TUN,1974,YR1974,..,623.75935280482,..,5684674,..,..
Tunisia,TUN,1976,YR1976,..,751.741946408618,..,5996994,..,..
Tunisia,TUN,1978,YR1978,..,945.964678061001,..,6309390,..,..
Tunisia,TUN,1980,YR1980,..,1323.62643763339,..,6606195,..,..
Tunisia,TUN,1982,YR1982,..,1177.30518554913,..,6908642,..,..
Tunisia,TUN,1984,YR1984,8.9000000000001,1143.2812867658,..,7220044,..,..
Tunisia,TUN,1986,YR1986,6.16438356164371,1186.50651525734,..,7600301,..,..
Tunisia,TUN,1988,YR1988,7.19696969696955,1266.07583258953,..,7974440,..,..
Tunisia,TUN,1990,YR1990,6.54529307282414,1476.43160477311,..,8324509,25.08,..
Tunisia,TUN,1992,YR1992,5.82434514637906,1784.81850188268,..,8682512,25.32,..
Tunisia,TUN,1994,YR1994,4.73323063996595,1733.46614673506,..,9018448,..,..
Tunisia,TUN,1996,YR1996,3.72514472690715,2107.40815649257,..,9294432,..,34.042552947998
Tunisia,TUN,1998,YR1998,3.12536579655862,2285.01933541864,..,9541667,30.13,34.5744667053223
Tunisia,TUN,2000,YR2000,2.96230794738605,2199.04465936314,4.81271935,9764935,41.38,36.5079383850098
Tunisia,TUN,2002,YR2002,2.72103284850455,2320.7723805785,5.12036419,9971515,44.04,31.7460308074951
Tunisia,TUN,2004,YR2004,3.63228004956625,3067.41936376975,5.19890785,10166163,37.85,34.4660186767578
Tunisia,TUN,2006,YR2006,3.22525337438917,3322.56933570096,5.13109922,10346410,32.23,40.0966186523438
Tunisia,TUN,2008,YR2008,4.34502807623045,4255.05008019523,5.1644063,10542635,26.74,34.1346168518066
Tunisia,TUN,2010,YR2010,3.33897963601069,4291.86120891575,5.60950756,10765980,17.86,29.8578205108643
Tunisia,TUN,2012,YR2012,4.6118443220664,4297.26782454273,6.28984737,11009647,22.14,15.6398105621338
Tunisia,TUN,2014,YR2014,4.62555099534031,4458.97895464547,6.45006084,11274288,..,10
Tunisia,TUN,2016,YR2016,3.62939937384381,3847.80354448809,6.24778175,11528674,19.53,8.5714282989502
Tunisia,TUN,2018,YR2018,7.30759176031652,3628.10366464236,5.9375186,11765514,..,11.3207550048828
Tunisia,TUN,2020,YR2020,5.63415115897625,3548.65363663803,7.05022287,11974057,..,15.0943393707275
Tunisia,TUN,2022,YR2022,8.30646124447623,3678.40023411347,6.96380186,12119334,..,14.6226415634155
Tunisia,TUN,2024,YR2024,7.20661657168794,..,..,..,..,..
Turkiye,TUR,1960,YR1960,5.66473988439306,267.091207552765,..,28329898,..,..
Turkiye,TUR,1962,YR1962,3.88832025146507,298.241020884883,..,29916147,..,..
Turkiye,TUR,1964,YR1964,1.11963781543123,354.365541117168,..,31543072,..,..
Turkiye,TUR,1966,YR1966,8.47199621539219,424.984610131778,..,33177672,..,..
Turkiye,TUR,1968,YR1968,6.04623966197402,501.12130904111,..,34921684,..,..
Turkiye,TUR,1970,YR1970,7.92395208301997,487.565086682435,..,36638465,..,..
Turkiye,TUR,1972,YR1972,15.4164557223962,537.337529232528,..,38430221,..,..
Turkiye,TUR,1974,YR1974,23.8981615766704,880.728167716848,..,40210234,..,..
Turkiye,TUR,1976,YR1976,17.4556893891338,1227.92409658199,..,41899984,..,..
Turkiye,TUR,1978,YR1978,61.8970444383435,1510.18531064944,..,43645306,..,..
Turkiye,TUR,1980,YR1980,94.2608598807591,1515.64589850068,..,45408815,..,..
Turkiye,TUR,1982,YR1982,29.1375145022677,1360.23825219775,..,47322096,..,..
Turkiye,TUR,1984,YR1984,48.3923231346863,1209.05149383313,..,49574069,..,..
Turkiye,TUR,1986,YR1986,34.6100759738745,1461.49658654754,..,51777772,..,..
Turkiye,TUR,1988,YR1988,68.8096433837049,1685.69479240535,..,53909626,..,..
Turkiye,TUR,1990,YR1990,60.3038691346446,2689.52621921233,..,56015628,..,..
Turkiye,TUR,1992,YR1992,70.0761038690372,2743.65320297936,..,57990118,..,..
Turkiye,TUR,1994,YR1994,105.214986469202,2176.2801813809,..,60033836,..,..
Turkiye,TUR,1996,YR1996,80.4121511388042,2929.15394930619,..,61951134,14.1,3.72340416908264
Turkiye,TUR,1998,YR1998,84.6413434846315,4329.56243985573,..,63734383,14.01,5.85106372833252
Turkiye,TUR,2000,YR2000,54.9153705812683,4192.44316738494,4.59957218,65425961,14.32,11.640212059021
Turkiye,TUR,2002,YR2002,44.9641209479849,3583.19745897158,5.06227875,67048795,11.5,13.7566137313843
Turkiye,TUR,2004,YR2004,8.59826168115272,5960.77898909049,4.9096446,68592617,12.85,12.62135887146
Turkiye,TUR,2006,YR2006,9.59724212288432,7953.07848024969,5.14591694,70045349,12.58,17.3913040161133
Turkiye,TUR,2008,YR2008,10.4441283764885,10843.5036940489,5.21761751,71051678,13.07,12.5
Turkiye,TUR,2010,YR2010,8.56644420552976,10622.7020439723,5.02053452,73142150,14.3,10.4265403747559
Turkiye,TUR,2012,YR2012,8.89156996512163,11713.2849831139,4.44444656,75175827,..,6.63507127761841
Turkiye,TUR,2014,YR2014,8.85457271364324,12165.220135038,4.32517862,77181884,..,8.09523773193359
Turkiye,TUR,2016,YR2016,7.7751341532833,10970.0458948862,4.28469229,79277962,14.46,2.38095235824585
Turkiye,TUR,2018,YR2018,16.3324638988928,9568.83506330228,4.12101603,81407204,13.18,6.60377359390259
Turkiye,TUR,2020,YR2020,12.2789574462574,8638.73903848102,4.61640215,83384680,19.82,9.43396186828613
Turkiye,TUR,2022,YR2022,72.3088359891207,10674.504157865,3.70338893,84979913,21.87,10.3773584365845
Turkiye,TUR,2024,YR2024,58.5064507300343,..,..,..,..,..
Turkmenistan,TKM,1960,YR1960,..,..,..,1643457,..,..
Turkmenistan,TKM,1962,YR1962,..,..,..,1749214,..,..
Turkmenistan,TKM,1964,YR1964,..,..,..,1859997,..,..
Turkmenistan,TKM,1966,YR1966,..,..,..,1971737,..,..
Turkmenistan,TKM,1968,YR1968,..,..,..,2083069,..,..
Turkmenistan,TKM,1970,YR1970,..,..,..,2195616,..,..
Turkmenistan,TKM,1972,YR1972,..,..,..,2311430,..,..
Turkmenistan,TKM,1974,YR1974,..,..,..,2432028,..,..
Turkmenistan,TKM,1976,YR1976,..,..,..,2558521,..,..
Turkmenistan,TKM,1978,YR1978,..,..,..,2691088,..,..
Turkmenistan,TKM,1980,YR1980,..,..,..,2832203,..,..
Turkmenistan,TKM,1982,YR1982,..,..,..,2985557,..,..
Turkmenistan,TKM,1984,YR1984,..,..,..,3154079,..,..
Turkmenistan,TKM,1986,YR1986,..,..,..,3347809,..,..
Turkmenistan,TKM,1988,YR1988,..,845.932942002334,..,3559363,..,..
Turkmenistan,TKM,1990,YR1990,..,848.155047388424,..,3760562,..,..
Turkmenistan,TKM,1992,YR1992,..,811.354156451902,..,3944689,..,..
Turkmenistan,TKM,1994,YR1994,..,622.13478015809,..,4116662,..,..
Turkmenistan,TKM,1996,YR1996,..,557.894220051334,..,4263819,..,35.638298034668
Turkmenistan,TKM,1998,YR1998,..,590.791293266381,..,4410507,0,29.7872333526611
Turkmenistan,TKM,2000,YR2000,..,633.835487638011,4.03080034,4582677,..,23.280424118042
Turkmenistan,TKM,2002,YR2002,..,935.540801478466,4.10696697,4769465,14.73,26.4550266265869
Turkmenistan,TKM,2004,YR2004,..,1379.23009682692,6.18652296,4958093,..,24.2718448638916
Turkmenistan,TKM,2006,YR2006,..,1996.59310717308,4.92075682,5147105,..,25.1207733154297
Turkmenistan,TKM,2008,YR2008,..,3605.50395120549,3.45380449,5345029,..,46.6346168518066
Turkmenistan,TKM,2010,YR2010,..,4058.53937000739,3.20879436,5564356,..,40.2843589782715
Turkmenistan,TKM,2012,YR2012,..,6053.8748468749,3.34203553,5808546,..,45.497631072998
Turkmenistan,TKM,2014,YR2014,..,7164.14536184006,4.25741673,6075283,..,36.1904754638672
Turkmenistan,TKM,2016,YR2016,..,5686.98040962764,5.58718491,6360041,..,24.761905670166
Turkmenistan,TKM,2018,YR2018,..,6125.05169712085,5.55298042,6655524,..,31.6037731170654
Turkmenistan,TKM,2020,YR2020,..,6592.60146027748,5.57226086,6949912,..,24.056604385376
Turkmenistan,TKM,2022,YR2022,..,8156.35211950774,5.37103748,7230193,..,25.943395614624
Turkmenistan,TKM,2024,YR2024,..,..,..,..,..,..
Turks and Caicos Islands,TCA,1960,YR1960,..,..,..,5599,..,..
Turks and Caicos Islands,TCA,1962,YR1962,..,..,..,5636,..,..
Turks and Caicos Islands,TCA,1964,YR1964,..,..,..,5657,..,..
Turks and Caicos Islands,TCA,1966,YR1966,..,..,..,5654,..,..
Turks and Caicos Islands,TCA,1968,YR1968,..,..,..,5656,..,..
Turks and Caicos Islands,TCA,1970,YR1970,..,..,..,5667,..,..
Turks and Caicos Islands,TCA,1972,YR1972,..,..,..,5915,..,..
Turks and Caicos Islands,TCA,1974,YR1974,..,..,..,6273,..,..
Turks and Caicos Islands,TCA,1976,YR1976,..,..,..,6660,..,..
Turks and Caicos Islands,TCA,1978,YR1978,..,..,..,7083,..,..
Turks and Caicos Islands,TCA,1980,YR1980,..,..,..,7564,..,..
Turks and Caicos Islands,TCA,1982,YR1982,..,..,..,8297,..,..
Turks and Caicos Islands,TCA,1984,YR1984,..,..,..,9107,..,..
Turks and Caicos Islands,TCA,1986,YR1986,..,..,..,9941,..,..
Turks and Caicos Islands,TCA,1988,YR1988,..,..,..,10775,..,..
Turks and Caicos Islands,TCA,1990,YR1990,..,..,..,11688,..,..
Turks and Caicos Islands,TCA,1992,YR1992,..,..,..,12970,..,..
Turks and Caicos Islands,TCA,1994,YR1994,..,..,..,14344,..,..
Turks and Caicos Islands,TCA,1996,YR1996,..,..,..,15765,..,..
Turks and Caicos Islands,TCA,1998,YR1998,..,..,..,17212,..,..
Turks and Caicos Islands,TCA,2000,YR2000,..,..,..,18730,..,..
Turks and Caicos Islands,TCA,2002,YR2002,..,17803.9471767733,..,20597,..,..
Turks and Caicos Islands,TCA,2004,YR2004,..,21246.00980049,..,22856,..,..
Turks and Caicos Islands,TCA,2006,YR2006,..,28734.2873064523,..,25123,..,..
Turks and Caicos Islands,TCA,2008,YR2008,..,31453.8082911,..,27427,..,..
Turks and Caicos Islands,TCA,2010,YR2010,..,23093.843101651,..,29739,..,..
Turks and Caicos Islands,TCA,2012,YR2012,..,22633.9527500233,..,32127,..,..
Turks and Caicos Islands,TCA,2014,YR2014,..,23996.2910128388,..,35050,..,..
Turks and Caicos Islands,TCA,2016,YR2016,..,26946.4178520162,..,38315,..,..
Turks and Caicos Islands,TCA,2018,YR2018,..,27160.1579568902,..,41559,..,..
Turks and Caicos Islands,TCA,2020,YR2020,..,17452.6578046047,..,44386,..,..
Turks and Caicos Islands,TCA,2022,YR2022,..,26802.0673752091,..,45847,..,..
Turks and Caicos Islands,TCA,2024,YR2024,..,..,..,..,..,..
Tuvalu,TUV,1960,YR1960,..,..,..,5598,..,..
Tuvalu,TUV,1962,YR1962,..,..,..,5699,..,..
Tuvalu,TUV,1964,YR1964,..,..,..,5752,..,..
Tuvalu,TUV,1966,YR1966,..,..,..,5686,..,..
Tuvalu,TUV,1968,YR1968,..,..,..,5624,..,..
Tuvalu,TUV,1970,YR1970,..,456.640627603398,..,5663,..,..
Tuvalu,TUV,1972,YR1972,..,521.514044962269,..,5692,..,..
Tuvalu,TUV,1974,YR1974,..,708.060574746717,..,5822,..,..
Tuvalu,TUV,1976,YR1976,..,611.972553080204,..,6404,..,..
Tuvalu,TUV,1978,YR1978,..,546.037352781083,..,6957,..,..
Tuvalu,TUV,1980,YR1980,..,571.0192959143,..,7366,..,..
Tuvalu,TUV,1982,YR1982,..,537.440652615639,..,7664,..,..
Tuvalu,TUV,1984,YR1984,..,567.195381239419,..,7902,..,..
Tuvalu,TUV,1986,YR1986,..,556.736790985481,..,8217,..,..
Tuvalu,TUV,1988,YR1988,..,823.087505442832,..,8518,..,..
Tuvalu,TUV,1990,YR1990,..,1084.66707221699,..,8798,..,..
Tuvalu,TUV,1992,YR1992,..,1165.63710360353,..,9038,..,..
Tuvalu,TUV,1994,YR1994,..,1278.65870076399,..,9207,..,..
Tuvalu,TUV,1996,YR1996,..,1427.80960501753,..,9342,..,..
Tuvalu,TUV,1998,YR1998,..,1459.64937141718,..,9451,..,..
Tuvalu,TUV,2000,YR2000,..,1579.41906275542,22.2817421,9544,..,..
Tuvalu,TUV,2002,YR2002,..,1750.25175052348,11.83691788,9623,..,..
Tuvalu,TUV,2004,YR2004,..,2322.56265072892,9.33149719,9816,..,69.4174728393555
Tuvalu,TUV,2006,YR2006,..,2396.26844307702,11.9034977,10056,..,68.1159439086914
Tuvalu,TUV,2008,YR2008,..,3088.30877413836,9.63604927,10321,..,71.6346130371094
Tuvalu,TUV,2010,YR2010,..,3024.8170790571,15.37378216,10614,11.27,78.1990509033203
Tuvalu,TUV,2012,YR2012,..,3598.46163091053,13.1547184,10934,..,70.1421813964844
Tuvalu,TUV,2014,YR2014,..,3528.85858102782,14.93791771,10984,..,76.6666641235352
Tuvalu,TUV,2016,YR2016,..,3808.69755015909,18.322855,10930,..,78.5714263916016
Tuvalu,TUV,2018,YR2018,..,4466.12034928245,18.36379242,10751,..,78.7735824584961
Tuvalu,TUV,2020,YR2020,..,4976.11254109571,18.59855461,10399,..,71.698112487793
Tuvalu,TUV,2022,YR2022,..,5911.32727055301,18.38210106,9992,..,72.6415100097656
Tuvalu,TUV,2024,YR2024,..,..,..,..,..,..
Uganda,UGA,1960,YR1960,..,55.3784976132181,..,7640973,..,..
Uganda,UGA,1962,YR1962,..,55.5048704604887,..,8092231,..,..
Uganda,UGA,1964,YR1964,..,68.6259930194368,..,8586363,..,..
Uganda,UGA,1966,YR1966,..,101.435414620908,..,9122864,..,..
Uganda,UGA,1968,YR1968,..,106.851228104531,..,9708632,..,..
Uganda,UGA,1970,YR1970,..,122.030929585629,..,10321603,..,..
Uganda,UGA,1972,YR1972,..,136.964736487473,..,10885796,..,..
Uganda,UGA,1974,YR1974,..,183.71757196626,..,11424846,..,..
Uganda,UGA,1976,YR1976,..,203.309813650809,..,12037294,..,..
Uganda,UGA,1978,YR1978,..,190.690145097606,..,12692113,..,..
Uganda,UGA,1980,YR1980,..,93.7506991135184,..,13275741,..,..
Uganda,UGA,1982,YR1982,..,156.952422909331,..,13873631,..,..
Uganda,UGA,1984,YR1984,..,247.516937638636,..,14607677,..,..
Uganda,UGA,1986,YR1986,..,253.643058810817,..,15467579,..,..
Uganda,UGA,1988,YR1988,..,395.187660960924,..,16470483,..,..
Uganda,UGA,1990,YR1990,..,244.987168126806,..,17569897,..,..
Uganda,UGA,1992,YR1992,..,152.113542415537,..,18785032,..,..
Uganda,UGA,1994,YR1994,10.0367598792175,198.441987998795,..,20108801,19.52,..
Uganda,UGA,1996,YR1996,7.19164660433344,284.698259285733,..,21231550,..,2.12765955924988
Uganda,UGA,1998,YR1998,0.0688041719983172,292.453037058835,..,22515806,..,7.44680833816528
Uganda,UGA,2000,YR2000,3.39202158512998,258.050338731086,5.0827446,24000150,10,5.29100513458252
Uganda,UGA,2002,YR2002,-0.287508511765196,241.984688408335,4.77133131,25532870,9.86,2.64550256729126
Uganda,UGA,2004,YR2004,3.72128743978228,292.38185796262,4.70022202,27154515,9.58,4.36893224716187
Uganda,UGA,2006,YR2006,7.31067613561864,346.518255310647,6.463305,28794003,15.67,8.21256065368652
Uganda,UGA,2008,YR2008,12.0508555482886,472.842681495852,5.45474958,30539553,16.47,12.0192308425903
Uganda,UGA,2010,YR2010,3.97655288478168,823.488144282,6.80890226,32390802,17.7,9.95260620117188
Uganda,UGA,2012,YR2012,12.6790377224659,795.222867553127,6.10853958,34337438,17.49,12.3222751617432
Uganda,UGA,2014,YR2014,3.07570668958641,896.054795546394,5.33653069,36395539,17.26,9.0476188659668
Uganda,UGA,2016,YR2016,5.70637504616212,752.696571725656,5.00792885,38799152,15.69,13.3333330154419
Uganda,UGA,2018,YR2018,2.61601190952274,792.16570022814,4.02143908,41565831,16.85,13.2075471878052
Uganda,UGA,2020,YR2020,3.31332289544502,845.766463890124,5.23698568,44457152,22.24,11.3207550048828
Uganda,UGA,2022,YR2022,7.1957888597581,963.067314117178,4.39089251,47312719,23.8,12.7358493804932
Uganda,UGA,2024,YR2024,3.3233806708656,..,..,..,..,..
Ukraine,UKR,1960,YR1960,..,..,..,42824093,..,..
Ukraine,UKR,1962,YR1962,..,..,..,43943674,..,..
Ukraine,UKR,1964,YR1964,..,..,..,44951156,..,..
Ukraine,UKR,1966,YR1966,..,..,..,45802519,..,..
Ukraine,UKR,1968,YR1968,..,..,..,46614325,..,..
Ukraine,UKR,1970,YR1970,..,..,..,47261306,..,..
Ukraine,UKR,1972,YR1972,..,..,..,47946893,..,..
Ukraine,UKR,1974,YR1974,..,..,..,48576570,..,..
Ukraine,UKR,1976,YR1976,..,..,..,49120842,..,..
Ukraine,UKR,1978,YR1978,..,..,..,49521243,..,..
Ukraine,UKR,1980,YR1980,..,..,..,49955152,..,..
Ukraine,UKR,1982,YR1982,..,..,..,50402724,..,..
Ukraine,UKR,1984,YR1984,..,..,..,50887599,..,..
Ukraine,UKR,1986,YR1986,..,..,..,51318745,..,..
Ukraine,UKR,1988,YR1988,..,1444.248046875,..,51724853,..,..
Ukraine,UKR,1990,YR1990,..,1563.63415527344,..,52054092,..,..
Ukraine,UKR,1992,YR1992,..,1413.24011230469,..,52323671,..,..
Ukraine,UKR,1994,YR1994,891.187748133705,1009.09356689453,..,52075998,..,..
Ukraine,UKR,1996,YR1996,80.3255014551742,869.846069335938,..,51226109,..,21.2765960693359
Ukraine,UKR,1998,YR1998,10.5771611482514,831.336791992188,..,50379731,..,23.4042549133301
Ukraine,UKR,2000,YR2000,28.2030972388552,653.294311523438,5.30685186,49556660,..,17.9894180297852
Ukraine,UKR,2002,YR2002,0.75742084639286,903.011901855469,5.99220037,48677281,8.04,21.6931209564209
Ukraine,UKR,2004,YR2004,9.04806786050888,1401.01806640625,6.16856956,47979507,..,18.9320392608643
Ukraine,UKR,2006,YR2006,9.05252491133248,2366.494140625,6.4171896,47278694,5.32,30.917875289917
Ukraine,UKR,2008,YR2008,25.226461707384,4017.806640625,5.49754429,46819175,5.31,31.25
Ukraine,UKR,2010,YR2010,9.37293105078978,3039.63232421875,6.81387615,46456003,6.09,33.1753540039062
Ukraine,UKR,2012,YR2012,0.568727971803862,3951.34228515625,7.11789227,46210056,5.17,33.1753540039062
Ukraine,UKR,2014,YR2014,12.0718562874251,3054.908203125,7.19506168,45972380,5.34,4.2857141494751
Ukraine,UKR,2016,YR2016,13.9127101997797,2158.46118164063,7.55205393,45616832,5.67,4.2857141494751
Ukraine,UKR,2018,YR2018,10.9518559353178,3059.0517578125,7.51989269,45208907,3.58,3.30188679695129
Ukraine,UKR,2020,YR2020,2.73249209419427,3709.76928710938,7.56217051,44680014,3.12,9.43396186828613
Ukraine,UKR,2022,YR2022,20.1836366617478,4199.6708984375,..,41048766,2.79,2.35849046707153
Ukraine,UKR,2024,YR2024,6.50198464669254,..,..,..,..,..
United Arab Emirates,ARE,1960,YR1960,..,..,..,131334,..,..
United Arab Emirates,ARE,1962,YR1962,..,..,..,144946,..,..
United Arab Emirates,ARE,1964,YR1964,..,..,..,159692,..,..
United Arab Emirates,ARE,1966,YR1966,..,..,..,173976,..,..
United Arab Emirates,ARE,1968,YR1968,..,..,..,199416,..,..
United Arab Emirates,ARE,1970,YR1970,..,2394.06811471055,..,286536,..,..
United Arab Emirates,ARE,1972,YR1972,..,3675.41681419534,..,385014,..,..
United Arab Emirates,ARE,1974,YR1974,..,23822.9715560307,..,489087,..,..
United Arab Emirates,ARE,1976,YR1976,..,31196.9791785759,..,615866,..,..
United Arab Emirates,ARE,1978,YR1978,..,29379.1277424991,..,809274,..,..
United Arab Emirates,ARE,1980,YR1980,..,42925.2338784407,..,1015700,..,..
United Arab Emirates,ARE,1982,YR1982,..,39972.4946674594,..,1166370,..,..
United Arab Emirates,ARE,1984,YR1984,..,32012.3141540273,..,1305996,..,..
United Arab Emirates,ARE,1986,YR1986,..,23132.0739675988,..,1467383,..,..
United Arab Emirates,ARE,1988,YR1988,..,21569.7068852997,..,1681788,..,..
United Arab Emirates,ARE,1990,YR1990,..,26709.993440327,..,1898220,..,..
United Arab Emirates,ARE,1992,YR1992,..,25648.2727760844,..,2114730,..,..
United Arab Emirates,ARE,1994,YR1994,..,25472.6396578979,..,2328188,..,..
United Arab Emirates,ARE,1996,YR1996,..,28323.1650870532,..,2597564,..,57.4468078613281
United Arab Emirates,ARE,1998,YR1998,..,24889.4269192279,..,3040421,..,56.9148941040039
United Arab Emirates,ARE,2000,YR2000,..,29865.502347066,2.39504457,3493575,..,62.962963104248
United Arab Emirates,ARE,2002,YR2002,..,27753.6089526346,2.71770859,3956826,..,62.4338607788086
United Arab Emirates,ARE,2004,YR2004,..,33376.7152295209,2.46225643,4428967,..,54.8543701171875
United Arab Emirates,ARE,2006,YR2006,..,44342.6048322482,2.3254137,5009100,..,59.9033813476562
United Arab Emirates,ARE,2008,YR2008,12.2504202448139,50054.1700681803,2.92857623,6302664,4.9,53.3653831481934
United Arab Emirates,ARE,2010,YR2010,0.877983288285867,43696.6712597922,3.74433136,6869838,..,59.7156410217285
United Arab Emirates,ARE,2012,YR2012,0.662268900269009,52034.4762466073,3.33596373,7391448,4.74,62.5592422485352
United Arab Emirates,ARE,2014,YR2014,2.34626865671643,51381.4069909213,3.53405499,8059440,4.18,60
United Arab Emirates,ARE,2016,YR2016,1.61748808904198,41326.4018161834,3.89580107,8935095,3.85,53.8095245361328
United Arab Emirates,ARE,2018,YR2018,3.06863379251997,45689.8570040215,4.09854221,9346701,5.22,57.0754699707031
United Arab Emirates,ARE,2020,YR2020,-2.07940317940944,37173.8754100281,5.82477045,9401038,4.83,53.7735862731934
United Arab Emirates,ARE,2022,YR2022,5.29122604376849,49899.0652978649,4.67550945,10074977,..,56.6037750244141
United Arab Emirates,ARE,2024,YR2024,..,..,..,..,..,..
United Kingdom,GBR,1960,YR1960,1.00357570390172,1397.5948032844,..,52400000,..,..
United Kingdom,GBR,1962,YR1962,4.19649888238551,1525.77585271032,..,53250000,..,..
United Kingdom,GBR,1964,YR1964,3.28158694697213,1748.2881176141,..,54000000,..,..
United Kingdom,GBR,1966,YR1966,3.90961779211889,1986.74715869685,..,54648500,..,..
United Kingdom,GBR,1968,YR1968,4.69742798827245,1951.75859587532,..,55211700,..,..
United Kingdom,GBR,1970,YR1970,6.36656841727441,2347.54431773747,..,55663250,..,..
United Kingdom,GBR,1972,YR1972,7.07109839479797,3030.43251411977,..,56086065,..,..
United Kingdom,GBR,1974,YR1974,16.0440111889861,3665.8627976419,..,56229974,..,..
United Kingdom,GBR,1976,YR1976,16.5595225588084,4138.16778761535,..,56211968,..,..
United Kingdom,GBR,1978,YR1978,8.26314103860768,5976.93816899991,..,56196504,..,..
United Kingdom,GBR,1980,YR1980,17.9659242656857,10032.062080015,..,56314216,..,..
United Kingdom,GBR,1982,YR1982,8.59886383332186,9146.07735701852,..,56313641,..,..
United Kingdom,GBR,1984,YR1984,4.96071097821927,8179.19444064991,..,56422072,..,..
United Kingdom,GBR,1986,YR1986,3.42760940369314,10611.112210096,..,56681396,..,..
United Kingdom,GBR,1988,YR1988,4.15535171583102,15987.1680775688,..,56928327,..,..
United Kingdom,GBR,1990,YR1990,8.06346090938833,19095.4669984608,..,57247586,..,..
United Kingdom,GBR,1992,YR1992,4.59154929577461,20487.1707852878,..,57580402,..,..
United Kingdom,GBR,1994,YR1994,2.21901260504205,19709.2380983653,..,57865745,..,..
United Kingdom,GBR,1996,YR1996,2.85178236397749,24406.400298359,..,58166950,..,58.5106391906738
United Kingdom,GBR,1998,YR1998,1.82056163731557,28274.5045119699,..,58487141,..,60.1063842773438
United Kingdom,GBR,2000,YR2000,1.18295624210408,28280.926786099,7.15692902,58892514,7.93,68.7830657958984
United Kingdom,GBR,2002,YR2002,1.52040245947455,30077.741432188,7.87847328,59370479,6.42,51.8518524169922
United Kingdom,GBR,2004,YR2004,1.39039756680422,40366.8886650968,8.3386755,59987905,6.85,34.4660186767578
United Kingdom,GBR,2006,YR2006,2.4556616643929,44512.4590296865,8.54522514,60846820,7.24,53.6231880187988
United Kingdom,GBR,2008,YR2008,3.52140856342539,47396.1202078484,9.04033756,61806995,5.94,47.1153831481934
United Kingdom,GBR,2010,YR2010,2.49265472467065,39598.957119545,9.78937912,62766365,6.3,46.445499420166
United Kingdom,GBR,2012,YR2012,2.5732347965453,42497.3404974322,9.89160061,63700215,5.6,45.971565246582
United Kingdom,GBR,2014,YR2014,1.45112016293279,47439.6165895125,9.90305996,64602298,5.72,50
United Kingdom,GBR,2016,YR2016,1.0084173681141,40985.2351382417,9.76546955,65611593,5.32,47.6190490722656
United Kingdom,GBR,2018,YR2018,2.29283990345938,43203.8141057739,9.73837566,66460344,5.24,37.7358474731445
United Kingdom,GBR,2020,YR2020,0.989486703772491,40201.6812422928,11.96547699,67081234,2.25,51.886791229248
United Kingdom,GBR,2022,YR2022,7.92204883147902,45935.9276473925,11.05087757,67791000,3.19,51.886791229248
United Kingdom,GBR,2024,YR2024,3.2715729463592,..,..,..,..,..
United States,USA,1960,YR1960,1.45797598627791,2999.86487154495,..,180671000,..,..
United States,USA,1962,YR1962,1.19877334820186,3236.01311150062,..,186538000,..,..
United States,USA,1964,YR1964,1.27891156462591,3565.31443016356,..,191889000,..,..
United States,USA,1966,YR1966,3.0150753768844,4136.30829579106,..,196560000,..,..
United States,USA,1968,YR1968,4.27179615288537,4684.58840293763,..,200706000,..,..
United States,USA,1970,YR1970,5.83825533848251,5234.2966662115,..,205052000,..,..
United States,USA,1972,YR1972,3.27227824655283,6094.01798986165,..,209896000,..,..
United States,USA,1974,YR1974,11.0548048048048,7225.69135952566,..,213854000,..,..
United States,USA,1976,YR1976,5.74481263549085,8592.25353727612,..,218035000,..,..
United States,USA,1978,YR1978,7.63096383885606,10564.9482220275,..,222585000,..,..
United States,USA,1980,YR1980,13.5492019749684,12574.7915062163,..,227225000,..,..
United States,USA,1982,YR1982,6.13142700027493,14433.787727053,..,231664000,..,..
United States,USA,1984,YR1984,4.30053547523429,17121.2254849995,..,235825000,..,..
United States,USA,1986,YR1986,1.89804772234276,19071.2271949295,..,240133000,..,..
United States,USA,1988,YR1988,4.07774110744413,21417.0119305191,..,244499000,..,..
United States,USA,1990,YR1990,5.39795643990325,23888.6000088133,..,249623000,2.81,..
United States,USA,1992,YR1992,3.02881967814969,25418.9907763319,..,256514000,2.81,..
United States,USA,1994,YR1994,2.60744159215453,27694.853416234,..,263126000,..,..
United States,USA,1996,YR1996,2.93120419993441,29967.7127181749,..,269394000,3.25,57.4468078613281
United States,USA,1998,YR1998,1.55227909874364,32853.6725949234,..,275854000,3.7,57.4468078613281
United States,USA,2000,YR2000,3.37685727149929,36329.9702595751,12.49002552,282162411,3.1,69.8412704467773
United States,USA,2002,YR2002,1.58603162650601,37997.7424300242,13.99534702,287625193,3.31,40.2116394042969
United States,USA,2004,YR2004,2.67723669309172,41724.6411982614,14.55123425,292805298,2.89,23.3009700775146
United States,USA,2006,YR2006,3.22594410070404,46301.9876485519,14.7087841,298379912,2.67,48.7922706604004
United States,USA,2008,YR2008,3.839100296651,48570.0594269601,15.2072401,304093966,2.54,50.480770111084
United States,USA,2010,YR2010,1.6400434423899,48650.6643227232,16.19723129,309327143,2.45,47.8672981262207
United States,USA,2012,YR2012,2.06933726526067,51784.4114692048,16.11974716,313877662,2.53,55.9241714477539
United States,USA,2014,YR2014,1.62222297740817,55304.3155317137,16.19414139,318386329,2.53,57.6190490722656
United States,USA,2016,YR2016,1.26158320570536,58206.6141931844,16.79114342,323071755,2.44,48.5714302062988
United States,USA,2018,YR2018,2.44258329692817,63201.0458483771,16.61530876,326838199,5.96,49.5283012390137
United States,USA,2020,YR2020,1.23358439630629,64411.3731779373,18.8132534,331526933,2.72,33.4905662536621
United States,USA,2022,YR2022,8.00279982052121,78035.1753604212,16.49613953,333271411,2.48,35.3773574829102
United States,USA,2024,YR2024,2.94952520485207,..,..,..,..,..
Uruguay,URY,1960,YR1960,38.5040374002647,491.031760304596,..,2529957,..,..
Uruguay,URY,1962,YR1962,10.9074243811899,659.393716891716,..,2593298,..,..
Uruguay,URY,1964,YR1964,42.3694157015186,744.654270146069,..,2653180,..,..
Uruguay,URY,1966,YR1966,73.4626932061085,668.17637665776,..,2707646,..,..
Uruguay,URY,1968,YR1968,125.336991126492,578.548868536136,..,2754606,..,..
Uruguay,URY,1970,YR1970,16.3061449435998,765.763011986694,..,2790807,..,..
Uruguay,URY,1972,YR1972,76.4849237828812,775.937251050835,..,2821644,..,..
Uruguay,URY,1974,YR1974,77.213413779201,1433.17797475063,..,2853944,..,..
Uruguay,URY,1976,YR1976,50.623049560462,1268.30303240921,..,2891392,..,..
Uruguay,URY,1978,YR1978,44.5483436672392,1678.30925622568,..,2925715,..,..
Uruguay,URY,1980,YR1980,63.4758304314673,3442.81230620351,..,2951953,..,..
Uruguay,URY,1982,YR1982,18.9925012952182,3084.79407002174,..,2975492,..,..
Uruguay,URY,1984,YR1984,55.3044235418763,1615.40647277136,..,3002488,..,..
Uruguay,URY,1986,YR1986,76.3806364119544,1938.8108486947,..,3032845,..,..
Uruguay,URY,1988,YR1988,62.1919564596004,2677.19777690993,..,3067961,..,..
Uruguay,URY,1990,YR1990,112.525905573023,2995.36105663465,..,3104403,..,..
Uruguay,URY,1992,YR1992,68.4591938395374,4101.71054155291,..,3139702,7.98,..
Uruguay,URY,1994,YR1994,44.7360421521933,5507.56481300056,..,3172834,..,..
Uruguay,URY,1996,YR1996,28.3420486004309,6398.43575184095,..,3206324,10.71,47.3404273986816
Uruguay,URY,1998,YR1998,10.8110703055616,7836.89183322307,..,3239280,13.07,53.7234039306641
Uruguay,URY,2000,YR2000,4.76382472733251,6987.70098766257,9.17182446,3266206,9.27,61.375659942627
Uruguay,URY,2002,YR2002,13.9724725913515,4149.76140312687,9.64023018,3278867,11.46,57.1428565979004
Uruguay,URY,2004,YR2004,9.15760507540997,4168.66065438387,8.26618195,3283148,7.12,48.5436897277832
Uruguay,URY,2006,YR2006,6.39764974385131,6001.33294783172,7.70998907,3289506,5.62,59.4202880859375
Uruguay,URY,2008,YR2008,7.87707374730888,9423.96562595893,8.09081745,3302177,5.71,57.6923065185547
Uruguay,URY,2010,YR2010,6.69870886978132,12641.0576849008,7.87757301,3318580,5.89,60.1895751953125
Uruguay,URY,2012,YR2012,8.09776580573602,16259.5940814256,8.03330803,3335401,6.29,57.8199043273926
Uruguay,URY,2014,YR2014,8.87735333229828,18322.4276767157,8.038908,3356334,6.38,68.0952377319336
Uruguay,URY,2016,YR2016,9.6394134763508,17009.7586944503,8.63850975,3379283,6.8,70.476188659668
Uruguay,URY,2018,YR2018,7.60653360377047,19249.9401532664,8.90014267,3394534,6.9,67.4528274536133
Uruguay,URY,2020,YR2020,9.75640636078194,15789.6857422214,9.06924915,3398968,6.86,68.8679275512695
Uruguay,URY,2022,YR2022,9.10437983075437,20691.9738991763,8.94532204,3390913,6.58,69.8113174438477
Uruguay,URY,2024,YR2024,4.84914366613156,..,..,..,..,..
Uzbekistan,UZB,1960,YR1960,..,..,..,8209109,..,..
Uzbekistan,UZB,1962,YR1962,..,..,..,8854368,..,..
Uzbekistan,UZB,1964,YR1964,..,..,..,9557611,..,..
Uzbekistan,UZB,1966,YR1966,..,..,..,10289294,..,..
Uzbekistan,UZB,1968,YR1968,..,..,..,11032155,..,..
Uzbekistan,UZB,1970,YR1970,..,..,..,11762638,..,..
Uzbekistan,UZB,1972,YR1972,..,..,..,12465106,..,..
Uzbekistan,UZB,1974,YR1974,..,..,..,13209011,..,..
Uzbekistan,UZB,1976,YR1976,..,..,..,13998620,..,..
Uzbekistan,UZB,1978,YR1978,..,..,..,14816349,..,..
Uzbekistan,UZB,1980,YR1980,..,..,..,15619936,..,..
Uzbekistan,UZB,1982,YR1982,..,..,..,16462736,..,..
Uzbekistan,UZB,1984,YR1984,..,..,..,17378846,..,..
Uzbekistan,UZB,1986,YR1986,..,..,..,18395621,..,..
Uzbekistan,UZB,1988,YR1988,..,550.999615085024,..,19460630,..,..
Uzbekistan,UZB,1990,YR1990,..,652.9376529256,..,20464956,..,..
Uzbekistan,UZB,1992,YR1992,..,602.920525827048,..,21485090,..,..
Uzbekistan,UZB,1994,YR1994,..,574.229079896619,..,22463291,..,..
Uzbekistan,UZB,1996,YR1996,..,597.33228695111,..,23351981,..,9.04255294799805
Uzbekistan,UZB,1998,YR1998,..,621.048904301242,..,24134929,..,10.1063833236694
Uzbekistan,UZB,2000,YR2000,..,555.149231099186,5.13293362,24787054,..,1.58730161190033
Uzbekistan,UZB,2002,YR2002,..,381.409296889283,5.14164925,25399980,..,7.40740728378296
Uzbekistan,UZB,2004,YR2004,..,462.171492867885,4.84063768,26029350,..,3.88349509239197
Uzbekistan,UZB,2006,YR2006,..,649.118167003925,4.75141335,26699043,12.08,0.966183602809906
Uzbekistan,UZB,2008,YR2008,..,1074.72928796701,4.70447445,27494774,12.77,8.65384578704834
Uzbekistan,UZB,2010,YR2010,..,1753.20730243278,5.29938841,28385506,..,13.2701425552368
Uzbekistan,UZB,2012,YR2012,13.2088026688373,2307.34649117185,5.54822111,29261903,12.11,18.9573459625244
Uzbekistan,UZB,2014,YR2014,9.28309356162695,2674.9628382103,4.43092394,30222994,12.53,24.2857151031494
Uzbekistan,UZB,2016,YR2016,8.130886695236,2753.37951427589,4.71504498,31284568,..,23.3333339691162
Uzbekistan,UZB,2018,YR2018,17.5241796514055,1813.08530813664,5.05427122,32373490,..,22.6415100097656
Uzbekistan,UZB,2020,YR2020,12.8677297362606,1978.28051860763,6.71439123,33586372,7.22,18.3962268829346
Uzbekistan,UZB,2022,YR2022,11.4466436998836,2578.66689394219,7.36325455,34938955,..,25
Uzbekistan,UZB,2024,YR2024,9.62825465956682,..,..,..,..,..
Vanuatu,VUT,1960,YR1960,..,..,..,64431,..,..
Vanuatu,VUT,1962,YR1962,..,..,..,68174,..,..
Vanuatu,VUT,1964,YR1964,..,..,..,72219,..,..
Vanuatu,VUT,1966,YR1966,..,..,..,76590,..,..
Vanuatu,VUT,1968,YR1968,..,..,..,81314,..,..
Vanuatu,VUT,1970,YR1970,..,..,..,86266,..,..
Vanuatu,VUT,1972,YR1972,..,..,..,91562,..,..
Vanuatu,VUT,1974,YR1974,..,..,..,97260,..,..
Vanuatu,VUT,1976,YR1976,..,..,..,103388,..,..
Vanuatu,VUT,1978,YR1978,6.4137931034485,..,..,109963,..,..
Vanuatu,VUT,1980,YR1980,11.2401493156364,1047.77362587983,..,115660,..,..
Vanuatu,VUT,1982,YR1982,6.67254556143448,946.023154648384,..,121035,..,..
Vanuatu,VUT,1984,YR1984,5.5164001084304,1136.68202384045,..,127109,..,..
Vanuatu,VUT,1986,YR1986,4.76614133197763,945.998619022206,..,133720,..,..
Vanuatu,VUT,1988,YR1988,8.76023037284009,1125.00616977712,..,140756,..,..
Vanuatu,VUT,1990,YR1990,4.7594412829797,1140.59020311724,..,148063,..,..
Vanuatu,VUT,1992,YR1992,4.0584415584416,1343.68942861831,..,155608,..,..
Vanuatu,VUT,1994,YR1994,2.30256079190869,1430.99367776483,..,163314,..,..
Vanuatu,VUT,1996,YR1996,0.906344410876219,1529.27573115021,..,170911,..,47.8723411560059
Vanuatu,VUT,1998,YR1998,3.28215987294863,1470.97189048658,..,178313,..,52.1276588439941
Vanuatu,VUT,2000,YR2000,2.53768844221106,1460.23817692229,3.30683255,186281,..,57.6719589233398
Vanuatu,VUT,2002,YR2002,1.96356754199195,1340.71537528287,3.90437746,195863,27.92,48.1481475830078
Vanuatu,VUT,2004,YR2004,1.41891891891893,1774.31867585894,3.53991532,205711,25.4,46.1165046691895
Vanuatu,VUT,2006,YR2006,2.04081632653062,2034.79289624351,3.32189322,215923,29.04,68.1159439086914
Vanuatu,VUT,2008,YR2008,4.84171322160149,2603.60883136724,3.13810205,226896,27.26,67.3076934814453
Vanuatu,VUT,2010,YR2010,2.76269469477348,2815.18828985779,3.52656102,238248,..,71.5639801025391
Vanuatu,VUT,2012,YR2012,1.34740362877658,3004.78416664293,3.9356277,248883,19.32,69.1943130493164
Vanuatu,VUT,2014,YR2014,0.798863838097023,2967.70667006774,3.64668846,260240,..,53.8095245361328
Vanuatu,VUT,2016,YR2016,0.842069084035061,2869.9996909076,3.07873988,272087,8.63,47.6190490722656
Vanuatu,VUT,2018,YR2018,2.33096379566866,3206.68930842127,3.44045591,285259,..,57.0754699707031
Vanuatu,VUT,2020,YR2020,5.32935073101715,3042.98711598286,4.12128973,298858,19.1,58.4905662536621
Vanuatu,VUT,2022,YR2022,6.67930581887121,3265.39645133096,4.14742947,313046,19.06,63.6792449951172
Vanuatu,VUT,2024,YR2024,..,..,..,..,..,..
"Venezuela, RB",VEN,1960,YR1960,..,939.19776657754,..,8160090,..,..
"Venezuela, RB",VEN,1962,YR1962,..,1006.55940812318,..,8756870,..,..
"Venezuela, RB",VEN,1964,YR1964,..,873.604754880876,..,9377712,..,..
"Venezuela, RB",VEN,1966,YR1966,..,875.956231715029,..,10024854,..,..
"Venezuela, RB",VEN,1968,YR1968,..,938.015078662499,..,10697530,..,..
"Venezuela, RB",VEN,1970,YR1970,..,1015.21990755986,..,11387790,..,..
"Venezuela, RB",VEN,1972,YR1972,..,1155.26236263344,..,12099180,..,..
"Venezuela, RB",VEN,1974,YR1974,..,2033.51900797712,..,12835351,..,..
"Venezuela, RB",VEN,1976,YR1976,..,2309.19293494983,..,13606284,..,..
"Venezuela, RB",VEN,1978,YR1978,..,2727.13746585327,..,14416684,..,..
"Venezuela, RB",VEN,1980,YR1980,..,3874.40470623155,..,15258218,..,..
"Venezuela, RB",VEN,1982,YR1982,..,4201.54283466342,..,16121874,..,..
"Venezuela, RB",VEN,1984,YR1984,..,3519.80146489308,..,17008841,..,..
"Venezuela, RB",VEN,1986,YR1986,..,3376.34960597843,..,17923536,..,..
"Venezuela, RB",VEN,1988,YR1988,..,3191.47633742656,..,18871020,..,..
"Venezuela, RB",VEN,1990,YR1990,..,2451.5523114567,..,19827010,..,..
"Venezuela, RB",VEN,1992,YR1992,..,2907.30334439434,..,20780948,16.25,..
"Venezuela, RB",VEN,1994,YR1994,..,2688.98325145295,..,21725188,..,..
"Venezuela, RB",VEN,1996,YR1996,..,3112.825848106,..,22662113,..,11.702127456665
"Venezuela, RB",VEN,1998,YR1998,..,3869.98258848894,..,23601337,13.7,14.8936166763306
"Venezuela, RB",VEN,2000,YR2000,..,4776.2816763938,..,24526708,13.5,12.1693124771118
"Venezuela, RB",VEN,2002,YR2002,..,3652.09896501865,..,25435671,13.84,3.70370364189148
"Venezuela, RB",VEN,2004,YR2004,..,4269.08970872392,..,26340838,12.36,4.36893224716187
"Venezuela, RB",VEN,2006,YR2006,..,6739.38065342219,..,27224686,10.77,7.72946882247925
"Venezuela, RB",VEN,2008,YR2008,..,11262.4514256759,..,28053696,11.7,8.65384578704834
"Venezuela, RB",VEN,2010,YR2010,28.1874647092039,13646.3046622664,..,28813101,12.21,5.21327018737793
"Venezuela, RB",VEN,2012,YR2012,21.0689956331876,12901.4171582274,..,29553826,11.49,8.05687236785889
"Venezuela, RB",VEN,2014,YR2014,62.1686499794829,15943.6127197163,..,30254079,10.94,10
"Venezuela, RB",VEN,2016,YR2016,254.948534781816,..,..,30765720,11.16,9.5238094329834
"Venezuela, RB",VEN,2018,YR2018,..,..,2.41691327,29807592,9.45,6.60377359390259
"Venezuela, RB",VEN,2020,YR2020,..,..,4.11615229,28444077,13.36,4.24528312683105
"Venezuela, RB",VEN,2022,YR2022,..,..,4.55047369,28213017,11.05,8.49056625366211
"Venezuela, RB",VEN,2024,YR2024,..,..,..,..,..,..
Viet Nam,VNM,1960,YR1960,..,..,..,32531933,..,..
Viet Nam,VNM,1962,YR1962,..,..,..,34288560,..,..
Viet Nam,VNM,1964,YR1964,..,..,..,36201563,..,..
Viet Nam,VNM,1966,YR1966,..,..,..,38024836,..,..
Viet Nam,VNM,1968,YR1968,..,..,..,39734609,..,..
Viet Nam,VNM,1970,YR1970,..,..,..,41475230,..,..
Viet Nam,VNM,1972,YR1972,..,..,..,43429168,..,..
Viet Nam,VNM,1974,YR1974,..,..,..,45413537,..,..
Viet Nam,VNM,1976,YR1976,..,..,..,47684931,..,..
Viet Nam,VNM,1978,YR1978,..,..,..,50249552,..,..
Viet Nam,VNM,1980,YR1980,..,..,..,52490101,..,..
Viet Nam,VNM,1982,YR1982,..,..,..,55011289,..,..
Viet Nam,VNM,1984,YR1984,..,..,..,57706067,..,..
Viet Nam,VNM,1986,YR1986,..,436.419296772225,..,60347048,..,..
Viet Nam,VNM,1988,YR1988,..,404.559305078888,..,62843228,..,..
Viet Nam,VNM,1990,YR1990,..,98.7983370311401,..,65504552,..,..
Viet Nam,VNM,1992,YR1992,..,144.549392371677,..,68260337,..,..
Viet Nam,VNM,1994,YR1994,..,229.857787265757,..,70854391,12.17,..
Viet Nam,VNM,1996,YR1996,5.67499999999994,337.051231790277,..,73156447,..,44.680850982666
Viet Nam,VNM,1998,YR1998,7.2661980440096,361.350928411167,..,75299660,..,35.1063842773438
Viet Nam,VNM,2000,YR2000,-1.71033727851109,404.029784055118,4.10752726,77154011,..,40.2116394042969
Viet Nam,VNM,2002,YR2002,3.83082838168467,445.132861817313,3.87075853,78772224,16.26,42.3280410766602
Viet Nam,VNM,2004,YR2004,7.75494748709601,565.452284586212,4.08791971,80338971,15.97,34.4660186767578
Viet Nam,VNM,2006,YR2006,7.41801715108463,807.756645117054,4.56979847,82167897,15.24,45.4106292724609
Viet Nam,VNM,2008,YR2008,23.1154483474477,1163.83195772873,4.36028337,85175788,10.77,36.0576934814453
Viet Nam,VNM,2010,YR2010,9.20746648778413,1683.16182443979,5.07146072,87455152,8.64,36.0189590454102
Viet Nam,VNM,2012,YR2012,9.09470339557192,2185.11767654291,5.00178242,89510356,8.42,41.2322273254395
Viet Nam,VNM,2014,YR2014,4.08455446637617,2546.38464459903,4.69078779,91679578,7.99,30.9523811340332
Viet Nam,VNM,2016,YR2016,2.66824816969082,2735.0604380416,4.86994743,94000117,8.16,41.9047622680664
Viet Nam,VNM,2018,YR2018,3.53962805942641,3222.31003125366,5.02678823,96237319,10.1,35.3773574829102
Viet Nam,VNM,2020,YR2020,3.22093436652514,3534.03953482647,4.33219814,98079191,7.13,33.0188674926758
Viet Nam,VNM,2022,YR2022,3.15650749963129,4116.38576094153,4.58891582,99680655,5.37,30.6603775024414
Viet Nam,VNM,2024,YR2024,3.62109273885843,..,..,..,..,..
Virgin Islands (U.S.),VIR,1960,YR1960,..,..,..,32500,..,..
Virgin Islands (U.S.),VIR,1962,YR1962,..,..,..,35000,..,..
Virgin Islands (U.S.),VIR,1964,YR1964,..,..,..,40800,..,..
Virgin Islands (U.S.),VIR,1966,YR1966,..,..,..,46200,..,..
Virgin Islands (U.S.),VIR,1968,YR1968,..,..,..,55700,..,..
Virgin Islands (U.S.),VIR,1970,YR1970,..,..,..,63476,..,..
Virgin Islands (U.S.),VIR,1972,YR1972,..,..,..,76319,..,..
Virgin Islands (U.S.),VIR,1974,YR1974,..,..,..,89941,..,..
Virgin Islands (U.S.),VIR,1976,YR1976,..,..,..,96166,..,..
Virgin Islands (U.S.),VIR,1978,YR1978,..,..,..,95929,..,..
Virgin Islands (U.S.),VIR,1980,YR1980,..,..,..,99636,..,..
Virgin Islands (U.S.),VIR,1982,YR1982,..,..,..,100068,..,..
Virgin Islands (U.S.),VIR,1984,YR1984,..,..,..,100600,..,..
Virgin Islands (U.S.),VIR,1986,YR1986,..,..,..,100842,..,..
Virgin Islands (U.S.),VIR,1988,YR1988,..,..,..,100952,..,..
Virgin Islands (U.S.),VIR,1990,YR1990,..,..,..,103963,..,..
Virgin Islands (U.S.),VIR,1992,YR1992,..,..,..,105712,..,..
Virgin Islands (U.S.),VIR,1994,YR1994,..,..,..,107318,..,..
Virgin Islands (U.S.),VIR,1996,YR1996,..,..,..,108095,..,..
Virgin Islands (U.S.),VIR,1998,YR1998,..,..,..,108537,..,..
Virgin Islands (U.S.),VIR,2000,YR2000,..,..,..,108642,..,..
Virgin Islands (U.S.),VIR,2002,YR2002,..,30062.0225050457,..,108509,..,..
Virgin Islands (U.S.),VIR,2004,YR2004,..,35006.3614404514,..,108466,..,49.5145645141602
Virgin Islands (U.S.),VIR,2006,YR2006,..,41377.1466009652,..,108369,..,42.0289840698242
Virgin Islands (U.S.),VIR,2008,YR2008,..,39152.3750657306,..,108397,..,42.3076934814453
Virgin Islands (U.S.),VIR,2010,YR2010,..,39905.1284180994,..,108357,..,36.9668235778809
Virgin Islands (U.S.),VIR,2012,YR2012,..,37795.3192590675,..,108188,..,52.1327018737793
Virgin Islands (U.S.),VIR,2014,YR2014,..,33045.3643795999,..,107882,..,70
Virgin Islands (U.S.),VIR,2016,YR2016,..,35324.9748874586,..,107516,..,63.8095245361328
Virgin Islands (U.S.),VIR,2018,YR2018,..,36663.2087550584,..,107001,..,63.2075462341309
Virgin Islands (U.S.),VIR,2020,YR2020,..,39787.3741650202,..,106290,..,62.2641525268555
Virgin Islands (U.S.),VIR,2022,YR2022,..,44320.909185774,..,105413,..,46.698112487793
Virgin Islands (U.S.),VIR,2024,YR2024,..,..,..,..,..,..
West Bank and Gaza,PSE,1960,YR1960,..,..,..,..,..,..
West Bank and Gaza,PSE,1962,YR1962,..,..,..,..,..,..
West Bank and Gaza,PSE,1964,YR1964,..,..,..,..,..,..
West Bank and Gaza,PSE,1966,YR1966,..,..,..,..,..,..
West Bank and Gaza,PSE,1968,YR1968,..,..,..,..,..,..
West Bank and Gaza,PSE,1970,YR1970,..,..,..,..,..,..
West Bank and Gaza,PSE,1972,YR1972,..,..,..,..,..,..
West Bank and Gaza,PSE,1974,YR1974,..,..,..,..,..,..
West Bank and Gaza,PSE,1976,YR1976,..,..,..,..,..,..
West Bank and Gaza,PSE,1978,YR1978,..,..,..,..,..,..
West Bank and Gaza,PSE,1980,YR1980,..,..,..,..,..,..
West Bank and Gaza,PSE,1982,YR1982,..,..,..,..,..,..
West Bank and Gaza,PSE,1984,YR1984,..,..,..,..,..,..
West Bank and Gaza,PSE,1986,YR1986,..,..,..,..,..,..
West Bank and Gaza,PSE,1988,YR1988,..,..,..,..,..,..
West Bank and Gaza,PSE,1990,YR1990,..,..,..,1978248,..,..
West Bank and Gaza,PSE,1992,YR1992,..,..,..,2163591,..,..
West Bank and Gaza,PSE,1994,YR1994,..,1201.58154213882,..,2366298,..,..
West Bank and Gaza,PSE,1996,YR1996,..,1317.46675131385,..,2587997,..,2.12765955924988
West Bank and Gaza,PSE,1998,YR1998,5.57964505838268,1465.04605685868,..,2776568,..,3.72340416908264
West Bank and Gaza,PSE,2000,YR2000,2.79819892435758,1476.17185000238,9.46541214,2922153,..,0.52910053730011
West Bank and Gaza,PSE,2002,YR2002,5.70951585976626,1156.21747345769,11.04674053,3075373,..,0
West Bank and Gaza,PSE,2004,YR2004,3.00417498638593,1422.19088643544,11.37928772,3236626,..,4.36893224716187
West Bank and Gaza,PSE,2006,YR2006,3.84234125624782,1570.10439962728,10.50240231,3406334,..,0.483091801404953
West Bank and Gaza,PSE,2008,YR2008,9.88999788691849,2035.20234121766,10.52610016,3591977,..,0.961538434028625
West Bank and Gaza,PSE,2010,YR2010,3.74915727597096,2557.07562356699,9.10499382,3786161,..,1.42180097103119
West Bank and Gaza,PSE,2012,YR2012,2.77908768282492,3067.43872735614,10.30110455,3979998,..,1.89573454856873
West Bank and Gaza,PSE,2014,YR2014,1.73298510037447,3352.11259506043,9.92015553,4173398,7.33,4.2857141494751
West Bank and Gaza,PSE,2016,YR2016,-0.219106604907316,3527.61382413178,9.0039854,4367088,4.62,2.38095235824585
West Bank and Gaza,PSE,2018,YR2018,-0.195107773730735,3562.33094270256,9.65617657,4569087,..,3.30188679695129
West Bank and Gaza,PSE,2020,YR2020,-0.735332001092191,3233.56863835858,10.27610207,4803269,..,2.35849046707153
West Bank and Gaza,PSE,2022,YR2022,3.74122391852077,3799.95527015163,9.73336029,5043612,..,4.24528312683105
West Bank and Gaza,PSE,2024,YR2024,..,..,..,..,..,..
"Yemen, Rep.",YEM,1960,YR1960,..,..,..,5532301,..,..
"Yemen, Rep.",YEM,1962,YR1962,..,..,..,5782221,..,..
"Yemen, Rep.",YEM,1964,YR1964,..,..,..,6048006,..,..
"Yemen, Rep.",YEM,1966,YR1966,..,..,..,6351494,..,..
"Yemen, Rep.",YEM,1968,YR1968,..,..,..,6690524,..,..
"Yemen, Rep.",YEM,1970,YR1970,..,..,..,7065279,..,..
"Yemen, Rep.",YEM,1972,YR1972,..,..,..,7460068,..,..
"Yemen, Rep.",YEM,1974,YR1974,..,..,..,7896783,..,..
"Yemen, Rep.",YEM,1976,YR1976,..,..,..,8384113,..,..
"Yemen, Rep.",YEM,1978,YR1978,..,..,..,8926586,..,..
"Yemen, Rep.",YEM,1980,YR1980,..,..,..,9543358,..,..
"Yemen, Rep.",YEM,1982,YR1982,..,..,..,10241006,..,..
"Yemen, Rep.",YEM,1984,YR1984,..,..,..,11025597,..,..
"Yemen, Rep.",YEM,1986,YR1986,..,..,..,11901040,..,..
"Yemen, Rep.",YEM,1988,YR1988,..,..,..,12859708,..,..
"Yemen, Rep.",YEM,1990,YR1990,..,910.422465960748,..,13887862,..,..
"Yemen, Rep.",YEM,1992,YR1992,29.4117647058824,1198.13031674085,..,14989494,..,..
"Yemen, Rep.",YEM,1994,YR1994,49.3941553813254,1735.04419543214,..,16149147,..,..
"Yemen, Rep.",YEM,1996,YR1996,30.7337332718043,375.214994663363,..,17313177,..,3.72340416908264
"Yemen, Rep.",YEM,1998,YR1998,5.9765085214186,342.73940747773,..,18446013,..,6.38297891616821
"Yemen, Rep.",YEM,2000,YR2000,4.58999999999981,493.235182634814,4.66606569,19624141,13.99,5.8201060295105
"Yemen, Rep.",YEM,2002,YR2002,12.2385339389711,513.241486570603,4.83237982,20835086,..,3.70370364189148
"Yemen, Rep.",YEM,2004,YR2004,12.5150951495207,627.632023395762,5.5144043,22095167,..,3.39805817604065
"Yemen, Rep.",YEM,2006,YR2006,10.8447986914257,809.713127624703,5.52930164,23543083,9.74,7.24637699127197
"Yemen, Rep.",YEM,2008,YR2008,18.9762574318076,1071.63583282105,5.76191616,25111941,..,1.92307686805725
"Yemen, Rep.",YEM,2010,YR2010,11.1748338605044,1155.20305261418,5.15932894,26754387,..,0
"Yemen, Rep.",YEM,2012,YR2012,9.88538714484871,1245.05068272078,5.19593525,28433647,6.43,0
"Yemen, Rep.",YEM,2014,YR2014,8.10472583623915,1430.16420964026,4.8418045,30226309,..,0
"Yemen, Rep.",YEM,2016,YR2016,..,975.359406696353,4.84506655,32109010,6.22,0
"Yemen, Rep.",YEM,2018,YR2018,..,633.887206000087,5.27201796,34085182,..,0
"Yemen, Rep.",YEM,2020,YR2020,..,559.564672794182,5.77270842,36134863,..,0
"Yemen, Rep.",YEM,2022,YR2022,..,615.70207931388,6.18666697,38222876,..,0
"Yemen, Rep.",YEM,2024,YR2024,..,..,..,..,..,..
Zambia,ZMB,1960,YR1960,..,221.559848922849,..,3153729,..,..
Zambia,ZMB,1962,YR1962,..,202.28103119051,..,3358099,..,..
Zambia,ZMB,1964,YR1964,..,229.979245632097,..,3577017,..,..
Zambia,ZMB,1966,YR1966,..,325.025847276562,..,3812003,..,..
Zambia,ZMB,1968,YR1968,..,387.087288652294,..,4065593,..,..
Zambia,ZMB,1970,YR1970,..,413.904675224945,..,4321718,..,..
Zambia,ZMB,1972,YR1972,..,409.781146356948,..,4569309,..,..
Zambia,ZMB,1974,YR1974,..,601.101371432691,..,4842746,..,..
Zambia,ZMB,1976,YR1976,..,533.231631721853,..,5143842,..,..
Zambia,ZMB,1978,YR1978,..,514.334878626644,..,5465374,..,..
Zambia,ZMB,1980,YR1980,..,669.419722015371,..,5802833,..,..
Zambia,ZMB,1982,YR1982,..,626.532533448195,..,6178637,..,..
Zambia,ZMB,1984,YR1984,..,413.269974271735,..,6580490,..,..
Zambia,ZMB,1986,YR1986,55.8282208588966,238.23379616097,..,6986471,..,..
Zambia,ZMB,1988,YR1988,51.0040160642574,504.486020154114,..,7391440,..,..
Zambia,ZMB,1990,YR1990,107.023809523808,422.336298804219,..,7786169,..,..
Zambia,ZMB,1992,YR1992,165.70652700999,389.254665832226,..,8176680,..,..
Zambia,ZMB,1994,YR1994,54.6013218413016,426.386839387029,..,8576269,..,..
Zambia,ZMB,1996,YR1996,43.0730979982882,399.511304742449,..,9004053,..,21.8085098266602
Zambia,ZMB,1998,YR1998,24.4584563516656,373.084763057408,..,9482408,..,33.5106391906738
Zambia,ZMB,2000,YR2000,26.0304117888121,359.429500988221,4.17365646,10017631,..,30.1587295532227
Zambia,ZMB,2002,YR2002,22.2333446430947,393.864625518616,5.88845205,10647949,25.22,21.6931209564209
Zambia,ZMB,2004,YR2004,17.9677891087286,548.685974566277,5.48490572,11338198,32.66,35.9223289489746
Zambia,ZMB,2006,YR2006,9.01957247226486,1051.71714895686,5.5774231,12129553,30.31,42.512077331543
Zambia,ZMB,2008,YR2008,12.4455793463192,1375.50211006997,4.46690989,13021324,13.12,45.1923065185547
Zambia,ZMB,2010,YR2010,8.50176133365265,1451.10616017155,3.97471905,13965594,9.27,50.7108993530273
Zambia,ZMB,2012,YR2012,6.57589970757698,1710.05061343728,4.04541731,14913629,11.24,56.8720397949219
Zambia,ZMB,2014,YR2014,7.80687553566333,1707.48573136694,3.82924223,15895315,..,38.5714302062988
Zambia,ZMB,2016,YR2016,17.8697300795268,1239.08527877713,4.46923161,16914423,13.33,37.6190490722656
Zambia,ZMB,2018,YR2018,7.4945719272852,1463.89997855593,4.76996708,17973569,12.95,37.2641525268555
Zambia,ZMB,2020,YR2020,15.7330604721369,951.644316655957,6.3067441,19059395,12.97,25.943395614624
Zambia,ZMB,2022,YR2022,10.9932039209136,1447.12310138035,5.25592279,20152938,12.89,39.1509437561035
Zambia,ZMB,2024,YR2024,..,..,..,..,..,..
Zimbabwe,ZWE,1960,YR1960,..,276.419761804321,..,3809389,..,..
Zimbabwe,ZWE,1962,YR1962,..,275.545586136349,..,4055959,..,..
Zimbabwe,ZWE,1964,YR1964,..,281.74451609558,..,4320006,..,..
Zimbabwe,ZWE,1966,YR1966,..,278.567496381935,..,4601217,..,..
Zimbabwe,ZWE,1968,YR1968,..,301.932050999502,..,4900440,..,..
Zimbabwe,ZWE,1970,YR1970,..,361.241549426199,..,5215918,..,..
Zimbabwe,ZWE,1972,YR1972,..,483.131433870792,..,5542445,..,..
Zimbabwe,ZWE,1974,YR1974,..,673.991254378565,..,5908328,..,..
Zimbabwe,ZWE,1976,YR1976,..,686.861759108525,..,6287105,..,..
Zimbabwe,ZWE,1978,YR1978,..,665.018816167003,..,6543575,..,..
Zimbabwe,ZWE,1980,YR1980,..,948.527310925265,..,7041303,..,..
Zimbabwe,ZWE,1982,YR1982,..,1095.32547698351,..,7796496,..,..
Zimbabwe,ZWE,1984,YR1984,..,756.972529782561,..,8391488,..,..
Zimbabwe,ZWE,1986,YR1986,..,692.175865325077,..,8982578,..,..
Zimbabwe,ZWE,1988,YR1988,..,815.476097803069,..,9583094,..,..
Zimbabwe,ZWE,1990,YR1990,..,866.486457266006,..,10137281,..,..
Zimbabwe,ZWE,1992,YR1992,..,630.819531520084,..,10702700,..,..
Zimbabwe,ZWE,1994,YR1994,..,633.733211393793,..,10873148,..,..
Zimbabwe,ZWE,1996,YR1996,..,766.523628920379,..,11158360,35.67,14.8936166763306
Zimbabwe,ZWE,1998,YR1998,..,552.165275738581,..,11594297,21.19,10.638298034668
Zimbabwe,ZWE,2000,YR2000,..,562.556900384332,..,11892055,26.43,4.7619047164917
Zimbabwe,ZWE,2002,YR2002,..,524.677238832055,..,12087653,21.04,1.58730161190033
Zimbabwe,ZWE,2004,YR2004,..,469.484653598898,..,12365896,..,5.33980560302734
Zimbabwe,ZWE,2006,YR2006,..,430.809179322191,..,12636445,..,11.5942029953003
Zimbabwe,ZWE,2008,YR2008,..,340.740182862316,..,12959149,..,9.13461494445801
Zimbabwe,ZWE,2010,YR2010,3.02267002518892,901.554443558321,10.47583866,13356548,21.31,9.00473976135254
Zimbabwe,ZWE,2012,YR2012,3.72532666110646,1238.60109002194,6.91794872,13817887,20.46,14.6919431686401
Zimbabwe,ZWE,2014,YR2014,-0.19778481012661,1372.21278071456,8.13227272,14207359,..,13.3333330154419
Zimbabwe,ZWE,2016,YR2016,-1.54366960054161,1407.41536437554,7.46644735,14600294,7.22,14.7619047164917
Zimbabwe,ZWE,2018,YR2018,10.6188658669575,2271.8533351306,4.65527105,15034452,..,12.7358493804932
Zimbabwe,ZWE,2020,YR2020,557.201817362051,1730.41348946953,2.95440149,15526888,..,10.3773584365845
Zimbabwe,ZWE,2022,YR2022,104.705170628667,2040.55245910726,3.62880659,16069056,..,10.8490562438965
Zimbabwe,ZWE,2024,YR2024,..,..,..,..,..,..
Africa Eastern and Southern,AFE,1960,YR1960,..,186.132431697941,..,130072080,..,..
Africa Eastern and Southern,AFE,1962,YR1962,..,197.408105261528,..,137171659,..,..
Africa Eastern and Southern,AFE,1964,YR1964,..,209.00578597131,..,144904094,..,..
Africa Eastern and Southern,AFE,1966,YR1966,..,240.962193627841,..,153281203,..,..
Africa Eastern and Southern,AFE,1968,YR1968,..,257.197511796759,..,162329396,..,..
Africa Eastern and Southern,AFE,1970,YR1970,..,276.790055875207,..,171984985,..,..
Africa Eastern and Southern,AFE,1972,YR1972,..,311.52801821302,..,182126556,..,..
Africa Eastern and Southern,AFE,1974,YR1974,19.5983935742148,463.563181654117,..,193186642,..,..
Africa Eastern and Southern,AFE,1976,YR1976,11.2164812938294,468.869875746882,..,204802976,..,..
Africa Eastern and Southern,AFE,1978,YR1978,12.52689251464,571.736784460845,..,217074286,..,..
Africa Eastern and Southern,AFE,1980,YR1980,15.0665115372509,773.461798538592,..,230792729,..,..
Africa Eastern and Southern,AFE,1982,YR1982,12.1399176954734,725.749081676939,..,245822010,..,..
Africa Eastern and Southern,AFE,1984,YR1984,10.9838625715774,650.58231423353,..,261458202,..,..
Africa Eastern and Southern,AFE,1986,YR1986,13.8919716455565,578.620672175346,..,277621771,..,..
Africa Eastern and Southern,AFE,1988,YR1988,12.5222580655931,704.486573543585,..,294498625,..,..
Africa Eastern and Southern,AFE,1990,YR1990,12.4579139789566,822.81763829676,..,311748681,..,..
Africa Eastern and Southern,AFE,1992,YR1992,16.1676123963339,733.178346101692,..,329082707,..,..
Africa Eastern and Southern,AFE,1994,YR1994,14.8528149833969,701.041569805609,..,347441809,..,..
Africa Eastern and Southern,AFE,1996,YR1996,9.70658632526504,747.069736338611,..,366138524,..,..
Africa Eastern and Southern,AFE,1998,YR1998,7.49525542305607,697.352692614161,..,385505757,..,..
Africa Eastern and Southern,AFE,2000,YR2000,8.60148514851491,707.120376327506,5.65402710842858,406156661,..,..
Africa Eastern and Southern,AFE,2002,YR2002,8.76375520313543,625.998814954319,5.44229903174101,427820358,..,..
Africa Eastern and Southern,AFE,2004,YR2004,5.02342068616285,981.744630526503,6.1093198259879,450928044,..,..
Africa Eastern and Southern,AFE,2006,YR2006,8.89816380214032,1220.0024682059,5.97289194008616,475606210,..,..
Africa Eastern and Southern,AFE,2008,YR2008,12.5666446595156,1421.11861211069,5.88653784608628,502070763,..,..
Africa Eastern and Southern,AFE,2010,YR2010,5.53753791645677,1601.72774808025,6.44395380832936,530308387,..,..
Africa Eastern and Southern,AFE,2012,YR2012,9.15870843167905,1702.96925758003,6.16748829903162,559609961,..,..
Africa Eastern and Southern,AFE,2014,YR2014,5.37028961008587,1656.10764215035,5.8208276912968,590968990,..,..
Africa Eastern and Southern,AFE,2016,YR2016,6.59650490696543,1329.77782375583,6.06776962394236,623369401,..,..
Africa Eastern and Southern,AFE,2018,YR2018,4.72080474200535,1538.92418773564,5.78917723485759,657801085,..,..
Africa Eastern and Southern,AFE,2020,YR2020,5.40516207933392,1344.08096192004,6.03579178424951,694446100,..,..
Africa Eastern and Southern,AFE,2022,YR2022,10.7737512242899,1628.02452570959,5.72812260424465,731821393,..,..
Africa Eastern and Southern,AFE,2024,YR2024,..,..,..,..,..,..
Africa Western and Central,AFW,1960,YR1960,..,121.938353137505,..,97630925,..,..
Africa Western and Central,AFW,1962,YR1962,..,133.825452442565,..,101854756,..,..
Africa Western and Central,AFW,1964,YR1964,..,148.54773589139,..,106388440,..,..
Africa Western and Central,AFW,1966,YR1966,..,162.109361981884,..,111246953,..,..
Africa Western and Central,AFW,1968,YR1968,..,146.188006265858,..,116444636,..,..
Africa Western and Central,AFW,1970,YR1970,..,218.674868115625,..,122086536,..,..
Africa Western and Central,AFW,1972,YR1972,..,230.071773429019,..,128176494,..,..
Africa Western and Central,AFW,1974,YR1974,..,368.299318249614,..,134911581,..,..
Africa Western and Central,AFW,1976,YR1976,..,480.453251929752,..,142337272,..,..
Africa Western and Central,AFW,1978,YR1978,..,523.787850556313,..,150402616,..,..
Africa Western and Central,AFW,1980,YR1980,..,757.076872476686,..,159166518,..,..
Africa Western and Central,AFW,1982,YR1982,12.0597652081337,1162.13284617137,..,168585118,..,..
Africa Western and Central,AFW,1984,YR1984,11.2499999999997,737.675009574289,..,177880746,..,..
Africa Western and Central,AFW,1986,YR1986,5.9509649994662,581.390712761563,..,187889141,..,..
Africa Western and Central,AFW,1988,YR1988,2.52365930599391,560.380581616461,..,198485027,..,..
Africa Western and Central,AFW,1990,YR1990,1.05736139457209,590.32143846879,..,209566031,..,..
Africa Western and Central,AFW,1992,YR1992,-0.0629990064786939,563.310080449865,..,221191375,..,..
Africa Western and Central,AFW,1994,YR1994,31.8410168416385,577.548741302288,..,233360104,..,..
Africa Western and Central,AFW,1996,YR1996,4.914239726372,1065.68349722024,..,246415446,..,..
Africa Western and Central,AFW,1998,YR1998,4.47112543851098,1137.74449616425,..,260297834,..,..
Africa Western and Central,AFW,2000,YR2000,2.53077516737987,516.932316255791,3.46285171732198,274968446,..,..
Africa Western and Central,AFW,2002,YR2002,3.18869330220589,616.796033062474,3.1404018670836,290841795,..,..
Africa Western and Central,AFW,2004,YR2004,0.694336305945734,834.86129094692,4.27331905934784,307725100,..,..
Africa Western and Central,AFW,2006,YR2006,4.41589984169561,1222.55049775568,4.05200567776432,325663158,..,..
Africa Western and Central,AFW,2008,YR2008,8.45297623326759,1652.18985007053,3.64981594652692,344586109,..,..
Africa Western and Central,AFW,2010,YR2010,1.78484420477113,1647.14984698519,3.52929393937151,364358270,..,..
Africa Western and Central,AFW,2012,YR2012,4.57837463515948,1920.11991168727,3.48257860115421,385360349,..,..
Africa Western and Central,AFW,2014,YR2014,1.76843582146219,2204.99569969979,3.63937504188706,406992047,..,..
Africa Western and Central,AFW,2016,YR2016,1.48741550755546,1616.84319800249,3.83517669339272,429454743,..,..
Africa Western and Central,AFW,2018,YR2018,1.78404994832039,1703.89639222804,3.30282979875446,452195915,..,..
Africa Western and Central,AFW,2020,YR2020,2.49037783931944,1664.24917643553,3.89147693731176,474569351,..,..
Africa Western and Central,AFW,2022,YR2022,7.94925143524016,1777.23501216669,4.21020587351535,497387180,..,..
Africa Western and Central,AFW,2024,YR2024,..,..,..,..,..,..
Arab World,ARB,1960,YR1960,..,..,..,91540853,..,..
Arab World,ARB,1962,YR1962,..,210.805413565609,..,96428599,..,..
Arab World,ARB,1964,YR1964,..,243.89743062669,..,101729760,..,..
Arab World,ARB,1966,YR1966,..,263.950839306074,..,107403055,..,..
Arab World,ARB,1968,YR1968,..,307.53680094407,..,113712171,..,..
Arab World,ARB,1970,YR1970,..,357.694745003861,..,120469263,..,..
Arab World,ARB,1972,YR1972,..,470.195593028006,..,127535560,..,..
Arab World,ARB,1974,YR1974,15.5282817502668,1124.96681728193,..,135282861,..,..
Arab World,ARB,1976,YR1976,10.3174158877413,1458.14400589238,..,144014135,..,..
Arab World,ARB,1978,YR1978,9.7160327495434,1728.20571012122,..,153568663,..,..
Arab World,ARB,1980,YR1980,9.62605664613178,2954.04919644694,..,164657321,..,..
Arab World,ARB,1982,YR1982,8.33125575581156,2640.58578642121,..,175370356,..,..
Arab World,ARB,1984,YR1984,8.116397955171,2357.26890873161,..,186733957,..,..
Arab World,ARB,1986,YR1986,6.79885844748846,2042.58558471516,..,198509771,..,..
Arab World,ARB,1988,YR1988,5.91154496373489,2042.05761626285,..,210269696,..,..
Arab World,ARB,1990,YR1990,8.45146240803882,2875.25714161315,..,223184294,..,..
Arab World,ARB,1992,YR1992,9.35975158953135,1996.3775644694,..,234321565,..,..
Arab World,ARB,1994,YR1994,5.11259890444314,2018.68579956117,..,247626514,..,..
Arab World,ARB,1996,YR1996,4.68130623916413,2193.87330891973,..,260229121,..,..
Arab World,ARB,1998,YR1998,3.417319489758,2192.61188801001,..,273094199,..,..
Arab World,ARB,2000,YR2000,1.85379035325277,2664.16579571488,3.94299194575978,286548096,..,..
Arab World,ARB,2002,YR2002,1.83299389002049,2483.10723424941,4.20209257708773,300691509,..,..
Arab World,ARB,2004,YR2004,3.63228004956625,3133.73687664723,3.73218751833482,315060277,..,..
Arab World,ARB,2006,YR2006,3.54498591605033,4355.08762186879,3.42930672507251,330526310,..,..
Arab World,ARB,2008,YR2008,11.2706652380848,6091.93206445673,3.37084065989711,347684619,..,..
Arab World,ARB,2010,YR2010,3.91106195534028,5928.30479005386,3.89077745600679,363568534,..,..
Arab World,ARB,2012,YR2012,4.6118443220664,7336.19770815465,3.90396211077949,381030177,..,..
Arab World,ARB,2014,YR2014,2.77351613126123,7259.93672933779,4.48412535103618,400231008,..,..
Arab World,ARB,2016,YR2016,2.6765917009819,5957.05983659325,5.25069650348909,419808341,..,..
Arab World,ARB,2018,YR2018,2.45814158007532,6576.51663083912,4.84275014909436,435998060,..,..
Arab World,ARB,2020,YR2020,1.61222220402456,5648.34111789395,5.69990853088603,453723239,..,..
Arab World,ARB,2022,YR2022,5.08754200853911,7658.40646973315,4.44342494235972,471352066,..,..
Arab World,ARB,2024,YR2024,..,..,..,..,..,..
Caribbean small states,CSS,1960,YR1960,..,374.19428482363,..,1713405,..,..
Caribbean small states,CSS,1962,YR1962,..,419.333927352668,..,1789993,..,..
Caribbean small states,CSS,1964,YR1964,..,453.817323068379,..,1871841,..,..
Caribbean small states,CSS,1966,YR1966,..,546.910594598116,..,1951498,..,..
Caribbean small states,CSS,1968,YR1968,..,619.124433208453,..,2033780,..,..
Caribbean small states,CSS,1970,YR1970,..,707.631517614218,..,2112837,..,..
Caribbean small states,CSS,1972,YR1972,..,782.556396911746,..,2170696,..,..
Caribbean small states,CSS,1974,YR1974,..,993.482950325786,..,2202042,..,..
Caribbean small states,CSS,1976,YR1976,9.86932893848346,1102.54077575816,..,2230099,..,..
Caribbean small states,CSS,1978,YR1978,8.82352941179666,1430.76360510469,..,2255006,..,..
Caribbean small states,CSS,1980,YR1980,17.2074750037358,2037.68006615529,..,2277343,..,..
Caribbean small states,CSS,1982,YR1982,6.83903252716288,2237.2337270166,..,2302968,..,..
Caribbean small states,CSS,1984,YR1984,3.38289962863707,2546.5262477488,..,2329434,..,..
Caribbean small states,CSS,1986,YR1986,1.33006845161916,2961.38263637648,..,2356746,..,..
Caribbean small states,CSS,1988,YR1988,3.13888888888894,3465.09389652402,..,2380540,..,..
Caribbean small states,CSS,1990,YR1990,4.01098407755617,3540.01544956295,..,2402741,..,..
Caribbean small states,CSS,1992,YR1992,5.13889779944828,3615.79433285632,..,2434849,..,..
Caribbean small states,CSS,1994,YR1994,1.44226958804943,3975.75813576956,..,2475465,..,..
Caribbean small states,CSS,1996,YR1996,2.05946278648451,4423.16924159027,..,2528256,..,..
Caribbean small states,CSS,1998,YR1998,2.1688344865299,6038.83730334883,..,2583369,..,..
Caribbean small states,CSS,2000,YR2000,2.18181818181821,6626.89515219893,4.31973590521483,2636455,..,..
Caribbean small states,CSS,2002,YR2002,2.04109102620208,6957.1548298183,4.4631054391021,2686785,..,..
Caribbean small states,CSS,2004,YR2004,2.31455462238093,7417.59119516605,4.7949795389203,2735189,..,..
Caribbean small states,CSS,2006,YR2006,2.74067516070673,9344.43164221982,4.84084817747078,2774985,..,..
Caribbean small states,CSS,2008,YR2008,6.39443100250034,10440.0932891398,5.00524483645487,2816379,..,..
Caribbean small states,CSS,2010,YR2010,3.25034409180129,10638.1693872311,5.25113068933577,2855621,..,..
Caribbean small states,CSS,2012,YR2012,2.41077704021862,11305.6061869965,5.2814532442815,2893251,..,..
Caribbean small states,CSS,2014,YR2014,1.08944157435355,11603.9405523069,5.29257679782045,2941203,..,..
Caribbean small states,CSS,2016,YR2016,0.141816225732312,11358.7030845165,5.43763625350851,2987438,..,..
Caribbean small states,CSS,2018,YR2018,1.24500040905268,12047.8528111635,5.661169181778,3048465,..,..
Caribbean small states,CSS,2020,YR2020,-0.294805105674599,10270.790474345,6.58939789962679,3092577,..,..
Caribbean small states,CSS,2022,YR2022,6.19597434778739,15564.5576210508,5.23738820925903,3131505,..,..
Caribbean small states,CSS,2024,YR2024,..,..,..,..,..,..
Central Europe and the Baltics,CEB,1960,YR1960,..,..,..,91401764,..,..
Central Europe and the Baltics,CEB,1962,YR1962,..,..,..,93009498,..,..
Central Europe and the Baltics,CEB,1964,YR1964,..,..,..,94715795,..,..
Central Europe and the Baltics,CEB,1966,YR1966,..,..,..,96146336,..,..
Central Europe and the Baltics,CEB,1968,YR1968,..,..,..,97884022,..,..
Central Europe and the Baltics,CEB,1970,YR1970,..,..,..,99134548,..,..
Central Europe and the Baltics,CEB,1972,YR1972,..,..,..,100357161,..,..
Central Europe and the Baltics,CEB,1974,YR1974,..,..,..,101939916,..,..
Central Europe and the Baltics,CEB,1976,YR1976,..,..,..,103776068,..,..
Central Europe and the Baltics,CEB,1978,YR1978,..,..,..,105329397,..,..
Central Europe and the Baltics,CEB,1980,YR1980,..,..,..,106541316,..,..
Central Europe and the Baltics,CEB,1982,YR1982,..,..,..,107730380,..,..
Central Europe and the Baltics,CEB,1984,YR1984,..,..,..,108838073,..,..
Central Europe and the Baltics,CEB,1986,YR1986,..,..,..,109824166,..,..
Central Europe and the Baltics,CEB,1988,YR1988,..,..,..,110686740,..,..
Central Europe and the Baltics,CEB,1990,YR1990,..,2456.15936108319,..,110743128,..,..
Central Europe and the Baltics,CEB,1992,YR1992,150.615831956876,2332.2457967338,..,110111454,..,..
Central Europe and the Baltics,CEB,1994,YR1994,35.9247053929642,2804.19192564558,..,110021594,..,..
Central Europe and the Baltics,CEB,1996,YR1996,19.7949669196707,3806.96502010381,..,109626194,..,..
Central Europe and the Baltics,CEB,1998,YR1998,8.20833333333298,4117.28929638001,..,109238340,..,..
Central Europe and the Baltics,CEB,2000,YR2000,8.91174418658769,3959.09429252347,5.70134274826165,108447824,..,..
Central Europe and the Baltics,CEB,2002,YR2002,3.12714222984608,4941.08494540774,6.15102996533679,106959751,..,..
Central Europe and the Baltics,CEB,2004,YR2004,3.59297594249509,7181.26214567993,6.35076124931146,106331716,..,..
Central Europe and the Baltics,CEB,2006,YR2006,3.93032603841001,9467.80237635982,6.21583760456701,105772481,..,..
Central Europe and the Baltics,CEB,2008,YR2008,6.35866380152373,14574.6727793682,6.37095209419443,105001883,..,..
Central Europe and the Baltics,CEB,2010,YR2010,1.80117022137134,12639.1540363705,6.88792692454274,104421447,..,..
Central Europe and the Baltics,CEB,2012,YR2012,3.33492267693442,13107.500121516,6.60901719488815,103928128,..,..
Central Europe and the Baltics,CEB,2014,YR2014,0.0538213132399802,14183.715484494,6.59199610778382,103459388,..,..
Central Europe and the Baltics,CEB,2016,YR2016,-0.054999541670474,12836.5666338962,6.66918941493535,102926796,..,..
Central Europe and the Baltics,CEB,2018,YR2018,2.53445424186598,16181.6073703684,6.54942361652781,102439383,..,..
Central Europe and the Baltics,CEB,2020,YR2020,1.67244096855756,16450.8775088615,7.25489489440356,102046650,..,..
Central Europe and the Baltics,CEB,2022,YR2022,14.6081439492433,19502.8169309088,7.02767810909625,100289401,..,..
Central Europe and the Baltics,CEB,2024,YR2024,..,..,..,..,..,..
Early-demographic dividend,EAR,1960,YR1960,..,156.266955584466,..,968909356,..,..
Early-demographic dividend,EAR,1962,YR1962,..,162.468040311836,..,1020130725,..,..
Early-demographic dividend,EAR,1964,YR1964,..,187.770286717359,..,1074021283,..,..
Early-demographic dividend,EAR,1966,YR1966,4.47981069723109,192.041289099658,..,1128474732,..,..
Early-demographic dividend,EAR,1968,YR1968,2.07922185813623,210.331840282802,..,1185936827,..,..
Early-demographic dividend,EAR,1970,YR1970,3.8126649076679,238.119716725613,..,1245960808,..,..
Early-demographic dividend,EAR,1972,YR1972,6.07499999951511,269.687412033342,..,1307009646,..,..
Early-demographic dividend,EAR,1974,YR1974,19.0704733006475,460.54264065527,..,1373219822,..,..
Early-demographic dividend,EAR,1976,YR1976,10.1220840734224,512.710496425838,..,1442753987,..,..
Early-demographic dividend,EAR,1978,YR1978,9.31418369560824,624.201707508335,..,1514572817,..,..
Early-demographic dividend,EAR,1980,YR1980,14.6845027763768,868.83128651188,..,1591961664,..,..
Early-demographic dividend,EAR,1982,YR1982,10.2217271376892,871.000091930551,..,1677532811,..,..
Early-demographic dividend,EAR,1984,YR1984,8.4973714128198,847.20138344553,..,1765269111,..,..
Early-demographic dividend,EAR,1986,YR1986,10.0017155606022,807.883048499016,..,1855391159,..,..
Early-demographic dividend,EAR,1988,YR1988,8.98300338208989,825.228788990051,..,1947928955,..,..
Early-demographic dividend,EAR,1990,YR1990,11.9060546010382,937.51516797502,..,2044241467,..,..
Early-demographic dividend,EAR,1992,YR1992,10.5274440119592,1032.62874090961,..,2138854231,..,..
Early-demographic dividend,EAR,1994,YR1994,9.59324963960295,1122.83231577472,..,2228719169,..,..
Early-demographic dividend,EAR,1996,YR1996,8.51995195925336,1192.27249331656,..,2321284245,..,..
Early-demographic dividend,EAR,1998,YR1998,6.420732429713,1209.04634665798,..,2416119734,..,..
Early-demographic dividend,EAR,2000,YR2000,3.89952980284712,1345.96096692962,4.67181653895439,2509431470,..,..
Early-demographic dividend,EAR,2002,YR2002,4.24026660688645,1251.00892977928,4.63643758243655,2601917557,..,..
Early-demographic dividend,EAR,2004,YR2004,4.43526108410782,1562.59429997932,4.75324861676116,2693184997,..,..
Early-demographic dividend,EAR,2006,YR2006,5.68713772607966,2010.14276000475,4.679407532205,2784726644,..,..
Early-demographic dividend,EAR,2008,YR2008,10.4469875128222,2592.62529453225,4.6450374590396,2875943965,..,..
Early-demographic dividend,EAR,2010,YR2010,4.3974138315007,2936.70530854625,4.8062012809297,2967104472,..,..
Early-demographic dividend,EAR,2012,YR2012,5.01827254237431,3356.98183201305,4.84527818901434,3058869436,..,..
Early-demographic dividend,EAR,2014,YR2014,4.07392957476225,3424.5502589261,4.93255085062655,3146800078,..,..
Early-demographic dividend,EAR,2016,YR2016,3.52317317628473,3262.32001806648,5.02543383137267,3233033717,..,..
Early-demographic dividend,EAR,2018,YR2018,3.95721831216162,3503.21320137921,4.69163242983028,3314245247,..,..
Early-demographic dividend,EAR,2020,YR2020,2.95192253170018,3240.95150218079,5.04330483642426,3396051187,..,..
Early-demographic dividend,EAR,2022,YR2022,7.11924444078175,4076.36749050073,4.70561118655279,3470644834,..,..
Early-demographic dividend,EAR,2024,YR2024,..,..,..,..,..,..
East Asia & Pacific,EAS,1960,YR1960,..,150.69074578497,..,1042838451,..,..
East Asia & Pacific,EAS,1962,YR1962,..,153.068988362493,..,1059216594,..,..
East Asia & Pacific,EAS,1964,YR1964,..,187.064243110408,..,1110651177,..,..
East Asia & Pacific,EAS,1966,YR1966,..,221.879311298116,..,1166223463,..,..
East Asia & Pacific,EAS,1968,YR1968,..,253.749128440512,..,1224396287,..,..
East Asia & Pacific,EAS,1970,YR1970,..,320.181147755577,..,1288720409,..,..
East Asia & Pacific,EAS,1972,YR1972,..,420.982627317821,..,1354227576,..,..
East Asia & Pacific,EAS,1974,YR1974,..,613.398078785818,..,1413495985,..,..
East Asia & Pacific,EAS,1976,YR1976,..,713.045148279765,..,1463746788,..,..
East Asia & Pacific,EAS,1978,YR1978,..,1041.17459478197,..,1509072365,..,..
East Asia & Pacific,EAS,1980,YR1980,..,1187.09169629734,..,1555055134,..,..
East Asia & Pacific,EAS,1982,YR1982,..,1241.27334063696,..,1604459614,..,..
East Asia & Pacific,EAS,1984,YR1984,..,1369.83907932581,..,1655262815,..,..
East Asia & Pacific,EAS,1986,YR1986,..,1831.20150934555,..,1706848193,..,..
East Asia & Pacific,EAS,1988,YR1988,7.8873239436618,2502.0586471592,..,1762935833,..,..
East Asia & Pacific,EAS,1990,YR1990,7.81919144730547,2637.0605726047,..,1817735540,..,..
East Asia & Pacific,EAS,1992,YR1992,6.21328146355184,3167.01690736406,..,1869074614,..,..
East Asia & Pacific,EAS,1994,YR1994,5.64990893945513,3862.94716749345,..,1917389243,..,..
East Asia & Pacific,EAS,1996,YR1996,5.52480986015136,4124.5564114836,..,1964830092,..,..
East Asia & Pacific,EAS,1998,YR1998,5.49101180380943,3448.60461976565,..,2010443502,..,..
East Asia & Pacific,EAS,2000,YR2000,1.59196917460972,4086.5181236253,6.10461480584661,2050149617,..,..
East Asia & Pacific,EAS,2002,YR2002,1.88572000240366,3793.34541491271,6.10575380367465,2086144389,..,..
East Asia & Pacific,EAS,2004,YR2004,3.23751394003321,4606.36838279497,6.20367258552082,2118747885,..,..
East Asia & Pacific,EAS,2006,YR2006,3.93616259929866,5131.87299138217,5.96739480560849,2150688938,..,..
East Asia & Pacific,EAS,2008,YR2008,8.34208634920956,6514.16831583065,5.89874118835919,2183472438,..,..
East Asia & Pacific,EAS,2010,YR2010,3.05730563962442,7712.66504492202,6.28286650324666,2214613815,..,..
East Asia & Pacific,EAS,2012,YR2012,2.97460779814473,9416.21589854877,6.76476256043214,2249081393,..,..
East Asia & Pacific,EAS,2014,YR2014,2.51087633253706,9672.05856791833,6.51873772804768,2284385542,..,..
East Asia & Pacific,EAS,2016,YR2016,1.27699094497324,9832.13036290931,6.57946584132251,2317076058,..,..
East Asia & Pacific,EAS,2018,YR2018,2.368549058067,11285.8972298534,6.55138296108655,2347576325,..,..
East Asia & Pacific,EAS,2020,YR2020,0.846905537459305,11464.1012855988,6.9859946745847,2369438682,..,..
East Asia & Pacific,EAS,2022,YR2022,5.40874375479067,12889.9061983889,6.6076333741529,2379648296,..,..
East Asia & Pacific,EAS,2024,YR2024,..,..,..,..,..,..
East Asia & Pacific (excluding high income),EAP,1960,YR1960,..,90.129273834925,..,895961535,..,..
East Asia & Pacific (excluding high income),EAP,1962,YR1962,..,71.5006803054479,..,907473022,..,..
East Asia & Pacific (excluding high income),EAP,1964,YR1964,..,84.9969411014495,..,953783472,..,..
East Asia & Pacific (excluding high income),EAP,1966,YR1966,..,102.908202156084,..,1004271490,..,..
East Asia & Pacific (excluding high income),EAP,1968,YR1968,..,95.9115884945259,..,1057697808,..,..
East Asia & Pacific (excluding high income),EAP,1970,YR1970,..,113.787114967299,..,1116395242,..,..
East Asia & Pacific (excluding high income),EAP,1972,YR1972,..,132.180025929447,..,1175176176,..,..
East Asia & Pacific (excluding high income),EAP,1974,YR1974,..,180.221429288075,..,1228688547,..,..
East Asia & Pacific (excluding high income),EAP,1976,YR1976,..,198.352324939481,..,1273922384,..,..
East Asia & Pacific (excluding high income),EAP,1978,YR1978,6.26304801670155,214.997017191263,..,1314775496,..,..
East Asia & Pacific (excluding high income),EAP,1980,YR1980,14.4928744064522,278.427499766488,..,1356226475,..,..
East Asia & Pacific (excluding high income),EAP,1982,YR1982,7.03155689389481,302.238682448404,..,1401081634,..,..
East Asia & Pacific (excluding high income),EAP,1984,YR1984,5.5164001084304,331.810594395984,..,1447871073,..,..
East Asia & Pacific (excluding high income),EAP,1986,YR1986,5.45375218150084,350.659369215647,..,1496124294,..,..
East Asia & Pacific (excluding high income),EAP,1988,YR1988,9.34212688547206,371.579472093174,..,1549038591,..,..
East Asia & Pacific (excluding high income),EAP,1990,YR1990,8.19137132040974,416.499485584192,..,1600739173,..,..
East Asia & Pacific (excluding high income),EAP,1992,YR1992,7.52351717022748,492.097415918556,..,1648872786,..,..
East Asia & Pacific (excluding high income),EAP,1994,YR1994,7.65824302019538,632.654145660402,..,1694244506,..,..
East Asia & Pacific (excluding high income),EAP,1996,YR1996,7.31348259330353,873.28952192734,..,1738632397,..,..
East Asia & Pacific (excluding high income),EAP,1998,YR1998,8.61483153647291,804.471530687131,..,1781546477,..,..
East Asia & Pacific (excluding high income),EAP,2000,YR2000,2.15851810619419,954.465171205624,3.9554214242998,1819011507,..,..
East Asia & Pacific (excluding high income),EAP,2002,YR2002,2.72277227722765,1103.59067285494,3.91695812948302,1852659155,..,..
East Asia & Pacific (excluding high income),EAP,2004,YR2004,4.42677525782239,1424.59971112587,3.89184393480285,1883675167,..,..
East Asia & Pacific (excluding high income),EAP,2006,YR2006,4.86632048837464,1956.03345351952,3.73160282648686,1914002124,..,..
East Asia & Pacific (excluding high income),EAP,2008,YR2008,10.2266645473148,3080.23622735126,3.72764865552261,1944305887,..,..
East Asia & Pacific (excluding high income),EAP,2010,YR2010,3.68901229670766,4004.41005469392,4.01981647640769,1973602166,..,..
East Asia & Pacific (excluding high income),EAP,2012,YR2012,3.02696391124796,5364.23069934233,4.33661036965696,2006566431,..,..
East Asia & Pacific (excluding high income),EAP,2014,YR2014,3.14299050879095,6276.04217924336,4.5548627761472,2040383789,..,..
East Asia & Pacific (excluding high income),EAP,2016,YR2016,1.91731090233378,6575.5250881796,4.75160901020711,2071486140,..,..
East Asia & Pacific (excluding high income),EAP,2018,YR2018,3.1983464156241,7925.42476458248,4.91548952759362,2100698838,..,..
East Asia & Pacific (excluding high income),EAP,2020,YR2020,2.40629214387011,8245.71521577714,5.34897730529985,2121866294,..,..
East Asia & Pacific (excluding high income),EAP,2022,YR2022,5.46343652028003,9901.2640992049,5.15017031756831,2133560408,..,..
East Asia & Pacific (excluding high income),EAP,2024,YR2024,..,..,..,..,..,..
East Asia & Pacific (IDA & IBRD countries),TEA,1960,YR1960,..,91.2292333082769,..,884252517,..,..
East Asia & Pacific (IDA & IBRD countries),TEA,1962,YR1962,..,72.4047120011652,..,895224912,..,..
East Asia & Pacific (IDA & IBRD countries),TEA,1964,YR1964,..,86.0716887041396,..,940909509,..,..
East Asia & Pacific (IDA & IBRD countries),TEA,1966,YR1966,..,104.20909360178,..,990719244,..,..
East Asia & Pacific (IDA & IBRD countries),TEA,1968,YR1968,..,97.1310131079292,..,1043349620,..,..
East Asia & Pacific (IDA & IBRD countries),TEA,1970,YR1970,..,115.234882414522,..,1101240545,..,..
East Asia & Pacific (IDA & IBRD countries),TEA,1972,YR1972,..,133.862271337998,..,1159220113,..,..
East Asia & Pacific (IDA & IBRD countries),TEA,1974,YR1974,..,182.512396957099,..,1212035036,..,..
East Asia & Pacific (IDA & IBRD countries),TEA,1976,YR1976,..,200.867216028546,..,1256698596,..,..
East Asia & Pacific (IDA & IBRD countries),TEA,1978,YR1978,..,217.711641164577,..,1297059239,..,..
East Asia & Pacific (IDA & IBRD countries),TEA,1980,YR1980,..,281.921603118406,..,1338009609,..,..
East Asia & Pacific (IDA & IBRD countries),TEA,1982,YR1982,..,306.019670596576,..,1382326011,..,..
East Asia & Pacific (IDA & IBRD countries),TEA,1984,YR1984,..,335.939109689947,..,1428557744,..,..
East Asia & Pacific (IDA & IBRD countries),TEA,1986,YR1986,..,355.003914522494,..,1476236205,..,..
East Asia & Pacific (IDA & IBRD countries),TEA,1988,YR1988,9.34212688547206,376.164583049286,..,1528559240,..,..
East Asia & Pacific (IDA & IBRD countries),TEA,1990,YR1990,8.19137132040974,421.626807774002,..,1579651917,..,..
East Asia & Pacific (IDA & IBRD countries),TEA,1992,YR1992,7.52351717022748,498.137648867353,..,1627147885,..,..
East Asia & Pacific (IDA & IBRD countries),TEA,1994,YR1994,7.65824302019538,640.400703062123,..,1671877438,..,..
East Asia & Pacific (IDA & IBRD countries),TEA,1996,YR1996,7.31348259330353,883.920203241304,..,1715764488,..,..
East Asia & Pacific (IDA & IBRD countries),TEA,1998,YR1998,8.61483153647291,814.202976947569,..,1758263635,..,..
East Asia & Pacific (IDA & IBRD countries),TEA,2000,YR2000,2.15851810619419,965.915605536413,3.95605838746526,1795374943,..,..
East Asia & Pacific (IDA & IBRD countries),TEA,2002,YR2002,2.3431699096098,1116.71958026231,3.91732843482445,1828744767,..,..
East Asia & Pacific (IDA & IBRD countries),TEA,2004,YR2004,4.53421374129692,1441.45426844398,3.89220350118659,1859450104,..,..
East Asia & Pacific (IDA & IBRD countries),TEA,2006,YR2006,4.63747436011765,1979.02205350002,3.73193006234326,1889507244,..,..
East Asia & Pacific (IDA & IBRD countries),TEA,2008,YR2008,10.3368260300685,3116.1370361509,3.72792743083796,1919570287,..,..
East Asia & Pacific (IDA & IBRD countries),TEA,2010,YR2010,3.61196234430299,4050.73080711289,4.02003351643325,1948643347,..,..
East Asia & Pacific (IDA & IBRD countries),TEA,2012,YR2012,3.02696391124796,5425.75299693559,4.33677120996092,1981382735,..,..
East Asia & Pacific (IDA & IBRD countries),TEA,2014,YR2014,3.37040697371653,6347.42096914922,4.55500857613733,2014960984,..,..
East Asia & Pacific (IDA & IBRD countries),TEA,2016,YR2016,1.75711158908291,6649.86735991736,4.75176897915122,2045816761,..,..
East Asia & Pacific (IDA & IBRD countries),TEA,2018,YR2018,2.91740921289151,8014.49766251885,4.91564492496187,2074796982,..,..
East Asia & Pacific (IDA & IBRD countries),TEA,2020,YR2020,2.3931623931624,8338.13776036985,5.34913993595386,2095759417,..,..
East Asia & Pacific (IDA & IBRD countries),TEA,2022,YR2022,5.51812928576938,10012.4494743706,5.15037774707178,2107261123,..,..
East Asia & Pacific (IDA & IBRD countries),TEA,2024,YR2024,..,..,..,..,..,..
Euro area,EMU,1960,YR1960,1.74118084746923,930.646698077758,..,270148970,..,..
Euro area,EMU,1962,YR1962,2.75266718866912,1125.78413837992,..,274815182,..,..
Euro area,EMU,1964,YR1964,3.65673101579698,1349.14591823654,..,279621056,..,..
Euro area,EMU,1966,YR1966,3.43237006366126,1569.24256141959,..,284299197,..,..
Euro area,EMU,1968,YR1968,3.24282887679454,1768.53344783553,..,288206171,..,..
Euro area,EMU,1970,YR1970,4.14064840027025,2210.53515750887,..,291834356,..,..
Euro area,EMU,1972,YR1972,5.90625351724097,2989.5979293538,..,295527442,..,..
Euro area,EMU,1974,YR1974,14.6648454356765,4350.25030182723,..,299065145,..,..
Euro area,EMU,1976,YR1976,9.71142110935913,5213.07394594645,..,301804324,..,..
Euro area,EMU,1978,YR1978,7.57369772258264,7203.60563098913,..,304275086,..,..
Euro area,EMU,1980,YR1980,13.5400697127799,9689.63756289563,..,306894340,..,..
Euro area,EMU,1982,YR1982,9.58492764677445,8096.36448004391,..,308901125,..,..
Euro area,EMU,1984,YR1984,7.06765638328172,7550.82986643259,..,310046458,..,..
Euro area,EMU,1986,YR1986,2.73605256111872,10846.4728908616,..,311372728,..,..
Euro area,EMU,1988,YR1988,3.06504079522199,14667.4326476442,..,313272522,..,..
Euro area,EMU,1990,YR1990,3.97518340428825,18683.5116203769,..,316087007,..,..
Euro area,EMU,1992,YR1992,5.2705899859293,21178.5256420003,..,318742973,..,..
Euro area,EMU,1994,YR1994,4.4142555634662,20344.7655194176,..,321024031,..,..
Euro area,EMU,1996,YR1996,3.02395109495527,23652.3520841413,..,322568383,..,..
Euro area,EMU,1998,YR1998,2.30647934035989,22144.6948635534,..,323976358,..,..
Euro area,EMU,2000,YR2000,2.94756559977476,20039.4002663005,8.64262246249746,325789631,..,..
Euro area,EMU,2002,YR2002,2.32690683615857,22049.3482385273,8.95659250927392,328438861,..,..
Euro area,EMU,2004,YR2004,2.21620788926273,30816.5401524146,9.19055017031354,331997265,..,..
Euro area,EMU,2006,YR2006,2.72004750529271,33671.9314013325,9.28190393289797,335243820,..,..
Euro area,EMU,2008,YR2008,4.11407022033816,42222.5782437359,9.48277592405028,338594025,..,..
Euro area,EMU,2010,YR2010,1.5205755786839,37555.1722674637,10.2028568826357,340460814,..,..
Euro area,EMU,2012,YR2012,2.54154474108009,37558.5184564355,10.1705267268816,340447763,..,..
Euro area,EMU,2014,YR2014,0.220195628198753,39926.3443427769,10.2519768631421,342713336,..,..
Euro area,EMU,2016,YR2016,0.166009884375616,35178.8502697866,10.1942688162408,344655545,..,..
Euro area,EMU,2018,YR2018,1.6892396580413,40068.5215464339,10.1493063795911,346105839,..,..
Euro area,EMU,2020,YR2020,0.186938139702131,38241.5756519082,11.2232876818879,346922366,..,..
Euro area,EMU,2022,YR2022,8.47117645590892,41454.1660248186,10.7654746913594,348627172,..,..
Euro area,EMU,2024,YR2024,..,..,..,..,..,..
Europe & Central Asia,ECS,1960,YR1960,..,638.467711151357,..,667887811,..,..
Europe & Central Asia,ECS,1962,YR1962,..,750.780438767567,..,683342108,..,..
Europe & Central Asia,ECS,1964,YR1964,..,886.958530712292,..,699058435,..,..
Europe & Central Asia,ECS,1966,YR1966,..,1024.94469263728,..,713443573,..,..
Europe & Central Asia,ECS,1968,YR1968,..,1126.27883667066,..,726634174,..,..
Europe & Central Asia,ECS,1970,YR1970,..,1381.23634088082,..,738724073,..,..
Europe & Central Asia,ECS,1972,YR1972,..,1839.75500025767,..,750728655,..,..
Europe & Central Asia,ECS,1974,YR1974,..,2604.65028445497,..,762546552,..,..
Europe & Central Asia,ECS,1976,YR1976,..,3117.11571807421,..,773619713,..,..
Europe & Central Asia,ECS,1978,YR1978,..,4262.56624501679,..,784556247,..,..
Europe & Central Asia,ECS,1980,YR1980,..,5795.04663677576,..,795362835,..,..
Europe & Central Asia,ECS,1982,YR1982,..,4914.18755215083,..,805247476,..,..
Europe & Central Asia,ECS,1984,YR1984,..,4527.69507595594,..,814856984,..,..
Europe & Central Asia,ECS,1986,YR1986,..,6311.77107706891,..,825034695,..,..
Europe & Central Asia,ECS,1988,YR1988,..,8570.65990877356,..,835601587,..,..
Europe & Central Asia,ECS,1990,YR1990,..,10494.2941549424,..,845290251,..,..
Europe & Central Asia,ECS,1992,YR1992,5.9245312622849,11480.9843977373,..,852664500.5,..,..
Europe & Central Asia,ECS,1994,YR1994,12.1447980115689,10969.1042569779,..,857724585.5,..,..
Europe & Central Asia,ECS,1996,YR1996,8.19455217632728,12886.1908991448,..,861073424.5,..,..
Europe & Central Asia,ECS,1998,YR1998,4.64421422660787,12504.2196690023,..,863317612.5,..,..
Europe & Central Asia,ECS,2000,YR2000,3.77538829151734,11645.0816833377,8.00400877338319,865392493.5,..,..
Europe & Central Asia,ECS,2002,YR2002,2.78615988589508,12843.6996685135,8.44837778995503,868204040,..,..
Europe & Central Asia,ECS,2004,YR2004,2.82947796214664,18105.8152622032,8.6192351671035,872926624.5,..,..
Europe & Central Asia,ECS,2006,YR2006,3.19288637808747,20756.9726239461,8.5383318038961,877911050,..,..
Europe & Central Asia,ECS,2008,YR2008,6.05974046339707,26512.6764895811,8.6214069521837,883840223,..,..
Europe & Central Asia,ECS,2010,YR2010,2.42447361791627,23699.4951447534,9.20321392867366,890448752,..,..
Europe & Central Asia,ECS,2012,YR2012,2.77333854051586,25165.1269344708,9.04865790643166,895889705,..,..
Europe & Central Asia,ECS,2014,YR2014,0.620490636732421,26425.7524782923,9.20055465681267,904324263.5,..,..
Europe & Central Asia,ECS,2016,YR2016,0.356684500891695,22476.2668798332,9.32820353783981,912576858.5,..,..
Europe & Central Asia,ECS,2018,YR2018,2.01321972250337,25340.1536558293,9.25737426204137,919738352.5,..,..
Europe & Central Asia,ECS,2020,YR2020,1.19998396936028,24091.3416895738,10.5100003458718,925088545.5,..,..
Europe & Central Asia,ECS,2022,YR2022,10.7805806758686,27731.7695375442,9.76013364776653,925385334.5,..,..
Europe & Central Asia,ECS,2024,YR2024,..,..,..,..,..,..
Europe & Central Asia (excluding high income),ECA,1960,YR1960,..,..,..,128810451,..,..
Europe & Central Asia (excluding high income),ECA,1962,YR1962,..,..,..,134400419,..,..
Europe & Central Asia (excluding high income),ECA,1964,YR1964,..,..,..,139973968,..,..
Europe & Central Asia (excluding high income),ECA,1966,YR1966,..,..,..,145371529,..,..
Europe & Central Asia (excluding high income),ECA,1968,YR1968,..,..,..,150777578,..,..
Europe & Central Asia (excluding high income),ECA,1970,YR1970,..,..,..,155918823,..,..
Europe & Central Asia (excluding high income),ECA,1972,YR1972,..,..,..,161049046,..,..
Europe & Central Asia (excluding high income),ECA,1974,YR1974,..,..,..,166121814,..,..
Europe & Central Asia (excluding high income),ECA,1976,YR1976,..,..,..,171119860,..,..
Europe & Central Asia (excluding high income),ECA,1978,YR1978,..,..,..,176315643,..,..
Europe & Central Asia (excluding high income),ECA,1980,YR1980,..,..,..,181309432,..,..
Europe & Central Asia (excluding high income),ECA,1982,YR1982,..,..,..,186272610,..,..
Europe & Central Asia (excluding high income),ECA,1984,YR1984,..,..,..,191755370,..,..
Europe & Central Asia (excluding high income),ECA,1986,YR1986,..,..,..,197344981,..,..
Europe & Central Asia (excluding high income),ECA,1988,YR1988,..,1299.11887827278,..,202990335,..,..
Europe & Central Asia (excluding high income),ECA,1990,YR1990,..,1720.468517557,..,208212866,..,..
Europe & Central Asia (excluding high income),ECA,1992,YR1992,..,1566.85024834853,..,212032318.5,..,..
Europe & Central Asia (excluding high income),ECA,1994,YR1994,891.187748133705,1253.99234066288,..,214329900.5,..,..
Europe & Central Asia (excluding high income),ECA,1996,YR1996,35.5649400436339,1511.48562623626,..,216002099.5,..,..
Europe & Central Asia (excluding high income),ECA,1998,YR1998,9.56493445426184,1940.27767700641,..,217104724.5,..,..
Europe & Central Asia (excluding high income),ECA,2000,YR2000,15.9408124351878,1788.23206214028,4.80504164164591,218486597.5,..,..
Europe & Central Asia (excluding high income),ECA,2002,YR2002,5.58783730000794,1768.77803665239,5.30187349599726,220400259,..,..
Europe & Central Asia (excluding high income),ECA,2004,YR2004,6.92165787428848,2876.76837934408,5.27776482412173,222413289.5,..,..
Europe & Central Asia (excluding high income),ECA,2006,YR2006,7.663026931994,4129.79367047738,5.33769189828199,224417513,..,..
Europe & Central Asia (excluding high income),ECA,2008,YR2008,11.4275575758332,6167.50382892328,5.21576172060958,226524480,..,..
Europe & Central Asia (excluding high income),ECA,2010,YR2010,6.77774669133379,5994.38483353001,5.18903997897044,230106440,..,..
Europe & Central Asia (excluding high income),ECA,2012,YR2012,3.31605566687647,7072.25824676591,4.89718456938792,233914075,..,..
Europe & Central Asia (excluding high income),ECA,2014,YR2014,3.06881210379543,7272.88444788426,4.75228775084758,238112723.5,..,..
Europe & Central Asia (excluding high income),ECA,2016,YR2016,2.13492713939121,5977.23488835294,4.8790597617991,242407763.5,..,..
Europe & Central Asia (excluding high income),ECA,2018,YR2018,2.56572880132719,5952.35226461881,4.80504710571244,246654915.5,..,..
Europe & Central Asia (excluding high income),ECA,2020,YR2020,2.74615078213777,5733.53881172869,5.5443259076514,250655325.5,..,..
Europe & Central Asia (excluding high income),ECA,2022,YR2022,13.8875841659221,7247.73491679181,4.71078806654343,250834021.5,..,..
Europe & Central Asia (excluding high income),ECA,2024,YR2024,..,..,..,..,..,..
Europe & Central Asia (IDA & IBRD countries),TEC,1960,YR1960,..,..,..,308759361,..,..
Europe & Central Asia (IDA & IBRD countries),TEC,1962,YR1962,..,..,..,318186127,..,..
Europe & Central Asia (IDA & IBRD countries),TEC,1964,YR1964,..,..,..,327774760,..,..
Europe & Central Asia (IDA & IBRD countries),TEC,1966,YR1966,..,..,..,336304737,..,..
Europe & Central Asia (IDA & IBRD countries),TEC,1968,YR1968,..,..,..,344535295,..,..
Europe & Central Asia (IDA & IBRD countries),TEC,1970,YR1970,..,..,..,352139347,..,..
Europe & Central Asia (IDA & IBRD countries),TEC,1972,YR1972,..,..,..,359698417,..,..
Europe & Central Asia (IDA & IBRD countries),TEC,1974,YR1974,..,..,..,367431547,..,..
Europe & Central Asia (IDA & IBRD countries),TEC,1976,YR1976,..,..,..,375469327,..,..
Europe & Central Asia (IDA & IBRD countries),TEC,1978,YR1978,..,..,..,383687824,..,..
Europe & Central Asia (IDA & IBRD countries),TEC,1980,YR1980,..,..,..,391562181,..,..
Europe & Central Asia (IDA & IBRD countries),TEC,1982,YR1982,..,..,..,399353523,..,..
Europe & Central Asia (IDA & IBRD countries),TEC,1984,YR1984,..,..,..,407686015,..,..
Europe & Central Asia (IDA & IBRD countries),TEC,1986,YR1986,..,..,..,416211558,..,..
Europe & Central Asia (IDA & IBRD countries),TEC,1988,YR1988,..,2338.25454108695,..,424466137,..,..
Europe & Central Asia (IDA & IBRD countries),TEC,1990,YR1990,..,2377.68113467343,..,430990546,..,..
Europe & Central Asia (IDA & IBRD countries),TEC,1992,YR1992,..,2142.42965520529,..,434844448.5,..,..
Europe & Central Asia (IDA & IBRD countries),TEC,1994,YR1994,222.241014184317,1898.98681646218,..,437106290.5,..,..
Europe & Central Asia (IDA & IBRD countries),TEC,1996,YR1996,38.8293013382852,2172.97947895812,..,438325525.5,..,..
Europe & Central Asia (IDA & IBRD countries),TEC,1998,YR1998,10.5771611482514,2164.83230034528,..,438735254.5,..,..
Europe & Central Asia (IDA & IBRD countries),TEC,2000,YR2000,13.1808905865732,2043.07968265217,5.02182043079478,438423540.5,..,..
Europe & Central Asia (IDA & IBRD countries),TEC,2002,YR2002,5.69899047861309,2339.23767914136,5.54373904205431,437806951,..,..
Europe & Central Asia (IDA & IBRD countries),TEC,2004,YR2004,6.882054389819,3719.98615448538,5.24949468131331,438136035.5,..,..
Europe & Central Asia (IDA & IBRD countries),TEC,2006,YR2006,6.99712903535589,5626.52823420799,5.20829302500524,438714358,..,..
Europe & Central Asia (IDA & IBRD countries),TEC,2008,YR2008,10.4441283764885,8939.12521851525,5.28849129346698,439732746,..,..
Europe & Central Asia (IDA & IBRD countries),TEC,2010,YR2010,6.14255360247248,8267.9596291029,5.35783396792145,442936599,..,..
Europe & Central Asia (IDA & IBRD countries),TEC,2012,YR2012,3.373498083874,10406.9546977795,5.11255818233681,446979977,..,..
Europe & Central Asia (IDA & IBRD countries),TEC,2014,YR2014,2.53187831406913,10293.7203442319,5.20987601013566,451696196.5,..,..
Europe & Central Asia (IDA & IBRD countries),TEC,2016,YR2016,0.755576135536745,7649.90665844729,5.34012073634099,456330266.5,..,..
Europe & Central Asia (IDA & IBRD countries),TEC,2018,YR2018,2.611223782638,8884.71291375979,5.35991381745343,460515553.5,..,..
Europe & Central Asia (IDA & IBRD countries),TEC,2020,YR2020,2.73249209419427,8443.06159084581,6.77378452599392,463913014.5,..,..
Europe & Central Asia (IDA & IBRD countries),TEC,2022,YR2022,13.8875841659221,11351.0079692916,6.07898387221364,461440170.5,..,..
Europe & Central Asia (IDA & IBRD countries),TEC,2024,YR2024,..,..,..,..,..,..
European Union,EUU,1960,YR1960,1.74118084746923,796.542960888283,..,357710931,..,..
European Union,EUU,1962,YR1962,3.55349865974073,962.05969911354,..,363708887,..,..
European Union,EUU,1964,YR1964,3.41628039655558,1152.26508263279,..,370055037,..,..
European Union,EUU,1966,YR1966,3.70335718669507,1343.19279088699,..,376058575,..,..
European Union,EUU,1968,YR1968,3.24282887679454,1512.72795111182,..,381579577,..,..
European Union,EUU,1970,YR1970,4.50608892986043,1885.360546465,..,386406167,..,..
European Union,EUU,1972,YR1972,6.00738969862495,2540.0526242585,..,391197266,..,..
European Union,EUU,1974,YR1974,13.1636026120796,3675.38763015293,..,396124649,..,..
European Union,EUU,1976,YR1976,9.34705279605248,4432.40317671225,..,400490355,..,..
European Union,EUU,1978,YR1978,7.75523144587007,6057.61918414557,..,404312949,..,..
European Union,EUU,1980,YR1980,12.9114423266382,8116.26434912028,..,407986180,..,..
European Union,EUU,1982,YR1982,9.58492764677445,6783.13718402597,..,410988238,..,..
European Union,EUU,1984,YR1984,7.67380262247321,6325.90409388955,..,412998350,..,..
European Union,EUU,1986,YR1986,3.67818411863452,9041.92735586864,..,415087013,..,..
European Union,EUU,1988,YR1988,4.5351330101572,12196.6766756371,..,417653885,5.87,..
European Union,EUU,1990,YR1990,6.1495653117985,15470.1514318508,..,420525030,6.78,..
European Union,EUU,1992,YR1992,6.21737539647154,17473.9139868998,..,422968989,6.61,..
European Union,EUU,1994,YR1994,4.71841373967329,16825.7755125371,..,425404352,5.55,..
European Union,EUU,1996,YR1996,3.55884559338558,19754.8396788627,..,426905134,11.09,..
European Union,EUU,1998,YR1998,2.40768094534715,18616.335854369,..,428120105,9.21,..
European Union,EUU,2000,YR2000,3.15076707022592,16975.9150408779,8.4384915931914,429339162,7.93,..
European Union,EUU,2002,YR2002,2.42443661219697,18799.0954341052,8.7827468765026,430893295,6.42,..
European Union,EUU,2004,YR2004,2.28621706801675,26377.6033756932,9.00412936706197,434050396,6.85,..
European Union,EUU,2006,YR2006,2.66631494577069,29217.9538526123,9.04500844472816,437007921,7.24,..
European Union,EUU,2008,YR2008,4.16497193524764,37203.1372499812,9.20384784382677,439886269,5.94,..
European Union,EUU,2010,YR2010,1.53112270420926,33164.0048499327,9.89962256203646,441546320,6.3,..
European Union,EUU,2012,YR2012,2.66284165508021,33378.8274150555,9.92791749194267,441416943,5.6,..
European Union,EUU,2014,YR2014,0.19934382657075,35539.2020994967,10.0075009934169,443589388,5.72,..
European Union,EUU,2016,YR2016,0.18333486112386,31404.4306041117,9.95045209755775,445487171,5.32,..
European Union,EUU,2018,YR2018,1.7386086198818,36002.564051993,9.87412304749435,446953938,5.24,..
European Union,EUU,2020,YR2020,0.476498852725066,34635.4895902222,10.8637395375107,447653554,2.21,..
European Union,EUU,2022,YR2022,8.83369886749452,37948.9505377699,10.3656504066755,447847220,4.06,..
European Union,EUU,2024,YR2024,..,..,..,..,..,..
Fragile and conflict affected situations,FCS,1960,YR1960,..,139.166453785241,..,245446477,..,..
Fragile and conflict affected situations,FCS,1962,YR1962,..,153.814194348371,..,256265091,..,..
Fragile and conflict affected situations,FCS,1964,YR1964,..,152.225654265631,..,267809728,..,..
Fragile and conflict affected situations,FCS,1966,YR1966,..,170.728658997373,..,279902341,..,..
Fragile and conflict affected situations,FCS,1968,YR1968,..,177.919595670297,..,292679186,..,..
Fragile and conflict affected situations,FCS,1970,YR1970,..,227.367688439454,..,306107595,..,..
Fragile and conflict affected situations,FCS,1972,YR1972,..,259.051797026856,..,320326696,..,..
Fragile and conflict affected situations,FCS,1974,YR1974,..,460.200075251373,..,335724633,..,..
Fragile and conflict affected situations,FCS,1976,YR1976,..,571.753515047813,..,352018011,..,..
Fragile and conflict affected situations,FCS,1978,YR1978,..,659.958940345086,..,369243969,..,..
Fragile and conflict affected situations,FCS,1980,YR1980,..,1002.98335499667,..,387280079,..,..
Fragile and conflict affected situations,FCS,1982,YR1982,..,1206.64859250325,..,404570090,..,..
Fragile and conflict affected situations,FCS,1984,YR1984,..,894.728938856552,..,423879999,..,..
Fragile and conflict affected situations,FCS,1986,YR1986,..,800.017426931302,..,444223377,..,..
Fragile and conflict affected situations,FCS,1988,YR1988,..,834.193828131248,..,464963348,..,..
Fragile and conflict affected situations,FCS,1990,YR1990,..,1120.16230803482,..,488697502,..,..
Fragile and conflict affected situations,FCS,1992,YR1992,10.5274440119592,671.988540273265,..,512731689,..,..
Fragile and conflict affected situations,FCS,1994,YR1994,30.1361690354713,652.19336450464,..,541618452,..,..
Fragile and conflict affected situations,FCS,1996,YR1996,11.4775285982865,819.805893485944,..,568965099,..,..
Fragile and conflict affected situations,FCS,1998,YR1998,5.9765085214186,901.056044528515,..,594968744,..,..
Fragile and conflict affected situations,FCS,2000,YR2000,3.82260088086307,751.402386963343,4.13625258018069,622883185,..,..
Fragile and conflict affected situations,FCS,2002,YR2002,4.70579123746034,684.36449919632,4.33637665885508,653056220,..,..
Fragile and conflict affected situations,FCS,2004,YR2004,3.28244220949084,870.427134576013,4.82179627956611,685830138,..,..
Fragile and conflict affected situations,FCS,2006,YR2006,6.73993060387505,1314.21280234474,4.48877041649376,719788972,..,..
Fragile and conflict affected situations,FCS,2008,YR2008,11.5810751748252,1963.20985365822,4.15515925109326,754858953,..,..
Fragile and conflict affected situations,FCS,2010,YR2010,3.48050763735842,2009.65900444016,4.26003748766287,793160547,..,..
Fragile and conflict affected situations,FCS,2012,YR2012,5.91200602491155,2235.7997856716,4.2007141084368,832872724,..,..
Fragile and conflict affected situations,FCS,2014,YR2014,2.33445774751952,2351.21273489301,4.30610826114765,873158163,..,..
Fragile and conflict affected situations,FCS,2016,YR2016,3.19056179723773,1632.33745272851,4.86680596393989,912614026,..,..
Fragile and conflict affected situations,FCS,2018,YR2018,2.96760366004456,1819.00302147749,4.50375876832012,953648681,..,..
Fragile and conflict affected situations,FCS,2020,YR2020,2.8981937602627,1680.96884674984,4.917142104499,996691242,..,..
Fragile and conflict affected situations,FCS,2022,YR2022,9.39383877456591,1892.6227062256,4.54905241807183,1038158122,..,..
Fragile and conflict affected situations,FCS,2024,YR2024,..,..,..,..,..,..
Heavily indebted poor countries (HIPC),HPC,1960,YR1960,..,132.992260679817,..,163650527,..,..
Heavily indebted poor countries (HIPC),HPC,1962,YR1962,..,142.253307762256,..,171771666,..,..
Heavily indebted poor countries (HIPC),HPC,1964,YR1964,..,148.04076478226,..,180537667,..,..
Heavily indebted poor countries (HIPC),HPC,1966,YR1966,..,172.648855336209,..,190048827,..,..
Heavily indebted poor countries (HIPC),HPC,1968,YR1968,..,173.648344253006,..,200419142,..,..
Heavily indebted poor countries (HIPC),HPC,1970,YR1970,..,174.775487254377,..,211549510,..,..
Heavily indebted poor countries (HIPC),HPC,1972,YR1972,..,198.701248802256,..,223189830,..,..
Heavily indebted poor countries (HIPC),HPC,1974,YR1974,..,271.551527701704,..,235791936,..,..
Heavily indebted poor countries (HIPC),HPC,1976,YR1976,..,310.486893391755,..,249034009,..,..
Heavily indebted poor countries (HIPC),HPC,1978,YR1978,..,400.636031508782,..,262985512,..,..
Heavily indebted poor countries (HIPC),HPC,1980,YR1980,..,458.206789149807,..,277128014,..,..
Heavily indebted poor countries (HIPC),HPC,1982,YR1982,12.3124508707735,446.154010420971,..,290471550,..,..
Heavily indebted poor countries (HIPC),HPC,1984,YR1984,11.3733220902937,428.125381164304,..,306943902,..,..
Heavily indebted poor countries (HIPC),HPC,1986,YR1986,6.80905593895127,391.879388051188,..,324025001,..,..
Heavily indebted poor countries (HIPC),HPC,1988,YR1988,6.93068617206518,414.987693676674,..,342381086,..,..
Heavily indebted poor countries (HIPC),HPC,1990,YR1990,6.8011976076257,459.401744806781,..,361657937,..,..
Heavily indebted poor countries (HIPC),HPC,1992,YR1992,9.5234771910899,357.69940077491,..,382507617,..,..
Heavily indebted poor countries (HIPC),HPC,1994,YR1994,32.2936668569551,298.542886188693,..,406935718,..,..
Heavily indebted poor countries (HIPC),HPC,1996,YR1996,7.41137173526642,357.637645738291,..,431006940,..,..
Heavily indebted poor countries (HIPC),HPC,1998,YR1998,5.75331458417063,365.949109042981,..,455939263,..,..
Heavily indebted poor countries (HIPC),HPC,2000,YR2000,4.16540442290284,376.321478266707,3.70855616860353,481984327,..,..
Heavily indebted poor countries (HIPC),HPC,2002,YR2002,3.8957052575849,373.078875646533,4.23654666255678,509679981,..,..
Heavily indebted poor countries (HIPC),HPC,2004,YR2004,4.47499289078105,460.446469436065,4.59509256619451,539803501,..,..
Heavily indebted poor countries (HIPC),HPC,2006,YR2006,6.73993060387505,584.531742958073,4.9007119743883,571454590,..,..
Heavily indebted poor countries (HIPC),HPC,2008,YR2008,10.6597978997424,784.345639716183,4.78772437824062,604007702,..,..
Heavily indebted poor countries (HIPC),HPC,2010,YR2010,4.69889064976226,799.185039524398,5.05635108020006,638796398,..,..
Heavily indebted poor countries (HIPC),HPC,2012,YR2012,6.31474450315196,868.154967280185,4.85186631946001,675397557,..,..
Heavily indebted poor countries (HIPC),HPC,2014,YR2014,3.96986045166308,974.252131612265,4.93290053617227,714769441,..,..
Heavily indebted poor countries (HIPC),HPC,2016,YR2016,4.66466235810216,893.010597521193,4.93806544718264,756895035,..,..
Heavily indebted poor countries (HIPC),HPC,2018,YR2018,3.06735996058356,968.18729528141,4.50427607298172,802020674,..,..
Heavily indebted poor countries (HIPC),HPC,2020,YR2020,3.48393567493204,959.181737577661,4.9920873912656,847743308,..,..
Heavily indebted poor countries (HIPC),HPC,2022,YR2022,9.62147608489072,1100.34076496851,4.78632160654983,893906294,..,..
Heavily indebted poor countries (HIPC),HPC,2024,YR2024,..,..,..,..,..,..
High income,HIC,1960,YR1960,..,1204.64351764312,..,906950090,..,..
High income,HIC,1962,YR1962,..,1355.86617609812,..,929404374,..,..
High income,HIC,1964,YR1964,..,1556.3071889428,..,951943891,..,..
High income,HIC,1966,YR1966,..,1811.83066426722,..,972578524,..,..
High income,HIC,1968,YR1968,..,2060.25073810202,..,991152809,..,..
High income,HIC,1970,YR1970,..,2446.30936054653,..,1009961393,..,..
High income,HIC,1972,YR1972,..,3093.63266266682,..,1030733033,..,..
High income,HIC,1974,YR1974,..,4169.33576343608,..,1049400121,..,..
High income,HIC,1976,YR1976,..,4982.51393742908,..,1066980637,..,..
High income,HIC,1978,YR1978,..,6663.77892867682,..,1084093370,..,..
High income,HIC,1980,YR1980,..,8461.55399934555,..,1101614544,..,..
High income,HIC,1982,YR1982,8.88571308471459,8381.14722129559,..,1118134629,..,..
High income,HIC,1984,YR1984,5.99195111048444,8907.2634661274,..,1133021942,..,..
High income,HIC,1986,YR1986,2.84178008252842,11204.7431758201,..,1147992917,..,..
High income,HIC,1988,YR1988,4.27888177184933,14425.686240468,..,1163559249,..,..
High income,HIC,1990,YR1990,5.4039590921894,16603.8457412633,..,1179067863,..,..
High income,HIC,1992,YR1992,4.02893900408648,18496.9354525031,..,1195980932,..,..
High income,HIC,1994,YR1994,2.87746700027128,19667.3328767174,..,1211414288,..,..
High income,HIC,1996,YR1996,2.93120419993441,21744.9733606176,..,1225554334,..,..
High income,HIC,1998,YR1998,1.95913632274251,21125.8778151119,..,1239114888,..,..
High income,HIC,2000,YR2000,2.68684736744012,22409.9007588105,9.36637737549805,1251758606,..,..
High income,HIC,2002,YR2002,2.07408613571643,22968.4725051781,10.2670729361236,1264453056,..,..
High income,HIC,2004,YR2004,2.1926413357709,28502.739036532,10.3504817523525,1277825278,..,..
High income,HIC,2006,YR2006,2.66631494577069,31763.2580538848,10.3961078148516,1292314271,..,..
High income,HIC,2008,YR2008,4.63359409113757,36964.5337655886,10.4652467869829,1309846534,..,..
High income,HIC,2010,YR2010,2.07814071860787,35835.9314284341,11.3117413765314,1323506149,..,..
High income,HIC,2012,YR2012,2.66284165508021,38757.333549902,11.3707075523449,1336612791,..,..
High income,HIC,2014,YR2014,1.03317212108915,39502.0829505689,11.5950019141319,1352458637,..,..
High income,HIC,2016,YR2016,0.443258157565783,37140.5595822096,12.2309544635227,1368877184,..,..
High income,HIC,2018,YR2018,1.85081508315502,41180.3426854104,12.0584505677872,1379152141,..,..
High income,HIC,2020,YR2020,0.56813717711819,40262.8698752887,13.775860312733,1389524835,..,..
High income,HIC,2022,YR2022,7.17222476016441,46632.8486068879,12.5472324125638,1393036569,..,..
High income,HIC,2024,YR2024,..,..,..,..,..,..
IBRD only,IBD,1960,YR1960,..,167.652030176848,..,1893700976,..,..
IBRD only,IBD,1962,YR1962,..,165.134275471033,..,1950274734,..,..
IBRD only,IBD,1964,YR1964,..,191.818367683821,..,2043309631,..,..
IBRD only,IBD,1966,YR1966,..,207.487001612394,..,2139608511,..,..
IBRD only,IBD,1968,YR1968,..,216.005705627236,..,2239610101,..,..
IBRD only,IBD,1970,YR1970,..,250.6509366489,..,2346056161,..,..
IBRD only,IBD,1972,YR1972,6.41195887004023,294.38157810972,..,2454764228,..,..
IBRD only,IBD,1974,YR1974,22.3645294471888,462.915191494209,..,2561343989,..,..
IBRD only,IBD,1976,YR1976,10.3174158877413,521.778309928709,..,2664387118,..,..
IBRD only,IBD,1978,YR1978,10.3556722757191,629.765783320216,..,2765565797,..,..
IBRD only,IBD,1980,YR1980,17.4703042795772,841.897068398302,..,2869277824,..,..
IBRD only,IBD,1982,YR1982,10.8325068623836,858.274472800855,..,2980033813,..,..
IBRD only,IBD,1984,YR1984,12.4475693291853,845.316694686525,..,3094477559,..,..
IBRD only,IBD,1986,YR1986,10.9183887271061,878.040405796285,..,3212177926,..,..
IBRD only,IBD,1988,YR1988,10.8327037689913,931.75807658068,..,3334875641,..,..
IBRD only,IBD,1990,YR1990,16.1921375615233,1076.43889364852,..,3455533853,..,..
IBRD only,IBD,1992,YR1992,13.6374241717218,1034.34043581297,..,3568890021,..,..
IBRD only,IBD,1994,YR1994,22.705647224337,1179.04786526076,..,3675872938,..,..
IBRD only,IBD,1996,YR1996,10.0828580652108,1420.57608923044,..,3780446473,..,..
IBRD only,IBD,1998,YR1998,7.2661980440096,1426.81931535622,..,3884078902,..,..
IBRD only,IBD,2000,YR2000,4.68757013735526,1474.43353846311,5.16002176095136,3983328255,..,..
IBRD only,IBD,2002,YR2002,4.1500586166472,1482.32970903156,5.0930008447483,4077229003,..,..
IBRD only,IBD,2004,YR2004,4.69938972474511,1939.12360831921,5.0659991900111,4168676771,..,..
IBRD only,IBD,2006,YR2006,5.64087772156342,2689.14728914202,4.97613587745205,4258827055,..,..
IBRD only,IBD,2008,YR2008,9.41346312169846,3924.24429512151,4.9760588726153,4346234014,..,..
IBRD only,IBD,2010,YR2010,4.11211139315219,4533.45250289637,5.13003039158984,4436714947,..,..
IBRD only,IBD,2012,YR2012,4.27949999641975,5583.76223642553,5.14282422351568,4532139461,..,..
IBRD only,IBD,2014,YR2014,3.50379093139812,5959.31801743295,5.2796545950169,4630871647,..,..
IBRD only,IBD,2016,YR2016,2.12081713361587,5513.07715328885,5.40634431453944,4721984235,..,..
IBRD only,IBD,2018,YR2018,3.21605383144587,6376.20637613021,5.38473183271731,4807550491,..,..
IBRD only,IBD,2020,YR2020,2.40414666699827,6171.87965743072,5.82123176864996,4879367453,..,..
IBRD only,IBD,2022,YR2022,8.81109209279587,7651.51702544821,5.55102816092944,4928694202,..,..
IBRD only,IBD,2024,YR2024,..,..,..,..,..,..
IDA & IBRD total,IBT,1960,YR1960,..,158.087577312796,..,2289188361,..,..
IDA & IBRD total,IBT,1962,YR1962,..,158.020798325495,..,2366117598,..,..
IDA & IBRD total,IBT,1964,YR1964,..,180.562790854212,..,2481068241,..,..
IDA & IBRD total,IBT,1966,YR1966,..,196.941554077653,..,2600930009,..,..
IDA & IBRD total,IBT,1968,YR1968,..,204.318982622722,..,2726203260,..,..
IDA & IBRD total,IBT,1970,YR1970,..,237.735362528593,..,2859123476,..,..
IDA & IBRD total,IBT,1972,YR1972,..,273.867670471782,..,2994028911,..,..
IDA & IBRD total,IBT,1974,YR1974,..,425.630817494972,..,3130418531,..,..
IDA & IBRD total,IBT,1976,YR1976,..,481.63844618572,..,3264075702,..,..
IDA & IBRD total,IBT,1978,YR1978,9.53338085606525,578.752465343606,..,3397524507,..,..
IDA & IBRD total,IBT,1980,YR1980,15.48791145902,769.103045066522,..,3536954994,..,..
IDA & IBRD total,IBT,1982,YR1982,10.816585254705,809.947565005275,..,3685043956,..,..
IDA & IBRD total,IBT,1984,YR1984,10.284098213138,768.880623349257,..,3839296592,..,..
IDA & IBRD total,IBT,1986,YR1986,8.35304133136604,782.033471341723,..,3998725110,..,..
IDA & IBRD total,IBT,1988,YR1988,8.91047020013381,826.09097599948,..,4165012459,..,..
IDA & IBRD total,IBT,1990,YR1990,10.8589657782787,946.315449521818,..,4330689753,..,..
IDA & IBRD total,IBT,1992,YR1992,10.0561167448841,902.840589714563,..,4491324219.5,..,..
IDA & IBRD total,IBT,1994,YR1994,20.5661948376355,1017.33479302688,..,4649243134.5,..,..
IDA & IBRD total,IBT,1996,YR1996,8.82705061756342,1232.56216051687,..,4806199042.5,..,..
IDA & IBRD total,IBT,1998,YR1998,6.81079323797192,1238.08040334307,..,4963254079.5,..,..
IDA & IBRD total,IBT,2000,YR2000,4.18234633956544,1249.12417056884,5.00934664692226,5116723506.5,..,..
IDA & IBRD total,IBT,2002,YR2002,3.8957052575849,1252.31278322444,4.95268981298282,5267145775,..,..
IDA & IBRD total,IBT,2004,YR2004,4.46346840736575,1626.72085949787,4.96761026894747,5417128228.5,..,..
IDA & IBRD total,IBT,2006,YR2006,6.12556615620285,2238.11252029251,4.90464599514122,5568236362,..,..
IDA & IBRD total,IBT,2008,YR2008,10.2783937621135,3228.51833219121,4.89479507760148,5720065907,..,..
IDA & IBRD total,IBT,2010,YR2010,4.06749555950263,3693.18554879603,5.04239796110295,5876645582,..,..
IDA & IBRD total,IBT,2012,YR2012,5.00686319367273,4504.30020456011,5.05102761006594,6038997419,..,..
IDA & IBRD total,IBT,2014,YR2014,3.51695551369241,4807.8107682246,5.1774743263058,6201871546.5,..,..
IDA & IBRD total,IBT,2016,YR2016,2.81833288054802,4431.30440041701,5.29341470642609,6360570925.5,..,..
IDA & IBRD total,IBT,2018,YR2018,3.13285318810383,5071.47780601742,5.25782370776709,6518627024.5,..,..
IDA & IBRD total,IBT,2020,YR2020,2.8981937602627,4884.2624249805,5.67917958649119,6667541078.5,..,..
IDA & IBRD total,IBT,2022,YR2022,8.48730869535043,5974.31658352895,5.44701415832964,6795222291.5,..,..
IDA & IBRD total,IBT,2024,YR2024,..,..,..,..,..,..
IDA blend,IDB,1960,YR1960,..,98.3426973725149,..,120801801,..,..
IDA blend,IDB,1962,YR1962,..,107.040806465031,..,127092381,..,..
IDA blend,IDB,1964,YR1964,..,117.40564701623,..,133934455,..,..
IDA blend,IDB,1966,YR1966,..,131.708344534082,..,141286940,..,..
IDA blend,IDB,1968,YR1968,..,132.683536776938,..,149090018,..,..
IDA blend,IDB,1970,YR1970,5.34984090983017,196.668458956956,..,157440950,..,..
IDA blend,IDB,1972,YR1972,5.50744119430072,194.82076366005,..,166101678,..,..
IDA blend,IDB,1974,YR1974,18.5488617394389,283.11596653238,..,175664547,..,..
IDA blend,IDB,1976,YR1976,10.0695380302795,369.611832334746,..,186194723,..,..
IDA blend,IDB,1978,YR1978,8.67057208735644,400.081263215281,..,197714997,..,..
IDA blend,IDB,1980,YR1980,14.1097064496918,587.808916763448,..,211331419,..,..
IDA blend,IDB,1982,YR1982,7.22825662243943,960.194052612455,..,226374922,..,..
IDA blend,IDB,1984,YR1984,5.87338976138502,591.66622058031,..,240217749,..,..
IDA blend,IDB,1986,YR1986,3.50641424758205,504.76856146831,..,255360434,..,..
IDA blend,IDB,1988,YR1988,4.07407407407384,508.136294158725,..,271432823,..,..
IDA blend,IDB,1990,YR1990,7.36440030557692,514.335951400601,..,288176590,..,..
IDA blend,IDB,1992,YR1992,4.88302271568611,505.344467104941,..,305137505,..,..
IDA blend,IDB,1994,YR1994,3.77065767284965,567.624031371924,..,321809220,..,..
IDA blend,IDB,1996,YR1996,5.96361961777576,914.561547003938,..,339419508,..,..
IDA blend,IDB,1998,YR1998,5.05295835198299,954.330276644055,..,357598998,..,..
IDA blend,IDB,2000,YR2000,3.06743966930585,605.027325147959,3.07232854805378,376430953,..,..
IDA blend,IDB,2002,YR2002,2.83442260128067,629.758800881462,2.78460069902363,396280295,..,..
IDA blend,IDB,2004,YR2004,2.89376233055243,820.145899878185,3.49254938243465,416552454,..,..
IDA blend,IDB,2006,YR2006,4.68476568998718,1145.17379691669,3.75270012412821,437847651,..,..
IDA blend,IDB,2008,YR2008,8.54875474799641,1475.15695400862,3.46979047701079,461461442,..,..
IDA blend,IDB,2010,YR2010,3.43650905943351,1534.54240273236,3.46374066474533,485934443,..,..
IDA blend,IDB,2012,YR2012,4.35742047634744,1858.02047371817,3.39732229138494,509513096,..,..
IDA blend,IDB,2014,YR2014,1.52814907423918,2099.6785212584,3.44217931121613,531341156,..,..
IDA blend,IDB,2016,YR2016,2.42047587077673,1787.03439986924,3.56623399771159,552474265,..,..
IDA blend,IDB,2018,YR2018,2.63647201015892,1856.81876322366,3.28732150943148,574487740,..,..
IDA blend,IDB,2020,YR2020,1.79537147083108,1713.86457937643,3.65168972019012,597524859,..,..
IDA blend,IDB,2022,YR2022,7.00530945399787,1944.22814736694,4.05254796007445,621500917,..,..
IDA blend,IDB,2024,YR2024,..,..,..,..,..,..
IDA only,IDX,1960,YR1960,..,117.747367335069,..,274685584,..,..
IDA only,IDX,1962,YR1962,..,126.957213176902,..,288750483,..,..
IDA only,IDX,1964,YR1964,..,128.579218820776,..,303824155,..,..
IDA only,IDX,1966,YR1966,..,149.267362480452,..,320034558,..,..
IDA only,IDX,1968,YR1968,..,152.786401075757,..,337503141,..,..
IDA only,IDX,1970,YR1970,..,159.757055406431,..,355626365,..,..
IDA only,IDX,1972,YR1972,..,168.114415661003,..,373163005,..,..
IDA only,IDX,1974,YR1974,..,242.268585841171,..,393409995,..,..
IDA only,IDX,1976,YR1976,..,263.114945045791,..,413493861,..,..
IDA only,IDX,1978,YR1978,..,325.58684414551,..,434243713,..,..
IDA only,IDX,1980,YR1980,..,381.278464711644,..,456345751,..,..
IDA only,IDX,1982,YR1982,..,378.935134287931,..,478635221,..,..
IDA only,IDX,1984,YR1984,8.82339598893774,367.695526966109,..,504601284,..,..
IDA only,IDX,1986,YR1986,9.68295473116515,335.165350700405,..,531186750,..,..
IDA only,IDX,1988,YR1988,9.45351339009695,351.928414924601,..,558703995,..,..
IDA only,IDX,1990,YR1990,9.86085108398358,395.782591730776,..,586979310,..,..
IDA only,IDX,1992,YR1992,10.141817562151,341.772705154386,..,617296693.5,..,..
IDA only,IDX,1994,YR1994,22.4530690181237,328.34933537729,..,651560976.5,..,..
IDA only,IDX,1996,YR1996,8.51995195925336,354.067789566159,..,686333061.5,..,..
IDA only,IDX,1998,YR1998,6.20904159059565,363.16349410533,..,721576179.5,..,..
IDA only,IDX,2000,YR2000,4.01212081070342,385.174065928169,3.44702410801922,756964298.5,..,..
IDA only,IDX,2002,YR2002,4.1786723990479,382.938579097994,3.91734940254927,793636477,..,..
IDA only,IDX,2004,YR2004,4.60133998249787,466.406333288671,4.19496222359479,831899003.5,..,..
IDA only,IDX,2006,YR2006,6.69526465773354,583.703214008206,4.42682638199799,871561656,..,..
IDA only,IDX,2008,YR2008,11.4034270813932,801.128041153278,4.33298054227248,912370451,..,..
IDA only,IDX,2010,YR2010,4.76311627525449,884.929161218141,4.37222601204497,953996192,..,..
IDA only,IDX,2012,YR2012,5.98172132315561,950.907162941154,4.2684571444892,997344862,..,..
IDA only,IDX,2014,YR2014,4.12924306873771,1062.79330233719,4.40567895668394,1039658743.5,..,..
IDA only,IDX,2016,YR2016,3.74103082110772,1072.25258983136,4.2471789941617,1086112425.5,..,..
IDA only,IDX,2018,YR2018,3.01748181031406,1177.52764226474,3.93751918279239,1136588793.5,..,..
IDA only,IDX,2020,YR2020,3.94180326908065,1197.82655626131,4.14965628225033,1190648766.5,..,..
IDA only,IDX,2022,YR2022,9.45955253039717,1347.0495978989,4.13292429816256,1245027172.5,..,..
IDA only,IDX,2024,YR2024,..,..,..,..,..,..
IDA total,IDA,1960,YR1960,..,109.349335744531,..,395487385,..,..
IDA total,IDA,1962,YR1962,..,118.251641514448,..,415842864,..,..
IDA total,IDA,1964,YR1964,..,122.860918964919,..,437758610,..,..
IDA total,IDA,1966,YR1966,..,141.052839998197,..,461321498,..,..
IDA total,IDA,1968,YR1968,..,143.64719317198,..,486593159,..,..
IDA total,IDA,1970,YR1970,..,170.089320635854,..,513067315,..,..
IDA total,IDA,1972,YR1972,..,175.070969495953,..,539264683,..,..
IDA total,IDA,1974,YR1974,..,253.114651298396,..,569074542,..,..
IDA total,IDA,1976,YR1976,..,295.438513268133,..,599688584,..,..
IDA total,IDA,1978,YR1978,..,347.002309950103,..,631958710,..,..
IDA total,IDA,1980,YR1980,..,446.854759701206,..,667677170,..,..
IDA total,IDA,1982,YR1982,10.816585254705,572.397845564146,..,705010143,..,..
IDA total,IDA,1984,YR1984,7.89251666092376,440.816073403352,..,744819033,..,..
IDA total,IDA,1986,YR1986,6.80905593895127,390.588480325472,..,786547184,..,..
IDA total,IDA,1988,YR1988,8.50786801086301,403.028642510047,..,830136818,..,..
IDA total,IDA,1990,YR1990,8.2397003745321,433.415696608901,..,875155900,..,..
IDA total,IDA,1992,YR1992,9.49779198403657,395.149702045176,..,922434198.5,..,..
IDA total,IDA,1994,YR1994,15.1763474313441,407.327167522172,..,973370196.5,..,..
IDA total,IDA,1996,YR1996,7.19164660433344,541.52521571873,..,1025752569.5,..,..
IDA total,IDA,1998,YR1998,6.0922623040259,561.223676221385,..,1079175177.5,..,..
IDA total,IDA,2000,YR2000,3.8610653418551,457.644524502419,3.28078599690259,1133395251.5,..,..
IDA total,IDA,2002,YR2002,3.82293995768478,464.737979512485,3.40457867121533,1189916772,..,..
IDA total,IDA,2004,YR2004,4.37623907077313,584.209055074261,3.86247823012951,1248451457.5,..,..
IDA total,IDA,2006,YR2006,6.2410332814282,771.750444184555,4.08770509797563,1309409307,..,..
IDA total,IDA,2008,YR2008,10.7156661309681,1027.5300890754,3.91042374292683,1373831893,..,..
IDA total,IDA,2010,YR2010,3.99639528107218,1104.15461625587,3.93998083695868,1439930635,..,..
IDA total,IDA,2012,YR2012,5.59607014268585,1257.6289139483,3.82742854612157,1506857958,..,..
IDA total,IDA,2014,YR2014,3.51695551369241,1413.48701723574,3.9164116211956,1570999899.5,..,..
IDA total,IDA,2016,YR2016,3.37153003512095,1313.25207885782,3.93285352530642,1638586690.5,..,..
IDA total,IDA,2018,YR2018,2.96760366004456,1405.59717231873,3.64746951240259,1711076533.5,..,..
IDA total,IDA,2020,YR2020,3.48393567493204,1370.26257847044,3.94023520326746,1788173625.5,..,..
IDA total,IDA,2022,YR2022,8.16059031991844,1545.89311822681,4.09906010664564,1866528089.5,..,..
IDA total,IDA,2024,YR2024,..,..,..,..,..,..
Late-demographic dividend,LTE,1960,YR1960,..,167.1777278688,..,1094880069,..,..
Late-demographic dividend,LTE,1962,YR1962,..,155.930419154205,..,1111293141,..,..
Late-demographic dividend,LTE,1964,YR1964,..,178.457957031076,..,1162405292,..,..
Late-demographic dividend,LTE,1966,YR1966,..,212.773023111656,..,1217220438,..,..
Late-demographic dividend,LTE,1968,YR1968,..,207.868324852785,..,1273820149,..,..
Late-demographic dividend,LTE,1970,YR1970,..,251.448490638822,..,1334963829,..,..
Late-demographic dividend,LTE,1972,YR1972,..,307.678407191382,..,1396407513,..,..
Late-demographic dividend,LTE,1974,YR1974,..,461.561671329886,..,1452919554,..,..
Late-demographic dividend,LTE,1976,YR1976,..,531.772909791555,..,1502269051,..,..
Late-demographic dividend,LTE,1978,YR1978,..,623.224720208509,..,1547677040,..,..
Late-demographic dividend,LTE,1980,YR1980,..,826.955717086555,..,1592439385,..,..
Late-demographic dividend,LTE,1982,YR1982,..,849.49502494031,..,1639793804,..,..
Late-demographic dividend,LTE,1984,YR1984,..,797.07368862069,..,1688121991,..,..
Late-demographic dividend,LTE,1986,YR1986,..,889.216116902891,..,1738504785,..,..
Late-demographic dividend,LTE,1988,YR1988,7.19696969696955,993.506011426693,..,1793220326,..,..
Late-demographic dividend,LTE,1990,YR1990,7.60609957743892,1108.63696388267,..,1844718134,..,..
Late-demographic dividend,LTE,1992,YR1992,5.82434514637906,1068.01185853515,..,1890820459.5,..,..
Late-demographic dividend,LTE,1994,YR1994,11.4431196444973,1263.21286990785,..,1932650914.5,..,..
Late-demographic dividend,LTE,1996,YR1996,7.22691489532406,1691.67217360844,..,1972254663.5,..,..
Late-demographic dividend,LTE,1998,YR1998,5.44152554019984,1674.82979931963,..,2010169495.5,..,..
Late-demographic dividend,LTE,2000,YR2000,4.10280983042328,1670.88947753602,5.33113198293287,2043581321.5,..,..
Late-demographic dividend,LTE,2002,YR2002,2.80115505180747,1805.11773407746,5.28867125080205,2072599555,..,..
Late-demographic dividend,LTE,2004,YR2004,3.85730391367399,2440.0621053477,5.10044113531889,2099412662.5,..,..
Late-demographic dividend,LTE,2006,YR2006,4.3655220300907,3506.87979791598,4.99970421969519,2126122277,..,..
Late-demographic dividend,LTE,2008,YR2008,8.95598705177784,5420.88487398449,5.01961807055757,2153941306,..,..
Late-demographic dividend,LTE,2010,YR2010,3.29777961339846,6225.20436553873,5.23517301831892,2179522412,..,..
Late-demographic dividend,LTE,2012,YR2012,3.31605566687647,8005.48648466589,5.19193466608441,2209331950,..,..
Late-demographic dividend,LTE,2014,YR2014,2.04461481539333,8829.32167411182,5.39865845847663,2241185411.5,..,..
Late-demographic dividend,LTE,2016,YR2016,0.977675134719049,8192.82724280848,5.54562008770566,2270944240.5,..,..
Late-demographic dividend,LTE,2018,YR2018,2.47446347118434,9850.36115121356,5.62219470147617,2298520431.5,..,..
Late-demographic dividend,LTE,2020,YR2020,1.93694126694223,9734.68959265356,6.13031380248529,2316785459.5,..,..
Late-demographic dividend,LTE,2022,YR2022,8.51819703483594,12082.0001033778,5.83386796613732,2324072105.5,..,..
Late-demographic dividend,LTE,2024,YR2024,..,..,..,..,..,..
Latin America & Caribbean,LCN,1960,YR1960,..,385.728786953496,..,218624695,..,..
Latin America & Caribbean,LCN,1962,YR1962,..,425.303071886825,..,231038261,..,..
Latin America & Caribbean,LCN,1964,YR1964,..,454.984420217315,..,244080552,..,..
Latin America & Caribbean,LCN,1966,YR1966,..,510.44328593765,..,257488362,..,..
Latin America & Caribbean,LCN,1968,YR1968,4.09389143106836,530.633904828328,..,271127278,..,..
Latin America & Caribbean,LCN,1970,YR1970,4.65229749303154,615.190664954634,..,284995920,..,..
Latin America & Caribbean,LCN,1972,YR1972,6.67117766528369,735.172372181652,..,299187510,..,..
Latin America & Caribbean,LCN,1974,YR1974,23.2440485325972,1208.41597710636,..,313798324,..,..
Latin America & Caribbean,LCN,1976,YR1976,9.79365327534651,1327.1491302115,..,328673285,..,..
Latin America & Caribbean,LCN,1978,YR1978,10.3061292222965,1669.7151496355,..,344000129,..,..
Latin America & Caribbean,LCN,1980,YR1980,17.9199241406267,2178.12651510253,..,359713036,..,..
Latin America & Caribbean,LCN,1982,YR1982,7.81274141216489,2193.24343542743,..,375568417,..,..
Latin America & Caribbean,LCN,1984,YR1984,11.5071695057309,1951.79603338416,..,391832861,..,..
Latin America & Caribbean,LCN,1986,YR1986,9.76436924342062,1876.10977219615,..,408172564,..,..
Latin America & Caribbean,LCN,1988,YR1988,8.01262890572412,2123.52079123549,..,424525590,..,..
Latin America & Caribbean,LCN,1990,YR1990,21.5079881732679,2682.63675399156,..,440958144,..,..
Latin America & Caribbean,LCN,1992,YR1992,10.6301996893038,2841.5696542465,..,457245250,..,..
Latin America & Caribbean,LCN,1994,YR1994,9.70025033516308,3794.10389357996,..,473328616,..,..
Latin America & Caribbean,LCN,1996,YR1996,7.35911781788767,4295.18496326926,..,489235073,..,..
Latin America & Caribbean,LCN,1998,YR1998,5.11024954517559,4618.67036224564,..,504952583,..,..
Latin America & Caribbean,LCN,2000,YR2000,4.60822998872598,4472.56198128317,6.3706082642925,520272118,..,..
Latin America & Caribbean,LCN,2002,YR2002,3.95011663721593,3839.09899910135,6.29571620672876,534691591,..,..
Latin America & Caribbean,LCN,2004,YR2004,4.38032286534608,4385.8228776811,6.60033906916411,548455563,..,..
Latin America & Caribbean,LCN,2006,YR2006,4.25195321977967,6047.65689952018,6.71649977620886,561751999,..,..
Latin America & Caribbean,LCN,2008,YR2008,8.10810810810782,8077.94075948397,6.94201427799503,574908733,..,..
Latin America & Caribbean,LCN,2010,YR2010,3.491288726188,9183.19767723313,7.21531734205057,587749565,..,..
Latin America & Caribbean,LCN,2012,YR2012,3.78180754679678,10344.625186318,7.13176556682924,600393759,..,..
Latin America & Caribbean,LCN,2014,YR2014,3.38341272749477,10583.1936198566,7.43584713525124,612799258,..,..
Latin America & Caribbean,LCN,2016,YR2016,1.65038994431573,8461.78546877733,7.84996146049403,624664026,..,..
Latin America & Caribbean,LCN,2018,YR2018,2.32414485367921,9034.70781075095,7.92244265860334,635680745,..,..
Latin America & Caribbean,LCN,2020,YR2020,0.99333702283873,7444.66073393848,8.38365081668528,645497618,..,..
Latin America & Caribbean,LCN,2022,YR2022,7.7806152516404,9714.93628741262,7.90202084771273,653104771,..,..
Latin America & Caribbean,LCN,2024,YR2024,..,..,..,..,..,..
Latin America & Caribbean (excluding high income),LAC,1960,YR1960,2.26687099162785,350.856584865687,..,194183394,..,..
Latin America & Caribbean (excluding high income),LAC,1962,YR1962,2.07669528411567,377.878653612531,..,205344230,..,..
Latin America & Caribbean (excluding high income),LAC,1964,YR1964,3.6791188489122,413.032234639336,..,217092138,..,..
Latin America & Caribbean (excluding high income),LAC,1966,YR1966,2.87319422160326,468.890565468396,..,229223426,..,..
Latin America & Caribbean (excluding high income),LAC,1968,YR1968,3.25356740941591,487.061369696796,..,241604179,..,..
Latin America & Caribbean (excluding high income),LAC,1970,YR1970,4.30390335201461,564.088319661205,..,254197487,..,..
Latin America & Caribbean (excluding high income),LAC,1972,YR1972,5.18569768004313,676.361670236847,..,267060351,..,..
Latin America & Caribbean (excluding high income),LAC,1974,YR1974,23.2440485325972,1132.88035274894,..,280291439,..,..
Latin America & Caribbean (excluding high income),LAC,1976,YR1976,9.79365327534651,1269.45351877336,..,293772043,..,..
Latin America & Caribbean (excluding high income),LAC,1978,YR1978,10.5079599343186,1596.80298852797,..,307693167,..,..
Latin America & Caribbean (excluding high income),LAC,1980,YR1980,18.135170796071,2027.68610777295,..,321979200,..,..
Latin America & Caribbean (excluding high income),LAC,1982,YR1982,7.72949223911318,2048.34433601714,..,336390934,..,..
Latin America & Caribbean (excluding high income),LAC,1984,YR1984,11.7272982588087,1820.66874075749,..,351171705,..,..
Latin America & Caribbean (excluding high income),LAC,1986,YR1986,16.8966680544701,1743.67096140763,..,365976333,..,..
Latin America & Caribbean (excluding high income),LAC,1988,YR1988,13.4173974119652,1996.18237359608,..,380734762,..,..
Latin America & Caribbean (excluding high income),LAC,1990,YR1990,22.6413707765775,2623.0884470876,..,395535053,..,..
Latin America & Caribbean (excluding high income),LAC,1992,YR1992,13.6265336830005,2728.13814335381,..,410183152,..,..
Latin America & Caribbean (excluding high income),LAC,1994,YR1994,12.1948949383909,3751.30173683597,..,424630669,..,..
Latin America & Caribbean (excluding high income),LAC,1996,YR1996,11.2974294718582,4221.89221883889,..,438918555,..,..
Latin America & Caribbean (excluding high income),LAC,1998,YR1998,6.93064122865762,4500.10655452551,..,453065995,..,..
Latin America & Caribbean (excluding high income),LAC,2000,YR2000,7.06991352252517,4286.86453280356,6.33320177457093,466891427,..,..
Latin America & Caribbean (excluding high income),LAC,2002,YR2002,5.22336769759447,3661.55201517345,6.251464299781,479874713,..,..
Latin America & Caribbean (excluding high income),LAC,2004,YR2004,5.90402005546502,4151.88036848965,6.5980975788923,492232564,..,..
Latin America & Caribbean (excluding high income),LAC,2006,YR2006,4.28239604802561,5713.84017374526,6.77384920957185,504231967,..,..
Latin America & Caribbean (excluding high income),LAC,2008,YR2008,10.0662418245849,7617.5533478192,6.97602123214324,516099421,..,..
Latin America & Caribbean (excluding high income),LAC,2010,YR2010,3.85950909833175,8634.47712876863,7.2463705373629,527703442,..,..
Latin America & Caribbean (excluding high income),LAC,2012,YR2012,4.11150981070289,9826.01988585737,7.15259250635566,539167194,..,..
Latin America & Caribbean (excluding high income),LAC,2014,YR2014,3.43816659958601,9914.63937046348,7.43640074865961,550428711,..,..
Latin America & Caribbean (excluding high income),LAC,2016,YR2016,2.72461223295289,8011.61015629879,7.83014145114272,561307280,..,..
Latin America & Caribbean (excluding high income),LAC,2018,YR2018,2.78235709149245,8504.73822009602,7.8578202536651,572668977,..,..
Latin America & Caribbean (excluding high income),LAC,2020,YR2020,2.00241205759292,6940.27896334688,8.28027750986029,583125825,..,..
Latin America & Caribbean (excluding high income),LAC,2022,YR2022,8.27477490232654,9129.46662678089,7.78259191129125,590730587,..,..
Latin America & Caribbean (excluding high income),LAC,2024,YR2024,..,..,..,..,..,..
Latin America & the Caribbean (IDA & IBRD countries),TLA,1960,YR1960,2.08000000007815,380.307354904827,..,208671107,..,..
Latin America & the Caribbean (IDA & IBRD countries),TLA,1962,YR1962,2.1008403361344,418.185647535401,..,220668336,..,..
Latin America & the Caribbean (IDA & IBRD countries),TLA,1964,YR1964,3.32403316018127,446.12471579618,..,233255631,..,..
Latin America & the Caribbean (IDA & IBRD countries),TLA,1966,YR1966,3.48377613575408,499.502568525097,..,246239963,..,..
Latin America & the Caribbean (IDA & IBRD countries),TLA,1968,YR1968,4.03167276820612,516.733749282207,..,259494716,..,..
Latin America & the Caribbean (IDA & IBRD countries),TLA,1970,YR1970,4.30390335201461,597.850942965377,..,272962813,..,..
Latin America & the Caribbean (IDA & IBRD countries),TLA,1972,YR1972,6.5115440115437,710.813905120365,..,286726529,..,..
Latin America & the Caribbean (IDA & IBRD countries),TLA,1974,YR1974,23.7840154425787,1188.28691118099,..,300937685,..,..
Latin America & the Caribbean (IDA & IBRD countries),TLA,1976,YR1976,9.93159565281301,1301.59174169833,..,315490913,..,..
Latin America & the Caribbean (IDA & IBRD countries),TLA,1978,YR1978,10.3556722757191,1638.63646001541,..,330579364,..,..
Latin America & the Caribbean (IDA & IBRD countries),TLA,1980,YR1980,18.0615430355956,2149.46617569049,..,346105657,..,..
Latin America & the Caribbean (IDA & IBRD countries),TLA,1982,YR1982,8.39768155916691,2157.05860478648,..,361763155,..,..
Latin America & the Caribbean (IDA & IBRD countries),TLA,1984,YR1984,11.7272982588087,1894.64421647013,..,377777260,..,..
Latin America & the Caribbean (IDA & IBRD countries),TLA,1986,YR1986,13.4702186572948,1810.99265036597,..,393862440,..,..
Latin America & the Caribbean (IDA & IBRD countries),TLA,1988,YR1988,9.54973475650019,2049.66181676757,..,409945610,..,..
Latin America & the Caribbean (IDA & IBRD countries),TLA,1990,YR1990,21.8500597281305,2615.70091460903,..,426091608,..,..
Latin America & the Caribbean (IDA & IBRD countries),TLA,1992,YR1992,11.6374024910138,2788.13063096115,..,442150885,..,..
Latin America & the Caribbean (IDA & IBRD countries),TLA,1994,YR1994,10.7205639010421,3744.81581502574,..,458042874,..,..
Latin America & the Caribbean (IDA & IBRD countries),TLA,1996,YR1996,9.78892040179966,4256.72388882856,..,473775482,..,..
Latin America & the Caribbean (IDA & IBRD countries),TLA,1998,YR1998,5.26903547042201,4564.44158096485,..,489346270,..,..
Latin America & the Caribbean (IDA & IBRD countries),TLA,2000,YR2000,4.76382472733251,4388.9268109925,6.37740931984891,504556065,..,..
Latin America & the Caribbean (IDA & IBRD countries),TLA,2002,YR2002,4.24026660688645,3714.29505944995,6.29273956731414,518881965,..,..
Latin America & the Caribbean (IDA & IBRD countries),TLA,2004,YR2004,4.45194392395045,4252.78397234292,6.60697619362664,532556401,..,..
Latin America & the Caribbean (IDA & IBRD countries),TLA,2006,YR2006,4.29342363628927,5926.83500661988,6.69962710260368,545805913,..,..
Latin America & the Caribbean (IDA & IBRD countries),TLA,2008,YR2008,8.40009593987462,7989.39743844634,6.88796989360459,558968822,..,..
Latin America & the Caribbean (IDA & IBRD countries),TLA,2010,YR2010,3.7964433376871,9115.01031671367,7.17649851969887,571822092,..,..
Latin America & the Caribbean (IDA & IBRD countries),TLA,2012,YR2012,4.14457284086402,10277.9055625547,7.10704085966554,584524334,..,..
Latin America & the Caribbean (IDA & IBRD countries),TLA,2014,YR2014,3.42826414810781,10507.1454660865,7.37373129502198,597023419,..,..
Latin America & the Caribbean (IDA & IBRD countries),TLA,2016,YR2016,2.53781710390567,8302.17434243113,7.77218389786993,609017063,..,..
Latin America & the Caribbean (IDA & IBRD countries),TLA,2018,YR2018,2.29810236299038,8877.72299219367,7.86785773460049,620274430,..,..
Latin America & the Caribbean (IDA & IBRD countries),TLA,2020,YR2020,1.38042647320286,7240.56006051251,8.28394015352453,630051021,..,..
Latin America & the Caribbean (IDA & IBRD countries),TLA,2022,YR2022,7.83844572166295,9483.70640570626,7.90358535969916,637837815,..,..
Latin America & the Caribbean (IDA & IBRD countries),TLA,2024,YR2024,..,..,..,..,..,..
Least developed countries: UN classification,LDC,1960,YR1960,..,114.773183565698,..,245048596,..,..
Least developed countries: UN classification,LDC,1962,YR1962,..,123.813794045622,..,257173413,..,..
Least developed countries: UN classification,LDC,1964,YR1964,..,122.869976871485,..,270194662,..,..
Least developed countries: UN classification,LDC,1966,YR1966,..,143.204557055027,..,284221585,..,..
Least developed countries: UN classification,LDC,1968,YR1968,..,147.517346216483,..,299374569,..,..
Least developed countries: UN classification,LDC,1970,YR1970,..,150.069792720353,..,315102512,..,..
Least developed countries: UN classification,LDC,1972,YR1972,..,155.585030938701,..,330244369,..,..
Least developed countries: UN classification,LDC,1974,YR1974,..,223.775551155877,..,348044659,..,..
Least developed countries: UN classification,LDC,1976,YR1976,..,236.308311991048,..,365558134,..,..
Least developed countries: UN classification,LDC,1978,YR1978,..,291.653212618651,..,383667234,..,..
Least developed countries: UN classification,LDC,1980,YR1980,..,334.305415420402,..,403007563,..,..
Least developed countries: UN classification,LDC,1982,YR1982,..,331.073644484818,..,422560922,..,..
Least developed countries: UN classification,LDC,1984,YR1984,..,315.36362691969,..,445947594,..,..
Least developed countries: UN classification,LDC,1986,YR1986,9.32546190007652,284.527696123501,..,469843634,..,..
Least developed countries: UN classification,LDC,1988,YR1988,10.2196875039765,315.093827167654,..,494400159,..,..
Least developed countries: UN classification,LDC,1990,YR1990,8.48864649650696,369.97406055604,..,519693837,..,..
Least developed countries: UN classification,LDC,1992,YR1992,10.6393021897439,300.707348677371,..,546905231,..,..
Least developed countries: UN classification,LDC,1994,YR1994,25.1778762249963,289.378189112861,..,578028937,..,..
Least developed countries: UN classification,LDC,1996,YR1996,9.33031458531928,296.5157326412,..,609407699,..,..
Least developed countries: UN classification,LDC,1998,YR1998,7.11191114210706,298.320609965291,..,641401023,..,..
Least developed countries: UN classification,LDC,2000,YR2000,3.89952980284712,332.760035513826,3.05128707245882,673630102,..,..
Least developed countries: UN classification,LDC,2002,YR2002,4.46426400734842,334.142875511538,3.66708253452682,707266809,..,..
Least developed countries: UN classification,LDC,2004,YR2004,4.53421374129692,413.928889618364,4.06696376223864,742717957,..,..
Least developed countries: UN classification,LDC,2006,YR2006,6.85246617854621,538.361298432206,4.17203859206649,779230030,..,..
Least developed countries: UN classification,LDC,2008,YR2008,11.010388006835,756.409553432228,4.12371865395669,816268129,..,..
Least developed countries: UN classification,LDC,2010,YR2010,5.04968075857402,808.168179758183,4.09875093641983,855348118,..,..
Least developed countries: UN classification,LDC,2012,YR2012,6.31474450315196,920.356744208064,3.9228737333364,896684951,..,..
Least developed countries: UN classification,LDC,2014,YR2014,4.26729770529532,1028.07776350662,4.09772274408186,940284138,..,..
Least developed countries: UN classification,LDC,2016,YR2016,5.51352572692995,958.174398065087,4.12829362526164,985414939,..,..
Least developed countries: UN classification,LDC,2018,YR2018,3.47796666914955,1065.22658037951,3.82544503920316,1033110314,..,..
Least developed countries: UN classification,LDC,2020,YR2020,4.4641443723286,1081.79748199294,3.92494463341112,1083636132,..,..
Least developed countries: UN classification,LDC,2022,YR2022,9.39383877456591,1265.52540549785,3.90499565491822,1134585604,..,..
Least developed countries: UN classification,LDC,2024,YR2024,..,..,..,..,..,..
Low & middle income,LMY,1960,YR1960,..,131.493375200258,..,2106419056,..,..
Low & middle income,LMY,1962,YR1962,..,129.635637634561,..,2179211852,..,..
Low & middle income,LMY,1964,YR1964,..,149.457634270142,..,2289931597,..,..
Low & middle income,LMY,1966,YR1966,..,162.963687460662,..,2406483811,..,..
Low & middle income,LMY,1968,YR1968,..,168.827067441509,..,2528852060,..,..
Low & middle income,LMY,1970,YR1970,..,196.014448026064,..,2659238723,..,..
Low & middle income,LMY,1972,YR1972,..,225.5208005156,..,2791613396,..,..
Low & middle income,LMY,1974,YR1974,..,348.851628811489,..,2925058126,..,..
Low & middle income,LMY,1976,YR1976,..,397.497760723793,..,3055170649,..,..
Low & middle income,LMY,1978,YR1978,9.04398827010362,475.816446215425,..,3184920236,..,..
Low & middle income,LMY,1980,YR1980,..,624.309904099264,..,3320729393,..,..
Low & middle income,LMY,1982,YR1982,10.8318097738171,659.873002532569,..,3465282032,..,..
Low & middle income,LMY,1984,YR1984,10.284098213138,630.05481826269,..,3616009004,..,..
Low & middle income,LMY,1986,YR1986,8.73163995704628,641.055076873142,..,3771794863,..,..
Low & middle income,LMY,1988,YR1988,9.07115875780024,676.763343889708,..,3934736405,..,..
Low & middle income,LMY,1990,YR1990,10.3326720542949,818.661627615458,..,4100351515,..,..
Low & middle income,LMY,1992,YR1992,10.0510173716465,784.821705804466,..,4260362085.5,..,..
Low & middle income,LMY,1994,YR1994,20.5661948376355,917.118819078676,..,4417713700.5,..,..
Low & middle income,LMY,1996,YR1996,8.97715233826453,1123.76469865618,..,4574398178.5,..,..
Low & middle income,LMY,1998,YR1998,6.88054521037351,1147.33599121606,..,4731323838.5,..,..
Low & middle income,LMY,2000,YR2000,4.06396201382596,1162.75663874146,4.95735895457825,4885599511.5,..,..
Low & middle income,LMY,2002,YR2002,4.24026660688645,1150.99187863541,4.84415527124462,5037637869,..,..
Low & middle income,LMY,2004,YR2004,4.50460331603898,1466.6203016094,4.91101966007415,5188460859.5,..,..
Low & middle income,LMY,2006,YR2006,6.07271879734293,1980.79743730656,4.86555016456342,5340182185,..,..
Low & middle income,LMY,2008,YR2008,10.3607288954998,2806.73796014751,4.82013362292126,5492228861,..,..
Low & middle income,LMY,2010,YR2010,4.27707052915122,3325.85341042473,4.98075231303614,5648351983,..,..
Low & middle income,LMY,2012,YR2012,5.01804155429246,4048.47846033862,5.0121746317784,5809649768,..,..
Low & middle income,LMY,2014,YR2014,3.56179436381993,4373.15629137736,5.13111953022955,5971198209.5,..,..
Low & middle income,LMY,2016,YR2016,3.01913975139128,4176.46750468353,5.24588932974478,6128880429.5,..,..
Low & middle income,LMY,2018,YR2018,3.23929245939142,4738.20340339937,5.19020017587124,6287535114.5,..,..
Low & middle income,LMY,2020,YR2020,2.99313555869917,4585.37575872202,5.50362022555988,6438169877.5,..,..
Low & middle income,LMY,2022,YR2022,8.32008377271927,5551.33514593968,5.27531983582032,6568731933.5,..,..
Low & middle income,LMY,2024,YR2024,..,..,..,..,..,..
Low income,LIC,1960,YR1960,..,107.192936402859,..,136125731,..,..
Low income,LIC,1962,YR1962,..,115.733092935045,..,142712633,..,..
Low income,LIC,1964,YR1964,..,111.575271563371,..,149870082,..,..
Low income,LIC,1966,YR1966,..,130.459978936228,..,157659981,..,..
Low income,LIC,1968,YR1968,..,129.643106282527,..,166200264,..,..
Low income,LIC,1970,YR1970,..,145.487513617541,..,175246425,..,..
Low income,LIC,1972,YR1972,..,170.259242603653,..,184581584,..,..
Low income,LIC,1974,YR1974,..,236.874828094815,..,194562665,..,..
Low income,LIC,1976,YR1976,..,274.600056222529,..,204927699,..,..
Low income,LIC,1978,YR1978,..,347.784376174782,..,215869463,..,..
Low income,LIC,1980,YR1980,..,386.226363377452,..,226852931,..,..
Low income,LIC,1982,YR1982,12.0597652081337,383.950191538979,..,236940777,..,..
Low income,LIC,1984,YR1984,9.54306957454692,347.237900729848,..,249991057,..,..
Low income,LIC,1986,YR1986,3.18488388764978,334.560919989952,..,263482134,..,..
Low income,LIC,1988,YR1988,11.6905868876763,359.041652567021,..,277807413,..,..
Low income,LIC,1990,YR1990,6.07732540412944,450.34204589982,..,292948240,..,..
Low income,LIC,1992,YR1992,9.56041187600816,331.339584156399,..,309670853,..,..
Low income,LIC,1994,YR1994,25.1778762249963,313.531655086912,..,329120052,..,..
Low income,LIC,1996,YR1996,7.83063091721076,265.227528404092,..,348800131,..,..
Low income,LIC,1998,YR1998,4.81617460932022,270.386586258393,..,369081911,..,..
Low income,LIC,2000,YR2000,3.60731123299653,317.586553973794,3.68496969684182,390079731,..,..
Low income,LIC,2002,YR2002,3.30012175283749,312.02868416744,4.36407826760785,412670845,..,..
Low income,LIC,2004,YR2004,3.99438400815971,384.208003278207,4.80111909764462,437382851,..,..
Low income,LIC,2006,YR2006,7.31067613561864,503.102893955903,5.00533839250514,463744491,..,..
Low income,LIC,2008,YR2008,11.6779827154953,695.768549201921,4.94635828990627,491406380,..,..
Low income,LIC,2010,YR2010,4.3974138315007,720.040587689248,5.06487110676152,520054110,..,..
Low income,LIC,2012,YR2012,6.83178703418548,699.373833339977,4.91551322506808,549451656,..,..
Low income,LIC,2014,YR2014,4.40535234185293,734.426583108791,5.36761767864786,577586377,..,..
Low income,LIC,2016,YR2016,5.87106681385445,633.70146846597,5.3443823663351,607867476,..,..
Low income,LIC,2018,YR2018,2.96760366004456,654.345171301588,4.87760850832156,642186195,..,..
Low income,LIC,2020,YR2020,5.03301614357542,651.453378446489,5.24485678361425,679560744,..,..
Low income,LIC,2022,YR2022,9.95043894711641,763.322724840016,5.05681616274705,716865783,..,..
Low income,LIC,2024,YR2024,..,..,..,..,..,..
Lower middle income,LMC,1960,YR1960,..,104.005764015447,..,819047154,..,..
Lower middle income,LMC,1962,YR1962,..,107.14233231016,..,860740314,..,..
Lower middle income,LMC,1964,YR1964,..,126.794136386442,..,904528786,..,..
Lower middle income,LMC,1966,YR1966,..,118.163095894121,..,949086288,..,..
Lower middle income,LMC,1968,YR1968,..,127.595880102863,..,995352698,..,..
Lower middle income,LMC,1970,YR1970,..,145.920232885339,..,1043648387,..,..
Lower middle income,LMC,1972,YR1972,..,154.901351109717,..,1093040718,..,..
Lower middle income,LMC,1974,YR1974,..,214.699875185691,..,1147483141,..,..
Lower middle income,LMC,1976,YR1976,..,236.767422555732,..,1205181575,..,..
Lower middle income,LMC,1978,YR1978,..,286.482257080736,..,1265823736,..,..
Lower middle income,LMC,1980,YR1980,14.2713421163126,384.773003066635,..,1331803696,..,..
Lower middle income,LMC,1982,YR1982,10.5278072972983,450.848589314543,..,1402582461,..,..
Lower middle income,LMC,1984,YR1984,10.9838625715774,390.020328054666,..,1475538545,..,..
Lower middle income,LMC,1986,YR1986,8.35304133136604,398.011655296415,..,1551312164,..,..
Lower middle income,LMC,1988,YR1988,8.91047020013381,426.131539893142,..,1628976052,..,..
Lower middle income,LMC,1990,YR1990,10.6535057862491,432.015792085123,..,1710810036,..,..
Lower middle income,LMC,1992,YR1992,9.96032320739721,411.904935197462,..,1791923535.5,..,..
Lower middle income,LMC,1994,YR1994,12.0803818909762,448.16245037839,..,1873664365.5,..,..
Lower middle income,LMC,1996,YR1996,8.92061987701987,580.79510917895,..,1956491425.5,..,..
Lower middle income,LMC,1998,YR1998,8.25610179593546,596.737301530919,..,2040638444.5,..,..
Lower middle income,LMC,2000,YR2000,4.01077836057766,557.8144293004,3.92547751172374,2125376113.5,..,..
Lower middle income,LMC,2002,YR2002,3.75017465778466,571.963511657848,4.00442314239888,2210311164,..,..
Lower middle income,LMC,2004,YR2004,4.50460331603898,719.260394131015,4.00479124773187,2293999532.5,..,..
Lower middle income,LMC,2006,YR2006,6.07271879734293,936.479121752834,3.93922669728381,2377469865,..,..
Lower middle income,LMC,2008,YR2008,11.4846669599236,1224.05482773831,3.83493424507334,2462681283,..,..
Lower middle income,LMC,2010,YR2010,4.76311627525449,1484.05182543658,3.75005241676223,2548857608,..,..
Lower middle income,LMC,2012,YR2012,5.83116601031462,1692.33125256858,3.75330923135839,2635615131,..,..
Lower middle income,LMC,2014,YR2014,4.78942509009216,1872.37394400472,3.86426172876123,2721462078.5,..,..
Lower middle income,LMC,2016,YR2016,3.20522434559745,1891.00255065343,3.88809542848743,2804867051.5,..,..
Lower middle income,LMC,2018,YR2018,4.0611633875107,2076.456710545,3.46974057143713,2886705487.5,..,..
Lower middle income,LMC,2020,YR2020,4.87167398565555,2057.14629082262,3.81793049015453,2966396716.5,..,..
Lower middle income,LMC,2022,YR2022,7.69695437176898,2423.84146733947,3.88293019264612,3041203716.5,..,..
Lower middle income,LMC,2024,YR2024,..,..,..,..,..,..
Middle East & North Africa,MEA,1960,YR1960,..,243.920389470168,..,103189039,..,..
Middle East & North Africa,MEA,1962,YR1962,..,242.142628378088,..,108830401,..,..
Middle East & North Africa,MEA,1964,YR1964,..,282.500004499221,..,114934365,..,..
Middle East & North Africa,MEA,1966,YR1966,..,312.958770644339,..,121421021,..,..
Middle East & North Africa,MEA,1968,YR1968,..,365.574756390544,..,128530890,..,..
Middle East & North Africa,MEA,1970,YR1970,3.73927872194899,433.73765930881,..,136112803,..,..
Middle East & North Africa,MEA,1972,YR1972,4.04517513252877,579.465726584289,..,144011465,..,..
Middle East & North Africa,MEA,1974,YR1974,14.2489355382567,1384.44414683259,..,152507492,..,..
Middle East & North Africa,MEA,1976,YR1976,11.2561425062111,1771.54457318404,..,162141778,..,..
Middle East & North Africa,MEA,1978,YR1978,9.7160327495434,2044.24341244467,..,172475084,..,..
Middle East & North Africa,MEA,1980,YR1980,10.4226999529126,3240.24076238968,..,183887467,..,..
Middle East & North Africa,MEA,1982,YR1982,8.33125575581156,3082.62153248822,..,197590595,..,..
Middle East & North Africa,MEA,1984,YR1984,8.116397955171,2953.59021115871,..,211011301,..,..
Middle East & North Africa,MEA,1986,YR1986,6.16438356164371,2853.56650170101,..,225182758,..,..
Middle East & North Africa,MEA,1988,YR1988,5.99925074273699,2467.49068916951,..,239480378,..,..
Middle East & North Africa,MEA,1990,YR1990,8.03956867283908,3113.55875309605,..,255077790,..,..
Middle East & North Africa,MEA,1992,YR1992,7.5920483679552,2452.47200239173,..,269021456,..,..
Middle East & North Africa,MEA,1994,YR1994,5.12713521698837,2307.77340291465,..,281118568,..,..
Middle East & North Africa,MEA,1996,YR1996,4.46630617999248,2713.99744013328,..,293539029,..,..
Middle East & North Africa,MEA,1998,YR1998,3.12536579655862,2666.16859827417,..,306364681,..,..
Middle East & North Africa,MEA,2000,YR2000,1.81294613887089,3112.37412193799,4.4331477435849,319840863,..,..
Middle East & North Africa,MEA,2002,YR2002,1.83299389002049,2944.47313511223,4.65435024362871,333592427,..,..
Middle East & North Africa,MEA,2004,YR2004,3.12226204699354,3697.37167350412,4.27946015241938,348239858,..,..
Middle East & North Africa,MEA,2006,YR2006,3.48340699677866,4977.18911142521,3.95361201557475,364791715,..,..
Middle East & North Africa,MEA,2008,YR2008,11.2706652380848,7011.10363519529,3.87462107271956,381817362,..,..
Middle East & North Africa,MEA,2010,YR2010,3.74915727597096,7103.44175223725,4.54969794553345,397305528,..,..
Middle East & North Africa,MEA,2012,YR2012,3.73120950756887,8823.39627549638,4.51003337879912,415046283,..,..
Middle East & North Africa,MEA,2014,YR2014,2.43294141599225,8372.74262763337,4.9467484169401,433660485,..,..
Middle East & North Africa,MEA,2016,YR2016,2.37271603075831,7156.79613508213,5.84096237890004,452184895,..,..
Middle East & North Africa,MEA,2018,YR2018,1.94579304594437,7732.44296580288,5.44009720285651,466691130,..,..
Middle East & North Africa,MEA,2020,YR2020,0.705968661338261,6650.85368826242,5.99624448096805,482334398,..,..
Middle East & North Africa,MEA,2022,YR2022,4.99527553740761,8986.09895923688,4.88591948078943,498070255,..,..
Middle East & North Africa,MEA,2024,YR2024,..,..,..,..,..,..
Middle East & North Africa (excluding high income),MNA,1960,YR1960,..,185.395388003457,..,97138700,..,..
Middle East & North Africa (excluding high income),MNA,1962,YR1962,..,183.405325565926,..,102288730,..,..
Middle East & North Africa (excluding high income),MNA,1964,YR1964,..,215.022026866061,..,107860080,..,..
Middle East & North Africa (excluding high income),MNA,1966,YR1966,..,237.614832262382,..,113811829,..,..
Middle East & North Africa (excluding high income),MNA,1968,YR1968,..,277.677779000059,..,120310263,..,..
Middle East & North Africa (excluding high income),MNA,1970,YR1970,4.0592469302555,328.328469646897,..,127174194,..,..
Middle East & North Africa (excluding high income),MNA,1972,YR1972,3.70773884352749,426.648716113622,..,134260715,..,..
Middle East & North Africa (excluding high income),MNA,1974,YR1974,12.1366266449525,832.129112885155,..,141784043,..,..
Middle East & North Africa (excluding high income),MNA,1976,YR1976,10.7867791969762,1108.04601531548,..,150378878,..,..
Middle East & North Africa (excluding high income),MNA,1978,YR1978,10.3970665660787,1285.87833042202,..,159473249,..,..
Middle East & North Africa (excluding high income),MNA,1980,YR1980,11.5845673416485,1846.41356153652,..,169488204,..,..
Middle East & North Africa (excluding high income),MNA,1982,YR1982,10.3933080764634,1850.62395562399,..,181764163,..,..
Middle East & North Africa (excluding high income),MNA,1984,YR1984,9.22951819475496,2007.39508391714,..,193686969,..,..
Middle East & North Africa (excluding high income),MNA,1986,YR1986,12.3716091651299,2198.3181760059,..,206230968,..,..
Middle East & North Africa (excluding high income),MNA,1988,YR1988,6.90509807493766,1705.14383714572,..,218765632,..,..
Middle East & North Africa (excluding high income),MNA,1990,YR1990,12.3217999847811,2225.56198986398,..,233120964,..,..
Middle East & North Africa (excluding high income),MNA,1992,YR1992,12.3232992418242,1383.77121121718,..,245170118,..,..
Middle East & North Africa (excluding high income),MNA,1994,YR1994,11.7413492195778,1203.37377606864,..,255476523,..,..
Middle East & North Africa (excluding high income),MNA,1996,YR1996,6.84416086199789,1431.50291427811,..,266048568,..,..
Middle East & North Africa (excluding high income),MNA,1998,YR1998,3.8725754642749,1483.87545376079,..,276793615,..,..
Middle East & North Africa (excluding high income),MNA,2000,YR2000,2.68380535348546,1647.90580225671,4.72672443486627,287971068,..,..
Middle East & North Africa (excluding high income),MNA,2002,YR2002,2.72913569925394,1549.3508174048,4.99294064807459,298939850,..,..
Middle East & North Africa (excluding high income),MNA,2004,YR2004,3.79704017606906,1938.07729335777,4.74425732427893,310771929,..,..
Middle East & North Africa (excluding high income),MNA,2006,YR2006,5.04703296140613,2553.99417126231,4.47724702147627,324051680,..,..
Middle East & North Africa (excluding high income),MNA,2008,YR2008,12.310736758289,3723.89508216659,4.50528490567636,336700258,..,..
Middle East & North Africa (excluding high income),MNA,2010,YR2010,3.95007875923885,4040.01754603376,5.1346294638937,349872902,..,..
Middle East & North Africa (excluding high income),MNA,2012,YR2012,6.08909641595043,4906.91313645694,5.21468659664333,363339829,..,..
Middle East & North Africa (excluding high income),MNA,2014,YR2014,2.89947905006057,4312.21641273822,5.40857023457613,377506892,..,..
Middle East & North Africa (excluding high income),MNA,2016,YR2016,3.18390573061568,3830.71300891916,6.2673827024402,390998434,..,..
Middle East & North Africa (excluding high income),MNA,2018,YR2018,4.36615064471282,3682.71025533449,5.89737398357969,404775501,..,..
Middle East & North Africa (excluding high income),MNA,2020,YR2020,1.7774078380617,3175.61706654976,5.39833394944807,418461302,..,..
Middle East & North Africa (excluding high income),MNA,2022,YR2022,6.65704202759067,4030.08692997644,4.90751321397065,432229148,..,..
Middle East & North Africa (excluding high income),MNA,2024,YR2024,..,..,..,..,..,..
Middle East & North Africa (IDA & IBRD countries),TMN,1960,YR1960,..,183.680759372632,..,97138700,..,..
Middle East & North Africa (IDA & IBRD countries),TMN,1962,YR1962,..,181.709102020952,..,102288730,..,..
Middle East & North Africa (IDA & IBRD countries),TMN,1964,YR1964,..,213.033396364014,..,107860080,..,..
Middle East & North Africa (IDA & IBRD countries),TMN,1966,YR1966,2.88830033830271,235.417252274588,..,113811829,..,..
Middle East & North Africa (IDA & IBRD countries),TMN,1968,YR1968,0.563419795520379,275.109676982286,..,120310263,..,..
Middle East & North Africa (IDA & IBRD countries),TMN,1970,YR1970,4.0592469302555,325.291924884732,..,127174194,..,..
Middle East & North Africa (IDA & IBRD countries),TMN,1972,YR1972,3.70773884352749,422.702856878227,..,134260715,..,..
Middle East & North Africa (IDA & IBRD countries),TMN,1974,YR1974,12.1366266449525,824.433169545566,..,141784043,..,..
Middle East & North Africa (IDA & IBRD countries),TMN,1976,YR1976,10.7867791969762,1097.79825541923,..,150378878,..,..
Middle East & North Africa (IDA & IBRD countries),TMN,1978,YR1978,10.3970665660787,1273.98588894954,..,159473249,..,..
Middle East & North Africa (IDA & IBRD countries),TMN,1980,YR1980,11.5845673416485,1829.33701183888,..,169488204,..,..
Middle East & North Africa (IDA & IBRD countries),TMN,1982,YR1982,10.3933080764634,1833.5084661106,..,181764163,..,..
Middle East & North Africa (IDA & IBRD countries),TMN,1984,YR1984,9.22951819475496,1988.82969714388,..,193686969,..,..
Middle East & North Africa (IDA & IBRD countries),TMN,1986,YR1986,12.3716091651299,2177.98703764892,..,206230968,..,..
Middle East & North Africa (IDA & IBRD countries),TMN,1988,YR1988,6.90509807493766,1689.37382002539,..,218765632,..,..
Middle East & North Africa (IDA & IBRD countries),TMN,1990,YR1990,12.3217999847811,2223.85032362517,..,231142716,..,..
Middle East & North Africa (IDA & IBRD countries),TMN,1992,YR1992,12.3232992418242,1383.17977012914,..,243006527,..,..
Middle East & North Africa (IDA & IBRD countries),TMN,1994,YR1994,11.7413492195778,1203.39053145481,..,253110225,..,..
Middle East & North Africa (IDA & IBRD countries),TMN,1996,YR1996,6.84416086199789,1432.62310181328,..,263460571,..,..
Middle East & North Africa (IDA & IBRD countries),TMN,1998,YR1998,3.79092432361614,1484.066248828,..,274017047,..,..
Middle East & North Africa (IDA & IBRD countries),TMN,2000,YR2000,2.28921996056005,1649.66631723283,4.67827174039175,285048915,..,..
Middle East & North Africa (IDA & IBRD countries),TMN,2002,YR2002,2.72103284850455,1553.43725482924,4.94249024026086,295864477,..,..
Middle East & North Africa (IDA & IBRD countries),TMN,2004,YR2004,3.96180030257187,1943.50669070306,4.69315833507009,307535303,..,..
Middle East & North Africa (IDA & IBRD countries),TMN,2006,YR2006,6.25172466656443,2564.44639588737,4.43805790807099,320645346,..,..
Middle East & North Africa (IDA & IBRD countries),TMN,2008,YR2008,12.6628528269228,3742.10461291541,4.46997511943699,333108281,..,..
Middle East & North Africa (IDA & IBRD countries),TMN,2010,YR2010,3.96677908889859,4056.24081091784,5.10724751714201,346086741,..,..
Middle East & North Africa (IDA & IBRD countries),TMN,2012,YR2012,6.3352854463936,4927.28576533117,5.17961677858363,359359831,..,..
Middle East & North Africa (IDA & IBRD countries),TMN,2014,YR2014,2.90820298536757,4322.94916352776,5.36946269525254,373333494,..,..
Middle East & North Africa (IDA & IBRD countries),TMN,2016,YR2016,3.62939937384381,3834.13658237327,6.23894332474708,386631346,..,..
Middle East & North Africa (IDA & IBRD countries),TMN,2018,YR2018,4.46231108475481,3684.084605003,5.85587862060285,400206414,..,..
Middle East & North Africa (IDA & IBRD countries),TMN,2020,YR2020,2.09626938944792,3174.94415084122,5.34064898999634,413658033,..,..
Middle East & North Africa (IDA & IBRD countries),TMN,2022,YR2022,7.48175163603345,4032.80400418252,4.8538261005165,427185536,..,..
Middle East & North Africa (IDA & IBRD countries),TMN,2024,YR2024,..,..,..,..,..,..
Middle income,MIC,1960,YR1960,..,133.884671228378,..,1970293325,..,..
Middle income,MIC,1962,YR1962,..,131.390597443142,..,2036499219,..,..
Middle income,MIC,1964,YR1964,..,152.717076310186,..,2140061515,..,..
Middle income,MIC,1966,YR1966,..,166.024030335734,..,2248823830,..,..
Middle income,MIC,1968,YR1968,..,172.324134204904,..,2362651796,..,..
Middle income,MIC,1970,YR1970,..,200.377219838396,..,2483992298,..,..
Middle income,MIC,1972,YR1972,..,230.399761627662,..,2607031812,..,..
Middle income,MIC,1974,YR1974,..,357.974867740349,..,2730495461,..,..
Middle income,MIC,1976,YR1976,9.86215191952188,407.737026898765,..,2850242950,..,..
Middle income,MIC,1978,YR1978,8.93375884095014,487.130399979862,..,2969050773,..,..
Middle income,MIC,1980,YR1980,16.7531356897102,643.431838034846,..,3093876462,..,..
Middle income,MIC,1982,YR1982,10.2588088556284,681.564967024362,..,3228341255,..,..
Middle income,MIC,1984,YR1984,10.45503482319,652.229237117794,..,3366017947,..,..
Middle income,MIC,1986,YR1986,9.02951054357164,665.061596448166,..,3508312729,..,..
Middle income,MIC,1988,YR1988,8.98300338208989,702.086166835476,..,3656928992,..,..
Middle income,MIC,1990,YR1990,11.0249259531024,848.790982558515,..,3807403275,..,..
Middle income,MIC,1992,YR1992,10.0561167448841,821.40696946941,..,3950691232.5,..,..
Middle income,MIC,1994,YR1994,13.3952506595033,966.359854628882,..,4088593648.5,..,..
Middle income,MIC,1996,YR1996,9.22046662376986,1194.42772377094,..,4225598047.5,..,..
Middle income,MIC,1998,YR1998,7.67322895675083,1221.37851402683,..,4362241927.5,..,..
Middle income,MIC,2000,YR2000,4.19928825622803,1236.42545603559,4.98197551284539,4495519780.5,..,..
Middle income,MIC,2002,YR2002,4.26870932309104,1226.22247879312,4.85401697374479,4624967024,..,..
Middle income,MIC,2004,YR2004,4.68840884843143,1566.72610202175,4.91323574952845,4751078008.5,..,..
Middle income,MIC,2006,YR2006,5.5649377040842,2121.94174849257,4.8627312017517,4876437694,..,..
Middle income,MIC,2008,YR2008,10.1547846489023,3015.08154902374,4.81756201548472,5000822481,..,..
Middle income,MIC,2010,YR2010,4.15672722680174,3590.83653455468,4.97919254428794,5128297873,..,..
Middle income,MIC,2012,YR2012,4.54176967761132,4398.51781287515,5.01363301177197,5260198112,..,..
Middle income,MIC,2014,YR2014,3.53436856147324,4763.02572364617,5.12753110891792,5393611832.5,..,..
Middle income,MIC,2016,YR2016,2.72461223295289,4566.49285052469,5.24447278705724,5521012953.5,..,..
Middle income,MIC,2018,YR2018,3.24056932930569,5202.51034300538,5.19442045981419,5645348919.5,..,..
Middle income,MIC,2020,YR2020,2.65664643301124,5049.55823705701,5.50732705224336,5758609133.5,..,..
Middle income,MIC,2022,YR2022,8.27328940087841,6137.8170764372,5.2784848937919,5851866150.5,..,..
Middle income,MIC,2024,YR2024,..,..,..,..,..,..
North America,NAC,1960,YR1960,1.40833581922591,2933.32612076162,..,198622564,..,..
North America,NAC,1962,YR1962,1.13017223673361,3148.48034494887,..,205196239,..,..
North America,NAC,1964,YR1964,1.59552813373414,3473.15658682108,..,211260410,..,..
North America,NAC,1966,YR1966,3.41536722263447,4035.88185355802,..,216656534,..,..
North America,NAC,1968,YR1968,4.16354784602792,4570.75388903652,..,221500404,..,..
North America,NAC,1970,YR1970,4.59214757606042,5130.46496658829,..,226428124,..,..
North America,NAC,1972,YR1972,4.13015348879917,5999.16290039623,..,232167266,..,..
North America,NAC,1974,YR1974,11.0259879752454,7209.11056718541,..,236715025,..,..
North America,NAC,1976,YR1976,6.64327563265616,8615.91036395796,..,241538018,..,..
North America,NAC,1978,YR1978,8.3023435951841,10427.5235353317,..,246601634,..,..
North America,NAC,1980,YR1980,11.8392112417568,12441.4904083867,..,251794340,..,..
North America,NAC,1982,YR1982,8.45019944999441,14247.3479863069,..,256835329,..,..
North America,NAC,1984,YR1984,4.30265688957583,16808.9173401045,..,261487222,..,..
North America,NAC,1986,YR1986,3.04641700659948,18625.6594397012,..,266289167,..,..
North America,NAC,1988,YR1988,4.05298762808012,21180.3472351774,..,271347446,..,..
North America,NAC,1990,YR1990,5.08921668663315,23653.5020058697,..,277371697,..,..
North America,NAC,1992,YR1992,2.25947629094757,24974.7405630878,..,284943671,..,..
North America,NAC,1994,YR1994,1.38650225303091,26931.65092829,..,292185857,..,..
North America,NAC,1996,YR1996,2.2508676625029,29112.2451436921,..,299064031,..,..
North America,NAC,1998,YR1998,1.27411077770083,31691.9453265126,..,306069812,..,..
North America,NAC,2000,YR2000,3.04814861420952,35151.3741865271,12.2027101898687,312909691,..,..
North America,NAC,2002,YR2002,1.92221301795728,36652.0031278509,13.6609769608485,319046534,..,..
North America,NAC,2004,YR2004,2.26724770583214,40788.4830356565,14.1260306859305,324806660,..,..
North America,NAC,2006,YR2006,2.61398474802282,45741.25142685,14.2395142569164,331013939,..,..
North America,NAC,2008,YR2008,3.10468548554699,48398.372260079,14.6726396515664,337404564,..,..
North America,NAC,2010,YR2010,1.70845749165809,48553.0160737571,15.6641585013682,343396770,..,..
North America,NAC,2012,YR2012,1.79250774825292,51881.4589732398,15.5560257154204,348654703,..,..
North America,NAC,2014,YR2014,1.76442944229339,54877.6040655634,15.6445369088211,353883924,..,..
North America,NAC,2016,YR2016,1.34517137635811,56618.0479576143,16.3605276849869,359246007,..,..
North America,NAC,2018,YR2018,2.3554044847046,61512.7212012788,16.1780628699867,363974650,..,..
North America,NAC,2020,YR2020,0.975292014307058,62271.1969150653,18.3966978308261,369619953,..,..
North America,NAC,2022,YR2022,7.40280048696867,75686.4898291323,16.0923773974507,372275216,..,..
North America,NAC,2024,YR2024,..,..,..,..,..,..
Not classified,INX,1960,YR1960,..,..,..,..,..,..
Not classified,INX,1962,YR1962,..,..,..,..,..,..
Not classified,INX,1964,YR1964,..,..,..,..,..,..
Not classified,INX,1966,YR1966,..,..,..,..,..,..
Not classified,INX,1968,YR1968,..,..,..,..,..,..
Not classified,INX,1970,YR1970,..,..,..,..,..,..
Not classified,INX,1972,YR1972,..,..,..,..,..,..
Not classified,INX,1974,YR1974,..,..,..,..,..,..
Not classified,INX,1976,YR1976,..,..,..,..,..,..
Not classified,INX,1978,YR1978,..,..,..,..,..,..
Not classified,INX,1980,YR1980,..,..,..,..,..,..
Not classified,INX,1982,YR1982,..,..,..,..,..,..
Not classified,INX,1984,YR1984,..,..,..,..,..,..
Not classified,INX,1986,YR1986,..,..,..,..,..,..
Not classified,INX,1988,YR1988,..,..,..,..,..,..
Not classified,INX,1990,YR1990,..,..,..,..,..,..
Not classified,INX,1992,YR1992,..,..,..,..,..,..
Not classified,INX,1994,YR1994,..,..,..,..,..,..
Not classified,INX,1996,YR1996,..,..,..,..,..,..
Not classified,INX,1998,YR1998,..,..,..,..,..,..
Not classified,INX,2000,YR2000,..,..,..,..,..,..
Not classified,INX,2002,YR2002,..,..,..,..,..,..
Not classified,INX,2004,YR2004,..,..,..,..,..,..
Not classified,INX,2006,YR2006,..,..,..,..,..,..
Not classified,INX,2008,YR2008,..,..,..,..,..,..
Not classified,INX,2010,YR2010,..,..,..,..,..,..
Not classified,INX,2012,YR2012,..,..,..,..,..,..
Not classified,INX,2014,YR2014,..,..,..,..,..,..
Not classified,INX,2016,YR2016,..,..,..,..,..,..
Not classified,INX,2018,YR2018,..,..,..,..,..,..
Not classified,INX,2020,YR2020,..,..,..,..,..,..
Not classified,INX,2022,YR2022,..,..,..,..,..,..
Not classified,INX,2024,YR2024,..,..,..,..,..,..
OECD members,OED,1960,YR1960,1.94574935198645,1310.72678292337,..,809580666,..,..
OECD members,OED,1962,YR1962,4.26372712149085,1470.33494094125,..,832228334,..,..
OECD members,OED,1964,YR1964,3.44489848222768,1685.4872920664,..,855135046,..,..
OECD members,OED,1966,YR1966,4.17434761852995,1954.73144354238,..,877030636,..,..
OECD members,OED,1968,YR1968,4.09389143106836,2213.58143598227,..,897869478,..,..
OECD members,OED,1970,YR1970,5.73114484293532,2612.70470735787,..,918489195,..,..
OECD members,OED,1972,YR1972,6.56236090256536,3280.39454726269,..,941467841,..,..
OECD members,OED,1974,YR1974,15.5485200326028,4358.0291721016,..,962281658,..,..
OECD members,OED,1976,YR1976,11.6367520558869,5187.71151073149,..,981612322,..,..
OECD members,OED,1978,YR1978,8.61843219505991,6910.43668388629,..,1000355869,..,..
OECD members,OED,1980,YR1980,13.634450606601,8695.72326676964,..,1019332414,..,..
OECD members,OED,1982,YR1982,11.3409961685824,8565.75482459452,..,1037419356,..,..
OECD members,OED,1984,YR1984,7.67380262247321,9105.72464207852,..,1054395892,..,..
OECD members,OED,1986,YR1986,5.29166170071091,11435.0898315508,..,1071222636,..,..
OECD members,OED,1988,YR1988,5.82489868439437,14693.2741736996,..,1088587717,..,..
OECD members,OED,1990,YR1990,6.72181952228657,17010.9488795729,..,1107695519,..,..
OECD members,OED,1992,YR1992,5.05697796731731,19010.6919956856,..,1129039882,..,..
OECD members,OED,1994,YR1994,3.50262577413397,20282.6078358072,..,1148779736,..,..
OECD members,OED,1996,YR1996,3.00009076251615,22192.1872320439,..,1167149370,..,..
OECD members,OED,1998,YR1998,2.10577481135337,21752.6860853113,..,1184928348,..,..
OECD members,OED,2000,YR2000,3.06380344899535,23025.500703002,9.33155949147391,1202226474,..,..
OECD members,OED,2002,YR2002,2.47736067910935,23456.5071141032,10.2498750550373,1220070536,..,..
OECD members,OED,2004,YR2004,2.2579640963823,28793.3649320856,10.4202390945447,1237753724,..,..
OECD members,OED,2006,YR2006,2.60015376460352,31680.2149353876,10.5397632432268,1255490764,..,..
OECD members,OED,2008,YR2008,4.11407022033816,36287.7415690242,10.7153407367732,1274326608,..,..
OECD members,OED,2010,YR2010,1.80735230566098,35124.6030348471,11.5422436056626,1292108663,..,..
OECD members,OED,2012,YR2012,2.52945520915773,37325.2021922766,11.7160148442883,1306608465,..,..
OECD members,OED,2014,YR2014,0.624517311086569,38167.820305509,11.872928353173,1323087907,..,..
OECD members,OED,2016,YR2016,0.443258157565783,36253.8002803221,12.4025272825534,1339441048,..,..
OECD members,OED,2018,YR2018,1.93246812286359,39573.0447485009,12.3175564611479,1355260023,..,..
OECD members,OED,2020,YR2020,0.73285164517586,38686.327403326,13.954778503335,1370013876,..,..
OECD members,OED,2022,YR2022,8.23803240697186,44026.85925455,12.8599191991543,1378506989,..,..
OECD members,OED,2024,YR2024,..,..,..,..,..,..
Other small states,OSS,1960,YR1960,..,..,..,5458853,..,..
Other small states,OSS,1962,YR1962,..,..,..,5655451,..,..
Other small states,OSS,1964,YR1964,..,..,..,5874688,..,..
Other small states,OSS,1966,YR1966,..,..,..,6079901,..,..
Other small states,OSS,1968,YR1968,..,..,..,6267038,..,..
Other small states,OSS,1970,YR1970,..,..,..,6465635,..,..
Other small states,OSS,1972,YR1972,..,..,..,6702866,..,..
Other small states,OSS,1974,YR1974,..,..,..,6948494,..,..
Other small states,OSS,1976,YR1976,..,1427.24277005022,..,7211306,..,..
Other small states,OSS,1978,YR1978,..,1955.09842307824,..,7504109,..,..
Other small states,OSS,1980,YR1980,..,3550.49541527033,..,7803795,..,..
Other small states,OSS,1982,YR1982,7.65925517582574,3207.71671042093,..,8098677,..,..
Other small states,OSS,1984,YR1984,5.99195111048444,2904.41886980244,..,8390169,..,..
Other small states,OSS,1986,YR1986,5.87504099546662,2600.01972443634,..,8718033,..,..
Other small states,OSS,1988,YR1988,4.07407407407384,3304.90545170659,..,9072184,..,..
Other small states,OSS,1990,YR1990,4.50205462895843,3853.99682839028,..,9464103,..,..
Other small states,OSS,1992,YR1992,3.94771176824031,4260.36676838491,..,9717948,..,..
Other small states,OSS,1994,YR1994,3.79099007324483,4353.34759275616,..,9872555,..,..
Other small states,OSS,1996,YR1996,4.4712722412942,5131.23619362528,..,10066923,..,..
Other small states,OSS,1998,YR1998,2.57985257985242,5031.23916753365,..,10351144,..,..
Other small states,OSS,2000,YR2000,4.01848952508763,5414.34177228679,5.09909033654657,10425820,..,..
Other small states,OSS,2002,YR2002,2.80115505180747,5684.08316798855,5.41344032792838,10846687,..,..
Other small states,OSS,2004,YR2004,3.12226204699354,8042.06114868207,5.51466282527881,11194800,..,..
Other small states,OSS,2006,YR2006,3.42888529899537,9876.14166356476,5.24113021398761,11561776,..,..
Other small states,OSS,2008,YR2008,8.9114819576887,12581.1714677643,5.38368069728995,11966136,..,..
Other small states,OSS,2010,YR2010,2.95220406692774,11292.7690040419,5.73198747900406,12341009,..,..
Other small states,OSS,2012,YR2012,4.03932356139052,12547.69603025,5.56342586812677,12554229,..,..
Other small states,OSS,2014,YR2014,1.34186494340157,13159.4093952693,5.92260881784298,12904905,..,..
Other small states,OSS,2016,YR2016,0.642702771527304,12174.1574245522,6.28220996337599,13273445,..,..
Other small states,OSS,2018,YR2018,2.611223782638,14455.7757539518,6.12991593818176,13634874,..,..
Other small states,OSS,2020,YR2020,0.622170382586049,13071.2236222876,7.30078035711225,13884095,..,..
Other small states,OSS,2022,YR2022,6.57953283666412,16066.2729688356,6.82466999403574,14217718,..,..
Other small states,OSS,2024,YR2024,..,..,..,..,..,..
Pacific island small states,PSS,1960,YR1960,..,..,..,912120,..,..
Pacific island small states,PSS,1962,YR1962,..,..,..,965430,..,..
Pacific island small states,PSS,1964,YR1964,..,..,..,1022081,..,..
Pacific island small states,PSS,1966,YR1966,..,..,..,1079689,..,..
Pacific island small states,PSS,1968,YR1968,..,..,..,1130851,..,..
Pacific island small states,PSS,1970,YR1970,..,358.687331175362,..,1181537,..,..
Pacific island small states,PSS,1972,YR1972,..,460.183843709943,..,1229695,..,..
Pacific island small states,PSS,1974,YR1974,..,804.436169034547,..,1277600,..,..
Pacific island small states,PSS,1976,YR1976,..,854.424460640589,..,1331351,..,..
Pacific island small states,PSS,1978,YR1978,..,986.17530347436,..,1390784,..,..
Pacific island small states,PSS,1980,YR1980,..,1299.84947305632,..,1454476,..,..
Pacific island small states,PSS,1982,YR1982,..,1265.72256598649,..,1521261,..,..
Pacific island small states,PSS,1984,YR1984,..,1219.06037971704,..,1590058,..,..
Pacific island small states,PSS,1986,YR1986,..,1222.70707456586,..,1660533,..,..
Pacific island small states,PSS,1988,YR1988,..,1188.98390796449,..,1721206,..,..
Pacific island small states,PSS,1990,YR1990,..,1343.27719993773,..,1775607,..,..
Pacific island small states,PSS,1992,YR1992,..,1519.64826261818,..,1827395,..,..
Pacific island small states,PSS,1994,YR1994,..,1818.22509607487,..,1878007,..,..
Pacific island small states,PSS,1996,YR1996,..,2061.83692907551,..,1926342,..,..
Pacific island small states,PSS,1998,YR1998,..,1729.29071213602,..,1984859,..,..
Pacific island small states,PSS,2000,YR2000,2.34810327420263,1688.38767317609,4.7806871841536,2042274,..,..
Pacific island small states,PSS,2002,YR2002,1.96356754199195,1697.33561681711,5.05745686548678,2095273,..,..
Pacific island small states,PSS,2004,YR2004,4.96407576747217,2272.93160533629,5.05360195792567,2145505,..,..
Pacific island small states,PSS,2006,YR2006,4.42981143370254,2589.16489945306,5.65085845480279,2194265,..,..
Pacific island small states,PSS,2008,YR2008,11.0064471756381,2991.50976118533,5.21806173592367,2240739,..,..
Pacific island small states,PSS,2010,YR2010,2.10244243416258,2903.74318440817,5.47814633450521,2289399,..,..
Pacific island small states,PSS,2012,YR2012,2.0490188352116,3494.91244207853,4.92176851901147,2351924,..,..
Pacific island small states,PSS,2014,YR2014,1.45142452367373,3847.34192203401,4.82303815313307,2414338,..,..
Pacific island small states,PSS,2016,YR2016,1.07339388853343,3844.35513216019,4.80115838339242,2477794,..,..
Pacific island small states,PSS,2018,YR2018,2.89621932270297,4245.78718413539,5.13239096511146,2542009,..,..
Pacific island small states,PSS,2020,YR2020,0.386388224517503,3666.59898132535,6.21500166089857,2595522,..,..
Pacific island small states,PSS,2022,YR2022,6.09871755232029,3892.77833317117,5.71216749945942,2656049,..,..
Pacific island small states,PSS,2024,YR2024,..,..,..,..,..,..
Post-demographic dividend,PST,1960,YR1960,1.53661234295201,1370.4703801709,..,756379385,..,..
Post-demographic dividend,PST,1962,YR1962,3.51988454018806,1541.97188444945,..,774679689,..,..
Post-demographic dividend,PST,1964,YR1964,3.33462462892781,1771.28761940653,..,792735136,..,..
Post-demographic dividend,PST,1966,YR1966,3.84465654349889,2063.416880121,..,809623605,..,..
Post-demographic dividend,PST,1968,YR1968,3.72079328019141,2347.09784936185,..,825029113,..,..
Post-demographic dividend,PST,1970,YR1970,4.96831987329335,2785.60761054415,..,840190480,..,..
Post-demographic dividend,PST,1972,YR1972,6.06300309718187,3518.17060900554,..,857513072,..,..
Post-demographic dividend,PST,1974,YR1974,13.1636026120796,4673.84247197267,..,872247955,..,..
Post-demographic dividend,PST,1976,YR1976,9.26775457576898,5598.35030065113,..,885244462,..,..
Post-demographic dividend,PST,1978,YR1978,8.0832988258853,7517.35860329575,..,897398355,..,..
Post-demographic dividend,PST,1980,YR1980,11.9499716626145,9426.83861829713,..,909919829,..,..
Post-demographic dividend,PST,1982,YR1982,9.47098932052413,9372.28667489561,..,921558505,..,..
Post-demographic dividend,PST,1984,YR1984,6.19476379545977,10052.5049862033,..,931624894,..,..
Post-demographic dividend,PST,1986,YR1986,3.1590972945193,12802.0991851203,..,941566838,..,..
Post-demographic dividend,PST,1988,YR1988,4.6862018375304,16531.5684145192,..,952284317,..,..
Post-demographic dividend,PST,1990,YR1990,6.09844414810204,19124.4243628542,..,964371624,..,..
Post-demographic dividend,PST,1992,YR1992,4.03703020778739,21340.7754287922,..,978087877,..,..
Post-demographic dividend,PST,1994,YR1994,2.95340936761079,22742.5368816007,..,990028770,..,..
Post-demographic dividend,PST,1996,YR1996,2.61538461538461,25075.516486781,..,1000836719,..,..
Post-demographic dividend,PST,1998,YR1998,1.8343299990841,24436.8418573898,..,1011086034,..,..
Post-demographic dividend,PST,2000,YR2000,2.57987611218614,25863.3247780056,9.57153724369438,1021150563,..,..
Post-demographic dividend,PST,2002,YR2002,1.99874921149352,26457.7324451577,10.5122186725092,1031271721,..,..
Post-demographic dividend,PST,2004,YR2004,2.07924464636088,32637.935974592,10.6593720296566,1041747900,..,..
Post-demographic dividend,PST,2006,YR2006,2.45792444195865,35777.5948241471,10.8300351580725,1052610469,..,..
Post-demographic dividend,PST,2008,YR2008,4.15279708110293,40878.7953061808,11.0197260428292,1065219261,..,..
Post-demographic dividend,PST,2010,YR2010,1.99621236745887,39764.7050814575,11.8945836754576,1075615574,..,..
Post-demographic dividend,PST,2012,YR2012,2.48567562177015,42350.2886484502,12.11253989692,1083068159,..,..
Post-demographic dividend,PST,2014,YR2014,0.906794000434246,43293.4983124527,12.3148052801485,1092805112,..,..
Post-demographic dividend,PST,2016,YR2016,0.607397074641719,41527.3663304955,12.8490770238217,1102507839,..,..
Post-demographic dividend,PST,2018,YR2018,1.7386086198818,45562.8677932304,12.752373349278,1110512190,..,..
Post-demographic dividend,PST,2020,YR2020,0.632267331911715,44858.1104615819,14.4439650606318,1117765361,..,..
Post-demographic dividend,PST,2022,YR2022,7.87737003690613,51063.6197488498,13.3655292284879,1117561802,..,..
Post-demographic dividend,PST,2024,YR2024,..,..,..,..,..,..
Pre-demographic dividend,PRE,1960,YR1960,..,129.021661902448,..,188920253,..,..
Pre-demographic dividend,PRE,1962,YR1962,..,139.786032777478,..,198004977,..,..
Pre-demographic dividend,PRE,1964,YR1964,..,145.615254255433,..,207958469,..,..
Pre-demographic dividend,PRE,1966,YR1966,..,166.78570289939,..,218721527,..,..
Pre-demographic dividend,PRE,1968,YR1968,..,162.545103964057,..,230300956,..,..
Pre-demographic dividend,PRE,1970,YR1970,..,195.390366506632,..,242769169,..,..
Pre-demographic dividend,PRE,1972,YR1972,..,215.271779474053,..,256080715,..,..
Pre-demographic dividend,PRE,1974,YR1974,..,345.758907745243,..,270820390,..,..
Pre-demographic dividend,PRE,1976,YR1976,..,434.910613447552,..,286692896,..,..
Pre-demographic dividend,PRE,1978,YR1978,..,513.366344054467,..,304240149,..,..
Pre-demographic dividend,PRE,1980,YR1980,..,734.731303254809,..,322965422,..,..
Pre-demographic dividend,PRE,1982,YR1982,..,906.866343114607,..,339575832,..,..
Pre-demographic dividend,PRE,1984,YR1984,..,664.954404058854,..,359259708,..,..
Pre-demographic dividend,PRE,1986,YR1986,6.18477854456934,565.354076648742,..,379883689,..,..
Pre-demographic dividend,PRE,1988,YR1988,9.31063652987074,603.242309474454,..,400820214,..,..
Pre-demographic dividend,PRE,1990,YR1990,6.60022564874018,938.863867179801,..,422471117,..,..
Pre-demographic dividend,PRE,1992,YR1992,9.48654250617163,390.74430540958,..,445411988,..,..
Pre-demographic dividend,PRE,1994,YR1994,34.6496361508324,399.944348648599,..,475022693,..,..
Pre-demographic dividend,PRE,1996,YR1996,7.19164660433344,673.243641189152,..,503373634,..,..
Pre-demographic dividend,PRE,1998,YR1998,6.46522629708624,739.728210748786,..,531450214,..,..
Pre-demographic dividend,PRE,2000,YR2000,4.16540442290284,502.708126340942,3.32668209011654,562428025,..,..
Pre-demographic dividend,PRE,2002,YR2002,4.37875971780873,519.046330458289,3.49458279081007,596114535,..,..
Pre-demographic dividend,PRE,2004,YR2004,4.10703593955402,663.796143031797,4.43784140540854,632445407,..,..
Pre-demographic dividend,PRE,2006,YR2006,6.69526465773354,980.679604433525,4.1730913704979,670229212,..,..
Pre-demographic dividend,PRE,2008,YR2008,10.2876847921194,1397.62971557673,3.94438304667344,708796270,..,..
Pre-demographic dividend,PRE,2010,YR2010,3.97655288478168,1394.91487442291,3.86324892261379,752046672,..,..
Pre-demographic dividend,PRE,2012,YR2012,6.44121280934117,1656.47257454939,3.60261823824621,798002725,..,..
Pre-demographic dividend,PRE,2014,YR2014,3.30503762552982,1816.54049000952,3.72300774929272,846420736,..,..
Pre-demographic dividend,PRE,2016,YR2016,4.66466235810216,1300.83530095102,4.31340343894155,895239872,..,..
Pre-demographic dividend,PRE,2018,YR2018,2.96760366004456,1432.1297922805,3.85902844400979,946317177,..,..
Pre-demographic dividend,PRE,2020,YR2020,3.48393567493204,1313.17035996031,4.42319453159906,998624261,..,..
Pre-demographic dividend,PRE,2022,YR2022,8.16059031991844,1567.28039263333,4.40613604937661,1051201551,..,..
Pre-demographic dividend,PRE,2024,YR2024,..,..,..,..,..,..
Small states,SST,1960,YR1960,..,..,..,8084378,..,..
Small states,SST,1962,YR1962,..,..,..,8410874,..,..
Small states,SST,1964,YR1964,..,..,..,8768610,..,..
Small states,SST,1966,YR1966,..,..,..,9111088,..,..
Small states,SST,1968,YR1968,..,..,..,9431669,..,..
Small states,SST,1970,YR1970,..,447.643587819139,..,9760009,..,..
Small states,SST,1972,YR1972,..,562.053946439586,..,10103257,..,..
Small states,SST,1974,YR1974,..,1100.97242520115,..,10428136,..,..
Small states,SST,1976,YR1976,..,1290.6661003273,..,10772756,..,..
Small states,SST,1978,YR1978,..,1726.89522644424,..,11149899,..,..
Small states,SST,1980,YR1980,15.1200642549691,2943.94175452168,..,11535614,..,..
Small states,SST,1982,YR1982,7.12990675816712,2760.98573268254,..,11922906,..,..
Small states,SST,1984,YR1984,4.09429280397012,2621.52665139691,..,12309661,..,..
Small states,SST,1986,YR1986,2.48224596554419,2506.79391091469,..,12735312,..,..
Small states,SST,1988,YR1988,4.40241182786764,3066.32901756233,..,13173930,..,..
Small states,SST,1990,YR1990,4.66931912018676,3468.37741576392,..,13642451,..,..
Small states,SST,1992,YR1992,4.88302271568611,3779.57443022664,..,13980192,..,..
Small states,SST,1994,YR1994,2.69262984899131,3949.51185197188,..,14226027,..,..
Small states,SST,1996,YR1996,2.97892486481265,4595.29211914893,..,14521521,..,..
Small states,SST,1998,YR1998,2.89089799832167,4766.42210145946,..,14919372,..,..
Small states,SST,2000,YR2000,2.48675073855121,5122.20615403225,4.90552378385516,15104549,..,..
Small states,SST,2002,YR2002,2.18849048060549,5368.45611944074,5.18178481300504,15628745,..,..
Small states,SST,2004,YR2004,2.96003946719286,7165.83677706502,5.36571026496954,16075494,..,..
Small states,SST,2006,YR2006,3.5917469011671,8819.64066944102,5.18485330105254,16531026,..,..
Small states,SST,2008,YR2008,8.32716049382713,10964.6757847196,5.31648212562241,17023254,..,..
Small states,SST,2010,YR2010,2.97204512015694,10087.5144699907,5.63738419475264,17486029,..,..
Small states,SST,2012,YR2012,3.40012783870427,11149.6078319649,5.49037287055469,17799404,..,..
Small states,SST,2014,YR2014,1.15718133927454,11677.6587312097,5.77387216980609,18260446,..,..
Small states,SST,2016,YR2016,0.643389055936928,10942.7122470745,6.07364099879755,18738677,..,..
Small states,SST,2018,YR2018,2.10970464135017,12723.981268455,6.01552773008545,19225348,..,..
Small states,SST,2020,YR2020,0.356840516820702,11381.557900564,7.15296277033258,19572194,..,..
Small states,SST,2022,YR2022,6.2153247069029,14371.4935939925,6.51558424177981,20005272,..,..
Small states,SST,2024,YR2024,..,..,..,..,..,..
South Asia,SAS,1960,YR1960,..,84.0188034440459,..,562663671,..,..
South Asia,SAS,1962,YR1962,..,91.2538543496864,..,590723078,..,..
South Asia,SAS,1964,YR1964,..,111.810980745263,..,619975727,..,..
South Asia,SAS,1966,YR1966,9.01473497340578,94.920173442747,..,649326080,..,..
South Asia,SAS,1968,YR1968,2.20864119998775,105.397024670806,..,679739334,..,..
South Asia,SAS,1970,YR1970,5.60839849374493,119.669794092052,..,711535056,..,..
South Asia,SAS,1972,YR1972,6.39579175585928,122.795709146178,..,743820087,..,..
South Asia,SAS,1974,YR1974,23.2346864409169,162.217246016445,..,780131997,..,..
South Asia,SAS,1976,YR1976,-0.89185852634482,161.037942251771,..,818897740,..,..
South Asia,SAS,1978,YR1978,6.74239195913019,202.265634040125,..,859247929,..,..
South Asia,SAS,1980,YR1980,13.3113668435427,261.18376914476,..,901830096,..,..
South Asia,SAS,1982,YR1982,9.84677216779704,273.660906305479,..,945429976,..,..
South Asia,SAS,1984,YR1984,7.03770661157025,274.736374552999,..,992249656,..,..
South Asia,SAS,1986,YR1986,9.22595700190572,301.684720613134,..,1040673027,..,..
South Asia,SAS,1988,YR1988,8.98300338208989,343.563143849677,..,1090292188,..,..
South Asia,SAS,1990,YR1990,8.9712325027325,356.516843388742,..,1141498254,..,..
South Asia,SAS,1992,YR1992,11.7878170418134,322.0717403592,..,1193900392,..,..
South Asia,SAS,1994,YR1994,8.34928672883386,346.137975351115,..,1248304394,..,..
South Asia,SAS,1996,YR1996,8.97715233826453,402.882318107841,..,1302319006,..,..
South Asia,SAS,1998,YR1998,9.36424300683229,411.260698152323,..,1357088282,..,..
South Asia,SAS,2000,YR2000,4.0094359104519,458.634746392476,3.65943195074869,1412194936,..,..
South Asia,SAS,2002,YR2002,3.33256493271913,474.00688736178,3.88459983262589,1467185462,..,..
South Asia,SAS,2004,YR2004,4.10593698272958,619.149505971424,3.64429387862577,1520797241,..,..
South Asia,SAS,2006,YR2006,6.77492886028206,776.407124569164,3.50173503357714,1572294133,..,..
South Asia,SAS,2008,YR2008,10.9746442017878,961.569557615383,3.43302711266063,1622028899,..,..
South Asia,SAS,2010,YR2010,7.58152977621468,1245.0854967509,3.25810184260728,1672490146,..,..
South Asia,SAS,2012,YR2012,9.46940335888468,1352.07296472777,3.21032037544947,1721780232,..,..
South Asia,SAS,2014,YR2014,6.82864780544374,1479.96637029096,3.47359909962787,1766896416,..,..
South Asia,SAS,2016,YR2016,4.17139021053493,1663.62030739425,3.38760936623968,1809951345,..,..
South Asia,SAS,2018,YR2018,3.33139516437672,1907.38178097978,2.9078787046249,1852836645,..,..
South Asia,SAS,2020,YR2020,5.6602199868936,1843.19527438293,3.3072974309635,1895144142,..,..
South Asia,SAS,2022,YR2022,7.67387306987714,2239.51630169785,3.2997974359584,1932289074,..,..
South Asia,SAS,2024,YR2024,..,..,..,..,..,..
South Asia (IDA & IBRD),TSA,1960,YR1960,..,84.0188034440459,..,562663671,..,..
South Asia (IDA & IBRD),TSA,1962,YR1962,..,91.2538543496864,..,590723078,..,..
South Asia (IDA & IBRD),TSA,1964,YR1964,..,111.810980745263,..,619975727,..,..
South Asia (IDA & IBRD),TSA,1966,YR1966,9.01473497340578,94.920173442747,..,649326080,..,..
South Asia (IDA & IBRD),TSA,1968,YR1968,2.20864119998775,105.397024670806,..,679739334,..,..
South Asia (IDA & IBRD),TSA,1970,YR1970,5.60839849374493,119.669794092052,..,711535056,..,..
South Asia (IDA & IBRD),TSA,1972,YR1972,6.39579175585928,122.795709146178,..,743820087,..,..
South Asia (IDA & IBRD),TSA,1974,YR1974,23.2346864409169,162.217246016445,..,780131997,..,..
South Asia (IDA & IBRD),TSA,1976,YR1976,-0.89185852634482,161.037942251771,..,818897740,..,..
South Asia (IDA & IBRD),TSA,1978,YR1978,6.74239195913019,202.265634040125,..,859247929,..,..
South Asia (IDA & IBRD),TSA,1980,YR1980,13.3113668435427,261.18376914476,..,901830096,..,..
South Asia (IDA & IBRD),TSA,1982,YR1982,9.84677216779704,273.660906305479,..,945429976,..,..
South Asia (IDA & IBRD),TSA,1984,YR1984,7.03770661157025,274.736374552999,..,992249656,..,..
South Asia (IDA & IBRD),TSA,1986,YR1986,9.22595700190572,301.684720613134,..,1040673027,..,..
South Asia (IDA & IBRD),TSA,1988,YR1988,8.98300338208989,343.563143849677,..,1090292188,..,..
South Asia (IDA & IBRD),TSA,1990,YR1990,8.9712325027325,356.516843388742,..,1141498254,..,..
South Asia (IDA & IBRD),TSA,1992,YR1992,11.7878170418134,322.0717403592,..,1193900392,..,..
South Asia (IDA & IBRD),TSA,1994,YR1994,8.34928672883386,346.137975351115,..,1248304394,..,..
South Asia (IDA & IBRD),TSA,1996,YR1996,8.97715233826453,402.882318107841,..,1302319006,..,..
South Asia (IDA & IBRD),TSA,1998,YR1998,9.36424300683229,411.260698152323,..,1357088282,..,..
South Asia (IDA & IBRD),TSA,2000,YR2000,4.0094359104519,458.634746392476,3.65943195074869,1412194936,..,..
South Asia (IDA & IBRD),TSA,2002,YR2002,3.33256493271913,474.00688736178,3.88459983262589,1467185462,..,..
South Asia (IDA & IBRD),TSA,2004,YR2004,4.10593698272958,619.149505971424,3.64429387862577,1520797241,..,..
South Asia (IDA & IBRD),TSA,2006,YR2006,6.77492886028206,776.407124569164,3.50173503357714,1572294133,..,..
South Asia (IDA & IBRD),TSA,2008,YR2008,10.9746442017878,961.569557615383,3.43302711266063,1622028899,..,..
South Asia (IDA & IBRD),TSA,2010,YR2010,7.58152977621468,1245.0854967509,3.25810184260728,1672490146,..,..
South Asia (IDA & IBRD),TSA,2012,YR2012,9.46940335888468,1352.07296472777,3.21032037544947,1721780232,..,..
South Asia (IDA & IBRD),TSA,2014,YR2014,6.82864780544374,1479.96637029096,3.47359909962787,1766896416,..,..
South Asia (IDA & IBRD),TSA,2016,YR2016,4.17139021053493,1663.62030739425,3.38760936623968,1809951345,..,..
South Asia (IDA & IBRD),TSA,2018,YR2018,3.33139516437672,1907.38178097978,2.9078787046249,1852836645,..,..
South Asia (IDA & IBRD),TSA,2020,YR2020,5.6602199868936,1843.19527438293,3.3072974309635,1895144142,..,..
South Asia (IDA & IBRD),TSA,2022,YR2022,7.67387306987714,2239.51630169785,3.2997974359584,1932289074,..,..
South Asia (IDA & IBRD),TSA,2024,YR2024,..,..,..,..,..,..
Sub-Saharan Africa,SSF,1960,YR1960,..,158.100147137028,..,227703005,..,..
Sub-Saharan Africa,SSF,1962,YR1962,..,169.694639112863,..,239026415,..,..
Sub-Saharan Africa,SSF,1964,YR1964,..,182.65594567984,..,251292534,..,..
Sub-Saharan Africa,SSF,1966,YR1966,..,207.127525039152,..,264528156,..,..
Sub-Saharan Africa,SSF,1968,YR1968,..,210.557419528473,..,278774032,..,..
Sub-Saharan Africa,SSF,1970,YR1970,..,251.685457585957,..,294071521,..,..
Sub-Saharan Africa,SSF,1972,YR1972,..,276.324980402645,..,310303050,..,..
Sub-Saharan Africa,SSF,1974,YR1974,..,422.644767263857,..,328098223,..,..
Sub-Saharan Africa,SSF,1976,YR1976,11.5448806519836,474.46834328887,..,347140248,..,..
Sub-Saharan Africa,SSF,1978,YR1978,11.4594300574244,551.581961807816,..,367476902,..,..
Sub-Saharan Africa,SSF,1980,YR1980,13.6019828289492,767.149038095441,..,389959247,..,..
Sub-Saharan Africa,SSF,1982,YR1982,12.0998414518035,907.760291328424,..,414407128,..,..
Sub-Saharan Africa,SSF,1984,YR1984,11.1169312857885,687.008418655208,..,439338948,..,..
Sub-Saharan Africa,SSF,1986,YR1986,6.85934422794885,580.060343793572,..,465510912,..,..
Sub-Saharan Africa,SSF,1988,YR1988,8.35167956821219,645.484689756984,..,492983652,..,..
Sub-Saharan Africa,SSF,1990,YR1990,7.5448610969945,727.606217404228,..,521314712,..,..
Sub-Saharan Africa,SSF,1992,YR1992,9.48654250617163,663.477496474766,..,550274082,..,..
Sub-Saharan Africa,SSF,1994,YR1994,27.4479807126946,650.243731698297,..,580801913,..,..
Sub-Saharan Africa,SSF,1996,YR1996,7.19164660433344,876.072826252738,..,612553970,..,..
Sub-Saharan Africa,SSF,1998,YR1998,6.43573287560781,876.311171536971,..,645803591,..,..
Sub-Saharan Africa,SSF,2000,YR2000,4.500788562621,628.872470754492,4.90057232933195,681125107,..,..
Sub-Saharan Africa,SSF,2002,YR2002,4.70579123746034,621.725431714769,4.48906275942433,718662153,..,..
Sub-Saharan Africa,SSF,2004,YR2004,4.13663213144748,920.705390675994,5.41657385311779,758653144,..,..
Sub-Saharan Africa,SSF,2006,YR2006,6.53784395299604,1220.10724440216,5.17295181539842,801269368,..,..
Sub-Saharan Africa,SSF,2008,YR2008,10.378524478798,1515.16372226529,4.87421099271885,846656872,..,..
Sub-Saharan Africa,SSF,2010,YR2010,4.02202422214216,1620.2261656163,5.22264922945622,894666657,..,..
Sub-Saharan Africa,SSF,2012,YR2012,6.58183105075141,1791.52362904208,4.98068007040892,944970310,..,..
Sub-Saharan Africa,SSF,2014,YR2014,4.40225309243427,1879.95713710403,4.76810084514451,997961037,..,..
Sub-Saharan Africa,SSF,2016,YR2016,5.43051966119156,1446.87390976779,5.04583016348282,1052824144,..,..
Sub-Saharan Africa,SSF,2018,YR2018,4.09297819300637,1606.1313576289,4.71101471665447,1109997000,..,..
Sub-Saharan Africa,SSF,2020,YR2020,3.48393567493204,1474.05531054261,5.04869315643848,1169015451,..,..
Sub-Saharan Africa,SSF,2022,YR2022,9.39383877456591,1688.40108402158,5.0790596699599,1229208573,..,..
Sub-Saharan Africa,SSF,2024,YR2024,..,..,..,..,..,..
Sub-Saharan Africa (excluding high income),SSA,1960,YR1960,..,158.07868442474,..,227661305,..,..
Sub-Saharan Africa (excluding high income),SSA,1962,YR1962,..,169.676011969978,..,238982373,..,..
Sub-Saharan Africa (excluding high income),SSA,1964,YR1964,..,182.63105102087,..,251246212,..,..
Sub-Saharan Africa (excluding high income),SSA,1966,YR1966,..,207.1074482827,..,264479457,..,..
Sub-Saharan Africa (excluding high income),SSA,1968,YR1968,..,210.54303506308,..,278722898,..,..
Sub-Saharan Africa (excluding high income),SSA,1970,YR1970,..,251.674939925522,..,294017921,..,..
Sub-Saharan Africa (excluding high income),SSA,1972,YR1972,..,276.281203832115,..,310247021,..,..
Sub-Saharan Africa (excluding high income),SSA,1974,YR1974,..,422.596900340107,..,328040286,..,..
Sub-Saharan Africa (excluding high income),SSA,1976,YR1976,..,474.419492307446,..,347079744,..,..
Sub-Saharan Africa (excluding high income),SSA,1978,YR1978,..,551.450411506054,..,367414752,..,..
Sub-Saharan Africa (excluding high income),SSA,1980,YR1980,..,766.877736542572,..,389895986,..,..
Sub-Saharan Africa (excluding high income),SSA,1982,YR1982,12.1399176954734,907.53168253623,..,414342715,..,..
Sub-Saharan Africa (excluding high income),SSA,1984,YR1984,11.2499999999997,686.748672829647,..,439274231,..,..
Sub-Saharan Africa (excluding high income),SSA,1986,YR1986,7.4333333333332,579.667944289972,..,465445260,..,..
Sub-Saharan Africa (excluding high income),SSA,1988,YR1988,8.75549685086139,644.961182126616,..,492914897,..,..
Sub-Saharan Africa (excluding high income),SSA,1990,YR1990,7.72532188841208,726.948475588604,..,521245205,..,..
Sub-Saharan Africa (excluding high income),SSA,1992,YR1992,9.5234771910899,662.720391550042,..,550203319,..,..
Sub-Saharan Africa (excluding high income),SSA,1994,YR1994,28.8143894306731,649.431033142139,..,580727708,..,..
Sub-Saharan Africa (excluding high income),SSA,1996,YR1996,7.27288316259338,875.305863437616,..,612477553,..,..
Sub-Saharan Africa (excluding high income),SSA,1998,YR1998,6.66139865665752,875.411918497515,..,645724745,..,..
Sub-Saharan Africa (excluding high income),SSA,2000,YR2000,4.19928825622803,627.981255873972,4.90103179206133,681043976,..,..
Sub-Saharan Africa (excluding high income),SSA,2002,YR2002,5.03282275711195,620.758666040192,4.48869052834469,718578430,..,..
Sub-Saharan Africa (excluding high income),SSA,2004,YR2004,4.17816000119791,919.622806859917,5.41662511714542,758570669,..,..
Sub-Saharan Africa (excluding high income),SSA,2006,YR2006,6.61655430536479,1218.8814661386,5.17295694380241,801184768,..,..
Sub-Saharan Africa (excluding high income),SSA,2008,YR2008,10.2969758221254,1514.16221630384,4.87443835267101,846569916,..,..
Sub-Saharan Africa (excluding high income),SSA,2010,YR2010,4.06749555950263,1619.2914568712,5.22256073529011,894576887,..,..
Sub-Saharan Africa (excluding high income),SSA,2012,YR2012,6.57589970757698,1790.5380975987,4.97984556470217,944882007,..,..
Sub-Saharan Africa (excluding high income),SSA,2014,YR2014,4.4038027171436,1878.73871460579,4.76810522160701,997869678,..,..
Sub-Saharan Africa (excluding high income),SSA,2016,YR2016,5.49410463760061,1445.51408493923,5.04617414990348,1052729467,..,..
Sub-Saharan Africa (excluding high income),SSA,2018,YR2018,4.27462198610545,1604.66374694771,4.71115731204374,1109900238,..,..
Sub-Saharan Africa (excluding high income),SSA,2020,YR2020,3.84286439841881,1472.99671243066,5.04790078462277,1168916989,..,..
Sub-Saharan Africa (excluding high income),SSA,2022,YR2022,9.45955253039717,1686.89137493204,5.07989825506459,1229088695,..,..
Sub-Saharan Africa (excluding high income),SSA,2024,YR2024,..,..,..,..,..,..
Sub-Saharan Africa (IDA & IBRD countries),TSS,1960,YR1960,..,158.100147137028,..,227703005,..,..
Sub-Saharan Africa (IDA & IBRD countries),TSS,1962,YR1962,..,169.694639112863,..,239026415,..,..
Sub-Saharan Africa (IDA & IBRD countries),TSS,1964,YR1964,..,182.65594567984,..,251292534,..,..
Sub-Saharan Africa (IDA & IBRD countries),TSS,1966,YR1966,..,207.127525039152,..,264528156,..,..
Sub-Saharan Africa (IDA & IBRD countries),TSS,1968,YR1968,..,210.557419528473,..,278774032,..,..
Sub-Saharan Africa (IDA & IBRD countries),TSS,1970,YR1970,..,251.685457585956,..,294071521,..,..
Sub-Saharan Africa (IDA & IBRD countries),TSS,1972,YR1972,..,276.324980402645,..,310303050,..,..
Sub-Saharan Africa (IDA & IBRD countries),TSS,1974,YR1974,..,422.644767263857,..,328098223,..,..
Sub-Saharan Africa (IDA & IBRD countries),TSS,1976,YR1976,11.5448806519836,474.46834328887,..,347140248,..,..
Sub-Saharan Africa (IDA & IBRD countries),TSS,1978,YR1978,11.4594300574244,551.581961807816,..,367476902,..,..
Sub-Saharan Africa (IDA & IBRD countries),TSS,1980,YR1980,13.6019828289492,767.149038095441,..,389959247,..,..
Sub-Saharan Africa (IDA & IBRD countries),TSS,1982,YR1982,12.0998414518035,907.760291328424,..,414407128,..,..
Sub-Saharan Africa (IDA & IBRD countries),TSS,1984,YR1984,11.1169312857885,687.008418655208,..,439338948,..,..
Sub-Saharan Africa (IDA & IBRD countries),TSS,1986,YR1986,6.85934422794885,580.060343793572,..,465510912,..,..
Sub-Saharan Africa (IDA & IBRD countries),TSS,1988,YR1988,8.35167956821219,645.484689756984,..,492983652,..,..
Sub-Saharan Africa (IDA & IBRD countries),TSS,1990,YR1990,7.5448610969945,727.606217404228,..,521314712,..,..
Sub-Saharan Africa (IDA & IBRD countries),TSS,1992,YR1992,9.48654250617163,663.477496474767,..,550274082,..,..
Sub-Saharan Africa (IDA & IBRD countries),TSS,1994,YR1994,27.4479807126946,650.243731698297,..,580801913,..,..
Sub-Saharan Africa (IDA & IBRD countries),TSS,1996,YR1996,7.19164660433344,876.072826252738,..,612553970,..,..
Sub-Saharan Africa (IDA & IBRD countries),TSS,1998,YR1998,6.43573287560781,876.31117153697,..,645803591,..,..
Sub-Saharan Africa (IDA & IBRD countries),TSS,2000,YR2000,4.500788562621,628.872470754492,4.90057232933195,681125107,..,..
Sub-Saharan Africa (IDA & IBRD countries),TSS,2002,YR2002,4.70579123746034,621.725431714769,4.48906275942433,718662153,..,..
Sub-Saharan Africa (IDA & IBRD countries),TSS,2004,YR2004,4.13663213144748,920.705390675995,5.41657385311779,758653144,..,..
Sub-Saharan Africa (IDA & IBRD countries),TSS,2006,YR2006,6.53784395299604,1220.10724440216,5.17295181539842,801269368,..,..
Sub-Saharan Africa (IDA & IBRD countries),TSS,2008,YR2008,10.378524478798,1515.16372226529,4.87421099271885,846656872,..,..
Sub-Saharan Africa (IDA & IBRD countries),TSS,2010,YR2010,4.02202422214216,1620.2261656163,5.22264922945622,894666657,..,..
Sub-Saharan Africa (IDA & IBRD countries),TSS,2012,YR2012,6.58183105075141,1791.52362904208,4.98068007040892,944970310,..,..
Sub-Saharan Africa (IDA & IBRD countries),TSS,2014,YR2014,4.40225309243427,1879.95713710403,4.76810084514451,997961037,..,..
Sub-Saharan Africa (IDA & IBRD countries),TSS,2016,YR2016,5.43051966119156,1446.87390976779,5.04583016348283,1052824144,..,..
Sub-Saharan Africa (IDA & IBRD countries),TSS,2018,YR2018,4.09297819300637,1606.1313576289,4.71101471665447,1109997000,..,..
Sub-Saharan Africa (IDA & IBRD countries),TSS,2020,YR2020,3.48393567493204,1474.05531054261,5.04869315643848,1169015451,..,..
Sub-Saharan Africa (IDA & IBRD countries),TSS,2022,YR2022,9.39383877456591,1688.40108402157,5.0790596699599,1229208573,..,..
Sub-Saharan Africa (IDA & IBRD countries),TSS,2024,YR2024,..,..,..,..,..,..
Upper middle income,UMC,1960,YR1960,..,155.730362316626,..,1151246171,..,..
Upper middle income,UMC,1962,YR1962,..,148.697501127235,..,1175758905,..,..
Upper middle income,UMC,1964,YR1964,..,171.130180486461,..,1235532729,..,..
Upper middle income,UMC,1966,YR1966,..,200.796037545734,..,1299737542,..,..
Upper middle income,UMC,1968,YR1968,..,204.601266184344,..,1367299098,..,..
Upper middle income,UMC,1970,YR1970,..,239.518841287707,..,1440343911,..,..
Upper middle income,UMC,1972,YR1972,..,284.658772148038,..,1513991094,..,..
Upper middle income,UMC,1974,YR1974,..,461.671630441917,..,1583012320,..,..
Upper middle income,UMC,1976,YR1976,10.8137481327593,532.87413726225,..,1645061375,..,..
Upper middle income,UMC,1978,YR1978,10.6602475929181,636.043404771739,..,1703227037,..,..
Upper middle income,UMC,1980,YR1980,18.0354301616893,838.53732068325,..,1762072766,..,..
Upper middle income,UMC,1982,YR1982,9.85211640458146,857.514565478142,..,1825758794,..,..
Upper middle income,UMC,1984,YR1984,9.51625193285453,856.349736825989,..,1890479402,..,..
Upper middle income,UMC,1986,YR1986,10.9183887271061,876.245190780616,..,1957000565,..,..
Upper middle income,UMC,1988,YR1988,9.15931413351059,922.453276061504,..,2027952940,..,..
Upper middle income,UMC,1990,YR1990,11.3963461199556,1188.87333600958,..,2096593239,..,..
Upper middle income,UMC,1992,YR1992,11.2144813801987,1161.32170274266,..,2158767697,..,..
Upper middle income,UMC,1994,YR1994,22.5650526933696,1404.7783451411,..,2214929283,..,..
Upper middle income,UMC,1996,YR1996,9.79968339016083,1723.49482421648,..,2269106622,..,..
Upper middle income,UMC,1998,YR1998,6.88054521037351,1770.39617981709,..,2321603483,..,..
Upper middle income,UMC,2000,YR2000,4.97896213183735,1844.94204356869,5.27008780106091,2370143667,..,..
Upper middle income,UMC,2002,YR2002,5.30124390261593,1825.09037145691,5.09842753972954,2414655860,..,..
Upper middle income,UMC,2004,YR2004,4.71037060105879,2357.91629918772,5.17124885573435,2457078476,..,..
Upper middle income,UMC,2006,YR2006,4.41589984169561,3249.74093945995,5.11549320269967,2498967829,..,..
Upper middle income,UMC,2008,YR2008,9.73228317146883,4752.8603563407,5.06294303751736,2538141198,..,..
Upper middle income,UMC,2010,YR2010,3.91106195534028,5672.64253995706,5.29714839864007,2579440265,..,..
Upper middle income,UMC,2012,YR2012,3.78180754679678,7116.07953497976,5.31471982176965,2624582981,..,..
Upper middle income,UMC,2014,YR2014,3.14299050879095,7707.02210284114,5.44020574722236,2672149754,..,..
Upper middle income,UMC,2016,YR2016,2.10670712784054,7329.37631094226,5.6059747126805,2716145902,..,..
Upper middle income,UMC,2018,YR2018,2.83014934367364,8473.68198859219,5.63681782332689,2758643432,..,..
Upper middle income,UMC,2020,YR2020,1.8903591682421,8228.64336599657,5.95617085049542,2792212417,..,..
Upper middle income,UMC,2022,YR2022,8.64091108973855,10156.7047182966,5.64273185303376,2810662434,..,..
Upper middle income,UMC,2024,YR2024,..,..,..,..,..,..
World,WLD,1960,YR1960,..,454.057233272848,..,3021529236,..,..
World,WLD,1962,YR1962,..,497.40522640349,..,3117373096,..,..
World,WLD,1964,YR1964,..,562.911681394535,..,3251253200,..,..
World,WLD,1966,YR1966,..,637.857366045837,..,3389087189,..,..
World,WLD,1968,YR1968,..,702.098342444083,..,3530702399,..,..
World,WLD,1970,YR1970,..,815.93385778788,..,3680587906,..,..
World,WLD,1972,YR1972,..,999.64909689843,..,3834445609,..,..
World,WLD,1974,YR1974,..,1358.90921093455,..,3987293598,..,..
World,WLD,1976,YR1976,..,1585.85022779004,..,4135757570,..,..
World,WLD,1978,YR1978,..,2049.37150788414,..,4283430290,..,..
World,WLD,1980,YR1980,..,2580.15366018723,..,4437602155,..,..
World,WLD,1982,YR1982,10.2217271376892,2547.34636967847,..,4599538535,..,..
World,WLD,1984,YR1984,8.08032017255761,2606.96093491901,..,4766039787,..,..
World,WLD,1986,YR1986,5.77811257038602,3107.56290506602,..,4937711316,..,..
World,WLD,1988,YR1988,7.11340652931347,3814.11017966514,..,5117166674,..,..
World,WLD,1990,YR1990,8.06346090938833,4337.86251681176,..,5299246388,..,..
World,WLD,1992,YR1992,7.63610852336974,4661.9739170221,..,5477123965.5,..,..
World,WLD,1994,YR1994,10.2479355556119,4944.72228619782,..,5650853176.5,..,..
World,WLD,1996,YR1996,6.52609569372579,5472.95382197869,..,5822614625.5,..,..
World,WLD,1998,YR1998,5.09729149331441,5289.03310845349,..,5994040063.5,..,..
World,WLD,2000,YR2000,3.43351563418767,5494.39887178018,8.61842219619756,6161884825.5,..,..
World,WLD,2002,YR2002,2.90799857032207,5521.93203415049,9.35609100758613,6327526596,..,..
World,WLD,2004,YR2004,3.51799903099596,6800.19029919363,9.39886560906068,6492626975.5,..,..
World,WLD,2006,YR2006,4.26717463390264,7780.40962387222,9.24929232082841,6659721142,..,..
World,WLD,2008,YR2008,8.94995335353387,9392.5422935051,9.08720551020297,6830129091,..,..
World,WLD,2010,YR2010,3.32634463368643,9514.76030195493,9.49437001152687,7000671233,..,..
World,WLD,2012,YR2012,3.72532666110646,10550.1381274389,9.36152819692219,7175816385,..,..
World,WLD,2014,YR2014,2.35449052820358,10881.3308259096,9.44632619587903,7353910925.5,..,..
World,WLD,2016,YR2016,1.60553917414213,10188.260064838,9.85984107818342,7528523333.5,..,..
World,WLD,2018,YR2018,2.44258329692817,11288.8842617304,9.6635516326459,7696494847.5,..,..
World,WLD,2020,YR2020,1.9056635869553,10916.687666264,10.8792123495594,7856138789.5,..,..
World,WLD,2022,YR2022,7.93092925430087,12737.3150340299,9.91317641018905,7989981519.5,..,..
World,WLD,2024,YR2024,..,..,..,..,..,..
,,,,,,,,,
,,,,,,,,,
,,,,,,,,,
Data from database: World Development Indicators,,,,,,,,,
Last Updated: 06/05/2025,,,,,,,,,
