Country Name,Country Code,Time,Time Code,"Inflation, consumer prices (annual %) [FP.CPI.TOTL.ZG]",GDP per capita (current US$) [NY.GDP.PCAP.CD],Current health expenditure (% of GDP) [SH.XPD.CHEX.GD.ZS],"Population, total [SP.POP.TOTL]","Tariff rate, applied, simple mean, primary products (%) [TM.TAX.TCOM.SM.AR.ZS]","Political Stability and Absence of Violence/Terrorism: Percentile Rank, Lower Bound of 90% Confidence Interval [PV.PER.RNK.LOWER]"
Afghanistan,AFG,1960,YR1960,..,..,..,9035043,..,..
Afghanistan,AFG,1962,YR1962,..,..,..,9404406,..,..
Afghanistan,AFG,1964,YR1964,..,..,..,9814318,..,..
Afghanistan,AFG,1966,YR1966,..,..,..,10266395,..,..
Afghanistan,AFG,1968,YR1968,..,..,..,10756922,..,..
Afghanistan,AFG,1970,YR1970,..,..,..,11290128,..,..
Afghanistan,AFG,1972,YR1972,..,..,..,11853696,..,..
Afghanistan,AFG,1974,YR1974,..,..,..,12469127,..,..
Afghanistan,AFG,1976,YR1976,..,..,..,13059851,..,..
Afghanistan,AFG,1978,YR1978,..,..,..,13611441,..,..
Afghanistan,AFG,1980,YR1980,..,..,..,13169311,..,..
Afghanistan,AFG,1982,YR1982,..,..,..,10991378,..,..
Afghanistan,AFG,1984,YR1984,..,..,..,11190221,..,..
Afghanistan,AFG,1986,YR1986,..,..,..,11420074,..,..
Afghanistan,AFG,1988,YR1988,..,..,..,11523298,..,..
Afghanistan,AFG,1990,YR1990,..,..,..,12045660,..,..
Afghanistan,AFG,1992,YR1992,..,..,..,13278974,..,..
Afghanistan,AFG,1994,YR1994,..,..,..,16250794,..,..
Afghanistan,AFG,1996,YR1996,..,..,..,17763266,..,0
Afghanistan,AFG,1998,YR1998,..,..,..,19159996,..,0
Afghanistan,AFG,2000,YR2000,..,174.9309914,..,20130327,..,0
Afghanistan,AFG,2002,YR2002,..,178.9540884,9.44339085,21378117,..,0
Afghanistan,AFG,2004,YR2004,..,221.7636539,9.80847359,23560654,3.13,0.485436887
Afghanistan,AFG,2006,YR2006,6.78459655,274.2185536,10.62276554,25424094,6.86,0.483091801
Afghanistan,AFG,2008,YR2008,26.41866415,381.733238,10.25649548,26482622,7.63,0
Afghanistan,AFG,2010,YR2010,2.178537524,560.6215055,8.56967163,28284089,..,0
Afghanistan,AFG,2012,YR2012,6.441212809,651.4171345,7.89716864,30560034,8.42,0
Afghanistan,AFG,2014,YR2014,4.673996035,625.0549418,9.52887821,32792523,..,0
Afghanistan,AFG,2016,YR2016,4.383891955,522.0822156,11.81859016,34700612,..,0
Afghanistan,AFG,2018,YR2018,0.626149149,491.3372214,14.20841885,36743039,11.04,0
Afghanistan,AFG,2020,YR2020,5.601887915,510.7870634,15.53361416,39068979,..,0
Afghanistan,AFG,2022,YR2022,13.71210237,357.2611528,23.0881691,40578842,..,0
Afghanistan,AFG,2024,YR2024,-6.601185641,..,..,..,..,..
Albania,ALB,1960,YR1960,..,..,..,1608800,..,..
Albania,ALB,1962,YR1962,..,..,..,1711319,..,..
Albania,ALB,1964,YR1964,..,..,..,1814135,..,..
Albania,ALB,1966,YR1966,..,..,..,1914573,..,..
Albania,ALB,1968,YR1968,..,..,..,2022272,..,..
Albania,ALB,1970,YR1970,..,..,..,2135479,..,..
Albania,ALB,1972,YR1972,..,..,..,2243126,..,..
Albania,ALB,1974,YR1974,..,..,..,2350124,..,..
Albania,ALB,1976,YR1976,..,..,..,2458526,..,..
Albania,ALB,1978,YR1978,..,..,..,2566266,..,..
Albania,ALB,1980,YR1980,..,590.6077384,..,2671997,..,..
Albania,ALB,1982,YR1982,..,668.4545042,..,2784278,..,..
Albania,ALB,1984,YR1984,..,639.4847302,..,2904429,..,..
Albania,ALB,1986,YR1986,..,693.8734746,..,3022635,..,..
Albania,ALB,1988,YR1988,..,652.7743214,..,3142336,..,..
Albania,ALB,1990,YR1990,..,617.2304355,..,3286542,..,..
Albania,ALB,1992,YR1992,226.0054213,200.8522198,..,3247039,..,..
Albania,ALB,1994,YR1994,22.56505269,586.4161351,..,3207536,..,..
Albania,ALB,1996,YR1996,12.72547781,1009.977111,..,3168033,..,17.02127647
Albania,ALB,1998,YR1998,20.64285887,813.7893966,..,3128530,..,13.29787254
Albania,ALB,2000,YR2000,0.050018136,1126.68334,5.94419765,3089027,12.06,13.22751331
Albania,ALB,2002,YR2002,7.770525834,1425.124219,5.66464472,3051010,9.14,20.1058197
Albania,ALB,2004,YR2004,2.280019169,2373.581292,5.89364862,3026939,8.05,18.93203926
Albania,ALB,2006,YR2006,2.370728319,2972.743621,5.63177013,2992547,7.34,17.87439537
Albania,ALB,2008,YR2008,3.320870904,4370.539716,5.50900269,2947314,4.8,29.80769157
Albania,ALB,2010,YR2010,3.627100915,4094.349686,6.23667669,2913021,7.14,25.59241676
Albania,ALB,2012,YR2012,2.031592684,4247.631343,6.15746212,2900401,3.63,29.85782051
Albania,ALB,2014,YR2014,1.625865044,4578.633208,6.43451118,2889104,2.7,52.38095093
Albania,ALB,2016,YR2016,-0.36731721,4124.05539,6.7293272,2876101,2.87,47.1428566
Albania,ALB,2018,YR2018,2.028059631,5365.489347,6.66844559,2866376,3.36,48.11320877
Albania,ALB,2020,YR2020,1.620886617,5370.778623,7.50389433,2837849,3.17,35.84905624
Albania,ALB,2022,YR2022,6.725202715,6846.426143,6.19368076,2777689,2.2,35.84905624
Albania,ALB,2024,YR2024,2.214489533,..,..,..,..,..
Algeria,DZA,1960,YR1960,..,238.3924767,..,11424922,..,..
Algeria,DZA,1962,YR1962,..,169.6028627,..,11800771,..,..
Algeria,DZA,1964,YR1964,..,238.8638015,..,12179813,..,..
Algeria,DZA,1966,YR1966,..,241.4489696,..,12590069,..,..
Algeria,DZA,1968,YR1968,..,292.4360364,..,13172614,..,..
Algeria,DZA,1970,YR1970,6.599999999,352.8457666,..,13783719,..,..
Algeria,DZA,1972,YR1972,3.65630713,469.0309965,..,14427072,..,..
Algeria,DZA,1974,YR1974,4.699612403,872.8892774,..,15133502,..,..
Algeria,DZA,1976,YR1976,9.430735402,1080.386207,..,16409170,..,..
Algeria,DZA,1978,YR1978,17.52392345,1505.942221,..,17506974,..,..
Algeria,DZA,1980,YR1980,9.517824498,2275.779712,..,18607174,..,..
Algeria,DZA,1982,YR1982,6.54250963,2274.87801,..,19872348,..,..
Algeria,DZA,1984,YR1984,8.116397955,2524.380714,..,21271969,..,..
Algeria,DZA,1986,YR1986,12.37160917,2800.202708,..,22745499,..,..
Algeria,DZA,1988,YR1988,5.911544964,2450.872421,..,24109536,..,..
Algeria,DZA,1990,YR1990,16.65253439,2445.183327,..,25375810,..,..
Algeria,DZA,1992,YR1992,31.66966191,1802.693008,..,26628568,..,..
Algeria,DZA,1994,YR1994,29.04765612,1525.540618,..,27887279,..,..
Algeria,DZA,1996,YR1996,18.67907586,1616.831987,..,29033044,..,2.127659559
Algeria,DZA,1998,YR1998,4.950161638,1603.366232,..,30054133,22.15,0
Algeria,DZA,2000,YR2000,0.339163189,1772.928691,3.21485448,30903893,..,2.645502567
Algeria,DZA,2002,YR2002,1.418301923,1937.464114,3.44169641,31750835,19.75,1.058201075
Algeria,DZA,2004,YR2004,3.961800303,2816.99385,3.29030514,32628286,..,4.368932247
Algeria,DZA,2006,YR2006,2.311499185,3660.661047,3.18999887,33623506,15.82,8.212560654
Algeria,DZA,2008,YR2008,4.858590628,5180.918815,3.98331022,34816961,17.22,9.615385056
Algeria,DZA,2010,YR2010,3.911061955,4912.785855,4.64001417,36188236,..,4.739336491
Algeria,DZA,2012,YR2012,8.891450911,6033.648847,5.63657808,37646166,..,5.687203884
Algeria,DZA,2014,YR2014,2.916926921,6094.693923,6.01485014,39205031,16.16,8.095237732
Algeria,DZA,2016,YR2016,6.397694803,4424.98529,6.00079727,40850721,14.61,8.571428299
Algeria,DZA,2018,YR2018,4.269990205,4577.210292,5.93238592,42505035,14.68,11.320755
Algeria,DZA,2020,YR2020,2.415130941,3743.541952,5.63831711,44042091,14.72,11.320755
Algeria,DZA,2022,YR2022,9.265515516,4961.552577,3.6230433,45477389,13.3,13.20754719
Algeria,DZA,2024,YR2024,4.046114553,..,..,..,..,..
American Samoa,ASM,1960,YR1960,..,..,..,20133,..,..
American Samoa,ASM,1962,YR1962,..,..,..,21298,..,..
American Samoa,ASM,1964,YR1964,..,..,..,22673,..,..
American Samoa,ASM,1966,YR1966,..,..,..,24136,..,..
American Samoa,ASM,1968,YR1968,..,..,..,25614,..,..
American Samoa,ASM,1970,YR1970,..,..,..,27026,..,..
American Samoa,ASM,1972,YR1972,..,..,..,27995,..,..
American Samoa,ASM,1974,YR1974,..,..,..,28875,..,..
American Samoa,ASM,1976,YR1976,..,..,..,29959,..,..
American Samoa,ASM,1978,YR1978,..,..,..,31076,..,..
American Samoa,ASM,1980,YR1980,..,..,..,32403,..,..
American Samoa,ASM,1982,YR1982,..,..,..,34909,..,..
American Samoa,ASM,1984,YR1984,..,..,..,37667,..,..
American Samoa,ASM,1986,YR1986,..,..,..,40571,..,..
American Samoa,ASM,1988,YR1988,..,..,..,43615,..,..
American Samoa,ASM,1990,YR1990,..,..,..,46640,..,..
American Samoa,ASM,1992,YR1992,..,..,..,49038,..,..
American Samoa,ASM,1994,YR1994,..,..,..,51251,..,..
American Samoa,ASM,1996,YR1996,..,..,..,53353,..,..
American Samoa,ASM,1998,YR1998,..,..,..,55334,..,..
American Samoa,ASM,2000,YR2000,..,..,..,56855,..,..
American Samoa,ASM,2002,YR2002,..,8972.696365,..,57062,..,..
American Samoa,ASM,2004,YR2004,..,8958.428667,..,56818,..,46.60194016
American Samoa,ASM,2006,YR2006,..,8745.166211,..,56374,..,46.37681198
American Samoa,ASM,2008,YR2008,..,10030.80891,..,55828,..,55.28845978
American Samoa,ASM,2010,YR2010,..,10375.17201,..,55228,..,54.02843475
American Samoa,ASM,2012,YR2012,..,11745.48992,..,54489,..,58.76777267
American Samoa,ASM,2014,YR2014,..,12026.33449,..,53466,..,66.19047546
American Samoa,ASM,2016,YR2016,..,12843.33429,..,52245,..,65.7142868
American Samoa,ASM,2018,YR2018,..,12552.05469,..,50908,..,66.98113251
American Samoa,ASM,2020,YR2020,..,14489.25866,..,49761,..,64.62264252
American Samoa,ASM,2022,YR2022,..,18017.45894,..,48342,..,59.90565872
American Samoa,ASM,2024,YR2024,..,..,..,..,..,..
Andorra,AND,1960,YR1960,..,..,..,9510,..,..
Andorra,AND,1962,YR1962,..,..,..,11086,..,..
Andorra,AND,1964,YR1964,..,..,..,12764,..,..
Andorra,AND,1966,YR1966,..,..,..,14626,..,..
Andorra,AND,1968,YR1968,..,..,..,17176,..,..
Andorra,AND,1970,YR1970,..,3935.411278,..,19977,..,..
Andorra,AND,1972,YR1972,..,4940.296962,..,22957,..,..
Andorra,AND,1974,YR1974,..,7139.574512,..,26130,..,..
Andorra,AND,1976,YR1976,..,7721.288586,..,29436,..,..
Andorra,AND,1978,YR1978,..,9409.508513,..,32735,..,..
Andorra,AND,1980,YR1980,..,12474.92529,..,35782,..,..
Andorra,AND,1982,YR1982,..,9697.52202,..,38764,..,..
Andorra,AND,1984,YR1984,..,7808.130027,..,42273,..,..
Andorra,AND,1986,YR1986,..,10539.11779,..,45734,..,..
Andorra,AND,1988,YR1988,..,14599.03552,..,49416,..,..
Andorra,AND,1990,YR1990,..,19563.65747,..,52597,..,..
Andorra,AND,1992,YR1992,..,20099.53522,..,60200,..,..
Andorra,AND,1994,YR1994,..,15748.53075,..,64612,..,..
Andorra,AND,1996,YR1996,..,19130.15972,..,63984,..,52.12765884
Andorra,AND,1998,YR1998,..,18536.50843,..,65382,..,54.78723526
Andorra,AND,2000,YR2000,..,21810.24874,5.95276403,65685,..,54.4973526
Andorra,AND,2002,YR2002,..,26528.13016,5.99621153,66506,..,62.43386078
Andorra,AND,2004,YR2004,..,39021.12781,5.28846931,74325,..,74.27184296
Andorra,AND,2006,YR2006,..,43467.21099,4.96530008,79585,..,68.11594391
Andorra,AND,2008,YR2008,..,49132.51571,5.67066383,83495,..,71.63461304
Andorra,AND,2010,YR2010,..,42746.83095,7.67537737,80706,..,70.1421814
Andorra,AND,2012,YR2012,..,41500.54358,6.71083689,76834,..,70.1421814
Andorra,AND,2014,YR2014,..,44369.65969,6.77308035,73737,..,74.2857132
Andorra,AND,2016,YR2016,..,40129.8192,6.90521765,72181,..,78.57142639
Andorra,AND,2018,YR2018,..,42819.77458,7.37541723,75162,..,78.77358246
Andorra,AND,2020,YR2020,..,37361.09007,8.78673935,77380,..,88.679245
Andorra,AND,2022,YR2022,..,42414.05901,7.53678846,79705,..,91.03773499
Andorra,AND,2024,YR2024,..,..,..,..,..,..
Angola,AGO,1960,YR1960,..,..,..,5231654,..,..
Angola,AGO,1962,YR1962,..,..,..,5354310,..,..
Angola,AGO,1964,YR1964,..,..,..,5464187,..,..
Angola,AGO,1966,YR1966,..,..,..,5581386,..,..
Angola,AGO,1968,YR1968,..,..,..,5702699,..,..
Angola,AGO,1970,YR1970,..,..,..,5852788,..,..
Angola,AGO,1972,YR1972,..,..,..,6174262,..,..
Angola,AGO,1974,YR1974,..,..,..,6613367,..,..
Angola,AGO,1976,YR1976,..,..,..,7074664,..,..
Angola,AGO,1978,YR1978,..,..,..,7576734,..,..
Angola,AGO,1980,YR1980,..,729.1119655,..,8133872,..,..
Angola,AGO,1982,YR1982,..,634.2214673,..,8751648,..,..
Angola,AGO,1984,YR1984,..,650.4910944,..,9425917,..,..
Angola,AGO,1986,YR1986,..,697.5266024,..,10139450,..,..
Angola,AGO,1988,YR1988,..,807.4396284,..,10861291,..,..
Angola,AGO,1990,YR1990,..,965.8668405,..,11626360,..,..
Angola,AGO,1992,YR1992,299.5098039,668.7060175,..,12423712,..,..
Angola,AGO,1994,YR1994,949.7925311,334.9735903,..,13249764,..,..
Angola,AGO,1996,YR1996,4145.105982,531.1171368,..,14170973,..,0
Angola,AGO,1998,YR1998,107.2848215,429.1886541,..,15159370,..,0
Angola,AGO,2000,YR2000,324.9968716,563.7337956,1.90859938,16194869,..,0
Angola,AGO,2002,YR2002,108.8974361,882.1478472,3.32946134,17327699,11.56,1.058201075
Angola,AGO,2004,YR2004,43.54210675,1266.210864,3.96719909,18600423,11.56,7.281553268
Angola,AGO,2006,YR2006,13.30521018,2617.05196,2.68553543,20015279,11.77,17.39130402
Angola,AGO,2008,YR2008,12.47582913,4103.0669,3.32290339,21578655,11.49,18.75
Angola,AGO,2010,YR2010,14.46965649,3597.342932,2.69509959,23294825,11.41,25.59241676
Angola,AGO,2012,YR2012,10.27790492,5086.027401,2.39574957,25177394,11.1,21.80094719
Angola,AGO,2014,YR2014,7.280387304,5005.999741,2.43412876,27160769,22.71,23.33333397
Angola,AGO,2016,YR2016,30.69441508,1807.952941,2.71314979,29183070,22.32,21.90476227
Angola,AGO,2018,YR2018,19.62893797,2538.591391,2.59482241,31297155,19.19,21.22641563
Angola,AGO,2020,YR2020,22.27153925,1449.922867,3.27488494,33451132,19.82,15.09433937
Angola,AGO,2022,YR2022,21.35529013,2929.694455,2.92737579,35635029,21.9,14.15094376
Angola,AGO,2024,YR2024,28.24049489,..,..,..,..,..
Antigua and Barbuda,ATG,1960,YR1960,..,..,..,55603,..,..
Antigua and Barbuda,ATG,1962,YR1962,..,..,..,57336,..,..
Antigua and Barbuda,ATG,1964,YR1964,..,..,..,59020,..,..
Antigua and Barbuda,ATG,1966,YR1966,..,..,..,60900,..,..
Antigua and Barbuda,ATG,1968,YR1968,..,..,..,62809,..,..
Antigua and Barbuda,ATG,1970,YR1970,..,..,..,64528,..,..
Antigua and Barbuda,ATG,1972,YR1972,..,..,..,64615,..,..
Antigua and Barbuda,ATG,1974,YR1974,..,..,..,64058,..,..
Antigua and Barbuda,ATG,1976,YR1976,..,..,..,63762,..,..
Antigua and Barbuda,ATG,1978,YR1978,..,1374.704602,..,64038,..,..
Antigua and Barbuda,ATG,1980,YR1980,..,2052.931049,..,64513,..,..
Antigua and Barbuda,ATG,1982,YR1982,..,2568.895978,..,64785,..,..
Antigua and Barbuda,ATG,1984,YR1984,..,3270.438528,..,64882,..,..
Antigua and Barbuda,ATG,1986,YR1986,..,4629.053411,..,64276,..,..
Antigua and Barbuda,ATG,1988,YR1988,..,6465.807555,..,63623,..,..
Antigua and Barbuda,ATG,1990,YR1990,..,7590.343332,..,63066,..,..
Antigua and Barbuda,ATG,1992,YR1992,..,8153.277804,..,64404,..,..
Antigua and Barbuda,ATG,1994,YR1994,..,9351.044266,..,66843,..,..
Antigua and Barbuda,ATG,1996,YR1996,..,9755.66154,..,69612,24.83,37.23404312
Antigua and Barbuda,ATG,1998,YR1998,..,10906.52051,..,72412,..,35.63829803
Antigua and Barbuda,ATG,2000,YR2000,0.771779797,12021.46321,4.71542597,74912,18.39,35.44973373
Antigua and Barbuda,ATG,2002,YR2002,2.407658013,11657.34875,5.28793621,77032,16.86,45.5026474
Antigua and Barbuda,ATG,2004,YR2004,2.030077579,13036.00759,5.11667967,78719,17.26,63.10679626
Antigua and Barbuda,ATG,2006,YR2006,1.787785374,16172.25135,4.63050652,80604,13.64,53.62318802
Antigua and Barbuda,ATG,2008,YR2008,5.333806398,18785.46822,4.20027018,82912,15.69,55.28845978
Antigua and Barbuda,ATG,2010,YR2010,3.370025402,15216.30984,5.37907028,85320,21.28,57.81990433
Antigua and Barbuda,ATG,2012,YR2012,3.376880443,15208.65697,5.47921467,87260,17.95,63.03317642
Antigua and Barbuda,ATG,2014,YR2014,1.089441574,15533.48313,5.87269926,88765,16.18,65.7142868
Antigua and Barbuda,ATG,2016,YR2016,-0.489437796,16557.84317,5.12190151,89969,15.8,61.42856979
Antigua and Barbuda,ATG,2018,YR2018,1.207157934,18273.42707,4.85204983,90926,16.09,60.84905624
Antigua and Barbuda,ATG,2020,YR2020,0.625989707,15360.45442,5.72944784,91846,16.12,61.320755
Antigua and Barbuda,ATG,2022,YR2022,7.531078346,20117.76533,5.7299943,92840,..,61.320755
Antigua and Barbuda,ATG,2024,YR2024,..,..,..,..,..,..
Argentina,ARG,1960,YR1960,..,..,..,20386045,..,..
Argentina,ARG,1962,YR1962,..,1160.306598,..,21072538,..,..
Argentina,ARG,1964,YR1964,..,1176.200862,..,21769453,..,..
Argentina,ARG,1966,YR1966,..,1275.078434,..,22453893,..,..
Argentina,ARG,1968,YR1968,..,1141.952116,..,23150583,..,..
Argentina,ARG,1970,YR1970,..,1322.714542,..,23878327,..,..
Argentina,ARG,1972,YR1972,..,1409.370973,..,24644328,..,..
Argentina,ARG,1974,YR1974,..,2844.969905,..,25461351,..,..
Argentina,ARG,1976,YR1976,..,1946.919904,..,26282283,..,..
Argentina,ARG,1978,YR1978,..,3282.063044,..,27132158,..,..
Argentina,ARG,1980,YR1980,..,2747.502275,..,28011596,..,..
Argentina,ARG,1982,YR1982,..,2914.767085,..,28924262,..,..
Argentina,ARG,1984,YR1984,..,3915.034926,..,29863093,..,..
Argentina,ARG,1986,YR1986,..,3436.078195,..,30811980,..,..
Argentina,ARG,1988,YR1988,..,3992.703302,..,31780532,..,..
Argentina,ARG,1990,YR1990,..,4315.333294,..,32755901,..,..
Argentina,ARG,1992,YR1992,..,6789.996111,..,33693527,8.06,..
Argentina,ARG,1994,YR1994,..,7437.562423,..,34613491,..,..
Argentina,ARG,1996,YR1996,..,7663.212713,..,35513793,10.08,28.72340393
Argentina,ARG,1998,YR1998,..,8218.992128,..,36372860,12.85,22.87234116
Argentina,ARG,2000,YR2000,..,7637.014892,8.22001076,37213984,11.63,31.74603081
Argentina,ARG,2002,YR2002,..,2569.699635,7.3933115,38029349,11.35,14.28571415
Argentina,ARG,2004,YR2004,..,4242.020991,7.22868252,38815916,9.03,16.01941681
Argentina,ARG,2006,YR2006,..,5869.38029,7.64032793,39622115,7.56,31.40096664
Argentina,ARG,2008,YR2008,..,8944.110266,8.1826973,40424148,7.49,29.32692337
Argentina,ARG,2010,YR2010,..,10260.13131,9.44546413,41288694,7.33,28.90995216
Argentina,ARG,2012,YR2012,..,12949.71749,9.82726669,42161721,7.24,37.91469193
Argentina,ARG,2014,YR2014,..,12233.14441,9.67129993,43024071,7.46,34.76190567
Argentina,ARG,2016,YR2016,..,12699.96231,9.85558891,43900313,7.5,40.95238113
Argentina,ARG,2018,YR2018,..,11752.79989,10.29146862,44654882,7.63,35.37735748
Argentina,ARG,2020,YR2020,..,8535.59938,10.45030594,45191965,7.91,31.13207626
Argentina,ARG,2022,YR2022,..,13935.68111,9.86305332,45407904,7.64,28.77358437
Argentina,ARG,2024,YR2024,..,..,..,..,..,..
Armenia,ARM,1960,YR1960,..,..,..,1863705,..,..
Armenia,ARM,1962,YR1962,..,..,..,1991689,..,..
Armenia,ARM,1964,YR1964,..,..,..,2120135,..,..
Armenia,ARM,1966,YR1966,..,..,..,2246159,..,..
Armenia,ARM,1968,YR1968,..,..,..,2367319,..,..
Armenia,ARM,1970,YR1970,..,..,..,2475633,..,..
Armenia,ARM,1972,YR1972,..,..,..,2577079,..,..
Armenia,ARM,1974,YR1974,..,..,..,2686445,..,..
Armenia,ARM,1976,YR1976,..,..,..,2818165,..,..
Armenia,ARM,1978,YR1978,..,..,..,3012807,..,..
Armenia,ARM,1980,YR1980,..,..,..,3107415,..,..
Armenia,ARM,1982,YR1982,..,..,..,3163144,..,..
Armenia,ARM,1984,YR1984,..,..,..,3224547,..,..
Armenia,ARM,1986,YR1986,..,..,..,3294847,..,..
Armenia,ARM,1988,YR1988,..,..,..,3355125,..,..
Armenia,ARM,1990,YR1990,..,635.3553275,..,3552128,..,..
Armenia,ARM,1992,YR1992,..,356.35078,..,3571861,..,..
Armenia,ARM,1994,YR1994,3373.759443,390.8799643,..,3364610,..,..
Armenia,ARM,1996,YR1996,18.68118564,487.0686244,..,3278735,..,13.29787254
Armenia,ARM,1998,YR1998,8.672486324,590.2399473,..,3208401,..,11.17021275
Armenia,ARM,2000,YR2000,-0.790883769,593.4505817,4.19581175,3221100,..,11.11111069
Armenia,ARM,2002,YR2002,1.060049293,742.6511183,7.61358786,3199800,..,20.1058197
Armenia,ARM,2004,YR2004,6.961261359,1130.087914,6.05510139,3164900,6.52,25.24271774
Armenia,ARM,2006,YR2006,2.892356625,2041.652671,5.85007095,3127100,5.47,25.12077332
Armenia,ARM,2008,YR2008,8.949953354,3777.668593,6.63976622,3087100,5.61,29.80769157
Armenia,ARM,2010,YR2010,8.176361385,3041.344507,9.23538303,3044800,6.8,33.175354
Armenia,ARM,2012,YR2012,2.558020078,3511.563997,9.13455009,3024100,5.79,39.33649445
Armenia,ARM,2014,YR2014,2.981308689,3852.118006,10.17827892,3013800,5.66,24.2857151
Armenia,ARM,2016,YR2016,-1.403607559,3524.424769,9.95194912,2992300,5.63,13.80952358
Armenia,ARM,2018,YR2018,2.52023382,4196.005623,10.00543404,2969000,..,18.39622688
Armenia,ARM,2020,YR2020,1.211435778,4268.680933,12.24056244,2961500,5.44,12.26415062
Armenia,ARM,2022,YR2022,8.64091109,6571.974455,9.96212864,2969200,..,12.73584938
Armenia,ARM,2024,YR2024,0.269511978,..,..,..,..,..
Aruba,ABW,1960,YR1960,..,..,..,54922,..,..
Aruba,ABW,1962,YR1962,..,..,..,56320,..,..
Aruba,ABW,1964,YR1964,..,..,..,57619,..,..
Aruba,ABW,1966,YR1966,..,..,..,58694,..,..
Aruba,ABW,1968,YR1968,..,..,..,59069,..,..
Aruba,ABW,1970,YR1970,..,..,..,58950,..,..
Aruba,ABW,1972,YR1972,..,..,..,58047,..,..
Aruba,ABW,1974,YR1974,..,..,..,58349,..,..
Aruba,ABW,1976,YR1976,..,..,..,58368,..,..
Aruba,ABW,1978,YR1978,..,..,..,58776,..,..
Aruba,ABW,1980,YR1980,..,..,..,59909,..,..
Aruba,ABW,1982,YR1982,..,..,..,61276,..,..
Aruba,ABW,1984,YR1984,..,..,..,62901,..,..
Aruba,ABW,1986,YR1986,1.073966408,6767.559229,..,59931,..,..
Aruba,ABW,1988,YR1988,3.121868496,10056.26139,..,59331,..,..
Aruba,ABW,1990,YR1990,5.836687752,12187.53636,..,62753,..,..
Aruba,ABW,1992,YR1992,3.87337537,13892.60514,..,69005,..,..
Aruba,ABW,1994,YR1994,6.311079713,16055.28779,..,77595,..,..
Aruba,ABW,1996,YR1996,3.225287972,16620.95456,..,83021,..,..
Aruba,ABW,1998,YR1998,1.869488536,18828.08706,..,88451,..,..
Aruba,ABW,2000,YR2000,4.044021312,20681.02303,..,90588,..,..
Aruba,ABW,2002,YR2002,3.315246786,21307.24825,..,92074,..,..
Aruba,ABW,2004,YR2004,2.529129469,23700.63199,..,95138,..,54.85437012
Aruba,ABW,2006,YR2006,3.608024388,24845.65848,..,99405,..,68.11594391
Aruba,ABW,2008,YR2008,8.955987052,28171.9094,..,100917,..,72.11538696
Aruba,ABW,2010,YR2010,2.078140719,24093.14015,..,101838,..,66.35070801
Aruba,ABW,2012,YR2012,0.627471993,25119.66554,..,104110,5.88,72.98577881
Aruba,ABW,2014,YR2014,0.421440919,26129.83906,..,106807,..,72.38095093
Aruba,ABW,2016,YR2016,-0.931195987,27441.52966,..,108727,6.41,75.7142868
Aruba,ABW,2018,YR2018,3.626041414,30082.12764,..,108908,5.6,79.24528503
Aruba,ABW,2020,YR2020,..,22855.93232,..,108587,..,79.71697998
Aruba,ABW,2022,YR2022,..,30559.53353,..,107310,..,86.320755
Aruba,ABW,2024,YR2024,..,..,..,..,..,..
Australia,AUS,1960,YR1960,3.728813559,1810.70643,..,10276477,..,..
Australia,AUS,1962,YR1962,-0.319488818,1854.746154,..,10742000,..,..
Australia,AUS,1964,YR1964,2.866242038,2131.3803,..,11167000,..,..
Australia,AUS,1966,YR1966,3.293413174,2343.915919,..,11651000,..,..
Australia,AUS,1968,YR1968,2.521008403,2724.130672,..,12009000,..,..
Australia,AUS,1970,YR1970,3.439153439,3304.92737,..,12507000,..,..
Australia,AUS,1972,YR1972,6.024096386,3949.461643,..,13177000,..,..
Australia,AUS,1974,YR1974,15.41666667,6482.938481,..,13723000,..,..
Australia,AUS,1976,YR1976,13.32288401,7486.682604,..,14033000,..,..
Australia,AUS,1978,YR1978,8.004926108,8252.734457,..,14358000,..,..
Australia,AUS,1980,YR1980,10.13584117,10208.80368,..,14692000,..,..
Australia,AUS,1982,YR1982,11.35181976,12779.14592,..,15184247,..,..
Australia,AUS,1984,YR1984,3.96039604,12421.88077,..,15579391,..,..
Australia,AUS,1986,YR1986,9.050350542,11392.00439,..,16018350,..,..
Australia,AUS,1988,YR1988,7.215939688,14284.96079,..,16532164,..,..
Australia,AUS,1990,YR1990,7.333021952,18249.30145,..,17065128,..,..
Australia,AUS,1992,YR1992,1.012231126,18624.18773,..,17478635,..,..
Australia,AUS,1994,YR1994,1.969634797,18129.63531,..,17805468,..,..
Australia,AUS,1996,YR1996,2.615384615,22021.78391,..,18224767,8.27,72.87233734
Australia,AUS,1998,YR1998,0.86013463,21479.1142,..,18607584,7.71,63.29787064
Australia,AUS,2000,YR2000,4.457435148,21870.41597,7.58869076,19028802,6.87,75.13227844
Australia,AUS,2002,YR2002,2.981574539,20301.84317,7.87221003,19495210,1.53,70.37036896
Australia,AUS,2004,YR2004,2.343255225,30836.73068,8.08257675,19932722,1.55,62.13592148
Australia,AUS,2006,YR2006,3.555287737,36595.70715,7.97161102,20450966,1.32,60.86956406
Australia,AUS,2008,YR2008,4.35029855,49701.28178,8.24737453,21249199,2.63,63.46154022
Australia,AUS,2010,YR2010,2.918340027,52144.66547,8.41878414,22031750,1.37,62.55924225
Australia,AUS,2012,YR2012,1.762780156,68072.87323,8.66922569,22733465,1.3,67.29857635
Australia,AUS,2014,YR2014,2.487922705,62544.08738,9.82490253,23475686,1.43,69.52381134
Australia,AUS,2016,YR2016,1.276990945,49888.04108,10.08972931,24190907,1.33,70
Australia,AUS,2018,YR2018,1.911400944,57196.42208,10.05163097,24963258,1.31,65.56604004
Australia,AUS,2020,YR2020,0.846905537,51791.54018,10.66040134,25649248,1.24,63.679245
Australia,AUS,2022,YR2022,6.594096713,64997.01365,9.92687893,26014399,1.26,66.98113251
Australia,AUS,2024,YR2024,3.161614283,..,..,..,..,..
Austria,AUT,1960,YR1960,1.945749352,939.9148147,..,7047539,..,..
Austria,AUT,1962,YR1962,4.381798639,1093.014191,..,7129864,..,..
Austria,AUT,1964,YR1964,3.868563549,1275.457153,..,7223801,..,..
Austria,AUT,1966,YR1966,2.054820593,1494.049114,..,7322066,..,..
Austria,AUT,1968,YR1968,2.764864473,1685.662117,..,7415403,..,..
Austria,AUT,1970,YR1970,4.372824416,2050.705154,..,7467086,..,..
Austria,AUT,1972,YR1972,6.355146127,2912.595771,..,7544201,..,..
Austria,AUT,1974,YR1974,9.521788197,4612.619208,..,7599038,..,..
Austria,AUT,1976,YR1976,7.318685451,5656.145138,..,7565525,..,..
Austria,AUT,1978,YR1978,3.574318576,8173.329263,..,7562305,..,..
Austria,AUT,1980,YR1980,6.328325362,10826.97183,..,7549433,..,..
Austria,AUT,1982,YR1982,5.436030825,9373.488206,..,7574140,..,..
Austria,AUT,1984,YR1984,5.663185739,8955.848292,..,7561434,..,..
Austria,AUT,1986,YR1986,1.705444567,13031.8281,..,7569794,..,..
Austria,AUT,1988,YR1988,1.915716847,17509.76587,..,7585317,..,..
Austria,AUT,1990,YR1990,3.261872319,21596.06822,..,7677850,28.19,..
Austria,AUT,1992,YR1992,4.0208478,24782.71188,..,7840709,..,..
Austria,AUT,1994,YR1994,2.953409368,25546.24605,..,7936118,..,..
Austria,AUT,1996,YR1996,1.860971158,29645.94513,..,7959017,..,72.87233734
Austria,AUT,1998,YR1998,0.922467197,27212.46429,..,7976789,..,65.42552948
Austria,AUT,2000,YR2000,2.344862854,24487.29747,9.20371342,8011566,7.93,58.73015976
Austria,AUT,2002,YR2002,1.810357878,26334.86222,9.3947649,8081957,6.42,76.71957397
Austria,AUT,2004,YR2004,2.06120618,36614.25065,9.70939922,8171966,6.85,66.99028778
Austria,AUT,2006,YR2006,1.441548511,40382.20783,9.5311327,8268641,7.24,65.21739197
Austria,AUT,2008,YR2008,3.215950332,51581.39824,9.72564602,8321496,5.94,78.36538696
Austria,AUT,2010,YR2010,1.81353439,46611.13934,10.22101879,8363404,6.3,71.5639801
Austria,AUT,2012,YR2012,2.485675622,48250.40591,10.19915581,8429991,5.6,81.5165863
Austria,AUT,2014,YR2014,1.60581183,51314.97226,10.36809158,8546356,5.72,78.57142639
Austria,AUT,2016,YR2016,0.891591753,45061.49939,10.3522625,8736668,5.32,64.76190186
Austria,AUT,2018,YR2018,1.998379814,51194.07498,10.34885597,8840521,5.24,64.15093994
Austria,AUT,2020,YR2020,1.381910634,48716.40989,11.31641102,8916864,2.21,63.20754623
Austria,AUT,2022,YR2022,8.546869932,52176.66491,11.15729332,9041851,4.06,53.30188751
Austria,AUT,2024,YR2024,2.937915743,..,..,..,..,..
Azerbaijan,AZE,1960,YR1960,..,..,..,3894500,..,..
Azerbaijan,AZE,1962,YR1962,..,..,..,4168150,..,..
Azerbaijan,AZE,1964,YR1964,..,..,..,4439250,..,..
Azerbaijan,AZE,1966,YR1966,..,..,..,4708150,..,..
Azerbaijan,AZE,1968,YR1968,..,..,..,4948500,..,..
Azerbaijan,AZE,1970,YR1970,..,..,..,5172050,..,..
Azerbaijan,AZE,1972,YR1972,..,..,..,5391450,..,..
Azerbaijan,AZE,1974,YR1974,..,..,..,5594100,..,..
Azerbaijan,AZE,1976,YR1976,..,..,..,5781000,..,..
Azerbaijan,AZE,1978,YR1978,..,..,..,5976150,..,..
Azerbaijan,AZE,1980,YR1980,..,..,..,6160500,..,..
Azerbaijan,AZE,1982,YR1982,..,..,..,6357550,..,..
Azerbaijan,AZE,1984,YR1984,..,..,..,6567850,..,..
Azerbaijan,AZE,1986,YR1986,..,..,..,6770300,..,..
Azerbaijan,AZE,1988,YR1988,..,..,..,6974600,..,..
Azerbaijan,AZE,1990,YR1990,..,1238.271893,..,7175200,..,..
Azerbaijan,AZE,1992,YR1992,-10.63009716,60.23512054,..,7382050,..,..
Azerbaijan,AZE,1994,YR1994,1662.215949,157.0635499,..,7596550,..,..
Azerbaijan,AZE,1996,YR1996,19.79480281,409.1855438,..,7763000,..,8.510638237
Azerbaijan,AZE,1998,YR1998,-0.772697886,561.9068079,..,7913000,..,11.17021275
Azerbaijan,AZE,2000,YR2000,1.805003037,655.0972496,2.89007497,8048600,..,10.58201027
Azerbaijan,AZE,2002,YR2002,2.77116472,763.1088955,2.73097301,8171950,17.93,5.291005135
Azerbaijan,AZE,2004,YR2004,6.708930428,1045.013633,2.65944242,8306500,..,6.796116352
Azerbaijan,AZE,2006,YR2006,8.328924829,2472.957257,2.07059145,8484550,..,8.212560654
Azerbaijan,AZE,2008,YR2008,20.84908718,5574.468104,2.04814458,8763400,9.71,19.71153831
Azerbaijan,AZE,2010,YR2010,5.726872247,5843.533768,2.64634848,9054332,..,25.59241676
Azerbaijan,AZE,2012,YR2012,1.066213397,7495.865277,3.15682149,9295784,13.31,15.63981056
Azerbaijan,AZE,2014,YR2014,1.373441815,7890.840281,3.58703041,9535079,11.34,16.66666603
Azerbaijan,AZE,2016,YR2016,12.44337486,3880.685228,4.42241955,9757812,..,10.95238113
Azerbaijan,AZE,2018,YR2018,2.268546904,4739.794312,3.83661342,9939771,..,12.73584938
Azerbaijan,AZE,2020,YR2020,2.75980947,4229.910649,5.84817696,10093121,9.81,11.320755
Azerbaijan,AZE,2022,YR2022,13.85225901,7770.594223,3.97840643,10141756,9.65,10.84905624
Azerbaijan,AZE,2024,YR2024,2.212171889,..,..,..,..,..
"Bahamas, The",BHS,1960,YR1960,..,1459.253539,..,116317,..,..
"Bahamas, The",BHS,1962,YR1962,..,1651.218295,..,128493,..,..
"Bahamas, The",BHS,1964,YR1964,..,1883.443491,..,141528,..,..
"Bahamas, The",BHS,1966,YR1966,..,2239.23964,..,154874,..,..
"Bahamas, The",BHS,1968,YR1968,4.541031463,2668.01498,..,170089,..,..
"Bahamas, The",BHS,1970,YR1970,6.152093421,2916.499984,..,184982,..,..
"Bahamas, The",BHS,1972,YR1972,6.830811319,3013.950167,..,196055,..,..
"Bahamas, The",BHS,1974,YR1974,13.07184584,3079.740141,..,205342,..,..
"Bahamas, The",BHS,1976,YR1976,4.255836576,2993.459238,..,214501,..,..
"Bahamas, The",BHS,1978,YR1978,6.109070359,3720.040579,..,223761,..,..
"Bahamas, The",BHS,1980,YR1980,12.09783723,5742.583625,..,232526,..,..
"Bahamas, The",BHS,1982,YR1982,6.012621017,6559.468693,..,240614,..,..
"Bahamas, The",BHS,1984,YR1984,3.966346154,8201.701338,..,248863,..,..
"Bahamas, The",BHS,1986,YR1986,5.433781544,9600.599528,..,257536,..,..
"Bahamas, The",BHS,1988,YR1988,4.402411828,10575.79715,..,266448,..,..
"Bahamas, The",BHS,1990,YR1990,4.66931912,11473.30084,..,275945,..,..
"Bahamas, The",BHS,1992,YR1992,5.738198862,10873.40475,..,285927,..,..
"Bahamas, The",BHS,1994,YR1994,1.399334237,10991.23467,..,296509,..,..
"Bahamas, The",BHS,1996,YR1996,1.379137412,11783.7972,..,306268,..,59.57446671
"Bahamas, The",BHS,1998,YR1998,1.336613366,21667.44882,..,315368,..,63.29787064
"Bahamas, The",BHS,2000,YR2000,1.606329417,24940.07751,3.80487037,323835,..,69.84127045
"Bahamas, The",BHS,2002,YR2002,2.173577925,26781.61959,3.81251931,331614,23.84,56.61375809
"Bahamas, The",BHS,2004,YR2004,0.981914037,26650.29342,4.04628181,339782,..,58.73786545
"Bahamas, The",BHS,2006,YR2006,2.389826274,29184.78651,4.30935764,348375,24.38,54.10628128
"Bahamas, The",BHS,2008,YR2008,4.489559954,29392.38244,4.86261654,358120,..,55.28845978
"Bahamas, The",BHS,2010,YR2010,1.344027384,27473.10043,5.25594234,367478,22.4,64.45497894
"Bahamas, The",BHS,2012,YR2012,1.97336756,28552.02427,5.3190918,375469,..,72.51184845
"Bahamas, The",BHS,2014,YR2014,1.513756431,28705.61708,5.62925673,382298,20.89,66.66666412
"Bahamas, The",BHS,2016,YR2016,-0.34637693,30266.58592,5.71206808,388055,18.3,65.7142868
"Bahamas, The",BHS,2018,YR2018,2.265863467,32124.40511,6.02687502,392717,13.98,63.20754623
"Bahamas, The",BHS,2020,YR2020,0.038521098,25155.67254,7.59303093,395863,..,60.37735748
"Bahamas, The",BHS,2022,YR2022,5.605406336,33044.38821,7.21692038,397538,15.15,61.320755
"Bahamas, The",BHS,2024,YR2024,..,..,..,..,..,..
Bahrain,BHR,1960,YR1960,..,..,..,165477,..,..
Bahrain,BHR,1962,YR1962,..,..,..,179349,..,..
Bahrain,BHR,1964,YR1964,..,..,..,193816,..,..
Bahrain,BHR,1966,YR1966,2.134471719,..,..,207543,..,..
Bahrain,BHR,1968,YR1968,3.25732899,..,..,219337,..,..
Bahrain,BHR,1970,YR1970,1.628981278,1741.822454,..,224809,..,..
Bahrain,BHR,1972,YR1972,5.088195386,2205.917004,..,242113,..,..
Bahrain,BHR,1974,YR1974,24.39299831,3873.716291,..,269038,..,..
Bahrain,BHR,1976,YR1976,22.49576658,5310.191326,..,297863,..,..
Bahrain,BHR,1978,YR1978,15.78553759,6925.988932,..,328046,..,..
Bahrain,BHR,1980,YR1980,3.869525059,9732.725872,..,358978,..,..
Bahrain,BHR,1982,YR1982,8.885713085,10712.15294,..,386983,..,..
Bahrain,BHR,1984,YR1984,0.32239925,10696.93311,..,415154,..,..
Bahrain,BHR,1986,YR1986,-2.296093214,7776.956577,..,446286,..,..
Bahrain,BHR,1988,YR1988,0.303435966,8771.785353,..,479929,..,..
Bahrain,BHR,1990,YR1990,0.929335437,9342.538914,..,514797,..,..
Bahrain,BHR,1992,YR1992,-0.172413793,10460.15832,..,516458,..,..
Bahrain,BHR,1994,YR1994,0.816910898,11629.35952,..,544366,..,..
Bahrain,BHR,1996,YR1996,-0.452227383,12091.78022,..,573792,..,20.7446804
Bahrain,BHR,1998,YR1998,-0.366533865,11625.03438,..,604842,..,21.80850983
Bahrain,BHR,2000,YR2000,-0.704852953,14214.48368,3.33542562,637582,9.27,30.15872955
Bahrain,BHR,2002,YR2002,-0.495540139,13501.47088,3.67866111,710553,7.68,39.15343857
Bahrain,BHR,2004,YR2004,2.352941176,15963.94932,3.49817729,823741,7.41,39.32038879
Bahrain,BHR,2006,YR2006,2.007469655,19267.28262,3.10821271,960424,5.96,22.22222137
Bahrain,BHR,2008,YR2008,3.526003164,23299.49928,3.2038722,1103496,5.85,24.03846169
Bahrain,BHR,2010,YR2010,1.961884683,21819.32911,4.08934975,1228543,7.6,19.43128014
Bahrain,BHR,2012,YR2012,2.7573967,26438.67332,4.10642147,1208964,6.11,7.109004974
Bahrain,BHR,2014,YR2014,2.647553212,26451.79656,4.41240263,1314562,3.04,9.047618866
Bahrain,BHR,2016,YR2016,2.786793476,23800.00144,4.86051178,1423726,2.95,11.4285717
Bahrain,BHR,2018,YR2018,2.08766938,26324.40665,4.12745667,1503091,3.43,11.320755
Bahrain,BHR,2020,YR2020,-2.317706293,24342.84446,4.7196188,1472204,2.9,14.62264156
Bahrain,BHR,2022,YR2022,3.625741043,30616.26107,3.83745313,1524693,3.14,18.39622688
Bahrain,BHR,2024,YR2024,0.91963546,..,..,..,..,..
Bangladesh,BGD,1960,YR1960,..,82.48127741,..,51828660,..,..
Bangladesh,BGD,1962,YR1962,..,92.58942118,..,54881146,..,..
Bangladesh,BGD,1964,YR1964,..,92.57829779,..,58178374,..,..
Bangladesh,BGD,1966,YR1966,..,104.4220547,..,61669806,..,..
Bangladesh,BGD,1968,YR1968,..,114.4149675,..,65408276,..,..
Bangladesh,BGD,1970,YR1970,..,130.2181608,..,69058894,..,..
Bangladesh,BGD,1972,YR1972,..,87.77376519,..,71641519,..,..
Bangladesh,BGD,1974,YR1974,..,164.9863936,..,75839348,..,..
Bangladesh,BGD,1976,YR1976,..,126.6930442,..,79855318,..,..
Bangladesh,BGD,1978,YR1978,..,158.3242552,..,83889655,..,..
Bangladesh,BGD,1980,YR1980,..,206.0757143,..,88016432,..,..
Bangladesh,BGD,1982,YR1982,..,199.5959446,..,92814507,..,..
Bangladesh,BGD,1984,YR1984,..,193.435021,..,97814966,..,..
Bangladesh,BGD,1986,YR1986,..,212.1489939,..,102635572,..,..
Bangladesh,BGD,1988,YR1988,7.412765957,247.901466,..,107216008,..,..
Bangladesh,BGD,1990,YR1990,6.12671847,283.0537371,..,111633717,..,..
Bangladesh,BGD,1992,YR1992,3.634076918,273.4650725,..,115952192,..,..
Bangladesh,BGD,1994,YR1994,5.313740079,280.6030318,..,120343179,81.76,..
Bangladesh,BGD,1996,YR1996,2.37712903,371.9179377,..,124862179,..,12.23404217
Bangladesh,BGD,1998,YR1998,8.402237956,385.6168818,..,129622332,24.88,18.0851059
Bangladesh,BGD,2000,YR2000,2.208256209,396.6707302,1.80504513,134544304,21.79,12.16931248
Bangladesh,BGD,2002,YR2002,3.332564933,393.8864223,1.93417108,138933658,21.46,10.05290985
Bangladesh,BGD,2004,YR2004,7.587536385,455.6140169,1.99854314,142902856,18.62,4.368932247
Bangladesh,BGD,2006,YR2006,6.765261171,490.3880265,2.10646582,146405973,15.83,2.898550749
Bangladesh,BGD,2008,YR2008,8.901944895,613.062041,2.11878848,149474264,15.85,4.326922894
Bangladesh,BGD,2010,YR2010,8.126676392,757.3852804,2.28807664,152201981,14.89,4.265402794
Bangladesh,BGD,2012,YR2012,6.217504221,859.6805364,2.3537879,155070101,15.35,5.213270187
Bangladesh,BGD,2014,YR2014,6.991638892,1094.461997,2.27915168,157964929,..,9.047618866
Bangladesh,BGD,2016,YR2016,5.513525727,1649.283809,2.38938212,160811932,13.63,8.571428299
Bangladesh,BGD,2018,YR2018,5.543621395,1965.243727,2.31622243,163523103,..,9.905660629
Bangladesh,BGD,2020,YR2020,5.691074747,2248.850788,2.27063942,166298024,14.53,10.37735844
Bangladesh,BGD,2022,YR2022,7.696954372,2716.485927,2.39038587,169384897,15.18,10.37735844
Bangladesh,BGD,2024,YR2024,10.46574828,..,..,..,..,..
Barbados,BRB,1960,YR1960,..,346.5754566,..,230893,..,..
Barbados,BRB,1962,YR1962,..,377.4384562,..,235224,..,..
Barbados,BRB,1964,YR1964,..,413.625432,..,239958,..,..
Barbados,BRB,1966,YR1966,..,462.0284524,..,244996,..,..
Barbados,BRB,1968,YR1968,7.488743187,505.8890661,..,248540,..,..
Barbados,BRB,1970,YR1970,7.284216374,666.4750087,..,249387,..,..
Barbados,BRB,1972,YR1972,11.87665623,856.0721022,..,249658,..,..
Barbados,BRB,1974,YR1974,38.92292809,1243.354229,..,250777,..,..
Barbados,BRB,1976,YR1976,4.986768111,1733.645408,..,251442,..,..
Barbados,BRB,1978,YR1978,9.482382591,2197.899062,..,251551,..,..
Barbados,BRB,1980,YR1980,14.43051972,4024.588566,..,251524,..,..
Barbados,BRB,1982,YR1982,10.33246644,4598.76264,..,253095,..,..
Barbados,BRB,1984,YR1984,4.685797312,5283.579441,..,254920,..,..
Barbados,BRB,1986,YR1986,1.330068452,6031.358608,..,256618,..,..
Barbados,BRB,1988,YR1988,4.858859178,7032.653708,..,257763,..,..
Barbados,BRB,1990,YR1990,3.074572711,7781.405733,..,258582,..,..
Barbados,BRB,1992,YR1992,6.09389303,7519.201435,..,260267,..,..
Barbados,BRB,1994,YR1994,0.077204388,8223.166812,..,261620,..,..
Barbados,BRB,1996,YR1996,2.386152228,9011.778848,..,262284,34.06,56.9148941
Barbados,BRB,1998,YR1998,-1.268886607,10734.36372,..,262436,..,60.10638428
Barbados,BRB,2000,YR2000,2.435813035,11674.67365,5.33187246,262063,31.95,62.43386078
Barbados,BRB,2002,YR2002,0.125249458,11760.45247,5.86123466,264148,37.03,59.7883606
Barbados,BRB,2004,YR2004,1.394422311,12886.36653,7.31297731,267298,27.9,63.10679626
Barbados,BRB,2006,YR2006,7.307662628,15619.6006,6.58370161,270002,23.62,56.52173996
Barbados,BRB,2008,YR2008,8.108108108,17565.693,6.47753286,272714,..,66.34615326
Barbados,BRB,2010,YR2010,5.824218533,18860.38337,6.77094746,275243,23.29,66.824646
Barbados,BRB,2012,YR2012,4.533347539,19034.0708,7.77819967,276938,17.4,72.03791809
Barbados,BRB,2014,YR2014,1.769503221,19277.94236,6.96651411,278348,..,78.09523773
Barbados,BRB,2016,YR2016,1.281928131,19065.80698,6.83311653,279598,..,65.23809814
Barbados,BRB,2018,YR2018,3.673814104,20055.91587,6.43943882,280711,..,64.15093994
Barbados,BRB,2020,YR2020,..,18347.11091,7.27405739,281698,19.21,71.22641754
Barbados,BRB,2022,YR2022,..,22164.02603,6.29389191,282318,20.19,72.16981506
Barbados,BRB,2024,YR2024,..,..,..,..,..,..
Belarus,BLR,1960,YR1960,..,..,..,8198000,..,..
Belarus,BLR,1962,YR1962,..,..,..,8351928,..,..
Belarus,BLR,1964,YR1964,..,..,..,8524224,..,..
Belarus,BLR,1966,YR1966,..,..,..,8696496,..,..
Belarus,BLR,1968,YR1968,..,..,..,8874552,..,..
Belarus,BLR,1970,YR1970,..,..,..,9040000,..,..
Belarus,BLR,1972,YR1972,..,..,..,9188968,..,..
Belarus,BLR,1974,YR1974,..,..,..,9317584,..,..
Belarus,BLR,1976,YR1976,..,..,..,9411000,..,..
Belarus,BLR,1978,YR1978,..,..,..,9525000,..,..
Belarus,BLR,1980,YR1980,..,..,..,9643000,..,..
Belarus,BLR,1982,YR1982,..,..,..,9776000,..,..
Belarus,BLR,1984,YR1984,..,..,..,9910000,..,..
Belarus,BLR,1986,YR1986,..,..,..,10043000,..,..
Belarus,BLR,1988,YR1988,..,..,..,10140000,..,..
Belarus,BLR,1990,YR1990,..,1706.640919,..,10189348,..,..
Belarus,BLR,1992,YR1992,..,1658.086413,..,10216470,..,..
Belarus,BLR,1994,YR1994,2221.01657,1460.007914,..,10226955,..,..
Belarus,BLR,1996,YR1996,52.71207675,1452.507105,..,10159569,9.34,22.87234116
Belarus,BLR,1998,YR1998,72.86971705,1511.259791,..,10071963,..,29.78723335
Belarus,BLR,2000,YR2000,168.6202359,1276.280381,5.28088045,9979610,8.94,30.15872955
Belarus,BLR,2002,YR2002,42.53754813,1479.380663,5.62404203,9865548,10.54,31.74603081
Belarus,BLR,2004,YR2004,18.10824249,2378.337005,5.73650646,9730146,..,32.52427292
Belarus,BLR,2006,YR2006,6.997129035,3848.223503,5.57366323,9604924,..,34.29951859
Belarus,BLR,2008,YR2008,14.83787648,6376.175692,5.29448891,9527985,7.52,47.11538315
Belarus,BLR,2010,YR2010,7.735748043,6034.678852,5.65694332,9483836,7.75,26.54028511
Belarus,BLR,2012,YR2012,59.21973602,6953.215917,5.24538946,9446836,7.76,36.96682358
Belarus,BLR,2014,YR2014,18.11955435,8341.290143,5.38792181,9448515,6.52,39.52381134
Belarus,BLR,2016,YR2016,11.83658077,5039.775609,5.91054153,9469379,4.98,38.09523773
Belarus,BLR,2018,YR2018,4.872302206,6360.053101,5.52699471,9438785,5.44,46.22641373
Belarus,BLR,2020,YR2020,5.548143575,6542.86454,6.40607214,9379952,5.36,10.84905624
Belarus,BLR,2022,YR2022,15.20967527,7994.648061,6.65919876,9228071,..,12.73584938
Belarus,BLR,2024,YR2024,5.785319104,..,..,..,..,..
Belgium,BEL,1960,YR1960,0.299467255,1290.286072,..,9153489,..,..
Belgium,BEL,1962,YR1962,1.404607035,1457.26517,..,9220578,..,..
Belgium,BEL,1964,YR1964,4.168760586,1724.018942,..,9378113,..,..
Belgium,BEL,1966,YR1966,4.174347619,1983.131198,..,9527807,..,..
Belgium,BEL,1968,YR1968,2.701449829,2251.315759,..,9618756,..,..
Belgium,BEL,1970,YR1970,3.908472385,2765.890997,..,9655549,..,..
Belgium,BEL,1972,YR1972,5.448431284,3831.6319,..,9711115,..,..
Belgium,BEL,1974,YR1974,12.67788775,5733.798139,..,9772419,..,..
Belgium,BEL,1976,YR1976,9.068609811,7243.047341,..,9818227,..,..
Belgium,BEL,1978,YR1978,4.470593316,10289.76842,..,9839534,..,..
Belgium,BEL,1980,YR1980,6.648688297,12864.00257,..,9859242,..,..
Belgium,BEL,1982,YR1982,8.726549066,9343.8611,..,9856303,..,..
Belgium,BEL,1984,YR1984,6.34177491,8457.268803,..,9855372,..,..
Belgium,BEL,1986,YR1986,1.294368191,12170.0407,..,9861823,..,..
Belgium,BEL,1988,YR1988,1.160934934,16391.09383,..,9901664,..,..
Belgium,BEL,1990,YR1990,3.44831218,20600.37528,..,9967379,..,..
Belgium,BEL,1992,YR1992,2.427955672,23372.61917,..,10045158,..,..
Belgium,BEL,1994,YR1994,2.377540845,24208.55479,..,10115603,..,..
Belgium,BEL,1996,YR1996,2.077021074,27489.55518,..,10156637,..,68.0851059
Belgium,BEL,1998,YR1998,0.949250288,25338.44329,..,10203008,..,63.29787064
Belgium,BEL,2000,YR2000,2.544517762,23098.88651,7.99917603,10251250,7.93,69.84127045
Belgium,BEL,2002,YR2002,1.645214362,25006.1914,8.3182106,10332785,6.42,71.42857361
Belgium,BEL,2004,YR2004,2.097283112,35429.40779,9.32808685,10421137,6.85,53.88349533
Belgium,BEL,2006,YR2006,1.791207701,38705.1068,9.12786484,10547958,7.24,58.93719864
Belgium,BEL,2008,YR2008,4.489444205,48303.39796,9.59315872,10709973,5.94,50.96154022
Belgium,BEL,2010,YR2010,2.189299204,44197.39367,10.20009708,10895586,6.3,60.1895752
Belgium,BEL,2012,YR2012,2.839663434,44874.17092,10.50250053,11106932,5.6,63.5071106
Belgium,BEL,2014,YR2014,0.340002833,47995.7787,10.6084671,11209057,5.72,59.04761887
Belgium,BEL,2016,YR2016,1.973852647,41854.54983,10.79323006,11331422,5.32,49.04761887
Belgium,BEL,2018,YR2018,2.053164999,47487.21004,10.86121368,11427054,5.24,49.52830124
Belgium,BEL,2020,YR2020,0.740791812,45906.28758,11.26481915,11538604,2.21,51.88679123
Belgium,BEL,2022,YR2022,9.597511729,50807.20471,10.76192474,11680210,4.06,51.88679123
Belgium,BEL,2024,YR2024,3.143491365,..,..,..,..,..
Belize,BLZ,1960,YR1960,..,307.4145083,..,91318,..,..
Belize,BLZ,1962,YR1962,..,331.7047943,..,96042,..,..
Belize,BLZ,1964,YR1964,..,356.2354084,..,101603,..,..
Belize,BLZ,1966,YR1966,..,411.9330199,..,107906,..,..
Belize,BLZ,1968,YR1968,..,392.2825661,..,114713,..,..
Belize,BLZ,1970,YR1970,..,441.7894689,..,120736,..,..
Belize,BLZ,1972,YR1972,..,529.3566475,..,124676,..,..
Belize,BLZ,1974,YR1974,..,804.7778636,..,128185,..,..
Belize,BLZ,1976,YR1976,..,729.4887808,..,133099,..,..
Belize,BLZ,1978,YR1978,..,982.6043702,..,138713,..,..
Belize,BLZ,1980,YR1980,..,1774.413699,..,145062,..,..
Belize,BLZ,1982,YR1982,6.839032527,1629.323229,..,152548,..,..
Belize,BLZ,1984,YR1984,3.382899629,1814.188598,..,160044,..,..
Belize,BLZ,1986,YR1986,0.799771494,1859.10214,..,167554,..,..
Belize,BLZ,1988,YR1988,3.138888889,2405.811166,..,175180,..,..
Belize,BLZ,1990,YR1990,3.05907173,2988.649523,..,183076,..,..
Belize,BLZ,1992,YR1992,2.39670073,3645.612437,..,190983,..,..
Belize,BLZ,1994,YR1994,2.569343046,3879.013747,..,199097,..,..
Belize,BLZ,1996,YR1996,5.965020975,4045.694451,..,210310,22.74,38.82978821
Belize,BLZ,1998,YR1998,2.1952625,4127.937186,..,225173,..,40.42553329
Belize,BLZ,2000,YR2000,3.067439669,4729.670804,3.09182477,240799,..,29.10052872
Belize,BLZ,2002,YR2002,4.240266607,4861.743142,3.69127417,256009,19.82,33.86243439
Belize,BLZ,2004,YR2004,6.394430997,5156.098171,3.53016114,271688,..,39.80582428
Belize,BLZ,2006,YR2006,-7.113767713,5527.167759,3.56430817,287878,16.05,31.40096664
Belize,BLZ,2008,YR2008,6.394431003,5713.281268,4.5307498,304361,15.75,35.09615326
Belize,BLZ,2010,YR2010,0.917977379,5451.138972,4.49390221,320245,18.94,32.22748947
Belize,BLZ,2012,YR2012,1.300580745,5709.689188,4.36309099,334414,16.24,37.91469193
Belize,BLZ,2014,YR2014,1.201399645,6128.142885,4.89683533,348923,16.9,35.23809433
Belize,BLZ,2016,YR2016,0.663427168,6142.498732,4.78280401,364705,17.01,34.2857132
Belize,BLZ,2018,YR2018,0.269982623,6031.281396,4.76723623,380226,16.65,33.01886749
Belize,BLZ,2020,YR2020,0.121434645,5227.193638,5.35447645,390812,24.15,51.41509247
Belize,BLZ,2022,YR2022,6.276893194,7068.454783,4.23173904,402733,27.55,51.41509247
Belize,BLZ,2024,YR2024,3.28955986,..,..,..,..,..
Benin,BEN,1960,YR1960,..,89.85692465,..,2517286,..,..
Benin,BEN,1962,YR1962,..,90.77386101,..,2604659,..,..
Benin,BEN,1964,YR1964,..,99.7850246,..,2704003,..,..
Benin,BEN,1966,YR1966,..,107.6372119,..,2814317,..,..
Benin,BEN,1968,YR1968,..,111.2114942,..,2934257,..,..
Benin,BEN,1970,YR1970,..,108.8487795,..,3065057,..,..
Benin,BEN,1972,YR1972,..,127.927157,..,3207543,..,..
Benin,BEN,1974,YR1974,..,164.9465941,..,3362633,..,..
Benin,BEN,1976,YR1976,..,197.7263611,..,3532196,..,..
Benin,BEN,1978,YR1978,..,249.8029262,..,3718305,..,..
Benin,BEN,1980,YR1980,..,358.0030542,..,3925251,..,..
Benin,BEN,1982,YR1982,..,305.0040635,..,4156596,..,..
Benin,BEN,1984,YR1984,..,238.5744574,..,4405895,..,..
Benin,BEN,1986,YR1986,..,285.7715511,..,4675420,..,..
Benin,BEN,1988,YR1988,..,326.1797577,..,4967341,..,..
Benin,BEN,1990,YR1990,..,371.1016043,..,5281479,..,..
Benin,BEN,1992,YR1992,..,301.773297,..,5617844,..,..
Benin,BEN,1994,YR1994,38.53086617,262.1298074,..,6096506,..,..
Benin,BEN,1996,YR1996,4.914239726,369.3943841,..,6391858,..,56.9148941
Benin,BEN,1998,YR1998,5.753314584,361.6019831,..,6789489,..,45.21276474
Benin,BEN,2000,YR2000,4.165404423,487.4241414,2.9591713,7221619,..,47.61904907
Benin,BEN,2002,YR2002,2.489162355,546.4638297,3.09589195,7675426,15.36,48.14814758
Benin,BEN,2004,YR2004,0.873890831,758.6958038,3.23273873,8159094,15.41,35.92232895
Benin,BEN,2006,YR2006,3.782176965,809.1470725,3.28773856,8693242,13.39,49.27536392
Benin,BEN,2008,YR2008,7.947298761,1060.602545,2.65178108,9228466,13.25,42.30769348
Benin,BEN,2010,YR2010,2.207835325,973.2442545,3.00988984,9797484,13.25,40.28435898
Benin,BEN,2012,YR2012,6.744682533,1071.525836,3.07562971,10397657,13.24,43.12796021
Benin,BEN,2014,YR2014,-0.548757551,1204.399187,2.69111967,11030004,13.32,34.2857132
Benin,BEN,2016,YR2016,-0.793310146,1010.533896,2.79549599,11697842,13.04,32.38095093
Benin,BEN,2018,YR2018,0.919170718,1151.74097,2.88632035,12383347,18.16,28.77358437
Benin,BEN,2020,YR2020,3.022721197,1197.501364,2.7123611,13070169,15.31,17.45282936
Benin,BEN,2022,YR2022,1.350778636,1264.70766,2.67981386,13759501,14.48,19.3396225
Benin,BEN,2024,YR2024,..,..,..,..,..,..
Bermuda,BMU,1960,YR1960,..,1715.314632,..,42208,..,..
Bermuda,BMU,1962,YR1962,..,1824.182283,..,44239,..,..
Bermuda,BMU,1964,YR1964,..,1986.64081,..,46410,..,..
Bermuda,BMU,1966,YR1966,..,2369.472947,..,48534,..,..
Bermuda,BMU,1968,YR1968,..,2975.954289,..,50404,..,..
Bermuda,BMU,1970,YR1970,..,3574.169289,..,52124,..,..
Bermuda,BMU,1972,YR1972,..,4458.080033,..,52803,..,..
Bermuda,BMU,1974,YR1974,..,5891.887817,..,53056,..,..
Bermuda,BMU,1976,YR1976,..,7259.91355,..,53210,..,..
Bermuda,BMU,1978,YR1978,..,8904.942823,..,53431,..,..
Bermuda,BMU,1980,YR1980,..,11426.60123,..,53673,..,..
Bermuda,BMU,1982,YR1982,..,14442.79023,..,54387,..,..
Bermuda,BMU,1984,YR1984,..,17866.91744,..,55169,..,..
Bermuda,BMU,1986,YR1986,..,20996.97672,..,55889,..,..
Bermuda,BMU,1988,YR1988,..,24958.1127,..,56699,..,..
Bermuda,BMU,1990,YR1990,..,27665.52581,..,57559,..,..
Bermuda,BMU,1992,YR1992,..,28761.96346,..,58407,..,..
Bermuda,BMU,1994,YR1994,..,31543.06349,..,59194,..,..
Bermuda,BMU,1996,YR1996,..,45063.61493,..,59813,..,37.23404312
Bermuda,BMU,1998,YR1998,..,51629.28149,..,60639,..,35.63829803
Bermuda,BMU,2000,YR2000,..,56542.95695,..,61550,..,35.44973373
Bermuda,BMU,2002,YR2002,..,63358.56587,..,62142,..,45.5026474
Bermuda,BMU,2004,YR2004,..,71692.1589,..,62555,..,54.85437012
Bermuda,BMU,2006,YR2006,..,97781.4559,..,62834,..,51.20772934
Bermuda,BMU,2008,YR2008,..,110268.5624,..,63300,16.06,52.88461685
Bermuda,BMU,2010,YR2010,..,104111.8242,..,63725,16.82,55.45023727
Bermuda,BMU,2012,YR2012,..,100213.4934,..,63646,15.6,62.08530807
Bermuda,BMU,2014,YR2014,..,100961.5766,..,63529,14.62,61.90476227
Bermuda,BMU,2016,YR2016,..,108747.3561,..,63449,16.57,63.80952454
Bermuda,BMU,2018,YR2018,..,113204.8221,..,63831,39.42,67.92453003
Bermuda,BMU,2020,YR2020,..,106973.1757,..,64382,32.43,62.26415253
Bermuda,BMU,2022,YR2022,..,120897.3112,..,64749,34.5,61.79245377
Bermuda,BMU,2024,YR2024,..,..,..,..,..,..
Bhutan,BTN,1960,YR1960,..,..,..,224084,..,..
Bhutan,BTN,1962,YR1962,..,..,..,237636,..,..
Bhutan,BTN,1964,YR1964,..,..,..,252987,..,..
Bhutan,BTN,1966,YR1966,..,..,..,269820,..,..
Bhutan,BTN,1968,YR1968,..,..,..,288311,..,..
Bhutan,BTN,1970,YR1970,..,200.3452298,..,308528,..,..
Bhutan,BTN,1972,YR1972,..,212.3751508,..,330264,..,..
Bhutan,BTN,1974,YR1974,..,262.7773662,..,353538,..,..
Bhutan,BTN,1976,YR1976,..,233.7215323,..,378490,..,..
Bhutan,BTN,1978,YR1978,..,232.1723697,..,405243,..,..
Bhutan,BTN,1980,YR1980,..,296.8805108,..,433404,..,..
Bhutan,BTN,1982,YR1982,9.846772168,305.824659,..,462485,..,..
Bhutan,BTN,1984,YR1984,7.037706612,325.545257,..,492784,..,..
Bhutan,BTN,1986,YR1986,9.964476021,364.6945696,..,524324,..,..
Bhutan,BTN,1988,YR1988,10.09671376,488.8777574,..,556986,..,..
Bhutan,BTN,1990,YR1990,10.01183832,488.3274315,..,589287,..,..
Bhutan,BTN,1992,YR1992,15.97521736,415.7915226,..,577774,..,..
Bhutan,BTN,1994,YR1994,7.00995355,467.0083121,..,554497,..,..
Bhutan,BTN,1996,YR1996,8.790013819,552.8738914,..,548784,20.76,45.74468231
Bhutan,BTN,1998,YR1998,10.58558999,638.2789623,..,569435,..,36.70212936
Bhutan,BTN,2000,YR2000,4.012120811,771.9249114,4.13867903,596863,..,35.44973373
Bhutan,BTN,2002,YR2002,2.455357143,895.7994899,3.95161104,624409,20.8,46.03174591
Bhutan,BTN,2004,YR2004,4.105936983,1130.359346,4.26397753,650544,39.31,66.50485229
Bhutan,BTN,2006,YR2006,5.00045438,1405.607162,4.08523893,670799,..,68.11594391
Bhutan,BTN,2008,YR2008,8.327160494,1919.597749,3.14842224,686351,..,52.88461685
Bhutan,BTN,2010,YR2010,7.036383161,2435.579807,3.29502344,701632,..,54.02843475
Bhutan,BTN,2012,YR2012,10.91965694,2751.212887,3.32087612,717279,..,57.81990433
Bhutan,BTN,2014,YR2014,8.271060939,2849.499987,3.28293824,733139,..,69.52381134
Bhutan,BTN,2016,YR2016,3.219886894,3152.309051,3.32710075,747866,..,71.42857361
Bhutan,BTN,2018,YR2018,2.723963862,3400.204172,3.06896734,759759,..,68.86792755
Bhutan,BTN,2020,YR2020,5.629365226,3191.66907,4.08451509,770006,8.42,66.50943756
Bhutan,BTN,2022,YR2022,5.639166714,3711.327679,4.38545895,780914,9.35,66.50943756
Bhutan,BTN,2024,YR2024,2.761315696,..,..,..,..,..
Bolivia,BOL,1960,YR1960,11.53315258,100.8150829,..,3702323,..,..
Bolivia,BOL,1962,YR1962,5.879331422,115.0790596,..,3857493,..,..
Bolivia,BOL,1964,YR1964,10.18181818,133.8761792,..,4022996,..,..
Bolivia,BOL,1966,YR1966,6.951871658,157.7549976,..,4199550,..,..
Bolivia,BOL,1968,YR1968,5.470623502,193.5165574,..,4388944,..,..
Bolivia,BOL,1970,YR1970,3.955509211,219.3531895,..,4590010,..,..
Bolivia,BOL,1972,YR1972,6.511544012,267.8941345,..,4800978,..,..
Bolivia,BOL,1974,YR1974,62.8360756,418.3793847,..,5022475,..,..
Bolivia,BOL,1976,YR1976,4.494011647,519.9946885,..,5256496,..,..
Bolivia,BOL,1978,YR1978,10.35567228,683.142437,..,5504123,..,..
Bolivia,BOL,1980,YR1980,47.2416501,772.7795239,..,5758900,..,..
Bolivia,BOL,1982,YR1982,123.5357186,930.5930098,..,6018088,..,..
Bolivia,BOL,1984,YR1984,1281.349942,982.0812102,..,6281868,..,..
Bolivia,BOL,1986,YR1986,276.3359676,604.2573383,..,6552479,..,..
Bolivia,BOL,1988,YR1988,16.00209105,672.6071728,..,6835508,..,..
Bolivia,BOL,1990,YR1990,17.1187746,682.6768103,..,7130142,..,..
Bolivia,BOL,1992,YR1992,12.0603236,759.571135,..,7430336,..,..
Bolivia,BOL,1994,YR1994,7.874044215,774.0356696,..,7727322,9.99,..
Bolivia,BOL,1996,YR1996,12.42548662,922.1132591,..,8021736,9.99,22.87234116
Bolivia,BOL,1998,YR1998,7.673228957,1022.145065,..,8313394,9.99,19.14893532
Bolivia,BOL,2000,YR2000,4.608229989,975.7770604,4.39554119,8606326,9.86,21.16402054
Bolivia,BOL,2002,YR2002,0.928258852,888.221329,4.89645052,8900355,10.42,21.69312096
Bolivia,BOL,2004,YR2004,4.437380801,953.1918932,4.86315727,9204287,8.09,15.53398037
Bolivia,BOL,2006,YR2006,4.282396048,1202.711504,4.66087532,9521689,6.43,13.52657032
Bolivia,BOL,2008,YR2008,14.00681077,1692.672485,4.60677242,9850858,6.17,14.42307663
Bolivia,BOL,2010,YR2010,2.503276058,1929.783731,5.20230532,10182345,8.61,21.32701492
Bolivia,BOL,2012,YR2012,4.515602914,2575.598571,5.2539444,10515807,7.42,20.37914658
Bolivia,BOL,2014,YR2014,5.766600746,3041.435031,5.89613628,10848888,7.45,23.80952454
Bolivia,BOL,2016,YR2016,3.623214318,3035.873478,6.83333063,11180020,7.4,24.76190567
Bolivia,BOL,2018,YR2018,2.272059872,3500.726422,6.60399437,11508368,7.86,23.58490562
Bolivia,BOL,2020,YR2020,0.940742153,3099.94219,8.0225811,11816299,7.74,18.39622688
Bolivia,BOL,2022,YR2022,1.746328729,3643.92827,8.43142891,12077154,7.75,25
Bolivia,BOL,2024,YR2024,5.099765683,..,..,..,..,..
Bosnia and Herzegovina,BIH,1960,YR1960,..,..,..,3281381,..,..
Bosnia and Herzegovina,BIH,1962,YR1962,..,..,..,3407532,..,..
Bosnia and Herzegovina,BIH,1964,YR1964,..,..,..,3513441,..,..
Bosnia and Herzegovina,BIH,1966,YR1966,..,..,..,3610562,..,..
Bosnia and Herzegovina,BIH,1968,YR1968,..,..,..,3698794,..,..
Bosnia and Herzegovina,BIH,1970,YR1970,..,..,..,3773247,..,..
Bosnia and Herzegovina,BIH,1972,YR1972,..,..,..,3848271,..,..
Bosnia and Herzegovina,BIH,1974,YR1974,..,..,..,3926472,..,..
Bosnia and Herzegovina,BIH,1976,YR1976,..,..,..,4004552,..,..
Bosnia and Herzegovina,BIH,1978,YR1978,..,..,..,4078240,..,..
Bosnia and Herzegovina,BIH,1980,YR1980,..,..,..,4148426,..,..
Bosnia and Herzegovina,BIH,1982,YR1982,..,..,..,4221100,..,..
Bosnia and Herzegovina,BIH,1984,YR1984,..,..,..,4295536,..,..
Bosnia and Herzegovina,BIH,1986,YR1986,..,..,..,4362115,..,..
Bosnia and Herzegovina,BIH,1988,YR1988,..,..,..,4414404,..,..
Bosnia and Herzegovina,BIH,1990,YR1990,..,1742.882622,..,4448652,..,..
Bosnia and Herzegovina,BIH,1992,YR1992,..,1118.175699,..,4234616,..,..
Bosnia and Herzegovina,BIH,1994,YR1994,..,337.090896,..,3725412,..,..
Bosnia and Herzegovina,BIH,1996,YR1996,..,718.9337971,..,3875246,..,9.574467659
Bosnia and Herzegovina,BIH,1998,YR1998,..,1006.704797,..,4089356,..,12.23404217
Bosnia and Herzegovina,BIH,2000,YR2000,..,1338.480596,7.98265457,4159771,..,13.75661373
Bosnia and Herzegovina,BIH,2002,YR2002,..,1606.546722,7.41844416,4188002,..,25.39682579
Bosnia and Herzegovina,BIH,2004,YR2004,..,2452.686168,9.06270218,4140987,..,29.61165047
Bosnia and Herzegovina,BIH,2006,YR2006,6.125566156,3166.128653,9.17218685,4063272,10.3,19.32367134
Bosnia and Herzegovina,BIH,2008,YR2008,7.427043103,4841.693119,9.68943882,3947544,7.55,15.86538506
Bosnia and Herzegovina,BIH,2010,YR2010,1.996212367,4506.478285,9.01888275,3811472,5.27,13.27014256
Bosnia and Herzegovina,BIH,2012,YR2012,2.05267452,4693.788991,9.49001503,3670113,3.78,18.48341179
Bosnia and Herzegovina,BIH,2014,YR2014,-0.897194054,5206.065583,9.49011135,3564829,3.87,30.47619057
Bosnia and Herzegovina,BIH,2016,YR2016,-1.5841,4928.566525,9.13943481,3473003,2.48,20
Bosnia and Herzegovina,BIH,2018,YR2018,1.41710814,6047.845843,8.76100445,3387000,3.34,19.3396225
Bosnia and Herzegovina,BIH,2020,YR2020,-1.051296008,6130.311332,9.70311832,3299349,3.41,17.92452812
Bosnia and Herzegovina,BIH,2022,YR2022,14.02084408,7655.59421,8.71644783,3204802,5.89,16.50943375
Bosnia and Herzegovina,BIH,2024,YR2024,1.692127336,..,..,..,..,..
Botswana,BWA,1960,YR1960,..,58.91800811,..,516165,..,..
Botswana,BWA,1962,YR1962,..,65.9864503,..,540186,..,..
Botswana,BWA,1964,YR1964,..,73.49257732,..,566266,..,..
Botswana,BWA,1966,YR1966,..,89.06157378,..,577866,..,..
Botswana,BWA,1968,YR1968,..,113.4457167,..,583966,..,..
Botswana,BWA,1970,YR1970,..,163.0318323,..,590334,..,..
Botswana,BWA,1972,YR1972,..,264.2337168,..,622407,..,..
Botswana,BWA,1974,YR1974,..,446.4878554,..,685448,..,..
Botswana,BWA,1976,YR1976,11.73242361,490.4695705,..,758508,..,..
Botswana,BWA,1978,YR1978,9.04398827,695.2193369,..,849239,..,..
Botswana,BWA,1980,YR1980,13.63242515,1131.63379,..,937485,..,..
Botswana,BWA,1982,YR1982,11.13720643,1005.624562,..,1009269,..,..
Botswana,BWA,1984,YR1984,8.577469043,1145.029038,..,1083660,..,..
Botswana,BWA,1986,YR1986,10.00171556,1199.846779,..,1160650,..,..
Botswana,BWA,1988,YR1988,8.351679568,2140.514392,..,1235476,..,..
Botswana,BWA,1990,YR1990,11.39634612,2903.153816,..,1305696,..,..
Botswana,BWA,1992,YR1992,16.1676124,3004.612634,..,1380033,..,..
Botswana,BWA,1994,YR1994,10.54292099,2917.255142,..,1460023,..,..
Botswana,BWA,1996,YR1996,10.08285807,3156.268657,..,1535914,..,60.10638428
Botswana,BWA,1998,YR1998,6.661398657,2981.196397,..,1606899,..,60.63829803
Botswana,BWA,2000,YR2000,8.601485149,3450.811806,6.10838556,1677382,..,68.25396729
Botswana,BWA,2002,YR2002,8.032796625,3117.250872,6.66529799,1744763,6.03,59.7883606
Botswana,BWA,2004,YR2004,6.945703637,4956.692877,6.09125996,1807146,3.19,60.67961121
Botswana,BWA,2006,YR2006,11.55521879,5291.583791,4.87599421,1874516,6.27,64.25120544
Botswana,BWA,2008,YR2008,12.70218839,5503.073953,5.89747286,1949970,6.17,68.2692337
Botswana,BWA,2010,YR2010,6.948876587,6215.732161,6.26718187,2033111,6.58,65.87677765
Botswana,BWA,2012,YR2012,7.536902611,6595.53845,6.35010576,2108617,10.36,69.66824341
Botswana,BWA,2014,YR2014,4.402253092,7122.364234,5.8804059,2172044,4.54,69.04762268
Botswana,BWA,2016,YR2016,2.814957914,6749.059943,5.76837635,2234776,6.43,65.7142868
Botswana,BWA,2018,YR2018,3.238015589,7407.959401,6.04010344,2299141,3.19,65.09433746
Botswana,BWA,2020,YR2020,1.890359168,6323.314192,6.1213398,2365894,4.09,66.98113251
Botswana,BWA,2022,YR2022,11.66556748,8329.040322,5.72838593,2439892,4.85,69.81131744
Botswana,BWA,2024,YR2024,2.818351317,..,..,..,..,..
Brazil,BRA,1960,YR1960,..,235.2660095,..,72388126,..,..
Brazil,BRA,1962,YR1962,..,250.2005729,..,76865323,..,..
Brazil,BRA,1964,YR1964,..,257.2597269,..,81488595,..,..
Brazil,BRA,1966,YR1966,..,328.3437915,..,86139359,..,..
Brazil,BRA,1968,YR1968,..,373.9254326,..,90741240,..,..
Brazil,BRA,1970,YR1970,..,443.799485,..,95375651,..,..
Brazil,BRA,1972,YR1972,..,583.4920349,..,100146797,..,..
Brazil,BRA,1974,YR1974,..,1044.769809,..,105089675,..,..
Brazil,BRA,1976,YR1976,..,1389.749523,..,110213349,..,..
Brazil,BRA,1978,YR1978,..,1732.500122,..,115600942,..,..
Brazil,BRA,1980,YR1980,..,1958.571592,..,121207461,..,..
Brazil,BRA,1982,YR1982,100.5433592,2137.625036,..,126923155,..,..
Brazil,BRA,1984,YR1984,192.1217331,1419.731546,..,132658864,..,..
Brazil,BRA,1986,YR1986,147.1428262,1854.037752,..,138336370,..,..
Brazil,BRA,1988,YR1988,629.1145091,2140.650276,..,143826357,..,..
Brazil,BRA,1990,YR1990,2947.732772,3117.735347,..,149143223,23.27,..
Brazil,BRA,1992,YR1992,951.9620531,2127.316427,..,154275079,20.37,..
Brazil,BRA,1994,YR1994,2075.888398,3298.712507,..,159265006,8.66,..
Brazil,BRA,1996,YR1996,15.7576656,5179.13052,..,164202549,10.34,20.7446804
Brazil,BRA,1998,YR1998,3.195076293,5105.890995,..,169159655,12.9,18.61702156
Brazil,BRA,2000,YR2000,7.044141059,3766.548115,8.33457184,174018282,12.23,33.86243439
Brazil,BRA,2002,YR2002,8.450164377,2855.940189,8.69686985,178503484,10.86,42.32804108
Brazil,BRA,2004,YR2004,6.5971851,3663.823188,8.12491989,182675143,9.13,22.3300972
Brazil,BRA,2006,YR2006,4.183568129,5934.144711,8.24952507,186653106,7.77,25.12077332
Brazil,BRA,2008,YR2008,5.678593903,8908.331766,8.01128483,190367302,7.89,23.07692337
Brazil,BRA,2010,YR2010,5.038726901,11403.28213,7.94516611,193701929,7.95,33.175354
Brazil,BRA,2012,YR2012,5.40349914,12521.72135,7.73637724,196876111,8.36,36.96682358
Brazil,BRA,2014,YR2014,6.329040155,12274.99397,8.39644146,200085127,8.5,30
Brazil,BRA,2016,YR2016,8.739143523,8836.286526,9.16901684,203218114,8.49,21.4285717
Brazil,BRA,2018,YR2018,3.664850284,9300.661649,9.46475029,206107261,8.54,19.3396225
Brazil,BRA,2020,YR2020,3.211768038,7074.193783,9.62326527,208660842,8.58,19.3396225
Brazil,BRA,2022,YR2022,9.28010609,9281.333344,9.14277458,210306415,8.3,18.39622688
Brazil,BRA,2024,YR2024,4.367464077,..,..,..,..,..
British Virgin Islands,VGB,1960,YR1960,..,..,..,7950,..,..
British Virgin Islands,VGB,1962,YR1962,..,..,..,8070,..,..
British Virgin Islands,VGB,1964,YR1964,..,..,..,8168,..,..
British Virgin Islands,VGB,1966,YR1966,..,..,..,8413,..,..
British Virgin Islands,VGB,1968,YR1968,..,..,..,9000,..,..
British Virgin Islands,VGB,1970,YR1970,..,..,..,9933,..,..
British Virgin Islands,VGB,1972,YR1972,..,..,..,10235,..,..
British Virgin Islands,VGB,1974,YR1974,..,..,..,10494,..,..
British Virgin Islands,VGB,1976,YR1976,..,..,..,10709,..,..
British Virgin Islands,VGB,1978,YR1978,..,..,..,10886,..,..
British Virgin Islands,VGB,1980,YR1980,..,..,..,11130,..,..
British Virgin Islands,VGB,1982,YR1982,..,..,..,11921,..,..
British Virgin Islands,VGB,1984,YR1984,..,..,..,12820,..,..
British Virgin Islands,VGB,1986,YR1986,..,..,..,13726,..,..
British Virgin Islands,VGB,1988,YR1988,..,..,..,14680,..,..
British Virgin Islands,VGB,1990,YR1990,..,..,..,15704,..,..
British Virgin Islands,VGB,1992,YR1992,..,..,..,16593,..,..
British Virgin Islands,VGB,1994,YR1994,..,..,..,17406,..,..
British Virgin Islands,VGB,1996,YR1996,..,..,..,18287,..,..
British Virgin Islands,VGB,1998,YR1998,..,..,..,19238,..,..
British Virgin Islands,VGB,2000,YR2000,..,..,..,20241,..,..
British Virgin Islands,VGB,2002,YR2002,..,..,..,21430,..,..
British Virgin Islands,VGB,2004,YR2004,..,..,..,22881,..,..
British Virgin Islands,VGB,2006,YR2006,..,..,..,24493,..,..
British Virgin Islands,VGB,2008,YR2008,..,..,..,26288,..,..
British Virgin Islands,VGB,2010,YR2010,..,..,..,27675,..,..
British Virgin Islands,VGB,2012,YR2012,..,..,..,30345,..,..
British Virgin Islands,VGB,2014,YR2014,..,..,..,32962,..,..
British Virgin Islands,VGB,2016,YR2016,..,..,..,33878,..,..
British Virgin Islands,VGB,2018,YR2018,..,..,..,34657,..,..
British Virgin Islands,VGB,2020,YR2020,..,..,..,37135,..,..
British Virgin Islands,VGB,2022,YR2022,..,..,..,38319,..,..
British Virgin Islands,VGB,2024,YR2024,..,..,..,..,..,..
Brunei Darussalam,BRN,1960,YR1960,..,..,..,88347,..,..
Brunei Darussalam,BRN,1962,YR1962,..,..,..,96719,..,..
Brunei Darussalam,BRN,1964,YR1964,..,..,..,105922,..,..
Brunei Darussalam,BRN,1966,YR1966,..,1145.705922,..,115874,..,..
Brunei Darussalam,BRN,1968,YR1968,..,1274.090379,..,126222,..,..
Brunei Darussalam,BRN,1970,YR1970,..,1325.155984,..,135138,..,..
Brunei Darussalam,BRN,1972,YR1972,..,1904.667605,..,142189,..,..
Brunei Darussalam,BRN,1974,YR1974,..,15194.79231,..,152656,..,..
Brunei Darussalam,BRN,1976,YR1976,..,18671.36241,..,163607,..,..
Brunei Darussalam,BRN,1978,YR1978,..,23446.53412,..,174884,..,..
Brunei Darussalam,BRN,1980,YR1980,..,58005.34248,..,186111,..,..
Brunei Darussalam,BRN,1982,YR1982,6.356589147,45074.54992,..,198165,..,..
Brunei Darussalam,BRN,1984,YR1984,3.073967339,36061.38153,..,211661,..,..
Brunei Darussalam,BRN,1986,YR1986,1.781242886,18500.54086,..,226495,..,..
Brunei Darussalam,BRN,1988,YR1988,1.192842942,18824.76373,..,240913,..,..
Brunei Darussalam,BRN,1990,YR1990,2.138662932,23658.71663,..,255292,..,..
Brunei Darussalam,BRN,1992,YR1992,1.279527559,23450.89644,..,269839,0.85,..
Brunei Darussalam,BRN,1994,YR1994,2.462518449,22766.58719,..,284091,..,..
Brunei Darussalam,BRN,1996,YR1996,1.99613651,25692.23564,..,298276,1.57,63.29787064
Brunei Darussalam,BRN,1998,YR1998,-0.44137931,17769.24636,..,312385,1.58,63.29787064
Brunei Darussalam,BRN,2000,YR2000,1.558152476,20130.25715,2.5479064,326424,1.09,70.37036896
Brunei Darussalam,BRN,2002,YR2002,-2.314972425,18621.29227,2.53447938,340099,1.41,65.6084671
Brunei Darussalam,BRN,2004,YR2004,0.814223995,24423.09477,2.55193377,352911,0.91,74.27184296
Brunei Darussalam,BRN,2006,YR2006,0.159888078,34674.7996,1.9072516,364663,0.91,62.80193329
Brunei Darussalam,BRN,2008,YR2008,2.084980237,42156.56852,1.87612021,377793,0.17,69.2307663
Brunei Darussalam,BRN,2010,YR2010,0.356869132,34937.55552,2.27826095,392332,0.27,75.82938385
Brunei Darussalam,BRN,2012,YR2012,0.111766261,46968.59711,1.85097206,405557,..,63.03317642
Brunei Darussalam,BRN,2014,YR2014,-0.207108732,41026.50839,1.91436803,416750,0.06,77.61904907
Brunei Darussalam,BRN,2016,YR2016,-0.278693266,26663.29732,2.54828691,427564,0.09,72.38095093
Brunei Darussalam,BRN,2018,YR2018,1.025051793,30988.11905,2.41289377,437810,0.06,76.88679504
Brunei Darussalam,BRN,2020,YR2020,1.940319966,26834.35925,2.45178461,447404,0.06,72.64151001
Brunei Darussalam,BRN,2022,YR2022,3.682250306,36632.92804,1.81768215,455370,0.1,75.94339752
Brunei Darussalam,BRN,2024,YR2024,-0.388674165,..,..,..,..,..
Bulgaria,BGR,1960,YR1960,..,..,..,7867374,..,..
Bulgaria,BGR,1962,YR1962,..,..,..,8012946,..,..
Bulgaria,BGR,1964,YR1964,..,..,..,8144340,..,..
Bulgaria,BGR,1966,YR1966,..,..,..,8258057,..,..
Bulgaria,BGR,1968,YR1968,..,..,..,8369603,..,..
Bulgaria,BGR,1970,YR1970,..,..,..,8489574,..,..
Bulgaria,BGR,1972,YR1972,..,..,..,8576200,..,..
Bulgaria,BGR,1974,YR1974,..,..,..,8678745,..,..
Bulgaria,BGR,1976,YR1976,..,..,..,8758599,..,..
Bulgaria,BGR,1978,YR1978,..,..,..,8814032,..,..
Bulgaria,BGR,1980,YR1980,..,2238.802958,..,8861535,..,..
Bulgaria,BGR,1982,YR1982,..,2169.004011,..,8917457,..,..
Bulgaria,BGR,1984,YR1984,..,1963.572676,..,8960679,..,..
Bulgaria,BGR,1986,YR1986,2.7,2260.427281,..,8958171,..,..
Bulgaria,BGR,1988,YR1988,2.369668246,2511.393063,..,8981446,..,..
Bulgaria,BGR,1990,YR1990,23.8,2366.529821,..,8718289,..,..
Bulgaria,BGR,1992,YR1992,91.29793273,1211.980878,..,8540164,..,..
Bulgaria,BGR,1994,YR1994,96.05733827,1148.494399,..,8443591,..,..
Bulgaria,BGR,1996,YR1996,121.6075424,1470.192593,..,8362826,..,22.87234116
Bulgaria,BGR,1998,YR1998,18.67220444,1820.448664,..,8256786,18.09,45.21276474
Bulgaria,BGR,2000,YR2000,10.31626213,1621.262107,5.82970953,8170172,17.55,39.15343857
Bulgaria,BGR,2002,YR2002,5.810143657,2092.982886,7.0809865,7837161,15.32,46.03174591
Bulgaria,BGR,2004,YR2004,6.147130742,3389.687434,6.89090872,7716860,16.18,29.61165047
Bulgaria,BGR,2006,YR2006,7.261594628,4523.146558,6.52544546,7601022,9.15,45.41062927
Bulgaria,BGR,2008,YR2008,12.3487196,7271.303389,6.28281593,7492561,5.94,43.75
Bulgaria,BGR,2010,YR2010,2.438990605,6863.667068,7.09477949,7395599,6.3,44.54976273
Bulgaria,BGR,2012,YR2012,2.954568298,7430.73738,7.53903675,7305888,5.6,45.49763107
Bulgaria,BGR,2014,YR2014,-1.418183803,7912.274844,7.68306208,7223938,5.72,36.66666794
Bulgaria,BGR,2016,YR2016,-0.798649886,7570.931655,7.45975018,7127822,5.32,36.19047546
Bulgaria,BGR,2018,YR2018,2.814544738,9436.144799,7.33192015,7025037,5.24,52.35848999
Bulgaria,BGR,2020,YR2020,1.672440969,10198.53883,8.48235893,6934015,..,48.11320877
Bulgaria,BGR,2022,YR2022,15.32525893,13644.20158,7.66357517,6643324,4.06,45.28302002
Bulgaria,BGR,2024,YR2024,2.44651943,..,..,..,..,..
Burkina Faso,BFA,1960,YR1960,7.788161994,69.15024561,..,4778621,..,..
Burkina Faso,BFA,1962,YR1962,1.675909561,77.15292793,..,4919672,..,..
Burkina Faso,BFA,1964,YR1964,1.845123198,80.91478877,..,5071034,..,..
Burkina Faso,BFA,1966,YR1966,2.36410602,82.83606649,..,5237933,..,..
Burkina Faso,BFA,1968,YR1968,-0.286713688,84.97378484,..,5418644,..,..
Burkina Faso,BFA,1970,YR1970,1.772603315,81.70756322,..,5610304,..,..
Burkina Faso,BFA,1972,YR1972,-2.923356559,99.63358149,..,5807234,..,..
Burkina Faso,BFA,1974,YR1974,8.719609454,124.6714355,..,6024904,..,..
Burkina Faso,BFA,1976,YR1976,-8.400718778,155.4854227,..,6280635,..,..
Burkina Faso,BFA,1978,YR1978,8.269140072,223.879112,..,6590984,..,..
Burkina Faso,BFA,1980,YR1980,12.2026365,277.5975314,..,6947900,..,..
Burkina Faso,BFA,1982,YR1982,12.05976521,239.0194836,..,7340197,..,..
Burkina Faso,BFA,1984,YR1984,4.846957682,187.8322243,..,7772256,..,..
Burkina Faso,BFA,1986,YR1986,-2.611742925,247.4591346,..,8228847,..,..
Burkina Faso,BFA,1988,YR1988,4.255616018,301.1292147,..,8687435,..,..
Burkina Faso,BFA,1990,YR1990,-0.504303389,338.5937591,..,9159356,..,..
Burkina Faso,BFA,1992,YR1992,-1.991135807,348.5924439,..,9629275,..,..
Burkina Faso,BFA,1994,YR1994,25.17787622,187.2114237,..,10123798,..,..
Burkina Faso,BFA,1996,YR1996,6.097804391,242.7331714,..,10655942,..,18.0851059
Burkina Faso,BFA,1998,YR1998,5.084333441,249.5317329,..,11240664,..,21.27659607
Burkina Faso,BFA,2000,YR2000,-0.304212168,248.9085269,2.9502635,11925546,..,26.98412704
Burkina Faso,BFA,2002,YR2002,2.175694807,285.6540876,2.97113013,12680897,13.7,20.1058197
Burkina Faso,BFA,2004,YR2004,-0.400228702,403.8128374,4.21720934,13500533,13.95,26.21359253
Burkina Faso,BFA,2006,YR2006,2.333108564,455.5136556,4.51446247,14373707,11.13,38.16424942
Burkina Faso,BFA,2008,YR2008,10.6597979,619.4375333,4.64780712,15258093,11.41,35.09615326
Burkina Faso,BFA,2010,YR2010,-0.764230735,624.9572522,5.23958349,16176498,11.48,27.01421738
Burkina Faso,BFA,2012,YR2012,3.818152403,731.4701389,4.60267258,17172287,11.16,18.48341179
Burkina Faso,BFA,2014,YR2014,-0.258089518,764.8616751,5.00027227,18229461,10.26,10.95238113
Burkina Faso,BFA,2016,YR2016,0.441041448,663.7423648,5.95486307,19334856,12.25,10.95238113
Burkina Faso,BFA,2018,YR2018,1.955943027,777.4656185,4.9995389,20438288,16.44,8.018867493
Burkina Faso,BFA,2020,YR2020,1.884439938,825.2370388,6.57714844,21478690,11.09,4.245283127
Burkina Faso,BFA,2022,YR2022,14.29023543,836.1183046,6.77182007,22509038,11.58,3.301886797
Burkina Faso,BFA,2024,YR2024,4.191134464,..,..,..,..,..
Burundi,BDI,1960,YR1960,..,70.90509996,..,2764258,..,..
Burundi,BDI,1962,YR1962,..,73.41959791,..,2907943,..,..
Burundi,BDI,1964,YR1964,..,85.33372858,..,3055650,..,..
Burundi,BDI,1966,YR1966,4.436860068,51.41287377,..,3217960,..,..
Burundi,BDI,1968,YR1968,6.057268722,54.19497821,..,3380387,..,..
Burundi,BDI,1970,YR1970,-0.199650611,68.75435391,..,3530432,..,..
Burundi,BDI,1972,YR1972,3.828557669,68.23219179,..,3617128,..,..
Burundi,BDI,1974,YR1974,15.7223073,93.22400483,..,3703590,..,..
Burundi,BDI,1976,YR1976,6.856551574,115.4921318,..,3882626,..,..
Burundi,BDI,1978,YR1978,23.89562065,148.8232325,..,4100338,..,..
Burundi,BDI,1980,YR1980,2.4985195,209.8057367,..,4383706,..,..
Burundi,BDI,1982,YR1982,5.868096357,216.4361914,..,4681390,..,..
Burundi,BDI,1984,YR1984,14.31686979,200.3757118,..,4926465,..,..
Burundi,BDI,1986,YR1986,1.675675676,234.2812448,..,5129414,..,..
Burundi,BDI,1988,YR1988,4.486797697,201.7404008,..,5365327,..,..
Burundi,BDI,1990,YR1990,7.002169567,202.6294462,..,5587052,..,..
Burundi,BDI,1992,YR1992,1.823333333,184.8689705,..,5858407,..,..
Burundi,BDI,1994,YR1994,14.85281498,161.8925843,..,5713854,..,..
Burundi,BDI,1996,YR1996,26.43678161,143.1567412,..,6070506,..,0
Burundi,BDI,1998,YR1998,12.50041077,144.4569483,..,6187108,..,0
Burundi,BDI,2000,YR2000,24.43202421,134.5378618,4.22181606,6470194,..,0
Burundi,BDI,2002,YR2002,-1.365680053,120.9523086,5.34983587,6824132,27.94,0
Burundi,BDI,2004,YR2004,8.176429375,125.1949652,7.09572744,7310656,..,0
Burundi,BDI,2006,YR2006,2.745420002,161.8927556,8.71264839,7865547,15.1,4.347826004
Burundi,BDI,2008,YR2008,24.40695104,189.5020746,7.74147511,8505637,11.69,2.403846264
Burundi,BDI,2010,YR2010,6.493265915,216.7277053,11.28196716,9376444,14.05,3.317535639
Burundi,BDI,2012,YR2012,18.16104531,231.6884964,8.63756466,10071028,18.76,2.369668245
Burundi,BDI,2014,YR2014,4.405352342,250.5404811,7.21081543,10799785,14.95,10.47619057
Burundi,BDI,2016,YR2016,5.557689614,235.2862054,7.06148243,11239451,12.52,2.857142925
Burundi,BDI,2018,YR2018,-2.814698077,224.8993924,7.29396152,11859446,19.31,5.188679218
Burundi,BDI,2020,YR2020,7.321106434,210.0081399,10.71837234,12617036,16.89,4.245283127
Burundi,BDI,2022,YR2022,18.80087867,250.6342254,8.39522648,13321097,18.6,8.490566254
Burundi,BDI,2024,YR2024,20.2124925,..,..,..,..,..
Cabo Verde,CPV,1960,YR1960,..,..,..,210024,..,..
Cabo Verde,CPV,1962,YR1962,..,..,..,221919,..,..
Cabo Verde,CPV,1964,YR1964,..,..,..,237006,..,..
Cabo Verde,CPV,1966,YR1966,..,..,..,252976,..,..
Cabo Verde,CPV,1968,YR1968,..,..,..,270164,..,..
Cabo Verde,CPV,1970,YR1970,..,..,..,287885,..,..
Cabo Verde,CPV,1972,YR1972,..,..,..,297386,..,..
Cabo Verde,CPV,1974,YR1974,..,..,..,302570,..,..
Cabo Verde,CPV,1976,YR1976,..,..,..,309455,..,..
Cabo Verde,CPV,1978,YR1978,..,..,..,316147,..,..
Cabo Verde,CPV,1980,YR1980,..,439.9826024,..,323301,..,..
Cabo Verde,CPV,1982,YR1982,..,422.664668,..,332724,..,..
Cabo Verde,CPV,1984,YR1984,11.25,385.45142,..,342505,..,..
Cabo Verde,CPV,1986,YR1986,10.87420043,541.1429856,..,352312,..,..
Cabo Verde,CPV,1988,YR1988,4.074074074,729.4700128,..,362329,..,..
Cabo Verde,CPV,1990,YR1990,10.65350579,817.4429255,..,375428,..,..
Cabo Verde,CPV,1992,YR1992,3.116664327,907.8479095,..,393415,..,..
Cabo Verde,CPV,1994,YR1994,3.45205833,991.1089744,..,410228,..,..
Cabo Verde,CPV,1996,YR1996,5.963619618,1179.515227,..,425581,..,47.87234116
Cabo Verde,CPV,1998,YR1998,4.3942351,1186.742948,..,439784,..,52.12765884
Cabo Verde,CPV,2000,YR2000,-2.477456685,1189.514793,4.43401194,453317,..,57.67195892
Cabo Verde,CPV,2002,YR2002,1.884534101,1328.578743,4.7555151,467046,..,47.08994675
Cabo Verde,CPV,2004,YR2004,-1.890821723,1929.490815,4.75073719,479370,..,61.65048599
Cabo Verde,CPV,2006,YR2006,5.369076871,2256.996662,5.12305117,490728,15.48,59.42028809
Cabo Verde,CPV,2008,YR2008,6.774435464,3908.648858,4.35203123,501355,15.82,55.28845978
Cabo Verde,CPV,2010,YR2010,2.078664709,3579.460061,4.08108234,509784,16.22,57.81990433
Cabo Verde,CPV,2012,YR2012,2.540396442,3736.81517,4.6740551,511955,16.3,59.71564102
Cabo Verde,CPV,2014,YR2014,-0.238778145,3985.607065,4.85231543,512326,..,44.2857132
Cabo Verde,CPV,2016,YR2016,-1.407816371,3608.966066,4.36134005,512554,..,63.33333206
Cabo Verde,CPV,2018,YR2018,1.256995667,4294.965105,4.76032305,513415,..,62.26415253
Cabo Verde,CPV,2020,YR2020,0.605795808,3539.22662,6.63319778,514679,16.25,60.84905624
Cabo Verde,CPV,2022,YR2022,7.930929254,4323.313627,6.67440224,519741,16.75,61.79245377
Cabo Verde,CPV,2024,YR2024,..,..,..,..,..,..
Cambodia,KHM,1960,YR1960,..,..,..,5449966,..,..
Cambodia,KHM,1962,YR1962,..,..,..,5697558,..,..
Cambodia,KHM,1964,YR1964,..,..,..,5946178,..,..
Cambodia,KHM,1966,YR1966,..,..,..,6201232,..,..
Cambodia,KHM,1968,YR1968,..,..,..,6467324,..,..
Cambodia,KHM,1970,YR1970,..,..,..,6639182,..,..
Cambodia,KHM,1972,YR1972,..,..,..,6673886,..,..
Cambodia,KHM,1974,YR1974,..,..,..,6783240,..,..
Cambodia,KHM,1976,YR1976,..,128.8277773,..,6134991,..,..
Cambodia,KHM,1978,YR1978,..,147.1015734,..,5211653,..,..
Cambodia,KHM,1980,YR1980,..,143.154318,..,5199872,..,..
Cambodia,KHM,1982,YR1982,..,159.206634,..,5436432,..,..
Cambodia,KHM,1984,YR1984,..,174.7058371,..,5845117,..,..
Cambodia,KHM,1986,YR1986,..,185.7599978,..,6285693,..,..
Cambodia,KHM,1988,YR1988,..,244.1095775,..,6812014,..,..
Cambodia,KHM,1990,YR1990,..,190.18147,..,7374752,..,..
Cambodia,KHM,1992,YR1992,..,307.0949224,..,8113083,..,..
Cambodia,KHM,1994,YR1994,..,302.1307855,..,9239162,..,..
Cambodia,KHM,1996,YR1996,7.150861409,324.655871,..,10801270,..,5.851063728
Cambodia,KHM,1998,YR1998,14.80650354,258.7809532,..,12058173,..,4.255319118
Cambodia,KHM,2000,YR2000,-0.791992529,296.4266875,6.48248434,12462336,..,10.58201027
Cambodia,KHM,2002,YR2002,0.211466568,350.1472766,6.92060709,12855241,18.35,13.75661373
Cambodia,KHM,2004,YR2004,4.319336774,444.1990675,6.4859705,13244731,..,18.93203926
Cambodia,KHM,2006,YR2006,5.810685505,612.2526486,5.3646059,13639028,15.7,23.18840599
Cambodia,KHM,2008,YR2008,24.09685193,866.2839998,5.61296654,14053479,13.77,21.63461494
Cambodia,KHM,2010,YR2010,3.996395281,952.2746163,5.62713194,14500726,14.06,18.48341179
Cambodia,KHM,2012,YR2012,2.934316093,1192.80263,5.72469473,14945085,14.94,31.7535553
Cambodia,KHM,2014,YR2014,3.855688614,1431.563965,5.07833052,15396772,9.89,35.23809433
Cambodia,KHM,2016,YR2016,3.019139751,1675.195557,4.49053288,15852803,15.13,40.47618866
Cambodia,KHM,2018,YR2018,2.459085154,2036.673776,4.49707794,16274522,..,37.73584747
Cambodia,KHM,2020,YR2020,2.940295143,2081.739142,5.28458023,16725474,9.05,24.05660439
Cambodia,KHM,2022,YR2022,5.343702649,2325.0305,4.71089554,17201724,14.13,26.88679314
Cambodia,KHM,2024,YR2024,..,..,..,..,..,..
Cameroon,CMR,1960,YR1960,..,119.0539412,..,5159057,..,..
Cameroon,CMR,1962,YR1962,..,130.0425699,..,5338620,..,..
Cameroon,CMR,1964,YR1964,..,139.2281096,..,5578257,..,..
Cameroon,CMR,1966,YR1966,..,145.8059828,..,5837295,..,..
Cameroon,CMR,1968,YR1968,..,170.7826665,..,6125863,..,..
Cameroon,CMR,1970,YR1970,5.858085809,178.488983,..,6449793,..,..
Cameroon,CMR,1972,YR1972,8.092918696,220.108721,..,6806872,..,..
Cameroon,CMR,1974,YR1974,17.23293349,299.9083395,..,7193583,..,..
Cameroon,CMR,1976,YR1976,9.930650564,381.4299153,..,7597962,..,..
Cameroon,CMR,1978,YR1978,12.46305234,581.989336,..,8011921,..,..
Cameroon,CMR,1980,YR1980,9.551754276,784.1162271,..,8512219,..,..
Cameroon,CMR,1982,YR1982,13.25701986,732.2507197,..,9028678,..,..
Cameroon,CMR,1984,YR1984,11.37332209,771.702146,..,9475078,..,..
Cameroon,CMR,1986,YR1986,7.770024987,1178.59375,..,10060342,..,..
Cameroon,CMR,1988,YR1988,1.682332608,1145.16556,..,10684968,..,..
Cameroon,CMR,1990,YR1990,1.099381284,1086.717009,..,11331821,..,..
Cameroon,CMR,1992,YR1992,-0.016055046,1005.448976,..,12006353,..,..
Cameroon,CMR,1994,YR1994,35.09446185,700.7095019,..,12704903,21.78,..
Cameroon,CMR,1996,YR1996,3.924063727,826.9653223,..,13414757,..,7.446808338
Cameroon,CMR,1998,YR1998,3.170751854,798.7456214,..,14144860,..,10.63829803
Cameroon,CMR,2000,YR2000,1.22719013,708.5657316,4.29573393,14912631,..,14.81481457
Cameroon,CMR,2002,YR2002,2.834422601,789.6238111,4.02669907,15725528,22.24,15.8730154
Cameroon,CMR,2004,YR2004,0.23364738,1133.393267,3.72798991,16610487,23.2,20.38834953
Cameroon,CMR,2006,YR2006,5.11757816,1191.45459,3.73662829,17550407,23.12,26.08695602
Cameroon,CMR,2008,YR2008,5.337806276,1492.142698,3.65843678,18574056,21.83,15.86538506
Cameroon,CMR,2010,YR2010,1.275380462,1398.58702,3.57742167,19668066,21.83,13.27014256
Cameroon,CMR,2012,YR2012,2.735296775,1449.098744,3.9310236,20809529,21.95,18.00947952
Cameroon,CMR,2014,YR2014,1.854898504,1649.443391,4.34148788,22059893,22.93,8.095237732
Cameroon,CMR,2016,YR2016,0.874190383,1441.720173,4.02253723,23454161,..,9.047618866
Cameroon,CMR,2018,YR2018,1.068858113,1610.696416,3.61970162,24806383,..,6.603773594
Cameroon,CMR,2020,YR2020,2.437608822,1555.603707,4.25051928,26210558,..,4.245283127
Cameroon,CMR,2022,YR2022,6.247677133,1604.87727,4.47835922,27632771,22.96,7.547169685
Cameroon,CMR,2024,YR2024,..,..,..,..,..,..
Canada,CAN,1960,YR1960,1.358695652,2264.948497,..,17909356,..,..
Canada,CAN,1962,YR1962,1.061571125,2274.428471,..,18614000,..,..
Canada,CAN,1964,YR1964,1.912144703,2561.638491,..,19325000,..,..
Canada,CAN,1966,YR1966,3.815659068,3055.288079,..,20048000,..,..
Canada,CAN,1968,YR1968,4.055299539,3473.237226,..,20744000,..,..
Canada,CAN,1970,YR1970,3.346039814,4135.821498,..,21324000,..,..
Canada,CAN,1972,YR1972,4.988028731,5106.73708,..,22218463,..,..
Canada,CAN,1974,YR1974,10.99717115,7056.708475,..,22807969,..,..
Canada,CAN,1976,YR1976,7.54173863,8838.947107,..,23449808,..,..
Canada,CAN,1978,YR1978,8.973723352,9154.433253,..,23963203,..,..
Canada,CAN,1980,YR1980,10.12922051,11208.20274,..,24515667,..,..
Canada,CAN,1982,YR1982,10.7689719,12527.31353,..,25116942,..,..
Canada,CAN,1984,YR1984,4.304778304,13930.47455,..,25607053,..,..
Canada,CAN,1986,YR1986,4.194786291,14521.18008,..,26100278,..,..
Canada,CAN,1988,YR1988,4.028234149,19012.57233,..,26791747,..,..
Canada,CAN,1990,YR1990,4.780476933,21525.86114,..,27691138,..,..
Canada,CAN,1992,YR1992,1.490132904,20950.33053,..,28371264,..,..
Canada,CAN,1994,YR1994,0.165562914,19997.62374,..,29000663,..,..
Canada,CAN,1996,YR1996,1.570531125,21296.97235,..,29610218,7,67.55319214
Canada,CAN,1998,YR1998,0.995942457,21024.58507,..,30155173,5.56,60.63829803
Canada,CAN,2000,YR2000,2.719439957,24271.00206,8.24814415,30685730,5.06,70.37036896
Canada,CAN,2002,YR2002,2.258394409,24256.01923,8.85670471,31359199,5.27,71.42857361
Canada,CAN,2004,YR2004,1.857258719,32145.54126,9.06628132,31938807,5.2,60.67961121
Canada,CAN,2006,YR2006,2.002025395,40504.0371,9.32523441,32571193,5.16,65.21739197
Canada,CAN,2008,YR2008,2.370270674,46710.25269,9.58826923,33247298,5.03,69.2307663
Canada,CAN,2010,YR2010,1.776871541,47560.6666,10.70405102,34005902,4.79,64.45497894
Canada,CAN,2012,YR2012,1.515678231,52670.34473,10.54460621,34713395,4.48,70.1421814
Canada,CAN,2014,YR2014,1.906635907,50960.84312,10.28526115,35434066,4.45,76.66666412
Canada,CAN,2016,YR2016,1.428759547,42314.06158,11.06097317,36110803,4.38,78.57142639
Canada,CAN,2018,YR2018,2.268225672,46539.17616,10.94313335,37072620,3.67,65.09433746
Canada,CAN,2020,YR2020,0.716999632,43537.8393,13.02419472,38028638,3.72,67.45282745
Canada,CAN,2022,YR2022,6.802801153,55509.39318,11.23432541,38939056,3.48,57.54716873
Canada,CAN,2024,YR2024,2.381583833,..,..,..,..,..
Cayman Islands,CYM,1960,YR1960,..,..,..,8428,..,..
Cayman Islands,CYM,1962,YR1962,..,..,..,8781,..,..
Cayman Islands,CYM,1964,YR1964,..,..,..,9166,..,..
Cayman Islands,CYM,1966,YR1966,..,..,..,9560,..,..
Cayman Islands,CYM,1968,YR1968,..,..,..,9971,..,..
Cayman Islands,CYM,1970,YR1970,..,..,..,10517,..,..
Cayman Islands,CYM,1972,YR1972,..,..,..,11764,..,..
Cayman Islands,CYM,1974,YR1974,..,..,..,13114,..,..
Cayman Islands,CYM,1976,YR1976,..,..,..,14454,..,..
Cayman Islands,CYM,1978,YR1978,..,..,..,15727,..,..
Cayman Islands,CYM,1980,YR1980,..,..,..,17079,..,..
Cayman Islands,CYM,1982,YR1982,..,..,..,18750,..,..
Cayman Islands,CYM,1984,YR1984,..,..,..,20454,..,..
Cayman Islands,CYM,1986,YR1986,..,..,..,22197,..,..
Cayman Islands,CYM,1988,YR1988,..,..,..,23951,..,..
Cayman Islands,CYM,1990,YR1990,..,..,..,25999,..,..
Cayman Islands,CYM,1992,YR1992,..,..,..,28621,..,..
Cayman Islands,CYM,1994,YR1994,..,..,..,31352,..,..
Cayman Islands,CYM,1996,YR1996,..,..,..,34143,..,37.23404312
Cayman Islands,CYM,1998,YR1998,..,..,..,36922,..,35.63829803
Cayman Islands,CYM,2000,YR2000,..,..,..,39674,..,35.44973373
Cayman Islands,CYM,2002,YR2002,..,..,..,42514,..,45.5026474
Cayman Islands,CYM,2004,YR2004,..,..,..,45352,..,66.01941681
Cayman Islands,CYM,2006,YR2006,..,87085.09374,..,48232,..,61.35265732
Cayman Islands,CYM,2008,YR2008,..,89655.11962,..,51151,..,65.38461304
Cayman Islands,CYM,2010,YR2010,0.276140862,76837.66996,..,54099,..,67.29857635
Cayman Islands,CYM,2012,YR2012,1.188948452,75101.59136,..,57136,..,62.08530807
Cayman Islands,CYM,2014,YR2014,1.273979115,75845.30604,..,60160,..,67.14286041
Cayman Islands,CYM,2016,YR2016,-0.625258359,77802.25416,..,63100,32.47,69.52381134
Cayman Islands,CYM,2018,YR2018,..,83865.55316,..,65941,..,66.98113251
Cayman Islands,CYM,2020,YR2020,..,82338.79829,..,68684,..,84.90566254
Cayman Islands,CYM,2022,YR2022,..,92202.1478,..,71591,..,94.3396225
Cayman Islands,CYM,2024,YR2024,..,..,..,..,..,..
Central African Republic,CAF,1960,YR1960,..,65.88296298,..,1702346,..,..
Central African Republic,CAF,1962,YR1962,..,70.40422927,..,1768115,..,..
Central African Republic,CAF,1964,YR1964,..,77.2050398,..,1839583,..,..
Central African Republic,CAF,1966,YR1966,..,82.33746946,..,1918082,..,..
Central African Republic,CAF,1968,YR1968,..,95.63983921,..,2005100,..,..
Central African Republic,CAF,1970,YR1970,..,90.1578443,..,2097505,..,..
Central African Republic,CAF,1972,YR1972,..,105.4680616,..,2183769,..,..
Central African Republic,CAF,1974,YR1974,..,124.0003497,..,2269338,..,..
Central African Republic,CAF,1976,YR1976,..,192.0969908,..,2348566,..,..
Central African Republic,CAF,1978,YR1978,..,254.6240877,..,2397961,..,..
Central African Republic,CAF,1980,YR1980,..,325.2547703,..,2450535,..,..
Central African Republic,CAF,1982,YR1982,13.2960987,298.4445449,..,2507375,..,..
Central African Republic,CAF,1984,YR1984,2.542209668,248.313551,..,2568610,..,..
Central African Republic,CAF,1986,YR1986,2.245152512,426.0269926,..,2634258,..,..
Central African Republic,CAF,1988,YR1988,-3.964468821,466.0705969,..,2713965,..,..
Central African Republic,CAF,1990,YR1990,-0.012330456,501.6562006,..,2871910,..,..
Central African Republic,CAF,1992,YR1992,-1.033608117,461.5873035,..,3058831,..,..
Central African Republic,CAF,1994,YR1994,24.57101373,261.2603974,..,3257954,..,..
Central African Republic,CAF,1996,YR1996,3.724941103,293.3065753,..,3435965,..,3.723404169
Central African Republic,CAF,1998,YR1998,-1.885200962,266.5705446,..,3628827,..,5.319149017
Central African Republic,CAF,2000,YR2000,3.203400916,239.1541337,4.3808217,3833416,..,5.291005135
Central African Republic,CAF,2002,YR2002,2.331817035,248.639291,4.23633623,4006077,22.72,0
Central African Republic,CAF,2004,YR2004,-2.066406011,303.4613212,4.14367914,4192826,27.27,3.883495092
Central African Republic,CAF,2006,YR2006,6.695264658,333.9425199,4.31108665,4377579,27.33,0.483091801
Central African Republic,CAF,2008,YR2008,9.258950994,437.2482747,4.02635765,4558984,17.92,1.923076868
Central African Republic,CAF,2010,YR2010,1.4910237,476.873787,3.56699872,4492995,17.92,1.421800971
Central African Republic,CAF,2012,YR2012,5.478295943,544.3958491,3.91814446,4610848,22.26,2.369668245
Central African Republic,CAF,2014,YR2014,14.89868418,409.850486,4.56557369,4623182,..,0
Central African Republic,CAF,2016,YR2016,4.945432761,387.1762034,5.44402313,4713663,17.14,4.285714149
Central African Republic,CAF,2018,YR2018,1.61215687,455.2439629,10.99526691,4878657,..,0.943396211
Central African Republic,CAF,2020,YR2020,1.710156595,462.8790713,8.98555374,5026628,..,0.943396211
Central African Republic,CAF,2022,YR2022,5.583167352,467.359825,9.95509052,5098039,25.47,0
Central African Republic,CAF,2024,YR2024,..,..,..,..,..,..
Chad,TCD,1960,YR1960,..,102.8194705,..,3049838,..,..
Chad,TCD,1962,YR1962,..,112.619958,..,3175598,..,..
Chad,TCD,1964,YR1964,..,118.5941068,..,3307479,..,..
Chad,TCD,1966,YR1966,..,125.7794601,..,3440903,..,..
Chad,TCD,1968,YR1968,..,126.8727749,..,3578231,..,..
Chad,TCD,1970,YR1970,..,125.8820784,..,3727828,..,..
Chad,TCD,1972,YR1972,..,150.3698057,..,3893252,..,..
Chad,TCD,1974,YR1974,..,159.9989788,..,4078356,..,..
Chad,TCD,1976,YR1976,..,203.7131167,..,4251297,..,..
Chad,TCD,1978,YR1978,..,252.5113817,..,4411366,..,..
Chad,TCD,1980,YR1980,..,228.7704919,..,4515453,..,..
Chad,TCD,1982,YR1982,..,176.0837508,..,4738483,..,..
Chad,TCD,1984,YR1984,20.25089606,182.1758809,..,5045145,..,..
Chad,TCD,1986,YR1986,-13.05657258,203.3544495,..,5251069,..,..
Chad,TCD,1988,YR1988,15.47751765,263.5446478,..,5625602,..,..
Chad,TCD,1990,YR1990,-0.738282265,290.5990453,..,5982833,..,..
Chad,TCD,1992,YR1992,-3.113030672,290.6482861,..,6474656,..,..
Chad,TCD,1994,YR1994,41.72489724,173.9288951,..,6783450,..,..
Chad,TCD,1996,YR1996,11.33087891,216.9125411,..,7410108,..,5.851063728
Chad,TCD,1998,YR1998,4.258851102,219.7795309,..,7938840,..,4.255319118
Chad,TCD,2000,YR2000,3.822600881,163.1216637,4.00526953,8512093,..,4.761904716
Chad,TCD,2002,YR2002,5.191818952,219.061392,5.33389902,9116192,22.5,0.529100537
Chad,TCD,2004,YR2004,-5.355400289,445.8507672,4.03654861,9920036,22.4,3.398058176
Chad,TCD,2006,YR2006,8.03628898,693.8545918,3.5379293,10706424,22.85,0.483091801
Chad,TCD,2008,YR2008,10.29697582,905.6784319,2.94988155,11476296,22.58,1.923076868
Chad,TCD,2010,YR2010,-2.077865746,866.4396809,3.04079008,12312575,21.67,4.265402794
Chad,TCD,2012,YR2012,7.516623647,936.141445,2.9589653,13210998,..,7.582938194
Chad,TCD,2014,YR2014,1.681973139,982.5275631,3.28550839,14188678,..,6.190476418
Chad,TCD,2016,YR2016,-0.792440525,668.0786361,3.60402751,15114655,20.66,7.142857075
Chad,TCD,2018,YR2018,4.274621986,695.6423937,3.2893219,16156531,..,5.660377502
Chad,TCD,2020,YR2020,4.464144372,622.0955434,4.4533143,17224679,..,7.075471878
Chad,TCD,2022,YR2022,5.788026878,671.7201476,4.52549791,18455316,24.11,6.13207531
Chad,TCD,2024,YR2024,8.899507323,..,..,..,..,..
Channel Islands,CHI,1960,YR1960,..,..,..,110808,..,..
Channel Islands,CHI,1962,YR1962,..,..,..,112953,..,..
Channel Islands,CHI,1964,YR1964,..,..,..,115561,..,..
Channel Islands,CHI,1966,YR1966,..,..,..,118186,..,..
Channel Islands,CHI,1968,YR1968,..,..,..,120793,..,..
Channel Islands,CHI,1970,YR1970,..,..,..,123288,..,..
Channel Islands,CHI,1972,YR1972,..,..,..,125764,..,..
Channel Islands,CHI,1974,YR1974,..,..,..,127893,..,..
Channel Islands,CHI,1976,YR1976,..,..,..,129391,..,..
Channel Islands,CHI,1978,YR1978,..,..,..,129981,..,..
Channel Islands,CHI,1980,YR1980,..,..,..,130462,..,..
Channel Islands,CHI,1982,YR1982,..,..,..,132172,..,..
Channel Islands,CHI,1984,YR1984,..,..,..,134727,..,..
Channel Islands,CHI,1986,YR1986,..,..,..,137413,..,..
Channel Islands,CHI,1988,YR1988,..,..,..,140089,..,..
Channel Islands,CHI,1990,YR1990,..,..,..,143087,..,..
Channel Islands,CHI,1992,YR1992,..,..,..,144733,..,..
Channel Islands,CHI,1994,YR1994,..,..,..,145163,..,..
Channel Islands,CHI,1996,YR1996,..,..,..,145565,..,..
Channel Islands,CHI,1998,YR1998,..,40472.66535,..,146906,..,..
Channel Islands,CHI,2000,YR2000,..,43479.19408,..,148110,..,..
Channel Islands,CHI,2002,YR2002,..,44459.73182,..,149881,..,..
Channel Islands,CHI,2004,YR2004,..,56259.53442,..,152039,..,..
Channel Islands,CHI,2006,YR2006,..,62745.10066,..,154214,..,..
Channel Islands,CHI,2008,YR2008,..,..,..,156408,..,..
Channel Islands,CHI,2010,YR2010,..,56121.63866,..,158621,..,..
Channel Islands,CHI,2012,YR2012,..,58813.93665,..,160767,..,..
Channel Islands,CHI,2014,YR2014,..,64700.74257,..,162726,..,..
Channel Islands,CHI,2016,YR2016,..,55950.14854,..,163883,..,..
Channel Islands,CHI,2018,YR2018,..,60783.35331,..,164949,..,..
Channel Islands,CHI,2020,YR2020,..,56785.94024,..,166235,..,..
Channel Islands,CHI,2022,YR2022,..,67627.30823,..,167215,..,..
Channel Islands,CHI,2024,YR2024,..,..,..,..,..,..
Chile,CHL,1960,YR1960,..,504.087277,..,8153350,..,..
Chile,CHL,1962,YR1962,..,662.7334757,..,8497059,..,..
Chile,CHL,1964,YR1964,..,674.49014,..,8842525,..,..
Chile,CHL,1966,YR1966,..,780.0969232,..,9181722,..,..
Chile,CHL,1968,YR1968,..,755.8925528,..,9514716,..,..
Chile,CHL,1970,YR1970,..,928.7753106,..,9845344,..,..
Chile,CHL,1972,YR1972,77.79574048,1163.074103,..,10174678,..,..
Chile,CHL,1974,YR1974,504.7385412,1542.925527,..,10505817,..,..
Chile,CHL,1976,YR1976,211.9243022,953.9015123,..,10838251,..,..
Chile,CHL,1978,YR1978,40.08722463,1431.350138,..,11172695,..,..
Chile,CHL,1980,YR1980,35.13834053,2523.055456,..,11508550,..,..
Chile,CHL,1982,YR1982,9.94102693,1648.011712,..,11850214,..,..
Chile,CHL,1984,YR1984,19.86020566,1611.4186,..,12207733,..,..
Chile,CHL,1986,YR1986,19.47683792,1501.091407,..,12588914,..,..
Chile,CHL,1988,YR1988,14.68435125,2003.363504,..,12999424,..,..
Chile,CHL,1990,YR1990,26.03648114,2466.130142,..,13437176,..,..
Chile,CHL,1992,YR1992,15.42580647,3309.399239,..,13884577,11,..
Chile,CHL,1994,YR1994,11.44311964,3981.390189,..,14316256,11,..
Chile,CHL,1996,YR1996,7.359117818,5333.504387,..,14734046,11,49.46808624
Chile,CHL,1998,YR1998,5.110249545,5419.824173,..,15127799,11,29.2553196
Chile,CHL,2000,YR2000,3.843272957,5052.992458,7.00020742,15503635,9,42.8571434
Chile,CHL,2002,YR2002,2.489398167,4430.847412,7.20833778,15857925,7,68.25396729
Chile,CHL,2004,YR2004,1.054738714,6120.591521,6.91028595,16187322,4.41,53.39805984
Chile,CHL,2006,YR2006,3.392017337,9318.656553,6.07235622,16509195,1.93,52.65700531
Chile,CHL,2008,YR2008,8.71626873,10683.21888,6.73954487,16838988,3.05,44.71154022
Chile,CHL,2010,YR2010,1.41071108,12632.87047,6.81958389,17181464,2.88,54.02843475
Chile,CHL,2012,YR2012,3.007448402,15241.907,7.01951265,17519119,2.95,42.65402985
Chile,CHL,2014,YR2014,4.718675279,14529.67672,7.84150171,17864195,..,50.47618866
Chile,CHL,2016,YR2016,3.786193559,13649.85205,8.55767059,18267221,6,49.04761887
Chile,CHL,2018,YR2018,2.434889814,15659.48087,9.15040398,18893191,1.2,50
Chile,CHL,2020,YR2020,3.045490848,13114.81547,9.68910599,19370624,1.17,34.90565872
Chile,CHL,2022,YR2022,11.64386671,15451.13196,10.06172848,19553036,1.17,37.26415253
Chile,CHL,2024,YR2024,4.297638916,..,..,..,..,..
China,CHN,1960,YR1960,..,89.52021424,..,667070000,..,..
China,CHN,1962,YR1962,..,70.90915243,..,665770000,..,..
China,CHN,1964,YR1964,..,85.49824259,..,698355000,..,..
China,CHN,1966,YR1966,..,104.3241848,..,735400000,..,..
China,CHN,1968,YR1968,..,91.4723839,..,774510000,..,..
China,CHN,1970,YR1970,..,113.1625778,..,818315000,..,..
China,CHN,1972,YR1972,..,131.8855585,..,862030000,..,..
China,CHN,1974,YR1974,..,160.1476879,..,900350000,..,..
China,CHN,1976,YR1976,..,165.4042624,..,930685000,..,..
China,CHN,1978,YR1978,..,156.3963885,..,956165000,..,..
China,CHN,1980,YR1980,..,194.8047222,..,981235000,..,..
China,CHN,1982,YR1982,..,203.3349195,..,1008630000,..,..
China,CHN,1984,YR1984,..,250.713969,..,1036825000,..,..
China,CHN,1986,YR1986,..,281.9281209,..,1066790000,..,..
China,CHN,1988,YR1988,18.81181794,283.5376952,..,1101630000,..,..
China,CHN,1990,YR1990,3.052290121,317.884673,..,1135185000,..,..
China,CHN,1992,YR1992,6.35398134,366.4606923,..,1164970000,34.67,..
China,CHN,1994,YR1994,24.25698972,473.4899164,..,1191835000,29.25,..
China,CHN,1996,YR1996,8.313160289,709.4158882,..,1217550000,23.71,22.87234116
China,CHN,1998,YR1998,-0.773186012,828.594691,..,1241935000,16.78,17.55319214
China,CHN,2000,YR2000,0.347811227,959.3604314,4.50828123,1262645000,17.39,24.86772537
China,CHN,2002,YR2002,-0.731970902,1148.514257,4.38285255,1280400000,12.23,21.69312096
China,CHN,2004,YR2004,3.824637431,1508.667916,4.29347467,1296075000,9.78,19.90291214
China,CHN,2006,YR2006,1.649430995,2099.21943,3.94742203,1311020000,8.85,17.87439537
China,CHN,2008,YR2008,5.92525137,3468.327063,3.900002,1324655000,8.68,17.30769157
China,CHN,2010,YR2010,3.175324753,4550.473944,4.23068333,1337705000,8.19,14.21800995
China,CHN,2012,YR2012,2.619524326,6300.58218,4.56584787,1354190000,..,19.43128014
China,CHN,2014,YR2014,1.921641628,7636.07434,4.77790594,1371860000,7.55,18.5714283
China,CHN,2016,YR2016,2.000001822,8094.390167,4.97955608,1387790000,8.17,17.1428566
China,CHN,2018,YR2018,2.0747904,9905.406383,5.16790485,1402760000,7.98,23.58490562
China,CHN,2020,YR2020,2.419421895,10408.71955,5.59359741,1411100000,6.51,18.39622688
China,CHN,2022,YR2022,1.973575557,12662.58267,5.36948681,1412175000,6.37,17.45282936
China,CHN,2024,YR2024,0.218128938,..,..,..,..,..
Colombia,COL,1960,YR1960,5.814076282,258.3044336,..,15606209,..,..
Colombia,COL,1962,YR1962,4.697093951,298.5438617,..,16599029,..,..
Colombia,COL,1964,YR1964,17.07243522,338.6759353,..,17637411,..,..
Colombia,COL,1966,YR1966,16.72816827,290.253386,..,18702688,..,..
Colombia,COL,1968,YR1968,7.447538783,301.5265028,..,19766796,..,..
Colombia,COL,1970,YR1970,6.908622758,345.8791016,..,20811782,..,..
Colombia,COL,1972,YR1972,12.44445899,397.4121174,..,21819563,..,..
Colombia,COL,1974,YR1974,23.87095737,541.7499016,..,22833469,..,..
Colombia,COL,1976,YR1976,19.83122492,643.0079145,..,23858810,..,..
Colombia,COL,1978,YR1978,17.76315909,932.3926951,..,24950337,..,..
Colombia,COL,1980,YR1980,26.55265315,1279.501167,..,26104498,..,..
Colombia,COL,1982,YR1982,24.72098825,1425.399368,..,27338331,..,..
Colombia,COL,1984,YR1984,16.16161714,1335.528218,..,28642690,..,..
Colombia,COL,1986,YR1986,18.84246316,1169.462121,..,29879112,..,..
Colombia,COL,1988,YR1988,28.10839698,1259.617411,..,31130524,..,..
Colombia,COL,1990,YR1990,29.1520246,1474.845529,..,32440069,..,..
Colombia,COL,1992,YR1992,27.01062662,1729.663973,..,33760571,11.79,..
Colombia,COL,1994,YR1994,22.84624176,2325.975573,..,35127410,12.22,..
Colombia,COL,1996,YR1996,20.79757551,2664.456256,..,36462745,12.84,2.127659559
Colombia,COL,1998,YR1998,18.67697993,2605.999381,..,37792165,13.29,0.53191489
Colombia,COL,2000,YR2000,9.225348186,2555.00751,5.63529348,39089934,13.11,1.058201075
Colombia,COL,2002,YR2002,6.351507288,2428.929698,5.73296547,40324680,12.94,0
Colombia,COL,2004,YR2004,5.904020055,2818.571954,5.79892111,41543171,11.37,0.485436887
Colombia,COL,2006,YR2006,4.293423636,3789.853612,6.33546638,42691084,10,0.483091801
Colombia,COL,2008,YR2008,6.996884956,5541.836297,6.84192181,43758808,9.85,1.923076868
Colombia,COL,2010,YR2010,2.272002279,6398.295845,7.07130194,44777319,10.8,4.265402794
Colombia,COL,2012,YR2012,3.169301888,8108.598382,6.74601603,45715810,6.93,5.213270187
Colombia,COL,2014,YR2014,2.898837878,8187.208249,7.18553209,46565429,6.7,8.095237732
Colombia,COL,2016,YR2016,7.513460246,5959.842504,7.53117037,47437512,8.96,10.95238113
Colombia,COL,2018,YR2018,3.240569329,6816.968183,7.62541389,49024465,3.79,12.26415062
Colombia,COL,2020,YR2020,2.526635001,5339.687114,8.71432114,50629997,3.5,12.73584938
Colombia,COL,2022,YR2022,10.17723135,6674.596019,7.57361269,51737944,3.52,14.15094376
Colombia,COL,2024,YR2024,6.609085937,..,..,..,..,..
Comoros,COM,1960,YR1960,..,..,..,197700,..,..
Comoros,COM,1962,YR1962,..,..,..,204702,..,..
Comoros,COM,1964,YR1964,..,..,..,211644,..,..
Comoros,COM,1966,YR1966,..,..,..,218663,..,..
Comoros,COM,1968,YR1968,..,..,..,230244,..,..
Comoros,COM,1970,YR1970,..,..,..,244185,..,..
Comoros,COM,1972,YR1972,..,..,..,260077,..,..
Comoros,COM,1974,YR1974,..,..,..,278075,..,..
Comoros,COM,1976,YR1976,..,..,..,297538,..,..
Comoros,COM,1978,YR1978,..,..,..,317688,..,..
Comoros,COM,1980,YR1980,..,628.3833744,..,337721,..,..
Comoros,COM,1982,YR1982,..,515.2308025,..,357139,..,..
Comoros,COM,1984,YR1984,..,489.0866775,..,377637,..,..
Comoros,COM,1986,YR1986,..,699.1864174,..,399318,..,..
Comoros,COM,1988,YR1988,..,845.413856,..,421687,..,..
Comoros,COM,1990,YR1990,..,966.3203846,..,444596,..,..
Comoros,COM,1992,YR1992,..,983.3925336,..,465113,..,..
Comoros,COM,1994,YR1994,..,662.0231887,..,482142,..,..
Comoros,COM,1996,YR1996,..,793.5248472,..,499107,..,37.23404312
Comoros,COM,1998,YR1998,..,716.4322401,..,516597,..,38.29787064
Comoros,COM,2000,YR2000,..,655.0077967,7.52074909,536080,..,24.86772537
Comoros,COM,2002,YR2002,3.533042143,762.1169303,6.68822765,558923,..,32.27513123
Comoros,COM,2004,YR2004,4.474992891,1091.272164,6.58576155,580704,..,22.3300972
Comoros,COM,2006,YR2006,3.374363601,1154.904223,5.77341843,604753,..,17.39130402
Comoros,COM,2008,YR2008,1.700781763,1455.027686,5.06897497,629307,4.27,8.653845787
Comoros,COM,2010,YR2010,3.354757703,1386.574243,4.99181557,654836,4.6,13.74407578
Comoros,COM,2012,YR2012,6.314744503,1490.315114,5.17354631,681630,7.57,18.48341179
Comoros,COM,2014,YR2014,..,1615.717237,5.23849726,711503,9.8,25.7142849
Comoros,COM,2016,YR2016,..,1365.484034,4.65263557,741741,..,31.4285717
Comoros,COM,2018,YR2018,..,1540.711323,4.90318584,771590,9.32,19.3396225
Comoros,COM,2020,YR2020,..,1527.16991,5.902421,802163,9.28,20.28301811
Comoros,COM,2022,YR2022,..,1489.495663,8.3803854,834188,..,20.28301811
Comoros,COM,2024,YR2024,..,..,..,..,..,..
"Congo, Dem. Rep.",COD,1960,YR1960,..,220.0745502,..,15264846,..,..
"Congo, Dem. Rep.",COD,1962,YR1962,..,235.1272906,..,16075724,..,..
"Congo, Dem. Rep.",COD,1964,YR1964,35.42106498,169.9492598,..,16955327,..,..
"Congo, Dem. Rep.",COD,1966,YR1966,15.78010125,252.7703618,..,17931929,..,..
"Congo, Dem. Rep.",COD,1968,YR1968,53.32167271,205.6459958,..,19012189,..,..
"Congo, Dem. Rep.",COD,1970,YR1970,8.025284045,242.2197598,..,20137436,..,..
"Congo, Dem. Rep.",COD,1972,YR1972,15.80421539,290.5118033,..,21251160,..,..
"Congo, Dem. Rep.",COD,1974,YR1974,29.46928105,428.0749545,..,22418878,..,..
"Congo, Dem. Rep.",COD,1976,YR1976,80.38595908,408.422391,..,23624031,..,..
"Congo, Dem. Rep.",COD,1978,YR1978,48.76903761,615.0841953,..,24992689,..,..
"Congo, Dem. Rep.",COD,1980,YR1980,46.62590683,538.9118394,..,26711099,..,..
"Congo, Dem. Rep.",COD,1982,YR1982,36.69969757,481.7409782,..,28338190,..,..
"Congo, Dem. Rep.",COD,1984,YR1984,52.22701136,259.8018895,..,30245081,..,..
"Congo, Dem. Rep.",COD,1986,YR1986,44.4,250.900914,..,32265196,..,..
"Congo, Dem. Rep.",COD,1988,YR1988,71.09173127,257.7251517,..,34382752,..,..
"Congo, Dem. Rep.",COD,1990,YR1990,81.29540481,254.8726563,..,36684063,..,..
"Congo, Dem. Rep.",COD,1992,YR1992,4129.169857,209.1882526,..,39228910,..,..
"Congo, Dem. Rep.",COD,1994,YR1994,23773.13177,136.5425725,..,42626876,..,..
"Congo, Dem. Rep.",COD,1996,YR1996,492.4418502,127.4160884,..,45296124,..,0
"Congo, Dem. Rep.",COD,1998,YR1998,29.14880692,131.4613484,..,47297600,..,0
"Congo, Dem. Rep.",COD,2000,YR2000,513.9068437,377.9254215,1.46594739,50507442,..,0
"Congo, Dem. Rep.",COD,2002,YR2002,31.5225826,162.3805291,2.57012939,53750524,..,0
"Congo, Dem. Rep.",COD,2004,YR2004,3.994384008,180.664765,4.33564186,56997741,..,0.485436887
"Congo, Dem. Rep.",COD,2006,YR2006,13.05269497,238.4176394,4.06210661,60615908,14.29,0
"Congo, Dem. Rep.",COD,2008,YR2008,17.30138457,307.3196386,4.31254816,64390664,14.11,1.442307711
"Congo, Dem. Rep.",COD,2010,YR2010,7.1,314.5385863,3.72224283,68563038,12.08,0.947867274
"Congo, Dem. Rep.",COD,2012,YR2012,9.721828063,400.0599018,3.2215035,73254618,..,0.947867274
"Congo, Dem. Rep.",COD,2014,YR2014,1.243038898,458.0045418,3.72520614,78403242,12.11,1.90476191
"Congo, Dem. Rep.",COD,2016,YR2016,2.885851073,442.3104721,4.20027828,83956415,..,0.952380955
"Congo, Dem. Rep.",COD,2018,YR2018,..,528.2560198,3.24127173,90047644,..,2.358490467
"Congo, Dem. Rep.",COD,2020,YR2020,..,507.5212301,3.97694445,95989998,11.78,3.773584843
"Congo, Dem. Rep.",COD,2022,YR2022,..,642.6122658,3.78614616,102396968,..,2.358490467
"Congo, Dem. Rep.",COD,2024,YR2024,..,..,..,..,..,..
"Congo, Rep.",COG,1960,YR1960,..,124.6596704,..,1056732,..,..
"Congo, Rep.",COG,1962,YR1962,..,149.5912499,..,1113175,..,..
"Congo, Rep.",COG,1964,YR1964,..,158.0619645,..,1174816,..,..
"Congo, Rep.",COG,1966,YR1966,..,177.5513442,..,1242534,..,..
"Congo, Rep.",COG,1968,YR1968,..,190.8422573,..,1316519,..,..
"Congo, Rep.",COG,1970,YR1970,..,196.7324156,..,1397638,..,..
"Congo, Rep.",COG,1972,YR1972,..,276.2718495,..,1486468,..,..
"Congo, Rep.",COG,1974,YR1974,..,369.9451839,..,1582301,..,..
"Congo, Rep.",COG,1976,YR1976,..,452.5781472,..,1667225,..,..
"Congo, Rep.",COG,1978,YR1978,..,502.7042514,..,1748089,..,..
"Congo, Rep.",COG,1980,YR1980,..,932.6467155,..,1828985,..,..
"Congo, Rep.",COG,1982,YR1982,..,1130.97081,..,1910430,..,..
"Congo, Rep.",COG,1984,YR1984,..,1097.049586,..,1999528,..,..
"Congo, Rep.",COG,1986,YR1986,4.158110883,872.0486976,..,2120602,..,..
"Congo, Rep.",COG,1988,YR1988,1.030421982,984.3762858,..,2247653,..,..
"Congo, Rep.",COG,1990,YR1990,2.889053742,1175.667091,..,2380560,..,..
"Congo, Rep.",COG,1992,YR1992,-3.935468101,1164.22443,..,2519465,..,..
"Congo, Rep.",COG,1994,YR1994,42.43967503,661.9042737,..,2673144,23.91,..
"Congo, Rep.",COG,1996,YR1996,10.03112033,898.7940502,..,2826785,..,3.723404169
"Congo, Rep.",COG,1998,YR1998,..,660.3797751,..,2952061,..,3.723404169
"Congo, Rep.",COG,2000,YR2000,-0.881991517,1024.301591,1.50500846,3151345,..,8.994709015
"Congo, Rep.",COG,2002,YR2002,4.378759718,905.5381355,1.70167828,3350771,23.45,0.529100537
"Congo, Rep.",COG,2004,YR2004,2.42976608,1306.101363,1.92152369,3565554,23.52,4.854369164
"Congo, Rep.",COG,2006,YR2006,6.537843953,2103.582138,1.70861316,3837409,23.52,11.594203
"Congo, Rep.",COG,2008,YR2008,4.95875092,2832.091778,2.2392714,4113517,21.02,13.46153831
"Congo, Rep.",COG,2010,YR2010,0.391525011,2946.557981,1.85172856,4462290,21.02,23.22274971
"Congo, Rep.",COG,2012,YR2012,5.010187731,3732.327373,1.90971065,4740450,..,19.9052124
"Congo, Rep.",COG,2014,YR2014,0.912139545,3601.236581,1.97311735,4975880,22.23,22.8571434
"Congo, Rep.",COG,2016,YR2016,3.190561797,2093.107286,2.59422994,5222536,..,16.19047546
"Congo, Rep.",COG,2018,YR2018,1.152778964,2694.434132,1.75584984,5483118,..,20.75471687
"Congo, Rep.",COG,2020,YR2020,1.795371471,1993.586672,4.01775074,5752791,..,24.05660439
"Congo, Rep.",COG,2022,YR2022,3.043443347,2620.838043,2.19224548,6035104,23.4,34.90565872
"Congo, Rep.",COG,2024,YR2024,..,..,..,..,..,..
Costa Rica,CRI,1960,YR1960,0.790205818,382.3091218,..,1327496,..,..
Costa Rica,CRI,1962,YR1962,2.677859687,335.221589,..,1429445,..,..
Costa Rica,CRI,1964,YR1964,3.32403316,353.7108968,..,1533960,..,..
Costa Rica,CRI,1966,YR1966,0.182882838,395.1524985,..,1638116,..,..
Costa Rica,CRI,1968,YR1968,4.093891431,444.8052569,..,1739731,..,..
Costa Rica,CRI,1970,YR1970,4.652297493,535.5396797,..,1838949,..,..
Costa Rica,CRI,1972,YR1972,4.601125693,638.8510116,..,1938248,..,..
Costa Rica,CRI,1974,YR1974,30.07362928,817.0766914,..,2039643,..,..
Costa Rica,CRI,1976,YR1976,3.485833333,1123.281791,..,2147774,..,..
Costa Rica,CRI,1978,YR1978,6.0071271,1555.837161,..,2264510,..,..
Costa Rica,CRI,1980,YR1980,18.1351708,2020.990675,..,2390633,..,..
Costa Rica,CRI,1982,YR1982,90.12133285,1032.405482,..,2524806,..,..
Costa Rica,CRI,1984,YR1984,11.94742701,1372.201498,..,2667595,..,..
Costa Rica,CRI,1986,YR1986,11.83506189,1568.564097,..,2817216,..,..
Costa Rica,CRI,1988,YR1988,20.83253323,1554.740485,..,2968103,..,..
Costa Rica,CRI,1990,YR1990,19.03975266,1829.668709,..,3121706,..,..
Costa Rica,CRI,1992,YR1992,21.79116879,2612.387565,..,3284258,..,..
Costa Rica,CRI,1994,YR1994,13.53446873,3039.563286,..,3451122,..,..
Costa Rica,CRI,1996,YR1996,17.51145248,3226.963956,..,3619013,13.57,52.12765884
Costa Rica,CRI,1998,YR1998,11.65929977,3617.457567,..,3782838,9.87,58.51063919
Costa Rica,CRI,2000,YR2000,10.96154966,3812.753883,6.56498718,3937739,8.33,58.73015976
Costa Rica,CRI,2002,YR2002,9.167520485,4067.718514,6.8690877,4075705,10.63,68.25396729
Costa Rica,CRI,2004,YR2004,12.31481502,4431.011721,6.63006067,4200078,8.85,50.97087479
Costa Rica,CRI,2006,YR2006,11.47059681,5256.596409,6.93530846,4321340,8.11,53.62318802
Costa Rica,CRI,2008,YR2008,13.42446355,6937.242616,7.4685483,4440056,7.7,41.34615326
Costa Rica,CRI,2010,YR2010,5.662757084,8265.788203,8.02937698,4555962,6.08,53.55450058
Costa Rica,CRI,2012,YR2012,4.495453144,10126.9991,7.78642273,4663934,5.56,54.9763031
Costa Rica,CRI,2014,YR2014,4.519200985,10911.49788,7.66376209,4767119,5.21,56.19047546
Costa Rica,CRI,2016,YR2016,-0.017478851,12091.03016,7.31724358,4866998,5.14,57.1428566
Costa Rica,CRI,2018,YR2018,2.221114615,12590.24938,7.28587723,4957818,4.86,52.35848999
Costa Rica,CRI,2020,YR2020,0.724911478,12394.0494,7.82545757,5034320,4.61,57.54716873
Costa Rica,CRI,2022,YR2022,8.274774902,13625.90085,7.18368196,5081765,4.07,65.09433746
Costa Rica,CRI,2024,YR2024,-0.413459342,..,..,..,..,..
Cote d'Ivoire,CIV,1960,YR1960,..,148.680789,..,3673666,..,..
Cote d'Ivoire,CIV,1962,YR1962,-1.341248901,163.0766797,..,3956939,..,..
Cote d'Ivoire,CIV,1964,YR1964,0.618192523,215.5062403,..,4273952,..,..
Cote d'Ivoire,CIV,1966,YR1966,4.191317984,221.7863922,..,4617519,..,..
Cote d'Ivoire,CIV,1968,YR1968,5.350454789,256.7687143,..,4990021,..,..
Cote d'Ivoire,CIV,1970,YR1970,8.205190543,268.9577336,..,5411567,..,..
Cote d'Ivoire,CIV,1972,YR1972,0.310313699,312.9423481,..,5909716,..,..
Cote d'Ivoire,CIV,1974,YR1974,17.35938845,474.2238614,..,6474057,..,..
Cote d'Ivoire,CIV,1976,YR1976,12.07664022,660.5386182,..,7057958,..,..
Cote d'Ivoire,CIV,1978,YR1978,13.24298685,1039.114983,..,7603130,..,..
Cote d'Ivoire,CIV,1980,YR1980,14.7009813,1237.802168,..,8220714,..,..
Cote d'Ivoire,CIV,1982,YR1982,7.583125896,849.4797054,..,8907936,..,..
Cote d'Ivoire,CIV,1984,YR1984,4.284761104,708.9402522,..,9650516,..,..
Cote d'Ivoire,CIV,1986,YR1986,9.682954731,877.1549568,..,10440917,..,..
Cote d'Ivoire,CIV,1988,YR1988,6.930686172,909.5341822,..,11275189,..,..
Cote d'Ivoire,CIV,1990,YR1990,-0.805879698,885.6478422,..,12189778,..,..
Cote d'Ivoire,CIV,1992,YR1992,4.231383829,844.9022238,..,13200310,..,..
Cote d'Ivoire,CIV,1994,YR1994,26.08157199,581.8884686,..,14287201,..,..
Cote d'Ivoire,CIV,1996,YR1996,2.480806692,1170.23622,..,15442312,4.79,26.06382942
Cote d'Ivoire,CIV,1998,YR1998,4.611447595,1177.371338,..,16663948,..,19.68085098
Cote d'Ivoire,CIV,2000,YR2000,2.530775167,936.6365413,4.00220871,17699004,..,5.291005135
Cote d'Ivoire,CIV,2002,YR2002,3.077264852,967.8158644,3.92374444,18654771,15.41,0
Cote d'Ivoire,CIV,2004,YR2004,1.457988356,1199.825245,4.02148724,19595000,15.85,0.485436887
Cote d'Ivoire,CIV,2006,YR2006,2.467191486,1230.430568,3.92861462,20546802,15.37,0.483091801
Cote d'Ivoire,CIV,2008,YR2008,6.308527692,1583.970667,4.1387105,21514439,15.28,1.923076868
Cote d'Ivoire,CIV,2010,YR2010,1.226456121,1553.54887,4.57494831,22488065,15.15,3.791469097
Cote d'Ivoire,CIV,2012,YR2012,1.304511199,1546.946018,4.4273715,23467078,14.69,6.161137581
Cote d'Ivoire,CIV,2014,YR2014,0.448682077,1991.365394,3.7310183,24527395,14.57,8.095237732
Cote d'Ivoire,CIV,2016,YR2016,0.723178458,1862.595971,3.32101274,25989405,15.43,10.95238113
Cote d'Ivoire,CIV,2018,YR2018,0.359409031,2130.866194,3.0916779,27464173,16.95,11.320755
Cote d'Ivoire,CIV,2020,YR2020,2.425006568,2179.729348,3.62327886,28915449,15.54,10.37735844
Cote d'Ivoire,CIV,2022,YR2022,5.276167243,2308.706547,3.6424129,30395002,15.48,14.62264156
Cote d'Ivoire,CIV,2024,YR2024,3.466373147,..,..,..,..,..
Croatia,HRV,1960,YR1960,..,..,..,4140181,..,..
Croatia,HRV,1962,YR1962,..,..,..,4196712,..,..
Croatia,HRV,1964,YR1964,..,..,..,4252876,..,..
Croatia,HRV,1966,YR1966,..,..,..,4310701,..,..
Croatia,HRV,1968,YR1968,..,..,..,4365628,..,..
Croatia,HRV,1970,YR1970,..,..,..,4412252,..,..
Croatia,HRV,1972,YR1972,..,..,..,4450564,..,..
Croatia,HRV,1974,YR1974,..,..,..,4490660,..,..
Croatia,HRV,1976,YR1976,..,..,..,4535934,..,..
Croatia,HRV,1978,YR1978,..,..,..,4581085,..,..
Croatia,HRV,1980,YR1980,..,..,..,4599782,..,..
Croatia,HRV,1982,YR1982,..,..,..,4634234,..,..
Croatia,HRV,1984,YR1984,..,..,..,4680285,..,..
Croatia,HRV,1986,YR1986,50,..,..,4721446,..,..
Croatia,HRV,1988,YR1988,185.7142857,..,..,4755207,..,..
Croatia,HRV,1990,YR1990,500,5369.109786,..,4777368,..,..
Croatia,HRV,1992,YR1992,625,2321.152041,..,4575818,..,..
Croatia,HRV,1994,YR1994,107.3275862,3237.926463,..,4652024,..,..
Croatia,HRV,1996,YR1996,4.3,5299.641054,..,4557097,..,22.87234116
Croatia,HRV,1998,YR1998,6.396686608,5712.589857,..,4532135,..,29.78723335
Croatia,HRV,2000,YR2000,4.611315547,4953.651588,7.65291882,4468302,..,35.44973373
Croatia,HRV,2002,YR2002,1.671784374,6219.581641,6.14294004,4302174,8.76,49.20634842
Croatia,HRV,2004,YR2004,2.055396791,9718.973228,6.50386047,4304600,5.35,52.91262054
Croatia,HRV,2006,YR2006,3.189825915,11502.75312,6.90203142,4311159,4.72,49.27536392
Croatia,HRV,2008,YR2008,6.076968388,15889.43471,7.63114071,4309705,4.5,49.03845978
Croatia,HRV,2010,YR2010,1.030555053,13731.28652,7.96871901,4295427,4.86,51.6587677
Croatia,HRV,2012,YR2012,3.412073491,13508.6837,7.65283728,4260368,4.59,54.50236893
Croatia,HRV,2014,YR2014,-0.21519616,14187.96945,6.57961845,4201598,5.72,58.09523773
Croatia,HRV,2016,YR2016,-1.125,12821.17381,6.68087435,4106867,5.32,57.1428566
Croatia,HRV,2018,YR2018,1.50012501,15460.41833,6.69267464,3988775,5.24,61.79245377
Croatia,HRV,2020,YR2020,0.154811375,14808.46202,7.64949179,3914206,2.21,54.71697998
Croatia,HRV,2022,YR2022,10.78058068,18466.09555,7.21545315,3855641,4.06,54.24528122
Croatia,HRV,2024,YR2024,..,..,..,..,..,..
Cuba,CUB,1960,YR1960,..,..,..,7238081,..,..
Cuba,CUB,1962,YR1962,..,..,..,7541098,..,..
Cuba,CUB,1964,YR1964,..,..,..,7866020,..,..
Cuba,CUB,1966,YR1966,..,..,..,8193450,..,..
Cuba,CUB,1968,YR1968,..,..,..,8509522,..,..
Cuba,CUB,1970,YR1970,..,645.1449178,..,8824382,..,..
Cuba,CUB,1972,YR1972,..,891.6317492,..,9123891,..,..
Cuba,CUB,1974,YR1974,..,1216.741482,..,9374183,..,..
Cuba,CUB,1976,YR1976,..,1440.730461,..,9571242,..,..
Cuba,CUB,1978,YR1978,..,1837.39107,..,9711980,..,..
Cuba,CUB,1980,YR1980,..,2030.933623,..,9804796,..,..
Cuba,CUB,1982,YR1982,..,2113.808589,..,9912681,..,..
Cuba,CUB,1984,YR1984,..,2386.445951,..,10073299,..,..
Cuba,CUB,1986,YR1986,..,2364.895598,..,10244247,..,..
Cuba,CUB,1988,YR1988,..,2632.041768,..,10432585,..,..
Cuba,CUB,1990,YR1990,..,2694.31698,..,10631799,..,..
Cuba,CUB,1992,YR1992,..,2047.679003,..,10785801,..,..
Cuba,CUB,1994,YR1994,..,2613.289719,..,10886021,..,..
Cuba,CUB,1996,YR1996,..,2282.188093,..,10962010,11.13,31.9148941
Cuba,CUB,1998,YR1998,..,2332.306561,..,11034712,11.13,27.65957451
Cuba,CUB,2000,YR2000,..,2751.381771,6.58189821,11109109,11.61,34.3915329
Cuba,CUB,2002,YR2002,..,3005.211042,7.11481619,11177418,11.6,38.09523773
Cuba,CUB,2004,YR2004,..,3399.219629,6.83178711,11238756,11.31,40.29126358
Cuba,CUB,2006,YR2006,..,4329.98266,8.2719059,11278550,10.78,47.82608795
Cuba,CUB,2008,YR2008,..,4986.124365,11.31422806,11291762,10.64,48.55769348
Cuba,CUB,2010,YR2010,..,5272.267558,10.6880827,11297409,11.03,43.60189438
Cuba,CUB,2012,YR2012,..,6470.836734,9.29940987,11303175,11.41,41.7061615
Cuba,CUB,2014,YR2014,..,7146.704591,12.14121914,11285775,..,53.80952454
Cuba,CUB,2016,YR2016,..,8110.55874,12.21769619,11265612,11.42,57.1428566
Cuba,CUB,2018,YR2018,..,8911.46206,11.01842499,11227118,..,56.60377502
Cuba,CUB,2020,YR2020,..,9605.261251,12.48641968,11176354,12.23,53.77358627
Cuba,CUB,2022,YR2022,..,..,11.78683186,11059820,11.87,49.05660248
Cuba,CUB,2024,YR2024,..,..,..,..,..,..
Curacao,CUW,1960,YR1960,..,..,..,124826,..,..
Curacao,CUW,1962,YR1962,..,..,..,128414,..,..
Curacao,CUW,1964,YR1964,..,..,..,133148,..,..
Curacao,CUW,1966,YR1966,..,..,..,136682,..,..
Curacao,CUW,1968,YR1968,..,..,..,140298,..,..
Curacao,CUW,1970,YR1970,..,..,..,144739,..,..
Curacao,CUW,1972,YR1972,..,..,..,147710,..,..
Curacao,CUW,1974,YR1974,..,..,..,148351,..,..
Curacao,CUW,1976,YR1976,..,..,..,149399,..,..
Curacao,CUW,1978,YR1978,..,..,..,148341,..,..
Curacao,CUW,1980,YR1980,..,..,..,148041,..,..
Curacao,CUW,1982,YR1982,..,..,..,150101,..,..
Curacao,CUW,1984,YR1984,..,..,..,151940,..,..
Curacao,CUW,1986,YR1986,..,..,..,152662,..,..
Curacao,CUW,1988,YR1988,..,..,..,149254,..,..
Curacao,CUW,1990,YR1990,..,..,..,145400,..,..
Curacao,CUW,1992,YR1992,..,..,..,143912,..,..
Curacao,CUW,1994,YR1994,..,..,..,144630,..,..
Curacao,CUW,1996,YR1996,..,..,..,146306,..,..
Curacao,CUW,1998,YR1998,..,..,..,144472,..,..
Curacao,CUW,2000,YR2000,..,15841.26124,..,133860,..,..
Curacao,CUW,2002,YR2002,0.391389432,16723.69253,..,129205,..,..
Curacao,CUW,2004,YR2004,1.379121381,16671.34034,..,134192,..,..
Curacao,CUW,2006,YR2006,3.114995241,17400.16378,..,141239,..,..
Curacao,CUW,2008,YR2008,6.876323937,19423.33524,..,145880,..,..
Curacao,CUW,2010,YR2010,2.779442613,19847.23101,..,148703,..,..
Curacao,CUW,2012,YR2012,3.183987463,19809.82232,..,152088,..,..
Curacao,CUW,2014,YR2014,1.498739696,19623.02999,..,155909,..,..
Curacao,CUW,2016,YR2016,-0.047207985,18944.09615,..,159664,..,..
Curacao,CUW,2018,YR2018,2.583687566,19119.12439,..,159336,..,..
Curacao,CUW,2020,YR2020,..,16356.09336,..,154947,..,..
Curacao,CUW,2022,YR2022,..,20501.75228,..,149996,..,..
Curacao,CUW,2024,YR2024,..,..,..,..,..,..
Cyprus,CYP,1960,YR1960,0.827300931,..,..,586490,..,..
Cyprus,CYP,1962,YR1962,0.103199174,..,..,601466,..,..
Cyprus,CYP,1964,YR1964,-0.303336705,..,..,612521,..,..
Cyprus,CYP,1966,YR1966,0.506072874,..,..,623390,..,..
Cyprus,CYP,1968,YR1968,3.766666666,..,..,635157,..,..
Cyprus,CYP,1970,YR1970,2.40018825,..,..,647446,..,..
Cyprus,CYP,1972,YR1972,4.832303619,..,..,661063,..,..
Cyprus,CYP,1974,YR1974,16.17666667,..,..,663254,..,..
Cyprus,CYP,1976,YR1976,3.854389722,1157.411499,..,662032,..,..
Cyprus,CYP,1978,YR1978,7.436283299,1929.400024,..,672249,..,..
Cyprus,CYP,1980,YR1980,13.51756058,4232.022949,..,683076,..,..
Cyprus,CYP,1982,YR1982,6.432797267,4122.784668,..,696497,..,..
Cyprus,CYP,1984,YR1984,5.99195111,4258.743652,..,719334,..,..
Cyprus,CYP,1986,YR1986,1.21836926,5642.631348,..,743105,..,..
Cyprus,CYP,1988,YR1988,3.429266315,7645.629883,..,766235,..,..
Cyprus,CYP,1990,YR1990,4.502054629,9641.575195,..,788351,..,..
Cyprus,CYP,1992,YR1992,6.510219531,11310.07227,..,810341,..,..
Cyprus,CYP,1994,YR1994,4.698589311,11617.69238,..,844667,..,..
Cyprus,CYP,1996,YR1996,2.978924865,15139.2207,..,880290,39.31,38.29787064
Cyprus,CYP,1998,YR1998,2.227707327,15092.82813,..,914548,34.29,33.51063919
Cyprus,CYP,2000,YR2000,4.141657647,14388.35254,5.30800056,947667,14.59,42.32804108
Cyprus,CYP,2002,YR2002,2.801155052,16093.21582,5.61565971,981440,36.17,32.27513123
Cyprus,CYP,2004,YR2004,2.286217068,23792.61914,5.40558147,1017875,6.85,41.74757385
Cyprus,CYP,2006,YR2006,2.30468733,26729.28125,5.46357489,1054418,7.24,48.79227066
Cyprus,CYP,2008,YR2008,4.669008419,35397.29688,6.01427698,1091026,5.94,51.92307663
Cyprus,CYP,2010,YR2010,2.430040841,31105.02734,6.50055742,1127816,6.3,47.86729813
Cyprus,CYP,2012,YR2012,2.3890541,28991.93555,6.53638792,1165397,5.6,54.9763031
Cyprus,CYP,2014,YR2014,-1.354988854,27244.35156,6.93137264,1201801,5.72,54.76190567
Cyprus,CYP,2016,YR2016,-1.429166667,24715.1543,6.65254688,1237112,5.32,54.76190567
Cyprus,CYP,2018,YR2018,1.435491195,29599.98633,6.82599831,1270737,5.24,52.83018875
Cyprus,CYP,2020,YR2020,-0.638422798,28649.01563,8.76033878,1302247,2.21,44.3396225
Cyprus,CYP,2022,YR2022,8.39548298,33938.94531,8.87060547,1331370,4.06,48.11320877
Cyprus,CYP,2024,YR2024,1.800230186,..,..,..,..,..
Czechia,CZE,1960,YR1960,..,..,..,9602006,..,..
Czechia,CZE,1962,YR1962,..,..,..,9624660,..,..
Czechia,CZE,1964,YR1964,..,..,..,9727804,..,..
Czechia,CZE,1966,YR1966,..,..,..,9821040,..,..
Czechia,CZE,1968,YR1968,..,..,..,9876346,..,..
Czechia,CZE,1970,YR1970,..,..,..,9858071,..,..
Czechia,CZE,1972,YR1972,..,..,..,9867632,..,..
Czechia,CZE,1974,YR1974,..,..,..,9988459,..,..
Czechia,CZE,1976,YR1976,..,..,..,10125939,..,..
Czechia,CZE,1978,YR1978,..,..,..,10242098,..,..
Czechia,CZE,1980,YR1980,..,..,..,10304193,..,..
Czechia,CZE,1982,YR1982,..,..,..,10314826,..,..
Czechia,CZE,1984,YR1984,..,..,..,10330213,..,..
Czechia,CZE,1986,YR1986,..,..,..,10342227,..,..
Czechia,CZE,1988,YR1988,..,..,..,10355276,..,..
Czechia,CZE,1990,YR1990,..,3969.367335,..,10333355,..,..
Czechia,CZE,1992,YR1992,11.08650007,3396.709724,..,10319123,..,..
Czechia,CZE,1994,YR1994,10.03942984,4663.286653,..,10333587,..,..
Czechia,CZE,1996,YR1996,8.758774729,6573.196431,..,10315241,5.92,63.29787064
Czechia,CZE,1998,YR1998,10.69836553,6526.596358,..,10294373,6.31,58.51063919
Czechia,CZE,2000,YR2000,3.775388292,6062.921528,5.70103025,10255063,5.44,39.68254089
Czechia,CZE,2002,YR2002,1.90298097,8101.260186,6.17736149,10196916,5.55,68.25396729
Czechia,CZE,2004,YR2004,2.760107817,11782.55467,6.35071039,10197101,6.85,52.91262054
Czechia,CZE,2006,YR2006,2.533992583,15259.07882,6.16380167,10238905,7.24,65.70048523
Czechia,CZE,2008,YR2008,6.358663802,22774.70451,6.33024931,10384603,5.94,69.2307663
Czechia,CZE,2010,YR2010,1.472727273,20160.43551,7.55343866,10474410,6.3,65.87677765
Czechia,CZE,2012,YR2012,3.287623066,20014.0354,7.59409809,10510785,5.6,69.19431305
Czechia,CZE,2014,YR2014,0.34398859,20038.41632,7.59510136,10525347,5.72,68.57142639
Czechia,CZE,2016,YR2016,0.683504209,18753.96867,7.3930459,10566332,5.32,65.7142868
Czechia,CZE,2018,YR2018,2.149494949,23705.93298,7.46030998,10629928,5.24,67.92453003
Czechia,CZE,2020,YR2020,3.161295285,23472.89155,9.15721989,10697858,2.21,64.15093994
Czechia,CZE,2022,YR2022,15.10016515,28282.22367,8.79904652,10672118,4.06,58.96226501
Czechia,CZE,2024,YR2024,2.435312024,..,..,..,..,..
Denmark,DNK,1960,YR1960,1.255230126,1389.021394,..,4579603,..,..
Denmark,DNK,1962,YR1962,7.377819548,1711.218138,..,4647727,..,..
Denmark,DNK,1964,YR1964,3.092783505,2049.397243,..,4722072,..,..
Denmark,DNK,1966,YR1966,7.064959697,2487.136271,..,4797381,..,..
Denmark,DNK,1968,YR1968,8.005207104,2776.135445,..,4864883,..,..
Denmark,DNK,1970,YR1970,6.514841417,3464.455183,..,4928757,..,..
Denmark,DNK,1972,YR1972,6.562360903,4653.955879,..,4991596,..,..
Denmark,DNK,1974,YR1974,15.27520622,6763.865929,..,5045297,..,..
Denmark,DNK,1976,YR1976,9.010290836,8773.339616,..,5072596,..,..
Denmark,DNK,1978,YR1978,10.21365457,11817.62509,..,5104248,..,..
Denmark,DNK,1980,YR1980,12.30532408,13822.15784,..,5123027,..,..
Denmark,DNK,1982,YR1982,10.12082568,11740.21991,..,5117810,..,..
Denmark,DNK,1984,YR1984,6.29077936,11516.68216,..,5111619,..,..
Denmark,DNK,1986,YR1986,3.678184119,17136.62974,..,5120534,..,..
Denmark,DNK,1988,YR1988,4.53513301,22524.57926,..,5129516,..,..
Denmark,DNK,1990,YR1990,2.641603064,26885.69942,..,5140939,..,..
Denmark,DNK,1992,YR1992,2.096044429,29579.49136,..,5171370,..,..
Denmark,DNK,1994,YR1994,1.992014638,29967.83039,..,5206180,..,..
Denmark,DNK,1996,YR1996,2.126298023,35621.98781,..,5263074,..,72.87233734
Denmark,DNK,1998,YR1998,1.84565122,33346.48843,..,5304219,..,75.53191376
Denmark,DNK,2000,YR2000,2.903282032,30722.02518,8.10438347,5339616,7.93,80.42327881
Denmark,DNK,2002,YR2002,2.424436612,33257.16226,8.70251179,5375931,6.42,83.06878662
Denmark,DNK,2004,YR2004,1.154356931,46625.0501,9.00743198,5404523,6.85,66.50485229
Denmark,DNK,2006,YR2006,1.924221385,52119.1788,9.16879559,5437272,7.24,64.25120544
Denmark,DNK,2008,YR2008,3.416267943,64616.66576,9.51134396,5493621,5.94,69.2307663
Denmark,DNK,2010,YR2010,2.31092437,58104.54456,10.60774708,5547683,6.3,67.29857635
Denmark,DNK,2012,YR2012,2.397914857,58443.77471,10.5219717,5591572,5.6,63.03317642
Denmark,DNK,2014,YR2014,0.56402054,62520.45097,10.30918217,5643475,5.72,67.61904907
Denmark,DNK,2016,YR2016,0.25,54500.92604,10.25162029,5728010,5.32,63.33333206
Denmark,DNK,2018,YR2018,0.813609467,61324.7665,10.09764194,5793636,5.24,65.09433746
Denmark,DNK,2020,YR2020,0.420711974,60985.48856,10.71854591,5831404,2.21,64.15093994
Denmark,DNK,2022,YR2022,7.696566999,68091.31911,9.4758625,5903037,4.06,61.320755
Denmark,DNK,2024,YR2024,1.372200498,..,..,..,..,..
Djibouti,DJI,1960,YR1960,..,..,..,86024,..,..
Djibouti,DJI,1962,YR1962,..,..,..,93283,..,..
Djibouti,DJI,1964,YR1964,..,..,..,103198,..,..
Djibouti,DJI,1966,YR1966,..,..,..,115269,..,..
Djibouti,DJI,1968,YR1968,..,..,..,128250,..,..
Djibouti,DJI,1970,YR1970,..,..,..,145175,..,..
Djibouti,DJI,1972,YR1972,..,..,..,166256,..,..
Djibouti,DJI,1974,YR1974,..,..,..,192613,..,..
Djibouti,DJI,1976,YR1976,..,..,..,230737,..,..
Djibouti,DJI,1978,YR1978,..,..,..,280031,..,..
Djibouti,DJI,1980,YR1980,12.05802357,..,..,325815,..,..
Djibouti,DJI,1982,YR1982,-2.410714286,..,..,356880,..,..
Djibouti,DJI,1984,YR1984,1.884715026,..,..,384053,..,..
Djibouti,DJI,1986,YR1986,18.14763345,..,..,426341,..,..
Djibouti,DJI,1988,YR1988,..,816.8746141,..,484523,..,..
Djibouti,DJI,1990,YR1990,..,780.4977194,..,579538,..,..
Djibouti,DJI,1992,YR1992,..,763.6592145,..,626010,..,..
Djibouti,DJI,1994,YR1994,..,784.5562074,..,626710,..,..
Djibouti,DJI,1996,YR1996,..,761.9436595,..,648348,..,14.36170197
Djibouti,DJI,1998,YR1998,..,735.3491079,..,699352,31.21,7.446808338
Djibouti,DJI,2000,YR2000,..,737.6121836,3.39641857,747318,..,17.98941803
Djibouti,DJI,2002,YR2002,0.637619554,743.0132704,3.75243783,795574,20.67,19.04761887
Djibouti,DJI,2004,YR2004,3.122262047,806.2616529,3.53544688,826124,..,18.93203926
Djibouti,DJI,2006,YR2006,3.483406997,898.4646281,4.21972466,855764,19.48,22.22222137
Djibouti,DJI,2008,YR2008,11.95862069,1119.152333,3.6125772,892734,..,36.05769348
Djibouti,DJI,2010,YR2010,3.950078759,1213.233526,3.35699701,930251,..,37.91469193
Djibouti,DJI,2012,YR2012,3.731209508,1400.193579,3.29730988,966747,14.24,37.91469193
Djibouti,DJI,2014,YR2014,1.341864943,2208.678103,2.95930099,1002717,14.41,10.47619057
Djibouti,DJI,2016,YR2016,2.738412087,2510.430008,2.7416594,1037653,..,13.80952358
Djibouti,DJI,2018,YR2018,0.14797085,2718.085323,2.51871514,1071882,..,28.77358437
Djibouti,DJI,2020,YR2020,1.777407838,2881.999245,2.32228446,1105188,..,16.98113251
Djibouti,DJI,2022,YR2022,5.17980848,3231.300153,2.49675012,1137096,..,16.03773499
Djibouti,DJI,2024,YR2024,..,..,..,..,..,..
Dominica,DMA,1960,YR1960,..,..,..,59372,..,..
Dominica,DMA,1962,YR1962,..,..,..,60948,..,..
Dominica,DMA,1964,YR1964,..,..,..,62587,..,..
Dominica,DMA,1966,YR1966,..,..,..,64507,..,..
Dominica,DMA,1968,YR1968,5.369919019,..,..,66732,..,..
Dominica,DMA,1970,YR1970,12.39349896,..,..,68908,..,..
Dominica,DMA,1972,YR1972,3.687995575,..,..,70060,..,..
Dominica,DMA,1974,YR1974,34.37607425,..,..,71091,..,..
Dominica,DMA,1976,YR1976,10.90249627,..,..,72017,..,..
Dominica,DMA,1978,YR1978,7.712579058,785.5758148,..,72724,..,..
Dominica,DMA,1980,YR1980,..,996.1913623,..,73083,..,..
Dominica,DMA,1982,YR1982,4.394594098,1231.669281,..,72688,..,..
Dominica,DMA,1984,YR1984,2.21799425,1514.892177,..,72056,..,..
Dominica,DMA,1986,YR1986,2.774233677,1892.865565,..,71406,..,..
Dominica,DMA,1988,YR1988,2.924591631,2423.325743,..,70608,..,..
Dominica,DMA,1990,YR1990,3.190923232,2892.981597,..,69627,..,..
Dominica,DMA,1992,YR1992,5.471825593,3376.260501,..,69325,..,..
Dominica,DMA,1994,YR1994,0.015136735,3805.202788,..,69477,..,..
Dominica,DMA,1996,YR1996,1.677164505,4210.99532,..,69410,22.39,37.23404312
Dominica,DMA,1998,YR1998,0.999147458,4664.242681,..,69124,27.24,35.63829803
Dominica,DMA,2000,YR2000,0.856946805,4867.398963,5.32374382,68511,21.26,30.15872955
Dominica,DMA,2002,YR2002,0.17005533,4873.6422,4.6531105,68367,24.36,33.33333206
Dominica,DMA,2004,YR2004,2.394109821,5348.949001,4.74520159,68649,..,60.19417572
Dominica,DMA,2006,YR2006,2.202391326,5671.770657,4.78092194,68806,19.23,56.0386467
Dominica,DMA,2008,YR2008,6.359921833,6654.499214,5.04968786,68854,..,57.69230652
Dominica,DMA,2010,YR2010,2.999366305,7171.552389,5.15711927,68859,18.44,57.81990433
Dominica,DMA,2012,YR2012,1.356771478,7031.399871,5.79509926,69118,14.45,63.03317642
Dominica,DMA,2014,YR2014,0.799250373,7395.302597,5.26141691,70373,..,67.61904907
Dominica,DMA,2016,YR2016,0.141816226,8278.447686,5.12308073,69606,18.67,64.76190186
Dominica,DMA,2018,YR2018,0.989191119,8137.565206,6.18495989,68174,..,66.98113251
Dominica,DMA,2020,YR2020,-0.727116413,7461.779332,6.12651205,67573,19.32,75.47169495
Dominica,DMA,2022,YR2022,7.780615252,9085.674128,6.31969738,66826,..,76.88679504
Dominica,DMA,2024,YR2024,..,..,..,..,..,..
Dominican Republic,DOM,1960,YR1960,-3.5621918,205.7315099,..,3268336,..,..
Dominican Republic,DOM,1962,YR1962,9.157127992,236.8147,..,3479936,..,..
Dominican Republic,DOM,1964,YR1964,2.107111501,277.2971582,..,3698559,..,..
Dominican Republic,DOM,1966,YR1966,0.262927257,250.8766915,..,3921847,..,..
Dominican Republic,DOM,1968,YR1968,0.035976399,259.5744384,..,4157189,..,..
Dominican Republic,DOM,1970,YR1970,3.816666666,337.6681237,..,4399290,..,..
Dominican Republic,DOM,1972,YR1972,8.640731556,427.2248464,..,4651883,..,..
Dominican Republic,DOM,1974,YR1974,13.14076737,595.3566778,..,4914197,..,..
Dominican Republic,DOM,1976,YR1976,7.765550239,762.778347,..,5180404,..,..
Dominican Republic,DOM,1978,YR1978,3.477850342,868.3973718,..,5451882,..,..
Dominican Republic,DOM,1980,YR1980,16.75313569,1180.180893,..,5729037,..,..
Dominican Republic,DOM,1982,YR1982,7.646243066,1376.268205,..,6007114,..,..
Dominican Republic,DOM,1984,YR1984,20.15167811,1843.524608,..,6289040,..,..
Dominican Republic,DOM,1986,YR1986,7.638972666,931.6595301,..,6571208,..,..
Dominican Republic,DOM,1988,YR1988,43.86383235,783.9131421,..,6855734,..,..
Dominican Republic,DOM,1990,YR1990,50.46247924,989.1639412,..,7151166,..,..
Dominican Republic,DOM,1992,YR1992,4.259026389,1558.297821,..,7447474,..,..
Dominican Republic,DOM,1994,YR1994,8.260767986,1891.670557,..,7741694,..,..
Dominican Republic,DOM,1996,YR1996,5.39929385,2270.865587,..,8032894,13.32,22.87234116
Dominican Republic,DOM,1998,YR1998,4.831665586,2607.854573,..,8310362,13.32,16.48936081
Dominican Republic,DOM,2000,YR2000,7.724135662,2831.458836,4.88427496,8584190,22.99,29.10052872
Dominican Republic,DOM,2002,YR2002,5.223367698,3065.603295,4.98649025,8852235,13.03,31.21693039
Dominican Republic,DOM,2004,YR2004,51.46085983,2451.691616,4.2877388,9104892,13.07,21.35922241
Dominican Republic,DOM,2006,YR2006,7.572805239,4055.142703,3.99365425,9341183,12.39,28.98550797
Dominican Republic,DOM,2008,YR2008,10.6446211,5026.840911,4.56146193,9573130,11.71,29.80769157
Dominican Republic,DOM,2010,YR2010,6.329932201,5484.646379,4.92355442,9820175,10.68,30.33175278
Dominican Republic,DOM,2012,YR2012,3.694497079,6025.725827,5.04897833,10070411,12.77,40.28435898
Dominican Republic,DOM,2014,YR2014,2.998642261,6512.507714,4.79757166,10315528,..,38.09523773
Dominican Republic,DOM,2016,YR2016,1.614166072,7174.823496,4.57663107,10551430,10.12,43.33333206
Dominican Republic,DOM,2018,YR2018,3.56443426,7934.981412,4.12601566,10782053,9.24,35.37735748
Dominican Republic,DOM,2020,YR2020,3.781031799,7162.291752,4.93967104,11008300,8.85,39.62264252
Dominican Republic,DOM,2022,YR2022,8.811092093,10109.5234,4.57254791,11230734,8.25,43.39622498
Dominican Republic,DOM,2024,YR2024,3.30223339,..,..,..,..,..
Ecuador,ECU,1960,YR1960,1.676599126,450.7763171,..,4590891,..,..
Ecuador,ECU,1962,YR1962,2.870885315,312.4354102,..,4859269,..,..
Ecuador,ECU,1964,YR1964,4.034204538,435.7634632,..,5149918,..,..
Ecuador,ECU,1966,YR1966,5.453726928,444.623112,..,5463748,..,..
Ecuador,ECU,1968,YR1968,4.31765613,445.2279892,..,5799680,..,..
Ecuador,ECU,1970,YR1970,5.17127612,465.0403198,..,6155387,..,..
Ecuador,ECU,1972,YR1972,7.5251179,487.9720472,..,6529034,..,..
Ecuador,ECU,1974,YR1974,22.70408162,953.8465583,..,6918573,..,..
Ecuador,ECU,1976,YR1976,10.17463012,1241.910985,..,7320912,..,..
Ecuador,ECU,1978,YR1978,13.09813858,1541.137604,..,7736167,..,..
Ecuador,ECU,1980,YR1980,11.90928938,2189.784177,..,8165877,..,..
Ecuador,ECU,1982,YR1982,16.28448805,2314.383545,..,8611298,..,..
Ecuador,ECU,1984,YR1984,31.21958151,1863.682135,..,9074782,..,..
Ecuador,ECU,1986,YR1986,23.03022611,1604.246981,..,9545998,..,..
Ecuador,ECU,1988,YR1988,58.21628654,1303.779061,..,10010808,..,..
Ecuador,ECU,1990,YR1990,48.519113,1455.007485,..,10473673,..,..
Ecuador,ECU,1992,YR1992,54.60782151,1655.446132,..,10930128,..,..
Ecuador,ECU,1994,YR1994,27.31088179,1996.858948,..,11372197,12.04,..
Ecuador,ECU,1996,YR1996,24.41145922,2135.847937,..,11810950,11.72,9.042552948
Ecuador,ECU,1998,YR1998,36.09843316,2284.015728,..,12251184,11.96,21.80850983
Ecuador,ECU,2000,YR2000,96.09637569,1382.234218,3.4825685,12689206,11.57,14.81481457
Ecuador,ECU,2002,YR2002,12.48359801,2059.158554,4.72293711,13138472,12.05,14.28571415
Ecuador,ECU,2004,YR2004,2.743231989,2586.209147,5.790411,13608701,10.98,11.1650486
Ecuador,ECU,2006,YR2006,3.298748463,3243.670104,5.84506655,14086131,9.02,12.56038666
Ecuador,ECU,2008,YR2008,8.40009594,4194.757507,5.52174902,14575202,7.56,13.46153831
Ecuador,ECU,2010,YR2010,3.554377346,4520.30959,6.34925699,15076695,9.02,16.587677
Ecuador,ECU,2012,YR2012,5.10172181,5634.083932,6.87859821,15572194,7.27,18.48341179
Ecuador,ECU,2014,YR2014,3.589220166,6405.799793,6.76601839,16035124,6.53,30.95238113
Ecuador,ECU,2016,YR2016,1.728264633,5917.637713,7.58817482,16505139,8.27,30.47619057
Ecuador,ECU,2018,YR2018,-0.224103246,6303.918925,7.83214045,17049547,6.95,30.18867874
Ecuador,ECU,2020,YR2020,-0.338872393,5463.645096,8.6576252,17546065,6.86,23.11320686
Ecuador,ECU,2022,YR2022,3.466169722,6540.998245,7.53457022,17823897,6.86,18.39622688
Ecuador,ECU,2024,YR2024,1.547325156,..,..,..,..,..
"Egypt, Arab Rep.",EGY,1960,YR1960,0.332829047,156.3873909,..,26896479,..,..
"Egypt, Arab Rep.",EGY,1962,YR1962,-3.003076588,142.409573,..,28337013,..,..
"Egypt, Arab Rep.",EGY,1964,YR1964,3.660982949,157.7165323,..,29858922,..,..
"Egypt, Arab Rep.",EGY,1966,YR1966,9.036440658,168.0543429,..,31406541,..,..
"Egypt, Arab Rep.",EGY,1968,YR1968,-1.675759425,179.7740967,..,32998319,..,..
"Egypt, Arab Rep.",EGY,1970,YR1970,3.762898596,232.2724923,..,34623990,..,..
"Egypt, Arab Rep.",EGY,1972,YR1972,2.102363346,256.4828156,..,36258328,..,..
"Egypt, Arab Rep.",EGY,1974,YR1974,10.02431775,243.0614739,..,37969667,..,..
"Egypt, Arab Rep.",EGY,1976,YR1976,10.31741589,334.6099185,..,39795557,..,..
"Egypt, Arab Rep.",EGY,1978,YR1978,11.07810038,354.6742463,..,41761431,..,..
"Egypt, Arab Rep.",EGY,1980,YR1980,20.81922493,493.0535733,..,43950413,..,..
"Egypt, Arab Rep.",EGY,1982,YR1982,14.82300885,595.9188982,..,46407611,..,..
"Egypt, Arab Rep.",EGY,1984,YR1984,17.03636638,689.8076755,..,49247334,..,..
"Egypt, Arab Rep.",EGY,1986,YR1986,23.86428982,790.2017937,..,52206295,..,..
"Egypt, Arab Rep.",EGY,1988,YR1988,17.66348615,633.8393695,..,55187681,..,..
"Egypt, Arab Rep.",EGY,1990,YR1990,16.75637471,735.982935,..,58396618,..,..
"Egypt, Arab Rep.",EGY,1992,YR1992,13.63742417,680.7992386,..,61480660,..,..
"Egypt, Arab Rep.",EGY,1994,YR1994,8.154231286,807.3035372,..,64285589,..,..
"Egypt, Arab Rep.",EGY,1996,YR1996,7.187103697,1008.976376,..,67028048,..,13.29787254
"Egypt, Arab Rep.",EGY,1998,YR1998,3.872575464,1212.822598,..,69943294,23.56,26.59574509
"Egypt, Arab Rep.",EGY,2000,YR2000,2.683805353,1366.092744,4.92244291,73083284,52.34,30.15872955
"Egypt, Arab Rep.",EGY,2002,YR2002,2.73723855,1116.828846,5.5107379,76239137,19.52,20.1058197
"Egypt, Arab Rep.",EGY,2004,YR2004,11.27061933,991.2556891,4.85732365,79477443,45.19,12.62135887
"Egypt, Arab Rep.",EGY,2006,YR2006,7.644526445,1298.979002,4.84190083,82700403,43.29,13.52657032
"Egypt, Arab Rep.",EGY,2008,YR2008,18.31683168,1896.215943,4.46634817,85864789,37.05,16.82692337
"Egypt, Arab Rep.",EGY,2010,YR2010,11.26518827,2455.081946,4.15319157,89196072,33.01,10.42654037
"Egypt, Arab Rep.",EGY,2012,YR2012,7.111729433,2996.067707,4.45891809,93161001,28.77,5.213270187
"Egypt, Arab Rep.",EGY,2014,YR2014,10.07021547,3133.391023,4.77415323,97528654,23.19,6.190476418
"Egypt, Arab Rep.",EGY,2016,YR2016,13.81360621,3270.628777,5.07462406,101644589,29.55,6.666666508
"Egypt, Arab Rep.",EGY,2018,YR2018,14.40146578,2484.703156,4.74892998,105682094,35.27,7.547169685
"Egypt, Arab Rep.",EGY,2020,YR2020,5.04493289,3511.11381,4.15384626,109315124,..,8.018867493
"Egypt, Arab Rep.",EGY,2022,YR2022,13.89566098,4233.307837,4.70438385,112618250,..,10.84905624
"Egypt, Arab Rep.",EGY,2024,YR2024,..,..,..,..,..,..
El Salvador,SLV,1960,YR1960,-0.038974199,..,..,2791459,..,..
El Salvador,SLV,1962,YR1962,0.096153846,..,..,2949204,..,..
El Salvador,SLV,1964,YR1964,1.757566204,..,..,3111883,..,..
El Salvador,SLV,1966,YR1966,-1.187355436,282.4463736,..,3290961,..,..
El Salvador,SLV,1968,YR1968,2.537680713,290.0965102,..,3480773,..,..
El Salvador,SLV,1970,YR1970,2.817853922,308.7988539,..,3668796,..,..
El Salvador,SLV,1972,YR1972,1.535215367,328.509448,..,3846830,..,..
El Salvador,SLV,1974,YR1974,16.89903684,413.4034764,..,4029671,..,..
El Salvador,SLV,1976,YR1976,7.034689632,552.9949339,..,4210310,..,..
El Salvador,SLV,1978,YR1978,13.27512329,711.8522642,..,4394114,..,..
El Salvador,SLV,1980,YR1980,17.36696826,787.1496055,..,4540382,..,..
El Salvador,SLV,1982,YR1982,11.72888687,735.3609547,..,4622477,..,..
El Salvador,SLV,1984,YR1984,11.50716951,763.1682181,..,4798003,..,..
El Salvador,SLV,1986,YR1986,31.93501615,755.4251358,..,4992769,..,..
El Salvador,SLV,1988,YR1988,19.76116179,806.3923533,..,5195833,..,..
El Salvador,SLV,1990,YR1990,23.99916511,892.1827152,..,5399726,..,..
El Salvador,SLV,1992,YR1992,11.21448138,1040.781641,..,5585609,..,..
El Salvador,SLV,1994,YR1994,10.58580665,1343.929057,..,5714129,..,..
El Salvador,SLV,1996,YR1996,9.788920402,1651.310168,..,5805286,11.41,21.27659607
El Salvador,SLV,1998,YR1998,2.547059776,1859.730859,..,5880781,10.8,30.31914902
El Salvador,SLV,2000,YR2000,2.271287568,1982.870935,7.84342813,5943366,10.44,37.0370369
El Salvador,SLV,2002,YR2002,1.865525036,2115.411874,7.88565731,5986631,7.14,40.2116394
El Salvador,SLV,2004,YR2004,4.451943924,2285.689074,8.1302166,6004671,7.11,27.6699028
El Salvador,SLV,2006,YR2006,4.037123594,2665.618072,8.69338894,6002319,5.56,26.57004738
El Salvador,SLV,2008,YR2008,6.707922935,2983.248296,8.49585915,6029297,4.9,29.80769157
El Salvador,SLV,2010,YR2010,1.179335769,3040.07301,8.90416241,6068249,8.64,33.175354
El Salvador,SLV,2012,YR2012,1.729734816,3497.912569,8.60625362,6113975,4.87,40.28435898
El Salvador,SLV,2014,YR2014,1.141344675,3666.012489,8.5989418,6162955,4.54,30.95238113
El Salvador,SLV,2016,YR2016,0.604049087,3901.34015,8.71456337,6200800,..,29.04761887
El Salvador,SLV,2018,YR2018,1.090330006,4183.54621,8.322752,6219807,4.85,19.81132126
El Salvador,SLV,2020,YR2020,-0.371590212,3997.192796,8.95105076,6234673,4.76,26.88679314
El Salvador,SLV,2022,YR2022,7.198616156,5093.518339,9.84079742,6280319,4.51,19.3396225
El Salvador,SLV,2024,YR2024,0.853782293,..,..,..,..,..
Equatorial Guinea,GNQ,1960,YR1960,..,..,..,269807,..,..
Equatorial Guinea,GNQ,1962,YR1962,..,132.9118591,..,280286,..,..
Equatorial Guinea,GNQ,1964,YR1964,..,177.8264176,..,291942,..,..
Equatorial Guinea,GNQ,1966,YR1966,..,226.6949639,..,304859,..,..
Equatorial Guinea,GNQ,1968,YR1968,..,211.7437587,..,318849,..,..
Equatorial Guinea,GNQ,1970,YR1970,..,206.7668587,..,320803,..,..
Equatorial Guinea,GNQ,1972,YR1972,..,211.424762,..,309468,..,..
Equatorial Guinea,GNQ,1974,YR1974,..,319.2368367,..,294953,..,..
Equatorial Guinea,GNQ,1976,YR1976,..,368.8313743,..,281031,..,..
Equatorial Guinea,GNQ,1978,YR1978,..,..,..,276531,..,..
Equatorial Guinea,GNQ,1980,YR1980,..,175.4510081,..,288644,..,..
Equatorial Guinea,GNQ,1982,YR1982,..,137.4688027,..,322216,..,..
Equatorial Guinea,GNQ,1984,YR1984,..,137.9036786,..,364899,..,..
Equatorial Guinea,GNQ,1986,YR1986,-17.64042409,188.787027,..,404728,..,..
Equatorial Guinea,GNQ,1988,YR1988,2.523659306,228.6692328,..,439651,..,..
Equatorial Guinea,GNQ,1990,YR1990,0.857871551,236.4021884,..,474274,..,..
Equatorial Guinea,GNQ,1992,YR1992,-4.278743156,263.7335471,..,510770,..,..
Equatorial Guinea,GNQ,1994,YR1994,31.84101684,183.2394827,..,550138,..,..
Equatorial Guinea,GNQ,1996,YR1996,4.540727715,391.6868682,..,593492,..,21.27659607
Equatorial Guinea,GNQ,1998,YR1998,7.935710698,577.8685253,..,641474,24.5,22.34042549
Equatorial Guinea,GNQ,2000,YR2000,4.802288869,1487.316551,1.10719955,703279,..,25.92592621
Equatorial Guinea,GNQ,2002,YR2002,7.592478498,2264.210656,2.74982214,797957,23.91,17.46031761
Equatorial Guinea,GNQ,2004,YR2004,4.219687871,4901.301274,1.45293236,899917,..,26.21359253
Equatorial Guinea,GNQ,2006,YR2006,4.415899842,10184.88412,1.29171872,990343,..,33.33333206
Equatorial Guinea,GNQ,2008,YR2008,6.551766912,18210.5553,1.11555505,1084530,..,33.65384674
Equatorial Guinea,GNQ,2010,YR2010,7.78916548,13720.16587,1.62134743,1189085,..,37.44075775
Equatorial Guinea,GNQ,2012,YR2012,3.656620483,17308.57239,1.51459455,1293483,..,39.33649445
Equatorial Guinea,GNQ,2014,YR2014,4.309998661,15548.66247,1.7540164,1399828,..,20.95238113
Equatorial Guinea,GNQ,2016,YR2016,1.411939155,7453.197979,2.85941601,1508186,..,25.7142849
Equatorial Guinea,GNQ,2018,YR2018,1.060074107,8102.470848,2.85223722,1616422,..,28.77358437
Equatorial Guinea,GNQ,2020,YR2020,4.766695239,5764.055029,3.99582434,1716468,..,23.58490562
Equatorial Guinea,GNQ,2022,YR2022,4.786717047,7589.299649,2.91350007,1803545,24.63,22.64151001
Equatorial Guinea,GNQ,2024,YR2024,..,..,..,..,..,..
Eritrea,ERI,1960,YR1960,..,..,..,972547,..,..
Eritrea,ERI,1962,YR1962,..,..,..,1019788,..,..
Eritrea,ERI,1964,YR1964,..,..,..,1071287,..,..
Eritrea,ERI,1966,YR1966,..,..,..,1124957,..,..
Eritrea,ERI,1968,YR1968,..,..,..,1181737,..,..
Eritrea,ERI,1970,YR1970,..,..,..,1243453,..,..
Eritrea,ERI,1972,YR1972,..,..,..,1309235,..,..
Eritrea,ERI,1974,YR1974,..,..,..,1375688,..,..
Eritrea,ERI,1976,YR1976,..,..,..,1443807,..,..
Eritrea,ERI,1978,YR1978,..,..,..,1522378,..,..
Eritrea,ERI,1980,YR1980,..,..,..,1605797,..,..
Eritrea,ERI,1982,YR1982,..,..,..,1695461,..,..
Eritrea,ERI,1984,YR1984,..,..,..,1771730,..,..
Eritrea,ERI,1986,YR1986,..,..,..,1845164,..,..
Eritrea,ERI,1988,YR1988,..,..,..,1938255,..,..
Eritrea,ERI,1990,YR1990,..,..,..,2032737,..,..
Eritrea,ERI,1992,YR1992,..,265.240963,..,1798748,..,..
Eritrea,ERI,1994,YR1994,..,277.8014236,..,1913915,..,..
Eritrea,ERI,1996,YR1996,..,325.8387054,..,2128464,..,5.851063728
Eritrea,ERI,1998,YR1998,..,341.917364,..,2180419,..,7.446808338
Eritrea,ERI,2000,YR2000,..,314.3573968,5.76670074,2247031,..,8.994709015
Eritrea,ERI,2002,YR2002,..,304.7757565,6.68857431,2392978,10.5,19.04761887
Eritrea,ERI,2004,YR2004,..,426.8409479,7.00984907,2598284,..,15.04854393
Eritrea,ERI,2006,YR2006,..,447.9974047,6.85727453,2703502,9.24,11.594203
Eritrea,ERI,2008,YR2008,..,490.066956,6.57807541,2816327,..,13.46153831
Eritrea,ERI,2010,YR2010,..,539.6995121,4.81866503,2945186,..,10.42654037
Eritrea,ERI,2012,YR2012,..,..,3.74245787,3036988,..,15.63981056
Eritrea,ERI,2014,YR2014,..,..,3.91432285,3095173,..,10
Eritrea,ERI,2016,YR2016,..,..,3.73838949,3124698,..,13.33333302
Eritrea,ERI,2018,YR2018,..,..,4.24748898,3192760,..,13.679245
Eritrea,ERI,2020,YR2020,..,..,4.31046677,3291271,..,10.37735844
Eritrea,ERI,2022,YR2022,..,..,3.87447667,3409447,..,10.84905624
Eritrea,ERI,2024,YR2024,..,..,..,..,..,..
Estonia,EST,1960,YR1960,..,..,..,1211537,..,..
Estonia,EST,1962,YR1962,..,..,..,1241623,..,..
Estonia,EST,1964,YR1964,..,..,..,1277086,..,..
Estonia,EST,1966,YR1966,..,..,..,1308597,..,..
Estonia,EST,1968,YR1968,..,..,..,1331214,..,..
Estonia,EST,1970,YR1970,..,..,..,1360076,..,..
Estonia,EST,1972,YR1972,..,..,..,1392518,..,..
Estonia,EST,1974,YR1974,..,..,..,1418169,..,..
Estonia,EST,1976,YR1976,..,..,..,1439576,..,..
Estonia,EST,1978,YR1978,..,..,..,1460188,..,..
Estonia,EST,1980,YR1980,..,..,..,1477219,..,..
Estonia,EST,1982,YR1982,..,..,..,1498414,..,..
Estonia,EST,1984,YR1984,..,..,..,1518617,..,..
Estonia,EST,1986,YR1986,..,..,..,1540190,..,..
Estonia,EST,1988,YR1988,..,..,..,1561900,..,..
Estonia,EST,1990,YR1990,..,..,..,1569174,..,..
Estonia,EST,1992,YR1992,..,..,..,1533091,..,..
Estonia,EST,1994,YR1994,47.65469062,2819.126121,..,1462514,..,..
Estonia,EST,1996,YR1996,23.05034335,3380.926302,..,1415594,0.03,50
Estonia,EST,1998,YR1998,8.208333333,4093.392477,..,1386156,0,48.93616867
Estonia,EST,2000,YR2000,4.018489525,4070.609024,5.17029095,1396985,8.36,60.84656143
Estonia,EST,2002,YR2002,3.571912702,5343.183108,4.70329475,1379350,8.03,62.9629631
Estonia,EST,2004,YR2004,3.048111075,8916.072827,5.33758926,1362550,6.85,53.88349533
Estonia,EST,2006,YR2006,4.437620424,12641.4801,4.97390509,1346810,7.24,54.10628128
Estonia,EST,2008,YR2008,10.36235803,18205.90641,5.95724869,1337090,5.94,50
Estonia,EST,2010,YR2010,2.97204512,14663.7041,6.59433842,1331475,6.3,53.55450058
Estonia,EST,2012,YR2012,3.933399873,17568.2138,6.09506845,1322696,5.6,56.39810562
Estonia,EST,2014,YR2014,-0.106175147,20581.7899,6.36199951,1314545,5.72,60.47618866
Estonia,EST,2016,YR2016,0.148684908,18666.37365,6.70240974,1315790,5.32,57.1428566
Estonia,EST,2018,YR2018,3.436326884,23618.13613,6.6912818,1321977,5.24,54.71697998
Estonia,EST,2020,YR2020,-0.444531098,23933.99394,7.57906437,1329522,2.21,57.07546997
Estonia,EST,2022,YR2022,19.39826341,28451.14778,6.98701143,1348840,4.06,56.13207626
Estonia,EST,2024,YR2024,3.520560533,..,..,..,..,..
Eswatini,SWZ,1960,YR1960,..,101.5727998,..,345337,..,..
Eswatini,SWZ,1962,YR1962,..,127.0957664,..,361365,..,..
Eswatini,SWZ,1964,YR1964,..,171.6084098,..,378656,..,..
Eswatini,SWZ,1966,YR1966,3.177521008,192.74454,..,398766,..,..
Eswatini,SWZ,1968,YR1968,3.449425095,190.3865901,..,419147,..,..
Eswatini,SWZ,1970,YR1970,1.849539566,254.1611255,..,441216,..,..
Eswatini,SWZ,1972,YR1972,2.366332185,315.0284662,..,465788,..,..
Eswatini,SWZ,1974,YR1974,19.28777545,536.1610038,..,492988,..,..
Eswatini,SWZ,1976,YR1976,6.530912659,520.7996257,..,523330,..,..
Eswatini,SWZ,1978,YR1978,8.517614763,609.96065,..,558446,..,..
Eswatini,SWZ,1980,YR1980,18.6839754,908.3756018,..,596644,..,..
Eswatini,SWZ,1982,YR1982,10.80742134,843.0430069,..,637652,..,..
Eswatini,SWZ,1984,YR1984,12.93972664,726.3451186,..,680783,..,..
Eswatini,SWZ,1986,YR1986,13.73707533,611.2981582,..,734732,..,..
Eswatini,SWZ,1988,YR1988,20.39456228,865.2515444,..,799798,..,..
Eswatini,SWZ,1990,YR1990,13.09228991,1277.69173,..,872428,..,..
Eswatini,SWZ,1992,YR1992,7.558295363,1361.81698,..,943416,..,..
Eswatini,SWZ,1994,YR1994,13.76932488,1461.364001,..,971212,..,..
Eswatini,SWZ,1996,YR1996,6.425213303,1619.191197,..,989841,..,18.61702156
Eswatini,SWZ,1998,YR1998,8.109965636,1546.515193,..,1019653,..,21.80850983
Eswatini,SWZ,2000,YR2000,12.20853585,1668.974913,4.60951757,1041414,..,24.86772537
Eswatini,SWZ,2002,YR2002,12.01971547,1351.865502,5.52298307,1059441,11.92,26.98412704
Eswatini,SWZ,2004,YR2004,3.445335073,2581.241728,6.81432486,1073159,9.67,26.21359253
Eswatini,SWZ,2006,YR2006,5.304639463,3035.061561,7.82560062,1084436,15.39,22.70531464
Eswatini,SWZ,2008,YR2008,12.65746019,2999.828169,8.85792923,1098091,25.05,25.48077011
Eswatini,SWZ,2010,YR2010,4.509236918,3992.951996,8.5912571,1111650,12.55,26.54028511
Eswatini,SWZ,2012,YR2012,8.939646828,4347.995693,7.82047606,1123863,14.64,20.85308075
Eswatini,SWZ,2014,YR2014,5.681348858,3740.692776,7.25596571,1136299,2.46,18.5714283
Eswatini,SWZ,2016,YR2016,7.847274591,3223.920041,6.82044792,1149507,2.55,16.66666603
Eswatini,SWZ,2018,YR2018,4.815061675,3986.105572,7.31937742,1168929,2.27,19.3396225
Eswatini,SWZ,2020,YR2020,..,3442.321653,7.07603502,1192729,4.07,31.13207626
Eswatini,SWZ,2022,YR2022,..,3852.085733,7.2226615,1218917,3.15,23.58490562
Eswatini,SWZ,2024,YR2024,..,..,..,..,..,..
Ethiopia,ETH,1960,YR1960,..,75.33960907,..,21376693,..,..
Ethiopia,ETH,1962,YR1962,..,77.79018498,..,22465126,..,..
Ethiopia,ETH,1964,YR1964,..,83.83686483,..,23666548,..,..
Ethiopia,ETH,1966,YR1966,-1.361867705,93.15494679,..,24952689,..,..
Ethiopia,ETH,1968,YR1968,0.182612666,99.4743651,..,26337930,..,..
Ethiopia,ETH,1970,YR1970,10.12195122,109.4304663,..,27829128,..,..
Ethiopia,ETH,1972,YR1972,-6.081511972,119.8399971,..,29374608,..,..
Ethiopia,ETH,1974,YR1974,8.592155974,147.8557225,..,30957273,..,..
Ethiopia,ETH,1976,YR1976,28.53783982,151.9561866,..,32534418,..,..
Ethiopia,ETH,1978,YR1978,14.30811446,178.3024806,..,33734592,..,..
Ethiopia,ETH,1980,YR1980,4.482537806,203.6853944,..,34428514,..,..
Ethiopia,ETH,1982,YR1982,5.890061077,215.2509855,..,36701290,..,..
Ethiopia,ETH,1984,YR1984,8.417273783,214.2288604,..,38735722,..,..
Ethiopia,ETH,1986,YR1986,-9.808765071,245.9772288,..,41037656,..,..
Ethiopia,ETH,1988,YR1988,7.080715321,253.2482625,..,44150825,..,..
Ethiopia,ETH,1990,YR1990,5.152481242,262.1089711,..,47609755,..,..
Ethiopia,ETH,1992,YR1992,10.52744401,207.4064009,..,51853747,..,..
Ethiopia,ETH,1994,YR1994,7.593876002,127.6859235,..,55611508,..,..
Ethiopia,ETH,1996,YR1996,-8.484248689,147.3274589,..,59467635,..,6.382978916
Ethiopia,ETH,1998,YR1998,0.894801694,126.4650958,..,63363524,..,12.76595783
Ethiopia,ETH,2000,YR2000,0.662458109,122.2692026,4.36504698,67411494,..,8.994709015
Ethiopia,ETH,2002,YR2002,0.675089102,109.5938136,4.7126298,71635517,22.06,3.703703642
Ethiopia,ETH,2004,YR2004,3.327370479,133.1698125,4.31281853,76077206,..,4.368932247
Ethiopia,ETH,2006,YR2006,12.29947631,189.3457375,4.45757294,80703490,17.89,1.449275374
Ethiopia,ETH,2008,YR2008,44.35668588,316.4104751,4.28063869,85543668,19.41,1.923076868
Ethiopia,ETH,2010,YR2010,8.14926403,330.6194128,5.46637249,90538514,19.74,3.317535639
Ethiopia,ETH,2012,YR2012,23.60041768,452.1010319,4.5395956,95798767,19.89,4.739336491
Ethiopia,ETH,2014,YR2014,6.890019516,549.9865771,4.03365517,101115610,..,7.142857075
Ethiopia,ETH,2016,YR2016,6.628133372,696.1958847,3.60033751,106718162,..,5.714285851
Ethiopia,ETH,2018,YR2018,13.83303566,747.9681436,3.30371761,112664152,18.45,6.603773594
Ethiopia,ETH,2020,YR2020,20.35634686,905.3131758,3.48096275,118917671,..,3.773584843
Ethiopia,ETH,2022,YR2022,33.88987971,1011.073286,2.85274577,125384287,..,1.415094376
Ethiopia,ETH,2024,YR2024,..,..,..,..,..,..
Faroe Islands,FRO,1960,YR1960,..,..,..,34127,..,..
Faroe Islands,FRO,1962,YR1962,..,..,..,34963,..,..
Faroe Islands,FRO,1964,YR1964,..,..,..,35847,..,..
Faroe Islands,FRO,1966,YR1966,..,1749.161535,..,36816,..,..
Faroe Islands,FRO,1968,YR1968,..,1735.534256,..,37560,..,..
Faroe Islands,FRO,1970,YR1970,..,2219.376867,..,38269,..,..
Faroe Islands,FRO,1972,YR1972,..,3046.45915,..,39172,..,..
Faroe Islands,FRO,1974,YR1974,..,4906.275143,..,40106,..,..
Faroe Islands,FRO,1976,YR1976,..,6593.621293,..,41020,..,..
Faroe Islands,FRO,1978,YR1978,..,9479.437545,..,41968,..,..
Faroe Islands,FRO,1980,YR1980,..,11446.28297,..,43072,..,..
Faroe Islands,FRO,1982,YR1982,..,10052.91923,..,44171,..,..
Faroe Islands,FRO,1984,YR1984,..,9437.293474,..,45141,..,..
Faroe Islands,FRO,1986,YR1986,..,14933.86852,..,46131,..,..
Faroe Islands,FRO,1988,YR1988,..,20453.53092,..,47355,..,..
Faroe Islands,FRO,1990,YR1990,..,20125.79407,..,47740,..,..
Faroe Islands,FRO,1992,YR1992,..,19300.6622,..,47287,..,..
Faroe Islands,FRO,1994,YR1994,..,16976.30954,..,44694,..,..
Faroe Islands,FRO,1996,YR1996,..,22706.21649,..,43580,..,..
Faroe Islands,FRO,1998,YR1998,..,24729.01991,..,44674,..,..
Faroe Islands,FRO,2000,YR2000,..,23322.75934,..,45754,..,..
Faroe Islands,FRO,2002,YR2002,..,26937.65056,..,47335,..,..
Faroe Islands,FRO,2004,YR2004,..,35647.54404,..,48384,..,..
Faroe Islands,FRO,2006,YR2006,..,41743.68128,..,48335,..,..
Faroe Islands,FRO,2008,YR2008,..,51287.89111,..,48547,..,..
Faroe Islands,FRO,2010,YR2010,..,47923.15154,..,48657,..,..
Faroe Islands,FRO,2012,YR2012,..,50261.96163,..,48291,..,..
Faroe Islands,FRO,2014,YR2014,..,60172.06325,..,48428,..,..
Faroe Islands,FRO,2016,YR2016,..,56875.28038,..,49464,..,..
Faroe Islands,FRO,2018,YR2018,..,62524.03874,..,50998,..,..
Faroe Islands,FRO,2020,YR2020,..,62236.08666,..,52571,..,..
Faroe Islands,FRO,2022,YR2022,..,66108.73365,..,53952,..,..
Faroe Islands,FRO,2024,YR2024,..,..,..,..,..,..
Fiji,FJI,1960,YR1960,..,277.4315355,..,404887,..,..
Fiji,FJI,1962,YR1962,..,285.473073,..,430536,..,..
Fiji,FJI,1964,YR1964,..,305.5322031,..,458324,..,..
Fiji,FJI,1966,YR1966,..,309.574409,..,486487,..,..
Fiji,FJI,1968,YR1968,..,327.3574165,..,510002,..,..
Fiji,FJI,1970,YR1970,4.124178563,413.9372165,..,531188,..,..
Fiji,FJI,1972,YR1972,21.97850406,575.2174821,..,550499,..,..
Fiji,FJI,1974,YR1974,14.49846951,984.3135239,..,567489,..,..
Fiji,FJI,1976,YR1976,11.43243643,1186.166485,..,585534,..,..
Fiji,FJI,1978,YR1978,6.108071005,1354.811441,..,612091,..,..
Fiji,FJI,1980,YR1980,14.49287441,1873.31098,..,641975,..,..
Fiji,FJI,1982,YR1982,7.031556894,1773.143925,..,673414,..,..
Fiji,FJI,1984,YR1984,5.291217611,1666.865725,..,706716,..,..
Fiji,FJI,1986,YR1986,1.798842484,1745.241266,..,739306,..,..
Fiji,FJI,1988,YR1988,11.75832688,1463.047202,..,758697,..,..
Fiji,FJI,1990,YR1990,8.19137132,1728.940769,..,773316,..,..
Fiji,FJI,1992,YR1992,4.883022716,1951.255929,..,785346,..,..
Fiji,FJI,1994,YR1994,0.816666667,2297.180059,..,794771,..,..
Fiji,FJI,1996,YR1996,3.050161812,2648.327663,..,803789,..,49.46808624
Fiji,FJI,1998,YR1998,5.711681604,2010.496361,..,822258,..,52.12765884
Fiji,FJI,2000,YR2000,1.0921646,1995.720712,3.42441177,840909,..,30.68782997
Fiji,FJI,2002,YR2002,0.762032086,2136.567941,2.98349524,858049,..,39.15343857
Fiji,FJI,2004,YR2004,2.827485194,3097.190967,3.25768542,874366,18.46,39.80582428
Fiji,FJI,2006,YR2006,2.490836388,3455.105999,3.34798193,890365,21.06,27.05314064
Fiji,FJI,2008,YR2008,7.732278579,3899.922315,3.18467116,903399,21.78,25.48077011
Fiji,FJI,2010,YR2010,3.689012297,3449.144529,3.41664124,910419,21.3,24.17061615
Fiji,FJI,2012,YR2012,3.423375234,4341.403387,3.2655499,914918,21.67,28.90995216
Fiji,FJI,2014,YR2014,0.519306475,5293.356791,3.36860466,917585,..,52.38095093
Fiji,FJI,2016,YR2016,3.863225382,5363.790256,3.27979708,919166,..,61.90476227
Fiji,FJI,2018,YR2018,4.081476376,6085.419792,4.10572624,917180,36.05,61.320755
Fiji,FJI,2020,YR2020,-2.595243259,4844.42129,5.28987408,914963,34.83,55.18867874
Fiji,FJI,2022,YR2022,4.520192664,5405.030074,4.00910091,919422,..,55.6603775
Fiji,FJI,2024,YR2024,..,..,..,..,..,..
Finland,FIN,1960,YR1960,3.418127254,1191.855089,..,4429634,..,..
Finland,FIN,1962,YR1962,4.383982782,1426.667564,..,4491443,..,..
Finland,FIN,1964,YR1964,10.27586074,1725.604835,..,4548543,..,..
Finland,FIN,1966,YR1966,3.873654019,2031.523314,..,4580869,..,..
Finland,FIN,1968,YR1968,9.191667995,1927.293805,..,4626469,..,..
Finland,FIN,1970,YR1970,2.740420431,2465.864555,..,4606307,..,..
Finland,FIN,1972,YR1972,6.662497835,3177.928793,..,4639657,..,..
Finland,FIN,1974,YR1974,16.9364,5298.080088,..,4690574,..,..
Finland,FIN,1976,YR1976,14.34269309,6740.291453,..,4725664,..,..
Finland,FIN,1978,YR1978,7.799350746,7629.495725,..,4752528,..,..
Finland,FIN,1980,YR1980,11.59461925,11224.938,..,4779535,..,..
Finland,FIN,1982,YR1982,9.584927647,10935.31106,..,4826933,..,..
Finland,FIN,1984,YR1984,7.067656383,10830.21852,..,4881803,..,..
Finland,FIN,1986,YR1986,2.933579204,14946.99262,..,4918154,..,..
Finland,FIN,1988,YR1988,5.085928614,22043.77016,..,4946481,8.48,..
Finland,FIN,1990,YR1990,6.149565312,28366.20428,..,4986431,8.83,..
Finland,FIN,1992,YR1992,2.919323193,22320.11247,..,5041992,..,..
Finland,FIN,1994,YR1994,1.088556776,20278.2911,..,5088333,..,..
Finland,FIN,1996,YR1996,0.629194238,25756.67771,..,5124573,..,72.87233734
Finland,FIN,1998,YR1998,1.399473786,25999.98617,..,5153498,..,77.65957642
Finland,FIN,2000,YR2000,3.042100807,24335.92251,7.09253168,5176209,7.93,88.35978699
Finland,FIN,2002,YR2002,1.571220128,26989.38926,7.62769508,5200598,6.42,92.59259033
Finland,FIN,2004,YR2004,0.187120559,37768.13342,8.05912876,5228172,6.85,90.77669525
Finland,FIN,2006,YR2006,1.566663807,41214.01878,8.2841177,5266268,7.24,85.99034119
Finland,FIN,2008,YR2008,4.065953554,53769.47262,8.34310627,5313399,5.94,83.65384674
Finland,FIN,2010,YR2010,1.184135232,46506.2919,9.14202785,5363352,6.3,85.30805969
Finland,FIN,2012,YR2012,2.808336226,47551.67408,9.5857954,5413971,5.6,85.30805969
Finland,FIN,2014,YR2014,1.041196212,50073.77608,9.78115082,5461512,5.72,79.52381134
Finland,FIN,2016,YR2016,0.356684501,43451.25624,9.37796021,5495303,5.32,66.66666412
Finland,FIN,2018,YR2018,1.083820984,49654.2497,9.04514217,5515525,5.24,64.15093994
Finland,FIN,2020,YR2020,0.290554556,48828.68469,9.63249588,5529543,2.21,66.98113251
Finland,FIN,2022,YR2022,7.123507733,50438.4754,9.6589222,5556106,4.06,61.79245377
Finland,FIN,2024,YR2024,1.565689062,..,..,..,..,..
France,FRA,1960,YR1960,4.139935755,1302.531497,..,47412964,..,..
France,FRA,1962,YR1962,5.331280071,1547.620259,..,48389516,..,..
France,FRA,1964,YR1964,3.211191703,1884.137914,..,49401492,..,..
France,FRA,1966,YR1966,2.602000766,2165.072795,..,50311637,..,..
France,FRA,1968,YR1968,4.543204864,2512.620174,..,51112980,..,..
France,FRA,1970,YR1970,5.299641246,2825.129723,..,52007169,..,..
France,FRA,1972,YR1972,6.063003097,3806.887889,..,52962356,..,..
France,FRA,1974,YR1974,13.64931747,5267.3533,..,53746571,..,..
France,FRA,1976,YR1976,9.625495782,6794.617393,..,54232383,..,..
France,FRA,1978,YR1978,9.250558467,9166.59012,..,54734030,..,..
France,FRA,1980,YR1980,13.56257885,12565.16394,..,55274184,..,..
France,FRA,1982,YR1982,11.97847195,10359.89207,..,55806789,..,..
France,FRA,1984,YR1984,7.673802622,9311.894265,..,56383085,..,..
France,FRA,1986,YR1986,2.538525918,13430.48246,..,56956002,..,..
France,FRA,1988,YR1988,2.700815275,17549.64405,..,57598186,..,..
France,FRA,1990,YR1990,3.19428338,21586.46746,..,58261012,..,..
France,FRA,1992,YR1992,2.363760463,23615.01686,..,58846584,..,..
France,FRA,1994,YR1994,1.655515329,23359.89851,..,59324863,..,..
France,FRA,1996,YR1996,1.982883651,26757.63515,..,59754504,..,57.44680786
France,FRA,1998,YR1998,0.651126868,24869.40308,..,60190684,..,51.59574509
France,FRA,2000,YR2000,1.675959887,22340.59395,9.58447742,60918661,7.93,57.67195892
France,FRA,2002,YR2002,1.923412287,24144.5727,10.02218628,61812142,6.42,62.9629631
France,FRA,2004,YR2004,2.142089646,33644.92822,10.16429329,62707588,6.85,41.26213455
France,FRA,2006,YR2006,1.675124496,36431.56589,10.38566494,63622342,7.24,51.6908226
France,FRA,2008,YR2008,2.812861949,45464.81814,10.50084686,64375116,5.94,49.03845978
France,FRA,2010,YR2010,1.531122704,40694.82117,11.22560215,65026211,6.3,54.02843475
France,FRA,2012,YR2012,1.954195316,40863.58144,11.29740047,65657659,5.6,52.60663605
France,FRA,2014,YR2014,0.507758823,43148.04593,11.52531433,66312067,5.72,45.23809433
France,FRA,2016,YR2016,0.183334861,37024.21571,11.49048996,66724104,5.32,30
France,FRA,2018,YR2018,1.850815083,41418.17665,11.21033764,67158348,5.24,35.37735748
France,FRA,2020,YR2020,0.476498853,39169.8606,12.07226849,67601110,2.21,44.3396225
France,FRA,2022,YR2022,5.222367484,41082.81193,11.8819046,68065015,4.06,46.69811249
France,FRA,2024,YR2024,1.999049423,..,..,..,..,..
French Polynesia,PYF,1960,YR1960,..,..,..,83671,..,..
French Polynesia,PYF,1962,YR1962,..,..,..,87261,..,..
French Polynesia,PYF,1964,YR1964,..,..,..,92823,..,..
French Polynesia,PYF,1966,YR1966,..,2171.359782,..,99320,..,..
French Polynesia,PYF,1968,YR1968,..,2440.834528,..,106353,..,..
French Polynesia,PYF,1970,YR1970,..,2228.190516,..,114010,..,..
French Polynesia,PYF,1972,YR1972,..,2678.187471,..,121886,..,..
French Polynesia,PYF,1974,YR1974,..,4273.167458,..,129960,..,..
French Polynesia,PYF,1976,YR1976,..,5302.061386,..,138114,..,..
French Polynesia,PYF,1978,YR1978,..,6848.951004,..,146821,..,..
French Polynesia,PYF,1980,YR1980,..,8438.726824,..,156471,..,..
French Polynesia,PYF,1982,YR1982,..,7416.307369,..,166646,..,..
French Polynesia,PYF,1984,YR1984,..,7511.321791,..,176469,..,..
French Polynesia,PYF,1986,YR1986,..,11913.82675,..,185669,..,..
French Polynesia,PYF,1988,YR1988,..,13952.83828,..,195193,..,..
French Polynesia,PYF,1990,YR1990,..,16293.18233,..,203776,..,..
French Polynesia,PYF,1992,YR1992,..,17554.37379,..,211559,..,..
French Polynesia,PYF,1994,YR1994,..,16806.05925,..,218738,..,..
French Polynesia,PYF,1996,YR1996,..,18475.72533,..,225489,..,..
French Polynesia,PYF,1998,YR1998,..,16759.71417,..,232891,..,..
French Polynesia,PYF,2000,YR2000,..,14978.3241,..,240337,..,..
French Polynesia,PYF,2002,YR2002,..,16004.05833,..,247775,..,..
French Polynesia,PYF,2004,YR2004,..,21764.22032,..,255654,..,..
French Polynesia,PYF,2006,YR2006,..,22330.86767,..,263223,..,..
French Polynesia,PYF,2008,YR2008,..,26592.02628,..,268379,4.3,..
French Polynesia,PYF,2010,YR2010,..,22494.80671,..,270580,..,..
French Polynesia,PYF,2012,YR2012,..,20846.54575,..,273084,3.59,..
French Polynesia,PYF,2014,YR2014,..,22258.63214,..,276387,3.56,..
French Polynesia,PYF,2016,YR2016,..,19690.07757,..,279178,4.92,..
French Polynesia,PYF,2018,YR2018,..,21925.61604,..,279815,4.92,..
French Polynesia,PYF,2020,YR2020,..,20746.27204,..,279209,4.5,..
French Polynesia,PYF,2022,YR2022,..,20738.65,..,280378,..,..
French Polynesia,PYF,2024,YR2024,..,..,..,..,..,..
Gabon,GAB,1960,YR1960,..,276.1361695,..,512316,..,..
Gabon,GAB,1962,YR1962,..,348.4168201,..,524649,..,..
Gabon,GAB,1964,YR1964,3.328408119,400.4029565,..,538657,..,..
Gabon,GAB,1966,YR1966,3.644111381,443.4015999,..,554463,..,..
Gabon,GAB,1968,YR1968,2.335604059,514.5739838,..,572257,..,..
Gabon,GAB,1970,YR1970,3.812664908,543.4331614,..,595846,..,..
Gabon,GAB,1972,YR1972,3.487091643,693.2948314,..,620960,..,..
Gabon,GAB,1974,YR1974,12.07280419,2384.186289,..,647691,..,..
Gabon,GAB,1976,YR1976,20.17156446,4441.094486,..,677628,..,..
Gabon,GAB,1978,YR1978,10.7641691,3359.572681,..,711245,..,..
Gabon,GAB,1980,YR1980,12.34035926,5718.467191,..,748389,..,..
Gabon,GAB,1982,YR1982,16.68579688,4583.899678,..,789286,..,..
Gabon,GAB,1984,YR1984,5.857142857,4272.882169,..,833501,..,..
Gabon,GAB,1986,YR1986,6.285355123,3864.674538,..,880705,..,..
Gabon,GAB,1988,YR1988,-8.776119403,4118.60473,..,931020,..,..
Gabon,GAB,1990,YR1990,7.725321888,6050.71469,..,983734,..,..
Gabon,GAB,1992,YR1992,-9.542913303,5385.688117,..,1038380,..,..
Gabon,GAB,1994,YR1994,36.1162457,3828.211181,..,1094720,..,..
Gabon,GAB,1996,YR1996,0.689693377,4942.6787,..,1152015,..,28.72340393
Gabon,GAB,1998,YR1998,1.448738543,3699.995139,..,1211736,23.77,35.10638428
Gabon,GAB,2000,YR2000,0.504920026,3982.906201,2.90124774,1275572,23.81,48.67724991
Gabon,GAB,2002,YR2002,0.036682889,3966.480019,3.32413292,1345135,23,42.8571434
Gabon,GAB,2004,YR2004,0.408205307,5465.791936,3.32979941,1421609,23.01,42.23300934
Gabon,GAB,2006,YR2006,-1.409401366,6847.009857,3.14270139,1508337,..,40.09661865
Gabon,GAB,2008,YR2008,5.264301456,9688.645197,2.78922606,1607175,21.32,38.94230652
Gabon,GAB,2010,YR2010,1.461544027,8356.74662,2.47556901,1719879,21.17,41.7061615
Gabon,GAB,2012,YR2012,2.652418287,9296.965879,2.42097569,1846889,20.85,41.7061615
Gabon,GAB,2014,YR2014,4.690457518,9201.362766,2.53282261,1978399,..,38.09523773
Gabon,GAB,2016,YR2016,2.106707128,6677.070039,3.1076982,2100306,20.55,28.09523773
Gabon,GAB,2018,YR2018,4.749066521,7624.277523,2.75235105,2212318,..,24.52830124
Gabon,GAB,2020,YR2020,1.352761107,6605.803461,3.41717625,2322539,..,28.77358437
Gabon,GAB,2022,YR2022,4.231247983,8409.207415,2.85591531,2430747,23.12,35.37735748
Gabon,GAB,2024,YR2024,1.173119984,..,..,..,..,..
"Gambia, The",GMB,1960,YR1960,..,..,..,398060,..,..
"Gambia, The",GMB,1962,YR1962,1.787617876,..,..,420163,..,..
"Gambia, The",GMB,1964,YR1964,-4.535653781,..,..,443687,..,..
"Gambia, The",GMB,1966,YR1966,0.239081925,94.36621449,..,468516,..,..
"Gambia, The",GMB,1968,YR1968,4.17875343,83.10648528,..,495269,..,..
"Gambia, The",GMB,1970,YR1970,-1.98509388,99.78169198,..,524105,..,..
"Gambia, The",GMB,1972,YR1972,8.698119901,106.5246043,..,555370,..,..
"Gambia, The",GMB,1974,YR1974,9.23631036,162.6183347,..,589085,..,..
"Gambia, The",GMB,1976,YR1976,17.02733108,179.3139633,..,625667,..,..
"Gambia, The",GMB,1978,YR1978,8.855345912,257.5810422,..,667103,..,..
"Gambia, The",GMB,1980,YR1980,6.824615652,337.6925344,..,713913,..,..
"Gambia, The",GMB,1982,YR1982,10.85584546,282.1413071,..,765753,..,..
"Gambia, The",GMB,1984,YR1984,22.09845941,214.7943574,..,825631,..,..
"Gambia, The",GMB,1986,YR1986,56.56017201,207.6544087,..,894019,..,..
"Gambia, The",GMB,1988,YR1988,11.69058689,274.874466,..,970160,..,..
"Gambia, The",GMB,1990,YR1990,12.16778411,300.6398957,..,1054696,..,..
"Gambia, The",GMB,1992,YR1992,9.486542506,623.4859278,..,1145582,..,..
"Gambia, The",GMB,1994,YR1994,1.710206323,608.2774908,..,1227226,..,..
"Gambia, The",GMB,1996,YR1996,1.099488708,651.7849457,..,1301410,..,43.0851059
"Gambia, The",GMB,1998,YR1998,1.114188412,610.2347115,..,1376987,..,47.3404274
"Gambia, The",GMB,2000,YR2000,0.844969567,538.0540723,10.78532791,1455084,..,40.74074173
"Gambia, The",GMB,2002,YR2002,8.609124744,376.531027,6.2326026,1535691,..,50.26454926
"Gambia, The",GMB,2004,YR2004,14.20674328,593.2853463,5.42000151,1621312,..,31.55339813
"Gambia, The",GMB,2006,YR2006,2.056503424,614.5443079,5.43720818,1715275,..,29.46859932
"Gambia, The",GMB,2008,YR2008,4.443654909,859.1276714,4.65938759,1817852,16.92,29.80769157
"Gambia, The",GMB,2010,YR2010,5.049680759,801.0333727,4.11944056,1926630,15.64,33.175354
"Gambia, The",GMB,2012,YR2012,4.254321998,692.5793616,4.26872253,2043094,15.81,35.0710907
"Gambia, The",GMB,2014,YR2014,5.947999357,568.0045356,3.05234575,2164528,..,29.04761887
"Gambia, The",GMB,2016,YR2016,7.228792721,650.0565013,3.19523716,2283769,..,19.04761887
"Gambia, The",GMB,2018,YR2018,6.520968239,696.219807,3.23713565,2399632,19.66,29.71698189
"Gambia, The",GMB,2020,YR2020,5.931276366,720.3351434,3.72824264,2515733,18.22,42.45283127
"Gambia, The",GMB,2022,YR2022,11.51311984,836.2448759,3.41435836,2636470,17.89,35.37735748
"Gambia, The",GMB,2024,YR2024,..,..,..,..,..,..
Georgia,GEO,1960,YR1960,..,..,..,3645600,..,..
Georgia,GEO,1962,YR1962,..,..,..,3760300,..,..
Georgia,GEO,1964,YR1964,..,..,..,3870300,..,..
Georgia,GEO,1966,YR1966,..,..,..,3966700,..,..
Georgia,GEO,1968,YR1968,..,..,..,4042300,..,..
Georgia,GEO,1970,YR1970,..,..,..,4119900,..,..
Georgia,GEO,1972,YR1972,..,..,..,4205300,..,..
Georgia,GEO,1974,YR1974,..,..,..,4279500,..,..
Georgia,GEO,1976,YR1976,..,..,..,4342400,..,..
Georgia,GEO,1978,YR1978,..,..,..,4397700,..,..
Georgia,GEO,1980,YR1980,..,..,..,4467700,..,..
Georgia,GEO,1982,YR1982,..,..,..,4542800,..,..
Georgia,GEO,1984,YR1984,..,..,..,4622200,..,..
Georgia,GEO,1986,YR1986,..,..,..,4704500,..,..
Georgia,GEO,1988,YR1988,..,1843.903432,..,4790700,..,..
Georgia,GEO,1990,YR1990,..,1610.980271,..,4802000,..,..
Georgia,GEO,1992,YR1992,..,757.2235485,..,4873500,..,..
Georgia,GEO,1994,YR1994,..,519.8161871,..,4836076,..,..
Georgia,GEO,1996,YR1996,39.3575,689.0344137,..,4491699,..,2.127659559
Georgia,GEO,1998,YR1998,3.566807813,851.5155425,..,4243607,..,0.53191489
Georgia,GEO,2000,YR2000,4.063962014,749.908535,7.194592,4077131,..,8.994709015
Georgia,GEO,2002,YR2002,5.5878373,853.5261719,7.81474257,3978515,13.69,3.174603224
Georgia,GEO,2004,YR2004,5.656326362,1305.047486,8.08910847,3927340,11.9,8.737864494
Georgia,GEO,2006,YR2006,9.160965084,1996.020133,7.63208008,3880347,8.54,8.695652008
Georgia,GEO,2008,YR2008,9.999487616,3324.753721,8.44424057,3848449,4.53,10.57692337
Georgia,GEO,2010,YR2010,7.110178975,3281.729309,8.93945503,3786695,3.75,12.32227516
Georgia,GEO,2012,YR2012,-0.943658853,4530.695334,7.8538909,3728874,4.6,16.11374474
Georgia,GEO,2014,YR2014,3.068812104,4830.334862,7.75487041,3719414,..,23.80952454
Georgia,GEO,2016,YR2016,2.134927139,4143.401257,7.839849,3727505,4.15,21.90476227
Georgia,GEO,2018,YR2018,2.615244714,4804.054604,6.99180031,3726549,..,18.39622688
Georgia,GEO,2020,YR2020,5.20246489,4300.857013,8.34160137,3722716,0.93,18.39622688
Georgia,GEO,2022,YR2022,11.89816542,6729.846599,7.25569582,3712502,1.44,16.98113251
Georgia,GEO,2024,YR2024,1.10971758,..,..,..,..,..
Germany,DEU,1960,YR1960,1.536612343,1162.122668,..,72814900,..,..
Germany,DEU,1962,YR1962,2.843270198,1430.520955,..,74025784,..,..
Germany,DEU,1964,YR1964,2.335735812,1637.455228,..,75318337,..,..
Germany,DEU,1966,YR1966,3.533060355,1870.805403,..,76600311,..,..
Germany,DEU,1968,YR1968,1.470289313,2025.081595,..,77294314,..,..
Germany,DEU,1970,YR1970,3.450249364,2771.283105,..,78169289,..,..
Germany,DEU,1972,YR1972,5.484933122,3823.940326,..,78688452,..,..
Germany,DEU,1974,YR1974,6.986431093,5659.737878,..,78967433,..,..
Germany,DEU,1976,YR1976,4.246631023,6659.165466,..,78336950,..,..
Germany,DEU,1978,YR1978,2.718696961,9516.782832,..,78091820,..,..
Germany,DEU,1980,YR1980,5.441057545,12182.78002,..,78288576,..,..
Germany,DEU,1982,YR1982,5.241045072,9950.05926,..,78333366,..,..
Germany,DEU,1984,YR1984,2.405793399,9347.290684,..,77858685,..,..
Germany,DEU,1986,YR1986,-0.129413361,13511.152,..,77720436,..,..
Germany,DEU,1988,YR1988,1.27411894,17996.97835,..,78144619,..,..
Germany,DEU,1990,YR1990,2.696468243,22385.67783,..,79433029,..,..
Germany,DEU,1992,YR1992,5.056977967,26559.85439,..,80624598,..,..
Germany,DEU,1994,YR1994,2.693056399,27201.95936,..,81438348,..,..
Germany,DEU,1996,YR1996,1.44972702,30599.7891,..,81914831,..,68.0851059
Germany,DEU,1998,YR1998,0.911183535,27395.94406,..,82047195,..,68.61701965
Germany,DEU,2000,YR2000,1.440268387,23925.85599,9.88843536,82211508,7.93,77.24868011
Germany,DEU,2002,YR2002,1.420806156,25486.5942,10.18365669,82488495,6.42,68.25396729
Germany,DEU,2004,YR2004,1.665736967,34566.73591,10.14603233,82516260,6.85,52.42718506
Germany,DEU,2006,YR2006,1.577426428,36980.33499,10.17995167,82376451,7.24,64.73429871
Germany,DEU,2008,YR2008,2.628379816,46386.32959,10.25128746,82110097,5.94,65.38461304
Germany,DEU,2010,YR2010,1.103810378,42409.9357,11.09592915,81776930,6.3,59.71564102
Germany,DEU,2012,YR2012,2.008488848,44735.58823,10.85345554,80425823,5.6,59.71564102
Germany,DEU,2014,YR2014,0.906794,48971.08247,11.02588272,80982500,5.72,66.66666412
Germany,DEU,2016,YR2016,0.491747008,42961.03569,11.24166584,82348669,5.32,57.1428566
Germany,DEU,2018,YR2018,1.732168798,48874.8595,11.47314644,82905782,5.24,54.24528122
Germany,DEU,2020,YR2020,0.144877926,47379.76519,12.6902256,83160871,2.21,55.6603775
Germany,DEU,2022,YR2022,6.872574386,49686.11546,12.60513115,83797985,4.06,52.83018875
Germany,DEU,2024,YR2024,2.256498143,..,..,..,..,..
Ghana,GHA,1960,YR1960,..,174.8588565,..,6961215,..,..
Ghana,GHA,1962,YR1962,..,188.4210163,..,7337375,..,..
Ghana,GHA,1964,YR1964,..,224.9681544,..,7695739,..,..
Ghana,GHA,1966,YR1966,13.23788546,263.3345894,..,8074521,..,..
Ghana,GHA,1968,YR1968,7.894736842,196.6685718,..,8475729,..,..
Ghana,GHA,1970,YR1970,3.030303031,248.1598694,..,8925813,..,..
Ghana,GHA,1972,YR1972,10.06711409,223.8028638,..,9438187,..,..
Ghana,GHA,1974,YR1974,18.13471503,289.4258568,..,10000523,..,..
Ghana,GHA,1976,YR1976,56.08108108,260.9982958,..,10594913,..,..
Ghana,GHA,1978,YR1978,73.09166667,325.5984767,..,11248450,..,..
Ghana,GHA,1980,YR1980,50.07013934,372.2520264,..,11941448,..,..
Ghana,GHA,1982,YR1982,22.29556641,319.2069103,..,12643819,..,..
Ghana,GHA,1984,YR1984,39.66531379,329.9988889,..,13370590,..,..
Ghana,GHA,1986,YR1986,24.56541608,410.7116584,..,13965217,..,..
Ghana,GHA,1988,YR1988,31.35926763,355.1218449,..,14636568,..,..
Ghana,GHA,1990,YR1990,37.25906649,382.5424637,..,15394648,..,..
Ghana,GHA,1992,YR1992,10.05611674,396.4264076,..,16184855,..,..
Ghana,GHA,1994,YR1994,24.87025544,320.5039034,..,16993190,..,..
Ghana,GHA,1996,YR1996,46.56101968,389.2712679,..,17810181,..,20.7446804
Ghana,GHA,1998,YR1998,14.62416667,400.3667995,..,18688036,..,22.34042549
Ghana,GHA,2000,YR2000,40.24093312,253.7469362,1.7894485,19637087,21.02,19.57671928
Ghana,GHA,2002,YR2002,9.360932396,297.4616447,2.0873971,20729388,17.31,25.92592621
Ghana,GHA,2004,YR2004,18.04273882,406.1321053,2.5311327,21868298,..,29.61165047
Ghana,GHA,2006,YR2006,11.67918394,906.4410276,3.92255616,23040702,..,31.40096664
Ghana,GHA,2008,YR2008,16.49463961,1182.657613,3.95173097,24249946,16.63,29.80769157
Ghana,GHA,2010,YR2010,10.73338984,1263.892518,4.73425055,25474995,17.04,33.175354
Ghana,GHA,2012,YR2012,11.18634094,1543.775242,3.91583276,26734268,..,37.91469193
Ghana,GHA,2014,YR2014,15.48961603,1953.645136,4.01644135,28041592,..,29.52380943
Ghana,GHA,2016,YR2016,17.45463471,1913.186733,3.39035821,29356742,15.23,27.61904716
Ghana,GHA,2018,YR2018,7.808765166,2196.612906,2.43001175,30637585,16.15,32.07546997
Ghana,GHA,2020,YR2020,9.887289563,2196.547893,4.4331708,31887809,15.94,40.09434128
Ghana,GHA,2022,YR2022,31.2558951,2240.279451,3.6993649,33149152,16.48,25
Ghana,GHA,2024,YR2024,22.84832812,..,..,..,..,..
Gibraltar,GIB,1960,YR1960,..,..,..,21839,..,..
Gibraltar,GIB,1962,YR1962,..,..,..,22197,..,..
Gibraltar,GIB,1964,YR1964,..,..,..,23315,..,..
Gibraltar,GIB,1966,YR1966,..,..,..,24444,..,..
Gibraltar,GIB,1968,YR1968,..,..,..,25578,..,..
Gibraltar,GIB,1970,YR1970,..,..,..,26634,..,..
Gibraltar,GIB,1972,YR1972,..,..,..,27290,..,..
Gibraltar,GIB,1974,YR1974,..,..,..,27755,..,..
Gibraltar,GIB,1976,YR1976,..,..,..,28134,..,..
Gibraltar,GIB,1978,YR1978,..,..,..,28446,..,..
Gibraltar,GIB,1980,YR1980,..,..,..,28675,..,..
Gibraltar,GIB,1982,YR1982,..,..,..,28765,..,..
Gibraltar,GIB,1984,YR1984,..,..,..,28643,..,..
Gibraltar,GIB,1986,YR1986,..,..,..,28328,..,..
Gibraltar,GIB,1988,YR1988,..,..,..,27839,..,..
Gibraltar,GIB,1990,YR1990,..,..,..,27200,..,..
Gibraltar,GIB,1992,YR1992,..,..,..,26878,..,..
Gibraltar,GIB,1994,YR1994,..,..,..,27239,..,..
Gibraltar,GIB,1996,YR1996,..,..,..,27487,..,..
Gibraltar,GIB,1998,YR1998,..,..,..,27650,..,..
Gibraltar,GIB,2000,YR2000,..,..,..,27709,..,..
Gibraltar,GIB,2002,YR2002,..,..,..,27831,..,..
Gibraltar,GIB,2004,YR2004,..,..,..,28715,..,..
Gibraltar,GIB,2006,YR2006,..,..,..,29594,..,..
Gibraltar,GIB,2008,YR2008,..,..,..,30413,..,..
Gibraltar,GIB,2010,YR2010,..,..,..,31248,..,..
Gibraltar,GIB,2012,YR2012,..,..,..,32029,..,..
Gibraltar,GIB,2014,YR2014,..,..,..,32813,..,..
Gibraltar,GIB,2016,YR2016,..,..,..,33658,..,..
Gibraltar,GIB,2018,YR2018,..,..,..,34854,..,..
Gibraltar,GIB,2020,YR2020,..,..,..,36173,..,..
Gibraltar,GIB,2022,YR2022,..,..,..,37609,..,..
Gibraltar,GIB,2024,YR2024,..,..,..,..,..,..
Greece,GRC,1960,YR1960,1.477847585,513.0858624,..,8331725,..,..
Greece,GRC,1962,YR1962,-0.475428291,608.4755155,..,8448233,..,..
Greece,GRC,1964,YR1964,0.617302979,772.8055008,..,8510429,..,..
Greece,GRC,1966,YR1966,4.903415961,983.5575492,..,8613651,..,..
Greece,GRC,1968,YR1968,0.139060584,1138.38219,..,8740765,..,..
Greece,GRC,1970,YR1970,2.841670679,1473.603948,..,8792806,..,..
Greece,GRC,1972,YR1972,4.331201232,1873.254128,..,8888628,..,..
Greece,GRC,1974,YR1974,26.56084659,2789.405774,..,8962022,..,..
Greece,GRC,1976,YR1976,13.02427946,3343.388194,..,9188150,..,..
Greece,GRC,1978,YR1978,12.57242567,4629.339377,..,9429959,..,..
Greece,GRC,1980,YR1980,24.67589397,5811.690696,..,9642505,..,..
Greece,GRC,1982,YR1982,20.99108862,5501.637001,..,9789513,..,..
Greece,GRC,1984,YR1984,18.45681321,4785.07463,..,9895801,..,..
Greece,GRC,1986,YR1986,23.01545082,5577.832587,..,9967213,..,..
Greece,GRC,1988,YR1988,13.52885832,7492.352048,..,10036983,..,..
Greece,GRC,1990,YR1990,20.43349911,9466.662385,..,10196792,..,..
Greece,GRC,1992,YR1992,15.87707379,11021.01222,..,10399061,..,..
Greece,GRC,1994,YR1994,10.87407568,10937.02238,..,10512922,..,..
Greece,GRC,1996,YR1996,8.194552176,13432.52622,..,10608800,..,45.74468231
Greece,GRC,1998,YR1998,4.766225724,13022.96488,..,10720509,..,53.72340393
Greece,GRC,2000,YR2000,3.151181625,11638.20107,7.24332571,10805808,7.93,58.20105743
Greece,GRC,2002,YR2002,3.629358719,13782.19564,8.23377991,10902022,6.42,60.84656143
Greece,GRC,2004,YR2004,2.898848108,21449.25528,8.0939045,10955141,6.85,46.60194016
Greece,GRC,2006,YR2006,3.195946841,24416.0233,8.25866985,11020362,7.24,53.14009476
Greece,GRC,2008,YR2008,4.152797081,31695.83311,8.82774162,11077841,5.94,39.42307663
Greece,GRC,2010,YR2010,4.712989078,26653.0488,9.59662342,11121341,6.3,26.54028511
Greece,GRC,2012,YR2012,1.501526962,21624.34605,8.92415524,11045011,5.6,26.54028511
Greece,GRC,2014,YR2014,-1.312260964,21474.72571,7.8914113,10892413,5.72,29.04761887
Greece,GRC,2016,YR2016,-0.825653978,17919.24264,8.44874573,10775971,5.32,28.09523773
Greece,GRC,2018,YR2018,0.625621413,19873.40152,8.12024307,10732882,5.24,40.09434128
Greece,GRC,2020,YR2020,-1.247983556,17886.73317,9.5242157,10698599,2.21,38.20754623
Greece,GRC,2022,YR2022,9.645259813,20971.83493,8.49983692,10436882,4.06,36.320755
Greece,GRC,2024,YR2024,2.741490458,..,..,..,..,..
Greenland,GRL,1960,YR1960,..,..,..,32500,..,..
Greenland,GRL,1962,YR1962,..,..,..,35000,..,..
Greenland,GRL,1964,YR1964,..,..,..,37600,..,..
Greenland,GRL,1966,YR1966,..,..,..,40500,..,..
Greenland,GRL,1968,YR1968,..,..,..,43400,..,..
Greenland,GRL,1970,YR1970,..,1498.276437,..,46400,..,..
Greenland,GRL,1972,YR1972,..,2196.71424,..,48300,..,..
Greenland,GRL,1974,YR1974,..,3432.706033,..,49500,..,..
Greenland,GRL,1976,YR1976,..,4844.656293,..,49700,..,..
Greenland,GRL,1978,YR1978,..,7235.516939,..,49200,..,..
Greenland,GRL,1980,YR1980,..,9483.102406,..,50200,..,..
Greenland,GRL,1982,YR1982,..,7813.651282,..,51500,..,..
Greenland,GRL,1984,YR1984,..,7198.707808,..,52700,..,..
Greenland,GRL,1986,YR1986,..,11271.33257,..,53500,..,..
Greenland,GRL,1988,YR1988,..,16397.95019,..,54800,..,..
Greenland,GRL,1990,YR1990,..,18326.9295,..,55600,..,..
Greenland,GRL,1992,YR1992,..,18768.82753,..,55300,..,..
Greenland,GRL,1994,YR1994,..,18124.09981,..,55500,..,..
Greenland,GRL,1996,YR1996,..,21422.46099,..,55900,..,..
Greenland,GRL,1998,YR1998,..,20496.57878,..,56100,..,..
Greenland,GRL,2000,YR2000,..,19004.00384,..,56200,..,..
Greenland,GRL,2002,YR2002,..,20652.8417,..,56609,..,..
Greenland,GRL,2004,YR2004,..,32023.68205,..,56911,..,..
Greenland,GRL,2006,YR2006,..,35458.2543,..,56774,..,..
Greenland,GRL,2008,YR2008,..,44366.78587,..,56328,..,..
Greenland,GRL,2010,YR2010,..,43988.52803,..,56905,..,73.4597168
Greenland,GRL,2012,YR2012,..,45936.95628,..,56810,..,93.3649292
Greenland,GRL,2014,YR2014,..,50485.22441,..,56295,..,97.14286041
Greenland,GRL,2016,YR2016,..,48181.74535,..,56186,..,97.14286041
Greenland,GRL,2018,YR2018,..,54545.13586,..,56023,..,94.81131744
Greenland,GRL,2020,YR2020,..,54693.07668,..,56367,..,95.28302002
Greenland,GRL,2022,YR2022,..,..,..,56661,..,83.01886749
Greenland,GRL,2024,YR2024,..,..,..,..,..,..
Grenada,GRD,1960,YR1960,..,..,..,94058,..,..
Grenada,GRD,1962,YR1962,..,..,..,96375,..,..
Grenada,GRD,1964,YR1964,..,..,..,97760,..,..
Grenada,GRD,1966,YR1966,..,..,..,98121,..,..
Grenada,GRD,1968,YR1968,..,..,..,98078,..,..
Grenada,GRD,1970,YR1970,..,..,..,98414,..,..
Grenada,GRD,1972,YR1972,..,..,..,98777,..,..
Grenada,GRD,1974,YR1974,..,..,..,98486,..,..
Grenada,GRD,1976,YR1976,..,..,..,97632,..,..
Grenada,GRD,1978,YR1978,18.13537676,917.1111188,..,96305,..,..
Grenada,GRD,1980,YR1980,21.82143389,1173.078096,..,94538,..,..
Grenada,GRD,1982,YR1982,7.812741412,1329.006177,..,94383,..,..
Grenada,GRD,1984,YR1984,5.659612787,1523.940928,..,95498,..,..
Grenada,GRD,1986,YR1986,0.557079904,1938.108509,..,96790,..,..
Grenada,GRD,1988,YR1988,4,2404.255236,..,98308,..,..
Grenada,GRD,1990,YR1990,2.724237365,2782.183969,..,99957,..,..
Grenada,GRD,1992,YR1992,3.778337531,3052.700187,..,101602,..,..
Grenada,GRD,1994,YR1994,3.770657673,3152.202048,..,103138,..,..
Grenada,GRD,1996,YR1996,2.032351721,3508.294237,..,104584,23.06,52.12765884
Grenada,GRD,1998,YR1998,1.377693304,4206.280529,..,106009,..,54.78723526
Grenada,GRD,2000,YR2000,2.181818182,4839.828111,5.35886383,107451,18.14,57.67195892
Grenada,GRD,2002,YR2002,1.06721548,4984.474059,6.17569733,108404,18.25,51.85185242
Grenada,GRD,2004,YR2004,2.312916782,5480.261176,5.36568451,109323,..,55.82524109
Grenada,GRD,2006,YR2006,4.25195322,6344.038377,5.11352158,110135,14.14,40.57971191
Grenada,GRD,2008,YR2008,8.033273277,7448.204056,5.386199,110896,13.83,39.42307663
Grenada,GRD,2010,YR2010,3.436509059,6909.601696,5.4188118,111586,9.56,45.0236969
Grenada,GRD,2012,YR2012,2.41077704,7092.719854,5.82235765,112775,13.02,45.49763107
Grenada,GRD,2014,YR2014,-0.983603056,7986.334212,4.77353573,114132,..,59.04761887
Grenada,GRD,2016,YR2016,1.650389944,9221.234611,4.43910027,115130,15.08,65.23809814
Grenada,GRD,2018,YR2018,0.804102313,10083.02128,4.58373737,115691,..,64.15093994
Grenada,GRD,2020,YR2020,-0.740732597,8968.558901,5.3228159,116341,..,64.62264252
Grenada,GRD,2022,YR2022,2.580539259,10474.26529,4.94846392,116913,19.13,66.50943756
Grenada,GRD,2024,YR2024,..,..,..,..,..,..
Guam,GUM,1960,YR1960,..,..,..,69525,..,..
Guam,GUM,1962,YR1962,..,..,..,73192,..,..
Guam,GUM,1964,YR1964,..,..,..,77008,..,..
Guam,GUM,1966,YR1966,..,..,..,80844,..,..
Guam,GUM,1968,YR1968,..,..,..,84563,..,..
Guam,GUM,1970,YR1970,..,..,..,88365,..,..
Guam,GUM,1972,YR1972,..,..,..,92619,..,..
Guam,GUM,1974,YR1974,..,..,..,96939,..,..
Guam,GUM,1976,YR1976,..,..,..,101166,..,..
Guam,GUM,1978,YR1978,..,..,..,105424,..,..
Guam,GUM,1980,YR1980,..,..,..,110141,..,..
Guam,GUM,1982,YR1982,..,..,..,115711,..,..
Guam,GUM,1984,YR1984,..,..,..,121302,..,..
Guam,GUM,1986,YR1986,..,..,..,126965,..,..
Guam,GUM,1988,YR1988,..,..,..,132799,..,..
Guam,GUM,1990,YR1990,..,..,..,138610,..,..
Guam,GUM,1992,YR1992,..,..,..,143393,..,..
Guam,GUM,1994,YR1994,..,..,..,147868,..,..
Guam,GUM,1996,YR1996,..,..,..,152169,..,..
Guam,GUM,1998,YR1998,..,..,..,156237,..,..
Guam,GUM,2000,YR2000,..,..,..,160065,..,..
Guam,GUM,2002,YR2002,..,20909.95903,..,162315,..,..
Guam,GUM,2004,YR2004,..,23618.82669,..,163810,..,43.20388412
Guam,GUM,2006,YR2006,..,25709.93515,..,164839,..,46.37681198
Guam,GUM,2008,YR2008,..,28112.23166,..,165693,..,37.98077011
Guam,GUM,2010,YR2010,..,29719.79678,..,166522,..,36.01895905
Guam,GUM,2012,YR2012,..,31653.75065,..,166331,..,56.39810562
Guam,GUM,2014,YR2014,..,33900.14865,..,165486,..,58.09523773
Guam,GUM,2016,YR2016,..,35930.65949,..,164233,..,52.8571434
Guam,GUM,2018,YR2018,..,37195.95031,..,162679,..,55.6603775
Guam,GUM,2020,YR2020,..,36482.9364,..,162158,..,60.37735748
Guam,GUM,2022,YR2022,..,41833.15171,..,165180,..,56.13207626
Guam,GUM,2024,YR2024,..,..,..,..,..,..
Guatemala,GTM,1960,YR1960,-1.190693153,256.8131153,..,4063655,..,..
Guatemala,GTM,1962,YR1962,2.052550232,265.2106518,..,4312044,..,..
Guatemala,GTM,1964,YR1964,-0.193563997,284.1979703,..,4571109,..,..
Guatemala,GTM,1966,YR1966,0.684261974,287.2778487,..,4840958,..,..
Guatemala,GTM,1968,YR1968,1.926328502,314.6668761,..,5118111,..,..
Guatemala,GTM,1970,YR1970,2.344339349,352.7908088,..,5396966,..,..
Guatemala,GTM,1972,YR1972,0.529703252,369.7627574,..,5682833,..,..
Guatemala,GTM,1974,YR1974,16.49489669,528.57311,..,5981197,..,..
Guatemala,GTM,1976,YR1976,10.725,697.0646097,..,6262404,..,..
Guatemala,GTM,1978,YR1978,8.28797625,925.1800265,..,6561534,..,..
Guatemala,GTM,1980,YR1980,10.82384323,1141.805498,..,6900212,..,..
Guatemala,GTM,1982,YR1982,0.307385561,1203.965407,..,7240241,..,..
Guatemala,GTM,1984,YR1984,3.406750118,1241.042426,..,7630682,..,..
Guatemala,GTM,1986,YR1986,36.9311213,896.0632635,..,8070818,..,..
Guatemala,GTM,1988,YR1988,10.83270377,919.0707731,..,8532099,..,..
Guatemala,GTM,1990,YR1990,41.22186714,847.6885618,..,9024773,..,..
Guatemala,GTM,1992,YR1992,10.045918,1096.45977,..,9522266,..,..
Guatemala,GTM,1994,YR1994,10.85532115,1292.672028,..,10043718,..,..
Guatemala,GTM,1996,YR1996,11.05691653,1481.059868,..,10583526,..,6.914893627
Guatemala,GTM,1998,YR1998,6.613460705,1741.201142,..,11139145,9.72,11.70212746
Guatemala,GTM,2000,YR2000,5.977577347,1648.96579,5.39686108,11697592,9.05,11.11111069
Guatemala,GTM,2002,YR2002,8.132630543,1669.335175,6.01301289,12246915,9.56,12.6984129
Guatemala,GTM,2004,YR2004,7.578622473,1840.911849,6.26182795,12807402,7.31,13.10679626
Guatemala,GTM,2006,YR2006,6.560852828,2225.123475,6.36362219,13367459,8.96,14.00966167
Guatemala,GTM,2008,YR2008,11.35576113,2763.059882,6.08129978,13935174,4.99,13.46153831
Guatemala,GTM,2010,YR2010,3.859509098,2805.259602,6.1247797,14500112,4.75,12.32227516
Guatemala,GTM,2012,YR2012,3.781807547,3286.619593,6.07316971,15089647,4.87,17.53554535
Guatemala,GTM,2014,YR2014,3.418361697,3689.144725,5.8885684,15681725,4.2,13.80952358
Guatemala,GTM,2016,YR2016,4.448441999,4060.137556,6.07008219,16268760,..,16.19047546
Guatemala,GTM,2018,YR2018,3.751861867,4352.946518,6.10662699,16845685,..,15.56603813
Guatemala,GTM,2020,YR2020,3.214440622,4477.617618,6.45951891,17357325,3.54,18.86792374
Guatemala,GTM,2022,YR2022,6.885128233,5358.089638,7.44098806,17847877,3.58,22.64151001
Guatemala,GTM,2024,YR2024,2.869194822,..,..,..,..,..
Guinea,GIN,1960,YR1960,..,..,..,3556749,..,..
Guinea,GIN,1962,YR1962,..,..,..,3684273,..,..
Guinea,GIN,1964,YR1964,..,..,..,3819722,..,..
Guinea,GIN,1966,YR1966,..,..,..,3964155,..,..
Guinea,GIN,1968,YR1968,..,..,..,4118550,..,..
Guinea,GIN,1970,YR1970,..,752.8225036,..,4277535,..,..
Guinea,GIN,1972,YR1972,..,948.4974213,..,4431292,..,..
Guinea,GIN,1974,YR1974,..,1242.529225,..,4580510,..,..
Guinea,GIN,1976,YR1976,..,1430.664353,..,4727022,..,..
Guinea,GIN,1978,YR1978,..,1657.963932,..,4877854,..,..
Guinea,GIN,1980,YR1980,..,1930.991843,..,5047419,..,..
Guinea,GIN,1982,YR1982,..,2272.632987,..,5247672,..,..
Guinea,GIN,1984,YR1984,..,3361.528202,..,5480096,..,..
Guinea,GIN,1986,YR1986,..,505.8769443,..,5750668,..,..
Guinea,GIN,1988,YR1988,..,574.0011272,..,6056574,..,..
Guinea,GIN,1990,YR1990,..,604.3044227,..,6434374,..,..
Guinea,GIN,1992,YR1992,..,692.6478027,..,6914366,..,..
Guinea,GIN,1994,YR1994,..,671.5763851,..,7345107,..,..
Guinea,GIN,1996,YR1996,..,726.0254426,..,7770035,..,4.255319118
Guinea,GIN,1998,YR1998,..,647.3799208,..,8081990,6.54,12.23404217
Guinea,GIN,2000,YR2000,..,518.1570669,4.740973,8428832,..,0
Guinea,GIN,2002,YR2002,..,495.9160736,5.35653734,8674066,..,1.058201075
Guinea,GIN,2004,YR2004,..,584.8977405,4.77632809,9062726,6.54,5.825242519
Guinea,GIN,2006,YR2006,34.6952706,446.9805541,3.61526895,9441171,..,0.483091801
Guinea,GIN,2008,YR2008,23.06561294,703.5328258,3.26561713,9898870,15.61,0.961538434
Guinea,GIN,2010,YR2010,15.05026886,659.2353262,3.42781734,10396086,15.59,3.317535639
Guinea,GIN,2012,YR2012,15.2262941,699.3533772,3.50398517,10921581,15.65,6.161137581
Guinea,GIN,2014,YR2014,6.150505567,765.1469994,4.787992,11472924,..,8.571428299
Guinea,GIN,2016,YR2016,8.172681123,711.9965098,5.39694929,12073030,..,20.47619057
Guinea,GIN,2018,YR2018,9.827617013,933.2736156,3.73843002,12704774,19.13,11.320755
Guinea,GIN,2020,YR2020,10.60162034,1053.660977,3.90094519,13371183,18.18,12.73584938
Guinea,GIN,2022,YR2022,10.493041,1416.59612,3.95847702,14055137,17.26,12.26415062
Guinea,GIN,2024,YR2024,8.123139149,..,..,..,..,..
Guinea-Bissau,GNB,1960,YR1960,..,..,..,577633,..,..
Guinea-Bissau,GNB,1962,YR1962,..,..,..,589474,..,..
Guinea-Bissau,GNB,1964,YR1964,..,..,..,588543,..,..
Guinea-Bissau,GNB,1966,YR1966,..,..,..,566908,..,..
Guinea-Bissau,GNB,1968,YR1968,..,..,..,578170,..,..
Guinea-Bissau,GNB,1970,YR1970,..,350.221595,..,584403,..,..
Guinea-Bissau,GNB,1972,YR1972,..,388.6437614,..,586620,..,..
Guinea-Bissau,GNB,1974,YR1974,..,418.643114,..,613338,..,..
Guinea-Bissau,GNB,1976,YR1976,..,420.8529374,..,694191,..,..
Guinea-Bissau,GNB,1978,YR1978,..,402.7775257,..,791694,..,..
Guinea-Bissau,GNB,1980,YR1980,..,346.8554416,..,829303,..,..
Guinea-Bissau,GNB,1982,YR1982,..,502.732266,..,855891,..,..
Guinea-Bissau,GNB,1984,YR1984,..,407.4394447,..,883519,..,..
Guinea-Bissau,GNB,1986,YR1986,..,371.1375759,..,912126,..,..
Guinea-Bissau,GNB,1988,YR1988,60.28178263,453.8074727,..,942061,..,..
Guinea-Bissau,GNB,1990,YR1990,33.00197783,651.3376407,..,973669,..,..
Guinea-Bissau,GNB,1992,YR1992,69.5836364,574.3211064,..,1024356,..,..
Guinea-Bissau,GNB,1994,YR1994,15.17634743,560.8834225,..,1092031,..,..
Guinea-Bissau,GNB,1996,YR1996,50.73405496,614.7298925,..,1143535,..,2.127659559
Guinea-Bissau,GNB,1998,YR1998,8.01375519,497.7242796,..,1187473,..,0
Guinea-Bissau,GNB,2000,YR2000,8.636320949,316.945495,4.18953228,1234741,..,17.46031761
Guinea-Bissau,GNB,2002,YR2002,3.300121753,362.0345746,3.96902514,1289307,16.54,12.6984129
Guinea-Bissau,GNB,2004,YR2004,0.883302697,431.3765577,4.27734661,1349563,16.31,18.93203926
Guinea-Bissau,GNB,2006,YR2006,1.954737176,448.5130755,5.0809288,1415303,12.34,16.42512131
Guinea-Bissau,GNB,2008,YR2008,10.46007314,640.2103311,5.45864058,1488054,14.49,12.5
Guinea-Bissau,GNB,2010,YR2010,2.517851402,600.1942985,5.26704073,1566347,14.92,12.32227516
Guinea-Bissau,GNB,2012,YR2012,2.130545803,635.4616533,5.94134808,1651417,15.27,7.582938194
Guinea-Bissau,GNB,2014,YR2014,-1.509244606,652.022501,9.96897411,1741122,15.53,11.90476227
Guinea-Bissau,GNB,2016,YR2016,1.503120559,679.6653866,8.32881451,1831893,..,17.1428566
Guinea-Bissau,GNB,2018,YR2018,0.381324703,808.5316132,7.28224373,1922168,18.66,12.73584938
Guinea-Bissau,GNB,2020,YR2020,1.140009394,817.7803357,9.0293932,2013255,16.82,12.26415062
Guinea-Bissau,GNB,2022,YR2022,9.393838775,853.281304,8.11358356,2105529,17.25,16.98113251
Guinea-Bissau,GNB,2024,YR2024,..,..,..,..,..,..
Guyana,GUY,1960,YR1960,..,299.0746458,..,569143,..,..
Guyana,GUY,1962,YR1962,..,327.3925792,..,595461,..,..
Guyana,GUY,1964,YR1964,..,313.2611619,..,621764,..,..
Guyana,GUY,1966,YR1966,..,352.589675,..,648646,..,..
Guyana,GUY,1968,YR1968,..,339.7864411,..,676160,..,..
Guyana,GUY,1970,YR1970,..,381.0987541,..,702705,..,..
Guyana,GUY,1972,YR1972,..,395.4742646,..,721617,..,..
Guyana,GUY,1974,YR1974,..,587.968877,..,738057,..,..
Guyana,GUY,1976,YR1976,..,604.1052678,..,752253,..,..
Guyana,GUY,1978,YR1978,..,663.2085861,..,764586,..,..
Guyana,GUY,1980,YR1980,..,778.9588141,..,774367,..,..
Guyana,GUY,1982,YR1982,..,620.5646366,..,776712,..,..
Guyana,GUY,1984,YR1984,..,565.3344356,..,774111,..,..
Guyana,GUY,1986,YR1986,..,657.0140002,..,768098,..,..
Guyana,GUY,1988,YR1988,..,544.7152092,..,759663,..,..
Guyana,GUY,1990,YR1990,..,528.8510953,..,749894,..,..
Guyana,GUY,1992,YR1992,..,498.1566366,..,749911,..,..
Guyana,GUY,1994,YR1994,..,715.6115252,..,755822,..,..
Guyana,GUY,1996,YR1996,7.094711973,927.5238472,..,760526,27.28,19.14893532
Guyana,GUY,1998,YR1998,4.586466165,939.6854882,..,763586,..,29.78723335
Guyana,GUY,2000,YR2000,6.14854333,931.7966517,3.18737936,764832,24.9,14.28571415
Guyana,GUY,2002,YR2002,5.341015214,950.8669325,3.19353795,763652,20.09,15.8730154
Guyana,GUY,2004,YR2004,4.668466224,1033.310309,3.43770432,762418,..,16.01941681
Guyana,GUY,2006,YR2006,6.677157904,3135.605535,3.93144464,758966,17.82,13.52657032
Guyana,GUY,2008,YR2008,8.10202207,4008.962867,4.20242214,754606,16.15,15.38461494
Guyana,GUY,2010,YR2010,3.733377577,4581.761797,4.21897697,749256,15.6,19.43128014
Guyana,GUY,2012,YR2012,2.391935213,5444.397519,3.7081871,746288,15.64,19.43128014
Guyana,GUY,2014,YR2014,0.852630498,5472.688205,3.94755435,754229,..,29.04761887
Guyana,GUY,2016,YR2016,0.836008062,5870.878238,4.01842117,763548,17.03,31.4285717
Guyana,GUY,2018,YR2018,1.282842884,6048.386972,4.90492535,791556,17.62,25.94339561
Guyana,GUY,2020,YR2020,0.993337023,6775.709391,5.4180727,807481,16.92,25.94339561
Guyana,GUY,2022,YR2022,6.115055501,17913.49101,3.00636959,821637,17.6,33.49056625
Guyana,GUY,2024,YR2024,2.903952264,..,..,..,..,..
Haiti,HTI,1960,YR1960,-5.030041596,70.80244544,..,3858443,..,..
Haiti,HTI,1962,YR1962,-0.55490426,70.44646171,..,4001575,..,..
Haiti,HTI,1964,YR1964,9.162145871,78.45201585,..,4146244,..,..
Haiti,HTI,1966,YR1966,8.301835853,85.74937381,..,4302639,..,..
Haiti,HTI,1968,YR1968,1.316211878,82.40577176,..,4465328,..,..
Haiti,HTI,1970,YR1970,1.368493407,71.45439906,..,4635124,..,..
Haiti,HTI,1972,YR1972,3.189693969,77.27651826,..,4813868,..,..
Haiti,HTI,1974,YR1974,14.95069734,113.0392606,..,5001796,..,..
Haiti,HTI,1976,YR1976,7.038152278,169.0918881,..,5198357,..,..
Haiti,HTI,1978,YR1978,-2.673594984,180.3212539,..,5402580,..,..
Haiti,HTI,1980,YR1980,17.77830525,246.4692716,..,5614493,..,..
Haiti,HTI,1982,YR1982,7.359242276,252.6072506,..,5835937,..,..
Haiti,HTI,1984,YR1984,6.402032391,299.2471862,..,6069230,..,..
Haiti,HTI,1986,YR1986,3.279926634,366.9973443,..,6316122,..,..
Haiti,HTI,1988,YR1988,4.105468059,397.3653363,..,6578145,..,..
Haiti,HTI,1990,YR1990,21.27603201,451.7202497,..,6854441,..,..
Haiti,HTI,1992,YR1992,19.35849465,316.2765131,..,7136571,..,..
Haiti,HTI,1994,YR1994,39.33161954,292.1342244,..,7419771,..,..
Haiti,HTI,1996,YR1996,20.58359621,377.229465,..,7707557,..,8.510638237
Haiti,HTI,1998,YR1998,5.26903547,465.3633063,..,8002143,..,7.978723526
Haiti,HTI,2000,YR2000,9.333221976,820.6000468,3.99165702,8303151,..,12.16931248
Haiti,HTI,2002,YR2002,7.032874062,720.969568,3.43250132,8607641,5.3,3.174603224
Haiti,HTI,2004,YR2004,21.03183393,683.1852982,3.42928433,8910263,..,0.970873773
Haiti,HTI,2006,YR2006,11.34521522,828.8057003,3.48013902,9216562,..,5.314009666
Haiti,HTI,2008,YR2008,15.28177448,1094.660584,3.75722051,9530774,5.55,6.730769157
Haiti,HTI,2010,YR2010,4.827341901,1209.727335,4.54871035,9803294,10.54,9.952606201
Haiti,HTI,2012,YR2012,5.018041554,1361.393966,5.56462336,10069771,5.38,13.74407578
Haiti,HTI,2014,YR2014,3.4381666,1460.188986,4.52035809,10373235,9.06,13.80952358
Haiti,HTI,2016,YR2016,11.50290739,1318.402682,4.80760574,10671457,9.84,12.38095284
Haiti,HTI,2018,YR2018,12.48141112,1496.38049,4.31650305,10962362,..,13.679245
Haiti,HTI,2020,YR2020,22.79631136,1290.325387,3.22171092,11243848,11.16,10.37735844
Haiti,HTI,2022,YR2022,33.98393195,1760.626357,3.20848918,11503606,..,7.075471878
Haiti,HTI,2024,YR2024,..,..,..,..,..,..
Honduras,HND,1960,YR1960,-1.746238157,162.7741191,..,2062060,..,..
Honduras,HND,1962,YR1962,1.092150171,177.6987293,..,2182064,..,..
Honduras,HND,1964,YR1964,4.472101471,197.8479169,..,2309855,..,..
Honduras,HND,1966,YR1966,1.784234657,224.7674569,..,2446751,..,..
Honduras,HND,1968,YR1968,1.86122449,249.435319,..,2593057,..,..
Honduras,HND,1970,YR1970,2.880886427,262.8407523,..,2750715,..,..
Honduras,HND,1972,YR1972,3.612281758,274.8045,..,2922064,..,..
Honduras,HND,1974,YR1974,12.84954775,333.7273327,..,3099836,..,..
Honduras,HND,1976,YR1976,4.883418958,409.1721185,..,3294457,..,..
Honduras,HND,1978,YR1978,5.748324646,883.5472213,..,3505463,..,..
Honduras,HND,1980,YR1980,18.06154304,1064.656791,..,3727173,..,..
Honduras,HND,1982,YR1982,8.982621706,1077.746065,..,3958728,..,..
Honduras,HND,1984,YR1984,4.726368159,1170.354143,..,4199850,..,..
Honduras,HND,1986,YR1986,4.352723832,1276.23238,..,4448899,..,..
Honduras,HND,1988,YR1988,4.491257636,1253.849211,..,4707677,..,..
Honduras,HND,1990,YR1990,23.32256644,988.4592738,..,4980488,..,..
Honduras,HND,1992,YR1992,8.759886253,937.828918,..,5271431,..,..
Honduras,HND,1994,YR1994,21.72934688,832.0629724,..,5579242,..,..
Honduras,HND,1996,YR1996,23.83783531,883.3112498,..,5903954,9.94,14.89361668
Honduras,HND,1998,YR1998,13.66810775,1021.158188,..,6234431,11.53,29.2553196
Honduras,HND,2000,YR2000,11.04803493,1092.564007,6.26817989,6577773,11.08,25.92592621
Honduras,HND,2002,YR2002,7.69050972,1132.499653,6.2445755,6938859,9.78,23.80952454
Honduras,HND,2004,YR2004,8.113790971,1215.139954,6.85484362,7298994,7.14,19.41747665
Honduras,HND,2006,YR2006,5.577752077,1425.847801,7.86318684,7656832,9.71,15.942029
Honduras,HND,2008,YR2008,11.40342708,1732.490627,8.60362625,8012587,6.11,15.86538506
Honduras,HND,2010,YR2010,4.69889065,1893.327227,8.72536373,8365878,10.14,19.43128014
Honduras,HND,2012,YR2012,5.196186155,2126.034747,8.65655136,8715076,10.28,21.80094719
Honduras,HND,2014,YR2014,6.129249303,2179.88172,7.91455746,9063122,..,17.1428566
Honduras,HND,2016,YR2016,2.724612233,2307.344684,7.709445,9412380,..,20
Honduras,HND,2018,YR2018,4.347349378,2464.642415,7.22820663,9765210,6.05,16.50943375
Honduras,HND,2020,YR2020,3.46841178,2307.614943,9.03509808,10119640,5.9,18.39622688
Honduras,HND,2022,YR2022,9.089639115,3003.289968,8.28209972,10463872,2.42,15.09433937
Honduras,HND,2024,YR2024,4.606210981,..,..,..,..,..
"Hong Kong SAR, China",HKG,1960,YR1960,..,424.0565542,..,3114671,..,..
"Hong Kong SAR, China",HKG,1962,YR1962,..,487.8211341,..,3305200,..,..
"Hong Kong SAR, China",HKG,1964,YR1964,..,629.5915258,..,3504600,..,..
"Hong Kong SAR, China",HKG,1966,YR1966,..,685.9266141,..,3629900,..,..
"Hong Kong SAR, China",HKG,1968,YR1968,..,714.4829696,..,3802700,..,..
"Hong Kong SAR, China",HKG,1970,YR1970,..,960.0319615,..,3959000,..,..
"Hong Kong SAR, China",HKG,1972,YR1972,..,1384.734265,..,4123600,..,..
"Hong Kong SAR, China",HKG,1974,YR1974,..,2144.614959,..,4377800,..,..
"Hong Kong SAR, China",HKG,1976,YR1976,..,2850.01461,..,4518000,..,..
"Hong Kong SAR, China",HKG,1978,YR1978,..,3923.971378,..,4667500,..,..
"Hong Kong SAR, China",HKG,1980,YR1980,..,5700.432109,..,5063100,..,..
"Hong Kong SAR, China",HKG,1982,YR1982,10.97046414,6133.7669,..,5264500,..,..
"Hong Kong SAR, China",HKG,1984,YR1984,8.650519031,6208.226159,..,5397900,..,..
"Hong Kong SAR, China",HKG,1986,YR1986,3.384615385,7434.999255,..,5524600,..,..
"Hong Kong SAR, China",HKG,1988,YR1988,7.887323944,10609.74564,..,5627600,0,..
"Hong Kong SAR, China",HKG,1990,YR1990,10.42654028,13485.63145,..,5704500,..,..
"Hong Kong SAR, China",HKG,1992,YR1992,9.652509653,17976.46886,..,5800500,..,..
"Hong Kong SAR, China",HKG,1994,YR1994,8.737864078,22502.53024,..,6035400,..,..
"Hong Kong SAR, China",HKG,1996,YR1996,6.275579809,24818.30216,..,6435500,0,43.61701965
"Hong Kong SAR, China",HKG,1998,YR1998,2.912621359,25808.86099,..,6543700,0,46.80850983
"Hong Kong SAR, China",HKG,2000,YR2000,-3.685503686,25756.77287,..,6665000,0,61.37565994
"Hong Kong SAR, China",HKG,2002,YR2002,-2.983138781,24665.83623,..,6744100,0,60.84656143
"Hong Kong SAR, China",HKG,2004,YR2004,-0.274725275,24928.10037,..,6783500,0,67.96116638
"Hong Kong SAR, China",HKG,2006,YR2006,2.000251604,28224.09516,..,6857100,0,69.56521606
"Hong Kong SAR, China",HKG,2008,YR2008,4.303154841,31515.52921,..,6957800,0,69.71154022
"Hong Kong SAR, China",HKG,2010,YR2010,2.292890886,32550.13649,..,7024200,0,62.55924225
"Hong Kong SAR, China",HKG,2012,YR2012,4.053909509,36730.7962,..,7150100,0,64.9289093
"Hong Kong SAR, China",HKG,2014,YR2014,4.42364532,40315.37395,..,7229500,0,73.33333588
"Hong Kong SAR, China",HKG,2016,YR2016,2.409307439,43734.19807,..,7336600,0,58.09523773
"Hong Kong SAR, China",HKG,2018,YR2018,2.40613432,48537.56689,..,7452600,0,58.96226501
"Hong Kong SAR, China",HKG,2020,YR2020,0.250962021,46109.22999,..,7481000,0,34.43396378
"Hong Kong SAR, China",HKG,2022,YR2022,1.881367072,48826.05277,..,7346100,0,50.47169876
"Hong Kong SAR, China",HKG,2024,YR2024,1.729721191,..,..,..,..,..
Hungary,HUN,1960,YR1960,..,..,..,9983967,..,..
Hungary,HUN,1962,YR1962,..,..,..,10061734,..,..
Hungary,HUN,1964,YR1964,..,..,..,10119835,..,..
Hungary,HUN,1966,YR1966,..,..,..,10178653,..,..
Hungary,HUN,1968,YR1968,..,474.8802144,..,10255815,..,..
Hungary,HUN,1970,YR1970,..,557.3729824,..,10337910,..,..
Hungary,HUN,1972,YR1972,..,707.3376059,..,10398489,..,..
Hungary,HUN,1974,YR1974,1.797040168,952.7561324,..,10478720,..,..
Hungary,HUN,1976,YR1976,5.228398333,1244.724914,..,10598677,..,..
Hungary,HUN,1978,YR1978,4.687142749,1612.600991,..,10684822,..,..
Hungary,HUN,1980,YR1980,9.285857439,2151.181663,..,10711122,..,..
Hungary,HUN,1982,YR1982,6.835805083,2247.708005,..,10705535,..,..
Hungary,HUN,1984,YR1984,8.467854876,1984.743498,..,10668095,..,..
Hungary,HUN,1986,YR1986,5.291661701,2323.238643,..,10630564,..,..
Hungary,HUN,1988,YR1988,15.72354907,2803.063987,..,10596487,..,..
Hungary,HUN,1990,YR1990,28.36959965,3312.698238,..,10373988,..,..
Hungary,HUN,1992,YR1992,23.65572078,3735.10582,..,10369341,..,..
Hungary,HUN,1994,YR1994,18.86807499,4173.373024,..,10343355,..,..
Hungary,HUN,1996,YR1996,23.46903019,4525.039103,..,10311238,20.46,60.10638428
Hungary,HUN,1998,YR1998,14.15378965,4744.212264,..,10266570,..,68.0851059
Hungary,HUN,2000,YR2000,9.803610169,4624.281657,6.77804327,10210971,..,62.43386078
Hungary,HUN,2002,YR2002,5.265448216,6655.333009,7.1210165,10158608,17.97,71.42857361
Hungary,HUN,2004,YR2004,6.744346796,10301.70339,7.75805521,10107146,6.85,58.73786545
Hungary,HUN,2006,YR2006,3.930326038,11489.56087,7.77806187,10071370,7.24,63.768116
Hungary,HUN,2008,YR2008,6.042512539,15772.33008,7.08839607,10038188,5.94,55.28845978
Hungary,HUN,2010,YR2010,4.855557957,13217.5046,7.44858313,10000023,6.3,54.02843475
Hungary,HUN,2012,YR2012,5.652145171,12984.83657,7.41063309,9920362,5.6,57.34597015
Hungary,HUN,2014,YR2014,-0.227566271,14294.25842,7.04665947,9866468,5.72,58.57143021
Hungary,HUN,2016,YR2016,0.394769307,13104.69955,6.9877739,9814023,5.32,57.1428566
Hungary,HUN,2018,YR2018,2.850247926,16425.20503,6.57987547,9775564,5.24,59.90565872
Hungary,HUN,2020,YR2020,3.326743858,16131.95404,7.28760386,9750149,2.21,60.84905624
Hungary,HUN,2022,YR2022,14.60814395,18353.29836,6.68981791,9644377,4.06,54.24528122
Hungary,HUN,2024,YR2024,3.703703704,..,..,..,..,..
Iceland,ISL,1960,YR1960,1.988397239,1436.258854,..,175574,..,..
Iceland,ISL,1962,YR1962,11.01629245,1585.721438,..,182378,..,..
Iceland,ISL,1964,YR1964,19.24505436,2332.473658,..,188983,..,..
Iceland,ISL,1966,YR1966,10.68664303,3264.047427,..,195570,..,..
Iceland,ISL,1968,YR1968,15.2317984,2389.883505,..,201488,..,..
Iceland,ISL,1970,YR1970,13.37247515,2576.353444,..,204438,..,..
Iceland,ISL,1972,YR1972,9.811323913,4014.84273,..,209137,..,..
Iceland,ISL,1974,YR1974,42.51618196,7040.554044,..,215209,..,..
Iceland,ISL,1976,YR1976,32.03511022,7583.275298,..,220154,..,..
Iceland,ISL,1978,YR1978,43.74999829,11236.73574,..,223537,..,..
Iceland,ISL,1980,YR1980,58.52842609,14821.81509,..,228138,..,..
Iceland,ISL,1982,YR1982,50.24322639,13711.73627,..,233860,..,..
Iceland,ISL,1984,YR1984,30.85239708,11959.54001,..,239511,..,..
Iceland,ISL,1986,YR1986,22.12840119,16406.04795,..,243180,..,..
Iceland,ISL,1988,YR1988,25.72550909,24451.97332,..,249740,..,..
Iceland,ISL,1990,YR1990,15.51072199,25384.91502,..,254826,..,..
Iceland,ISL,1992,YR1992,3.947711768,27124.27454,..,261057,..,..
Iceland,ISL,1994,YR1994,1.552656275,24018.6314,..,266021,..,..
Iceland,ISL,1996,YR1996,2.260418983,27614.87703,..,268916,7.44,68.0851059
Iceland,ISL,1998,YR1998,1.65924171,31030.0536,..,274047,29.34,72.87233734
Iceland,ISL,2000,YR2000,5.136471232,32096.37226,8.89924335,281205,30.92,80.42327881
Iceland,ISL,2002,YR2002,5.197022302,32409.21615,9.40382481,287523,..,83.06878662
Iceland,ISL,2004,YR2004,3.158193243,47334.93065,9.32854366,292074,23.6,79.12621307
Iceland,ISL,2006,YR2006,6.687079061,57492.93425,8.55709076,303782,13.61,81.64250946
Iceland,ISL,2008,YR2008,12.69439428,56943.37045,8.34370804,317414,12.01,72.59615326
Iceland,ISL,2010,YR2010,5.396731132,43237.07295,8.36173058,318041,8.64,66.35070801
Iceland,ISL,2012,YR2012,5.185899888,45995.54788,8.23091221,320716,8.64,73.4597168
Iceland,ISL,2014,YR2014,2.044614815,54576.74481,8.29044247,327386,8.91,78.09523773
Iceland,ISL,2016,YR2016,1.69692762,61987.92636,8.15569115,335439,8.95,87.14286041
Iceland,ISL,2018,YR2018,2.682917683,74452.18907,8.43817616,352721,..,87.26415253
Iceland,ISL,2020,YR2020,2.847924015,59023.56635,9.67780685,366463,..,81.13207245
Iceland,ISL,2022,YR2022,8.308755116,75314.08556,9.28593922,382003,9.04,76.41509247
Iceland,ISL,2024,YR2024,5.8568385,..,..,..,..,..
India,IND,1960,YR1960,1.779877847,84.93280848,..,435990338,..,..
India,IND,1962,YR1962,3.632214971,92.19995836,..,457283090,..,..
India,IND,1964,YR1964,13.35526115,117.8564308,..,479229598,..,..
India,IND,1966,YR1966,10.80184835,91.02769505,..,500740247,..,..
India,IND,1968,YR1968,3.237412426,101.5568025,..,522716889,..,..
India,IND,1970,YR1970,5.09226162,114.35532,..,545864268,..,..
India,IND,1972,YR1972,6.442097462,125.270706,..,570482142,..,..
India,IND,1974,YR1974,28.59873408,166.6996618,..,597041391,..,..
India,IND,1976,YR1976,-7.633947634,164.1199996,..,625861883,..,..
India,IND,1978,YR1978,2.523048757,209.3890636,..,655728229,..,..
India,IND,1980,YR1980,11.34607348,271.080946,..,687354025,..,..
India,IND,1982,YR1982,7.890742794,278.6503826,..,720313473,..,..
India,IND,1984,YR1984,8.318907119,281.0498678,..,754875449,..,..
India,IND,1986,YR1986,8.729720727,314.8971164,..,790689978,..,..
India,IND,1988,YR1988,9.383471862,358.4845396,..,827342990,..,..
India,IND,1990,YR1990,8.971232503,371.0859362,..,864972221,71.67,..
India,IND,1992,YR1992,11.78781704,319.1824726,..,902957070,49.21,..
India,IND,1994,YR1994,10.24793556,347.7342147,..,941163767,..,..
India,IND,1996,YR1996,8.977152338,401.0467547,..,979678458,32.67,6.914893627
India,IND,1998,YR1998,13.23083898,413.6308641,..,1018665080,..,6.382978916
India,IND,2000,YR2000,4.00943591,442.7502189,4.10568476,1057922733,32.2,8.994709015
India,IND,2002,YR2002,4.297152039,469.149929,4.31453371,1097600380,29.94,5.291005135
India,IND,2004,YR2004,3.767251735,624.2588265,4.02679491,1135991513,30.6,4.854369164
India,IND,2006,YR2006,5.796523376,801.6683537,3.66901541,1172878890,20.27,8.695652008
India,IND,2008,YR2008,8.349267049,992.5195849,3.58856082,1207930964,17.57,9.615385056
India,IND,2010,YR2010,11.98938992,1347.519391,3.33625913,1243481564,16.48,4.739336491
India,IND,2012,YR2012,9.478996914,1429.321995,3.32935286,1278674502,19.63,6.161137581
India,IND,2014,YR2014,6.665656719,1553.883961,3.61956549,1312277191,..,8.571428299
India,IND,2016,YR2016,4.948216341,1707.508929,3.50430417,1343944296,16.64,10.47619057
India,IND,2018,YR2018,3.938826467,1966.254552,2.8584938,1374659064,16.84,9.905660629
India,IND,2020,YR2020,6.623436776,1907.042516,3.34146094,1402617695,17.56,11.320755
India,IND,2022,YR2022,6.699034141,2352.613925,3.3058846,1425423212,17.27,14.62264156
India,IND,2024,YR2024,4.95303551,..,..,..,..,..
Indonesia,IDN,1960,YR1960,39.59044369,..,..,88296070,..,..
Indonesia,IDN,1962,YR1962,131.3978495,..,..,93375850,..,..
Indonesia,IDN,1964,YR1964,108.994709,..,..,98833749,..,..
Indonesia,IDN,1966,YR1966,1136.254112,..,..,103792754,..,..
Indonesia,IDN,1968,YR1968,128.8430421,64.65477306,..,109450006,..,..
Indonesia,IDN,1970,YR1970,12.39946465,79.11882348,..,115657495,..,..
Indonesia,IDN,1972,YR1972,6.521749213,90.11475491,..,122039841,..,..
Indonesia,IDN,1974,YR1974,40.49179044,200.7109845,..,128555045,..,..
Indonesia,IDN,1976,YR1976,19.8286537,275.7131678,..,135173655,..,..
Indonesia,IDN,1978,YR1978,8.112582595,362.4837798,..,141953163,..,..
Indonesia,IDN,1980,YR1980,18.03543016,486.620172,..,148950540,..,..
Indonesia,IDN,1982,YR1982,9.445423954,577.7456327,..,156052152,..,..
Indonesia,IDN,1984,YR1984,10.45503482,519.7740631,..,163251124,..,..
Indonesia,IDN,1986,YR1986,5.822666962,469.8342413,..,170175065,..,..
Indonesia,IDN,1988,YR1988,8.045367151,476.6624834,..,176855065,..,..
Indonesia,IDN,1990,YR1990,7.819191447,578.4201211,..,183501098,16.48,..
Indonesia,IDN,1992,YR1992,7.52351717,673.6710395,..,190043744,..,..
Indonesia,IDN,1994,YR1994,8.532005254,899.7939829,..,196591828,..,..
Indonesia,IDN,1996,YR1996,7.973280856,1118.92133,..,203204348,11.73,5.851063728
Indonesia,IDN,1998,YR1998,58.45104447,454.8778008,..,209826788,6.07,1.06382978
Indonesia,IDN,2000,YR2000,3.68861916,763.711125,1.85297656,216077790,6.26,0
Indonesia,IDN,2002,YR2002,11.90011757,881.0029136,1.98062706,222088495,6.92,1.058201075
Indonesia,IDN,2004,YR2004,6.064059885,1126.840044,2.12002277,227926649,4.94,1.45631063
Indonesia,IDN,2006,YR2006,13.1086721,1558.315628,2.61946416,233951652,4.19,5.797101498
Indonesia,IDN,2008,YR2008,10.22666455,2124.554839,2.54842305,240157903,7.13,9.615385056
Indonesia,IDN,2010,YR2010,5.134204008,3065.683484,2.7908783,246305322,5.97,12.32227516
Indonesia,IDN,2012,YR2012,4.279499996,3632.27254,2.91427088,252698525,7.13,18.00947952
Indonesia,IDN,2014,YR2014,6.394925408,3441.068085,2.96433568,258877399,..,20.95238113
Indonesia,IDN,2016,YR2016,3.525805157,3521.469435,3.02147198,264627418,7.18,21.4285717
Indonesia,IDN,2018,YR2018,3.198346416,3860.953531,2.86757827,269951846,7.39,15.56603813
Indonesia,IDN,2020,YR2020,1.920968006,3853.702888,3.42067289,274814866,6.2,18.39622688
Indonesia,IDN,2022,YR2022,4.209463834,4730.745489,2.69394851,278830529,6.21,15.56603813
Indonesia,IDN,2024,YR2024,..,..,..,..,..,..
"Iran, Islamic Rep.",IRN,1960,YR1960,9.822410813,195.5775272,..,21470434,..,..
"Iran, Islamic Rep.",IRN,1962,YR1962,0.721320572,205.7868097,..,22807907,..,..
"Iran, Islamic Rep.",IRN,1964,YR1964,3.814489572,221.7317278,..,24262859,..,..
"Iran, Islamic Rep.",IRN,1966,YR1966,-0.388148532,262.8776838,..,25829270,..,..
"Iran, Islamic Rep.",IRN,1968,YR1968,0.690360522,314.2854567,..,27437391,..,..
"Iran, Islamic Rep.",IRN,1970,YR1970,1.66687094,376.6068792,..,29145100,..,..
"Iran, Islamic Rep.",IRN,1972,YR1972,6.398241351,554.7480341,..,30921179,..,..
"Iran, Islamic Rep.",IRN,1974,YR1974,14.24893554,1408.965719,..,32796463,..,..
"Iran, Islamic Rep.",IRN,1976,YR1976,11.25614251,1953.519697,..,34837271,..,..
"Iran, Islamic Rep.",IRN,1978,YR1978,11.7219692,2100.770153,..,37126535,..,..
"Iran, Islamic Rep.",IRN,1980,YR1980,20.64391444,2368.392857,..,39842324,..,..
"Iran, Islamic Rep.",IRN,1982,YR1982,18.68972593,2844.876114,..,44272141,..,..
"Iran, Islamic Rep.",IRN,1984,YR1984,12.54021945,3395.336976,..,47793998,..,..
"Iran, Islamic Rep.",IRN,1986,YR1986,18.42900302,4064.346673,..,51446045,..,..
"Iran, Islamic Rep.",IRN,1988,YR1988,28.67063492,2234.462351,..,55072694,..,..
"Iran, Islamic Rep.",IRN,1990,YR1990,7.627674938,2137.942227,..,58380092,..,..
"Iran, Islamic Rep.",IRN,1992,YR1992,25.80772262,1957.485078,..,61184983,..,..
"Iran, Islamic Rep.",IRN,1994,YR1994,31.44702842,1167.762725,..,61520598,..,..
"Iran, Islamic Rep.",IRN,1996,YR1996,28.93734402,1914.781213,..,62881300,..,19.68085098
"Iran, Islamic Rep.",IRN,1998,YR1998,17.86613421,1709.193341,..,64519859,..,11.70212746
"Iran, Islamic Rep.",IRN,2000,YR2000,14.47675132,1650.013858,4.72250843,66418659,23.83,12.16931248
"Iran, Islamic Rep.",IRN,2002,YR2002,14.33593374,1891.257561,4.65182209,68011317,..,13.75661373
"Iran, Islamic Rep.",IRN,2004,YR2004,14.7615087,2672.422665,5.12801409,70256316,15.01,13.10679626
"Iran, Islamic Rep.",IRN,2006,YR2006,10.01589825,3618.916014,5.15990877,73392747,..,8.695652008
"Iran, Islamic Rep.",IRN,2008,YR2008,25.41050903,5377.411507,5.03990459,75514204,16.62,10.57692337
"Iran, Islamic Rep.",IRN,2010,YR2010,10.08936293,6291.194437,6.29153061,77420842,..,3.317535639
"Iran, Islamic Rep.",IRN,2012,YR2012,27.25681272,8114.080998,6.12235117,79370580,..,5.687203884
"Iran, Islamic Rep.",IRN,2014,YR2014,16.60655324,5672.063729,6.35239553,81502045,..,9.047618866
"Iran, Islamic Rep.",IRN,2016,YR2016,7.24542549,5477.037124,7.99202633,83812228,..,10.95238113
"Iran, Islamic Rep.",IRN,2018,YR2018,18.01411834,4631.78709,7.73915195,86117998,..,6.603773594
"Iran, Islamic Rep.",IRN,2020,YR2020,30.59413904,2988.781224,5.40149546,87723443,12.09,3.773584843
"Iran, Islamic Rep.",IRN,2022,YR2022,43.48846417,4405.092915,5.34889174,89524246,..,5.188679218
"Iran, Islamic Rep.",IRN,2024,YR2024,..,..,..,..,..,..
Iraq,IRQ,1960,YR1960,3.478237904,218.9178025,..,7022052,..,..
Iraq,IRQ,1962,YR1962,1.292362165,240.6534425,..,7413875,..,..
Iraq,IRQ,1964,YR1964,-0.09013652,269.423093,..,7929566,..,..
Iraq,IRQ,1966,YR1966,1.983218917,298.2056668,..,8485104,..,..
Iraq,IRQ,1968,YR1968,2.196475983,318.8325526,..,9085016,..,..
Iraq,IRQ,1970,YR1970,4.355595265,337.0429126,..,9735611,..,..
Iraq,IRQ,1972,YR1972,5.185950413,394.418343,..,10430164,..,..
Iraq,IRQ,1974,YR1974,7.7,1031.250813,..,11167761,..,..
Iraq,IRQ,1976,YR1976,12.82323018,1488.543352,..,11927651,..,..
Iraq,IRQ,1978,YR1978,4.611942867,1863.217612,..,12753355,..,..
Iraq,IRQ,1980,YR1980,..,3867.645007,..,13591992,..,..
Iraq,IRQ,1982,YR1982,..,2941.974813,..,14406083,..,..
Iraq,IRQ,1984,YR1984,..,3065.717827,..,15310733,..,..
Iraq,IRQ,1986,YR1986,..,2940.406232,..,16074145,..,..
Iraq,IRQ,1988,YR1988,..,3707.208418,..,16908819,..,..
Iraq,IRQ,1990,YR1990,..,10261.41577,..,17581206,..,..
Iraq,IRQ,1992,YR1992,83.61581921,30.25390126,..,18300845,..,..
Iraq,IRQ,1994,YR1994,448.5,198.1821019,..,20139807,..,..
Iraq,IRQ,1996,YR1996,-16.11732575,485.2584928,..,21501321,..,1.595744729
Iraq,IRQ,1998,YR1998,14.76877356,900.9371426,..,22884399,..,3.723404169
Iraq,IRQ,2000,YR2000,4.978962132,1980.18916,..,24424056,..,0.529100537
Iraq,IRQ,2002,YR2002,19.3166946,1266.159613,..,26006559,..,1.058201075
Iraq,IRQ,2004,YR2004,26.96190682,1328.371576,3.90128636,27577878,..,0
Iraq,IRQ,2006,YR2006,53.23096291,2276.554357,2.49370432,28616515,..,0
Iraq,IRQ,2008,YR2008,12.66285283,4542.96609,3.06604242,28971036,..,0
Iraq,IRQ,2010,YR2010,2.877747253,4461.751962,3.23955345,31045366,..,0
Iraq,IRQ,2012,YR2012,6.089096416,6477.596185,2.69365859,33654842,..,1.895734549
Iraq,IRQ,2014,YR2014,2.235974079,6249.39227,2.78786659,36550059,..,0
Iraq,IRQ,2016,YR2016,0.556521397,4334.420964,4.58949184,38469627,..,0.952380955
Iraq,IRQ,2018,YR2018,0.367441489,5646.689321,4.12989378,40265624,..,0
Iraq,IRQ,2020,YR2020,0.574162679,4295.189451,5.76473284,42116605,..,0
Iraq,IRQ,2022,YR2022,4.994765964,6504.124284,4.29332495,44070551,..,0
Iraq,IRQ,2024,YR2024,..,..,..,..,..,..
Ireland,IRL,1960,YR1960,0.450837269,706.5510223,..,2828600,..,..
Ireland,IRL,1962,YR1962,4.263727121,821.3441131,..,2836050,..,..
Ireland,IRL,1964,YR1964,6.717289719,994.6073316,..,2866550,..,..
Ireland,IRL,1966,YR1966,3.054298641,1107.31823,..,2888800,..,..
Ireland,IRL,1968,YR1968,4.680851064,1158.855498,..,2915550,..,..
Ireland,IRL,1970,YR1970,8.207190161,1486.514527,..,2957250,..,..
Ireland,IRL,1972,YR1972,8.605817453,2080.465147,..,3036850,..,..
Ireland,IRL,1974,YR1974,16.97612732,2516.927686,..,3137500,..,..
Ireland,IRL,1976,YR1976,17.98569586,2919.583087,..,3238050,..,..
Ireland,IRL,1978,YR1978,7.711112146,4399.986805,..,3329100,..,..
Ireland,IRL,1980,YR1980,18.15446226,6372.437775,..,3412800,..,..
Ireland,IRL,1982,YR1982,17.1471262,6160.638614,..,3485800,..,..
Ireland,IRL,1984,YR1984,8.651110538,5692.027386,..,3532423,..,..
Ireland,IRL,1986,YR1986,3.827041665,8112.171363,..,3539690,..,..
Ireland,IRL,1988,YR1988,2.134569891,10715.87062,..,3524949,..,..
Ireland,IRL,1990,YR1990,3.317328867,14031.30257,..,3513974,..,..
Ireland,IRL,1992,YR1992,3.069998538,15714.38475,..,3558430,..,..
Ireland,IRL,1994,YR1994,2.309201926,15902.92968,..,3590386,..,..
Ireland,IRL,1996,YR1996,1.755744696,20835.89737,..,3637510,..,71.27659607
Ireland,IRL,1998,YR1998,2.407680945,24294.85477,..,3712696,..,78.72340393
Ireland,IRL,2000,YR2000,5.577632699,26334.56721,5.8990283,3805174,7.93,81.48148346
Ireland,IRL,2002,YR2002,4.628205128,32705.43456,6.67263031,3931947,6.42,82.53968048
Ireland,IRL,2004,YR2004,2.178546057,47754.20232,7.21972942,4070262,6.85,71.8446579
Ireland,IRL,2006,YR2006,3.93576114,54329.16186,7.51646996,4273591,7.24,71.49758148
Ireland,IRL,2008,YR2008,4.035688349,61353.10656,9.12564754,4489544,5.94,72.59615326
Ireland,IRL,2010,YR2010,-0.918388645,48679.40268,10.52404499,4560155,6.3,66.824646
Ireland,IRL,2012,YR2012,1.694741167,49411.73875,10.6218853,4599533,5.6,63.5071106
Ireland,IRL,2014,YR2014,0.190916399,57278.25909,9.49471951,4657740,5.72,69.52381134
Ireland,IRL,2016,YR2016,0.020124774,64292.65997,7.4818964,4755335,5.32,62.8571434
Ireland,IRL,2018,YR2018,0.471130714,81248.31354,6.47943211,4867316,5.24,66.98113251
Ireland,IRL,2020,YR2020,-0.326183651,87567.1149,7.06342745,4985382,2.21,64.62264252
Ireland,IRL,2022,YR2022,7.829457364,106194.7559,6.11978531,5165700,4.06,61.79245377
Ireland,IRL,2024,YR2024,2.113449996,..,..,..,..,..
Isle of Man,IMN,1960,YR1960,..,..,..,48868,..,..
Isle of Man,IMN,1962,YR1962,..,..,..,48688,..,..
Isle of Man,IMN,1964,YR1964,..,..,..,49625,..,..
Isle of Man,IMN,1966,YR1966,..,..,..,50749,..,..
Isle of Man,IMN,1968,YR1968,..,..,..,52891,..,..
Isle of Man,IMN,1970,YR1970,..,..,..,55300,..,..
Isle of Man,IMN,1972,YR1972,..,..,..,57367,..,..
Isle of Man,IMN,1974,YR1974,..,..,..,59139,..,..
Isle of Man,IMN,1976,YR1976,..,..,..,60750,..,..
Isle of Man,IMN,1978,YR1978,..,..,..,62398,..,..
Isle of Man,IMN,1980,YR1980,..,..,..,64076,..,..
Isle of Man,IMN,1982,YR1982,..,..,..,64686,..,..
Isle of Man,IMN,1984,YR1984,..,3892.818571,..,64528,..,..
Isle of Man,IMN,1986,YR1986,..,5507.180039,..,64695,..,..
Isle of Man,IMN,1988,YR1988,..,8768.790532,..,66680,..,..
Isle of Man,IMN,1990,YR1990,..,11049.89494,..,68916,..,..
Isle of Man,IMN,1992,YR1992,..,12150.85455,..,70353,..,..
Isle of Man,IMN,1994,YR1994,..,11708.28575,..,71168,..,..
Isle of Man,IMN,1996,YR1996,..,13979.84549,..,72047,..,..
Isle of Man,IMN,1998,YR1998,..,18753.12023,..,73861,..,..
Isle of Man,IMN,2000,YR2000,..,21161.39631,..,75659,..,..
Isle of Man,IMN,2002,YR2002,..,24471.07988,..,77275,..,..
Isle of Man,IMN,2004,YR2004,..,35564.60239,..,78792,..,..
Isle of Man,IMN,2006,YR2006,..,42627.50894,..,80294,..,..
Isle of Man,IMN,2008,YR2008,..,72276.77413,..,82029,..,..
Isle of Man,IMN,2010,YR2010,..,70587.31403,..,83873,..,..
Isle of Man,IMN,2012,YR2012,..,79329.20343,..,84335,..,..
Isle of Man,IMN,2014,YR2014,..,91885.45287,..,83892,..,..
Isle of Man,IMN,2016,YR2016,..,82025.94545,..,83466,..,..
Isle of Man,IMN,2018,YR2018,..,89393.82442,..,83805,..,..
Isle of Man,IMN,2020,YR2020,..,79513.53303,..,84064,..,..
Isle of Man,IMN,2022,YR2022,..,..,..,84132,..,..
Isle of Man,IMN,2024,YR2024,..,..,..,..,..,..
Israel,ISR,1960,YR1960,2.228112421,1449.761409,..,2114020,..,..
Israel,ISR,1962,YR1962,9.408194068,1291.142075,..,2293000,..,..
Israel,ISR,1964,YR1964,5.172750423,1622.947138,..,2475000,..,..
Israel,ISR,1966,YR1966,7.930367544,1785.650635,..,2629000,..,..
Israel,ISR,1968,YR1968,2.079221858,1943.698373,..,2803000,..,..
Israel,ISR,1970,YR1970,6.110742036,2485.815741,..,2974000,..,..
Israel,ISR,1972,YR1972,12.88147082,2924.428585,..,3148000,..,..
Israel,ISR,1974,YR1974,39.67997045,5076.296515,..,3377000,..,..
Israel,ISR,1976,YR1976,31.31086533,4508.343262,..,3533000,..,..
Israel,ISR,1978,YR1978,50.55092465,4788.327925,..,3690000,..,..
Israel,ISR,1980,YR1980,131.0249955,6536.74795,..,3878000,..,..
Israel,ISR,1982,YR1982,120.3643514,7244.518938,..,4031000,..,..
Israel,ISR,1984,YR1984,373.2156531,7355.25317,..,4159000,..,..
Israel,ISR,1986,YR1986,47.88851351,8320.473489,..,4299000,..,..
Israel,ISR,1988,YR1988,16.4028777,11831.66803,..,4442000,..,..
Israel,ISR,1990,YR1990,17.18589524,13284.37946,..,4660000,..,..
Israel,ISR,1992,YR1992,12.01569397,15482.10057,..,5123000,..,..
Israel,ISR,1994,YR1994,12.27550819,16776.61249,..,5399000,..,..
Israel,ISR,1996,YR1996,11.41669332,20180.37705,..,5692000,..,5.851063728
Israel,ISR,1998,YR1998,5.491900435,20157.09663,..,5971000,..,7.446808338
Israel,ISR,2000,YR2000,1.03264095,21660.84038,6.61731339,6289000,12.69,8.994709015
Israel,ISR,2002,YR2002,5.772357724,19034.31757,6.92267561,6570000,11.19,2.645502567
Israel,ISR,2004,YR2004,-0.381637771,20546.22917,6.80059671,6809000,4.2,4.368932247
Israel,ISR,2006,YR2006,2.063526361,22502.07222,6.70972347,7053700,8.25,7.729468822
Israel,ISR,2008,YR2008,4.552160169,30176.28651,6.82830238,7308800,6.84,8.653845787
Israel,ISR,2010,YR2010,2.691370063,31338.55689,6.88817596,7623600,..,4.265402794
Israel,ISR,2012,YR2012,1.679207194,33236.57312,6.97648525,7910500,3.96,7.109004974
Israel,ISR,2014,YR2014,0.479786761,38230.4954,7.04530668,8215700,5.08,8.095237732
Israel,ISR,2016,YR2016,-0.551552353,37556.62729,7.09562969,8546000,6.13,10.95238113
Israel,ISR,2018,YR2018,0.79407566,42233.26103,7.22799444,8882800,..,10.84905624
Israel,ISR,2020,YR2020,-0.614412358,44679.77158,7.70120192,9215100,..,10.84905624
Israel,ISR,2022,YR2022,4.393596659,54930.72616,7.34161806,9557500,5.81,8.490566254
Israel,ISR,2024,YR2024,3.070526147,..,..,..,..,..
Italy,ITA,1960,YR1960,2.350161414,836.9058503,..,50199700,..,..
Italy,ITA,1962,YR1962,4.691143607,1030.158003,..,50879450,..,..
Italy,ITA,1964,YR1964,5.912322532,1271.801193,..,51675350,..,..
Italy,ITA,1966,YR1966,2.346588934,1458.947139,..,52519000,..,..
Italy,ITA,1968,YR1968,1.277313354,1718.496464,..,53235750,..,..
Italy,ITA,1970,YR1970,4.968319873,2111.719864,..,53821850,..,..
Italy,ITA,1972,YR1972,5.749503937,2677.29373,..,54381345,..,..
Italy,ITA,1974,YR1974,19.15976959,3629.491823,..,55110868,..,..
Italy,ITA,1976,YR1976,16.61416647,4042.394825,..,55718260,..,..
Italy,ITA,1978,YR1978,12.09401384,5623.429176,..,56155143,..,..
Italy,ITA,1980,YR1980,21.06416828,8476.41045,..,56433883,..,..
Italy,ITA,1982,YR1982,16.48041462,7573.939676,..,56543548,..,..
Italy,ITA,1984,YR1984,10.79449601,7757.553748,..,56576718,..,..
Italy,ITA,1986,YR1986,5.823546919,11341.09399,..,56596155,..,..
Italy,ITA,1988,YR1988,5.058247477,15780.94951,..,56629288,..,..
Italy,ITA,1990,YR1990,6.456609061,20873.78341,..,56719240,..,..
Italy,ITA,1992,YR1992,5.270589986,23297.04603,..,56797087,..,..
Italy,ITA,1994,YR1994,4.051842181,19382.20022,..,56843400,..,..
Italy,ITA,1996,YR1996,4.00697669,23122.93372,..,56860281,..,61.70212936
Italy,ITA,1998,YR1998,1.955085577,22365.18376,..,56906744,..,67.55319214
Italy,ITA,2000,YR2000,2.537685321,20190.00356,7.56665516,56942108,7.93,62.43386078
Italy,ITA,2002,YR2002,2.465323192,22463.52221,7.86693573,57059007,6.42,59.7883606
Italy,ITA,2004,YR2004,2.206736614,31425.82087,8.16549301,57685327,6.85,38.34951401
Italy,ITA,2006,YR2006,2.09084391,33684.72004,8.43673038,58143979,7.24,49.27536392
Italy,ITA,2008,YR2008,3.347832584,41095.40634,8.53282356,58826731,5.94,49.03845978
Italy,ITA,2010,YR2010,1.525516021,36184.71187,8.91602039,59277417,6.3,49.76303482
Italy,ITA,2012,YR2012,3.041363332,35235.79891,8.78352833,59539717,5.6,50.71089935
Italy,ITA,2014,YR2014,0.24104743,35750.71975,8.86791801,60789140,5.72,50.47618866
Italy,ITA,2016,YR2016,-0.094016657,31126.32469,8.72533035,60627498,5.32,48.09523773
Italy,ITA,2018,YR2018,1.137487636,34746.34414,8.68187714,60421760,5.24,45.28302002
Italy,ITA,2020,YR2020,-0.137707574,32091.48666,9.62485981,59438851,2.21,48.11320877
Italy,ITA,2022,YR2022,8.201289912,35635.74422,9.02753067,59013667,4.06,49.05660248
Italy,ITA,2024,YR2024,0.982373023,..,..,..,..,..
Jamaica,JAM,1960,YR1960,3.274249138,423.6740982,..,1650005,..,..
Jamaica,JAM,1962,YR1962,1.407506702,458.3139978,..,1696932,..,..
Jamaica,JAM,1964,YR1964,2.013422819,514.4165113,..,1745568,..,..
Jamaica,JAM,1966,YR1966,1.902398677,612.2103637,..,1791475,..,..
Jamaica,JAM,1968,YR1968,5.92869805,591.0458172,..,1833765,..,..
Jamaica,JAM,1970,YR1970,14.7280042,747.9093992,..,1878196,..,..
Jamaica,JAM,1972,YR1972,5.427702996,970.8029064,..,1931542,..,..
Jamaica,JAM,1974,YR1974,27.15818946,1192.985694,..,1990906,..,..
Jamaica,JAM,1976,YR1976,9.793653275,1449.977882,..,2045578,..,..
Jamaica,JAM,1978,YR1978,34.89980152,1262.403272,..,2094836,..,..
Jamaica,JAM,1980,YR1980,27.30815899,1248.744847,..,2145658,..,..
Jamaica,JAM,1982,YR1982,6.545407967,1494.402083,..,2203889,..,..
Jamaica,JAM,1984,YR1984,27.81476932,1048.134054,..,2264562,..,..
Jamaica,JAM,1986,YR1986,15.10537542,1191.349768,..,2312125,..,..
Jamaica,JAM,1988,YR1988,8.266765744,1632.014817,..,2345777,..,..
Jamaica,JAM,1990,YR1990,21.96017512,1929.598919,..,2379877,..,..
Jamaica,JAM,1992,YR1992,77.29659296,1458.101469,..,2424701,..,..
Jamaica,JAM,1994,YR1994,35.06339425,2202.85831,..,2475220,..,..
Jamaica,JAM,1996,YR1996,26.40665661,2928.896926,..,2524463,23.62,28.72340393
Jamaica,JAM,1998,YR1998,8.63189613,3419.493529,..,2569736,..,30.31914902
Jamaica,JAM,2000,YR2000,8.171083561,3453.092528,5.64462519,2607826,15.39,32.80423355
Jamaica,JAM,2002,YR2002,7.076350093,3680.645517,4.74544334,2640572,15.64,25.39682579
Jamaica,JAM,2004,YR2004,13.55450237,3807.562931,4.80435276,2672225,15.86,21.35922241
Jamaica,JAM,2006,YR2006,8.561064087,4417.001271,4.20788145,2700968,15.85,23.18840599
Jamaica,JAM,2008,YR2008,22.0228385,5029.800953,5.61143064,2725635,..,20.19230843
Jamaica,JAM,2010,YR2010,12.610552,4809.97738,5.2951932,2748568,13.91,19.9052124
Jamaica,JAM,2012,YR2012,6.873977087,5340.833332,4.88512897,2772430,15.98,37.91469193
Jamaica,JAM,2014,YR2014,8.274078862,4975.11327,5.16564465,2793749,..,35.23809433
Jamaica,JAM,2016,YR2016,2.351021975,5009.794501,5.70102215,2809915,18.94,45.23809433
Jamaica,JAM,2018,YR2018,3.736638822,5578.103461,5.96798849,2820097,..,50
Jamaica,JAM,2020,YR2020,5.226777793,4879.440246,6.62580395,2830739,15.86,43.39622498
Jamaica,JAM,2022,YR2022,10.34956884,6022.153411,7.77706337,2839144,18.33,45.75471878
Jamaica,JAM,2024,YR2024,5.41194448,..,..,..,..,..
Japan,JPN,1960,YR1960,3.574511525,508.7027793,..,93216000,..,..
Japan,JPN,1962,YR1962,6.835440348,684.5655098,..,94933000,..,..
Japan,JPN,1964,YR1964,3.800389453,902.8677215,..,96903000,..,..
Japan,JPN,1966,YR1966,5.040832059,1143.607897,..,98851000,..,..
Japan,JPN,1968,YR1968,5.339432957,1553.271394,..,101011000,..,..
Japan,JPN,1970,YR1970,6.924173835,2100.74807,..,103403000,..,..
Japan,JPN,1972,YR1972,4.843517139,3031.438606,..,107188000,..,..
Japan,JPN,1974,YR1974,23.22224581,4448.319656,..,110162000,..,..
Japan,JPN,1976,YR1976,9.374036386,5310.431409,..,112775000,..,..
Japan,JPN,1978,YR1978,4.209566011,9012.136035,..,114913000,..,..
Japan,JPN,1980,YR1980,7.778581766,9668.746264,..,116807000,..,..
Japan,JPN,1982,YR1982,2.741040956,9779.974906,..,118480000,..,..
Japan,JPN,1984,YR1984,2.261613692,11207.45235,..,120083000,..,..
Japan,JPN,1986,YR1986,0.595586799,17451.83494,..,121482000,..,..
Japan,JPN,1988,YR1988,0.67855758,25499.88117,..,122578000,7.14,..
Japan,JPN,1990,YR1990,3.078516287,25801.39504,..,123478000,7.44,..
Japan,JPN,1992,YR1992,1.760283061,31992.79021,..,124425000,7.37,..
Japan,JPN,1994,YR1994,0.695458058,39933.51506,..,125178000,7.61,..
Japan,JPN,1996,YR1996,0.136600359,39150.03963,..,125757000,9.82,63.29787064
Japan,JPN,1998,YR1998,0.661974191,32423.75561,..,126400000,11.27,69.14893341
Japan,JPN,2000,YR2000,-0.676578684,39169.35957,7.03456163,126843000,14.3,70.89946747
Japan,JPN,2002,YR2002,-0.923494027,32820.79364,7.35235405,127445000,14.87,70.37036896
Japan,JPN,2004,YR2004,-0.008573388,38298.98017,7.53518438,127761000,13.69,63.59223175
Japan,JPN,2006,YR2006,0.249355116,35991.546,7.68688869,127854000,12.63,68.11594391
Japan,JPN,2008,YR2008,1.380078862,39876.30397,8.08909321,128063000,10.82,61.05769348
Japan,JPN,2010,YR2010,-0.728243208,44968.15623,9.0630064,128070000,9.36,62.55924225
Japan,JPN,2012,YR2012,-0.04406451,49145.28043,10.67169094,127629000,10.71,64.45497894
Japan,JPN,2014,YR2014,2.759226714,38475.39525,10.7290144,127276000,11.4,67.61904907
Japan,JPN,2016,YR2016,-0.127258844,39375.47316,10.65891552,127076000,10.81,65.7142868
Japan,JPN,2018,YR2018,0.989094598,39751.1331,10.73988247,126811000,12.53,68.86792755
Japan,JPN,2020,YR2020,-0.024995834,40040.76551,11.20903683,126261000,8.34,67.92453003
Japan,JPN,2022,YR2022,2.497702782,34017.27181,11.42183685,125124989,7.3,68.86792755
Japan,JPN,2024,YR2024,2.738536816,..,..,..,..,..
Jordan,JOR,1960,YR1960,..,..,..,853471,..,..
Jordan,JOR,1962,YR1962,..,..,..,940554,..,..
Jordan,JOR,1964,YR1964,..,..,..,1035640,..,..
Jordan,JOR,1966,YR1966,..,558.4029811,..,1178360,..,..
Jordan,JOR,1968,YR1968,..,408.8423528,..,1372460,..,..
Jordan,JOR,1970,YR1970,5.899999999,408.5962575,..,1565163,..,..
Jordan,JOR,1972,YR1972,7.657657658,459.8742441,..,1714555,..,..
Jordan,JOR,1974,YR1974,19.42771084,651.0959485,..,1839182,..,..
Jordan,JOR,1976,YR1976,11.5,872.5060194,..,1958177,..,..
Jordan,JOR,1978,YR1978,6.9215213,1248.90326,..,2083595,..,..
Jordan,JOR,1980,YR1980,11.11111111,1750.098011,..,2234186,..,..
Jordan,JOR,1982,YR1982,7.428040854,1928.875896,..,2426927,..,..
Jordan,JOR,1984,YR1984,3.847472738,1871.09075,..,2654688,..,..
Jordan,JOR,1986,YR1986,0,2200.102782,..,2909887,..,..
Jordan,JOR,1988,YR1988,6.613226453,1965.980318,..,3193039,..,..
Jordan,JOR,1990,YR1990,16.19213756,1148.590055,..,3621908,..,..
Jordan,JOR,1992,YR1992,3.995835606,1286.634736,..,4127693,..,..
Jordan,JOR,1994,YR1994,3.516696241,1367.187218,..,4561406,..,..
Jordan,JOR,1996,YR1996,6.501218027,1410.174242,..,4912516,..,23.40425491
Jordan,JOR,1998,YR1998,3.091666667,1532.113804,..,5164284,..,30.31914902
Jordan,JOR,2000,YR2000,0.666880926,1570.610029,9.34367943,5386945,27.86,29.10052872
Jordan,JOR,2002,YR2002,1.83299389,1706.267444,9.2786417,5616066,21.67,20.1058197
Jordan,JOR,2004,YR2004,3.361868215,1940.086413,8.74670506,5882061,20.5,23.30097008
Jordan,JOR,2006,YR2006,6.251724667,2342.634596,7.67925692,6427371,14.33,13.52657032
Jordan,JOR,2008,YR2008,13.971231,3241.652414,8.48880577,6989866,14.47,19.71153831
Jordan,JOR,2010,YR2010,4.845518759,3718.465716,8.17025661,7297043,19,24.17061615
Jordan,JOR,2012,YR2012,4.515229567,4169.504701,7.81799555,7587127,17.87,19.43128014
Jordan,JOR,2014,YR2014,2.89947905,4191.180501,7.20892906,8791710,9.09,17.1428566
Jordan,JOR,2016,YR2016,-0.778430463,3986.71677,6.97644138,10006367,9.27,17.1428566
Jordan,JOR,2018,YR2018,4.462311085,4145.439897,6.98295021,10462306,..,20.28301811
Jordan,JOR,2020,YR2020,0.333294351,4022.040136,7.11578226,10865228,12.15,23.58490562
Jordan,JOR,2022,YR2022,4.229155689,4332.251599,6.82820034,11256263,14.34,25
Jordan,JOR,2024,YR2024,..,..,..,..,..,..
Kazakhstan,KAZ,1960,YR1960,..,..,..,9429981,..,..
Kazakhstan,KAZ,1962,YR1962,..,..,..,10058928,..,..
Kazakhstan,KAZ,1964,YR1964,..,..,..,10690309,..,..
Kazakhstan,KAZ,1966,YR1966,..,..,..,11288989,..,..
Kazakhstan,KAZ,1968,YR1968,..,..,..,11879182,..,..
Kazakhstan,KAZ,1970,YR1970,..,..,..,12419057,..,..
Kazakhstan,KAZ,1972,YR1972,..,..,..,12951798,..,..
Kazakhstan,KAZ,1974,YR1974,..,..,..,13454570,..,..
Kazakhstan,KAZ,1976,YR1976,..,..,..,13998738,..,..
Kazakhstan,KAZ,1978,YR1978,..,..,..,14711497,..,..
Kazakhstan,KAZ,1980,YR1980,..,..,..,15152949,..,..
Kazakhstan,KAZ,1982,YR1982,..,..,..,15492595,..,..
Kazakhstan,KAZ,1984,YR1984,..,..,..,15844621,..,..
Kazakhstan,KAZ,1986,YR1986,..,..,..,16262702,..,..
Kazakhstan,KAZ,1988,YR1988,..,..,..,16781168,..,..
Kazakhstan,KAZ,1990,YR1990,..,1570.008831,..,17154054,..,..
Kazakhstan,KAZ,1992,YR1992,..,1437.598481,..,17332625,..,..
Kazakhstan,KAZ,1994,YR1994,1877.372395,1246.83633,..,17043771,..,..
Kazakhstan,KAZ,1996,YR1996,39.18254237,1281.391529,..,16416027,..,16.48936081
Kazakhstan,KAZ,1998,YR1998,7.146326655,1414.592897,..,15647785,..,32.97872162
Kazakhstan,KAZ,2000,YR2000,13.18089059,1180.044456,4.16032362,15501103,..,30.68782997
Kazakhstan,KAZ,2002,YR2002,5.836924521,1573.552199,3.61481094,15656677,..,41.26984024
Kazakhstan,KAZ,2004,YR2004,6.88205439,2722.474078,3.98307943,15850159,3.41,30.09708786
Kazakhstan,KAZ,2006,YR2006,8.721693861,5030.134947,3.39824891,16103716,..,40.09661865
Kazakhstan,KAZ,2008,YR2008,17.13989978,8123.547059,3.02569818,16426525,6.96,52.88461685
Kazakhstan,KAZ,2010,YR2010,7.400463563,8793.0759,2.73641348,16836810,7.86,50.71089935
Kazakhstan,KAZ,2012,YR2012,5.19568369,12018.79665,3.03725958,17306106,7.32,21.80094719
Kazakhstan,KAZ,2014,YR2014,6.84944977,12427.70946,2.97468472,17816285,6.13,36.19047546
Kazakhstan,KAZ,2016,YR2016,14.36109424,7475.566887,3.42235589,18363600,4.93,32.8571434
Kazakhstan,KAZ,2018,YR2018,6.163662476,9472.485273,2.8178606,18932727,4.65,32.07546997
Kazakhstan,KAZ,2020,YR2020,6.718154549,8781.507978,3.75300956,19482117,4.33,24.52830124
Kazakhstan,KAZ,2022,YR2022,15.02786444,11255.33964,3.74026752,20034609,4.87,16.98113251
Kazakhstan,KAZ,2024,YR2024,4.856555893,..,..,..,..,..
Kenya,KEN,1960,YR1960,1.243781095,102.8244175,..,7695307,..,..
Kenya,KEN,1962,YR1962,3.117505995,104.6004559,..,8299308,..,..
Kenya,KEN,1964,YR1964,-0.099304867,111.3005448,..,8973535,..,..
Kenya,KEN,1966,YR1966,5.014395393,119.8334764,..,9717816,..,..
Kenya,KEN,1968,YR1968,0.36671157,128.6546469,..,10518823,..,..
Kenya,KEN,1970,YR1970,2.188527039,141.039391,..,11368791,..,..
Kenya,KEN,1972,YR1972,5.831644743,172.6420448,..,12206060,..,..
Kenya,KEN,1974,YR1974,17.80994803,227.2334421,..,13070078,..,..
Kenya,KEN,1976,YR1976,11.44903049,248.9351082,..,13957623,..,..
Kenya,KEN,1978,YR1978,16.93178246,355.1419822,..,14934126,..,..
Kenya,KEN,1980,YR1980,13.85818146,453.5589734,..,16018459,..,..
Kenya,KEN,1982,YR1982,20.66671467,373.7948357,..,17206175,..,..
Kenya,KEN,1984,YR1984,10.28409821,334.4028358,..,18514906,..,..
Kenya,KEN,1986,YR1986,2.534275989,363.7451178,..,19901646,..,..
Kenya,KEN,1988,YR1988,12.26496305,391.2387712,..,21356219,..,..
Kenya,KEN,1990,YR1990,17.78181443,374.4589929,..,22892651,..,..
Kenya,KEN,1992,YR1992,27.33236445,336.6813998,..,24382460,..,..
Kenya,KEN,1994,YR1994,28.81438943,276.447872,..,25857130,32.16,..
Kenya,KEN,1996,YR1996,8.864087416,440.5270789,..,27344211,..,9.574467659
Kenya,KEN,1998,YR1998,6.722436508,487.8832399,..,28888057,..,10.10638332
Kenya,KEN,2000,YR2000,9.980025154,414.6263651,3.62446713,30642890,20.15,7.936507702
Kenya,KEN,2002,YR2002,1.961308217,402.9363856,3.82154393,32629808,20.3,5.291005135
Kenya,KEN,2004,YR2004,11.62403554,463.6627813,4.21154118,34713455,20.29,5.825242519
Kenya,KEN,2006,YR2006,14.45373421,699.8023706,5.01337528,36904008,15.27,8.212560654
Kenya,KEN,2008,YR2008,26.23981664,915.5443547,5.19043827,39206351,16.13,7.692307472
Kenya,KEN,2010,YR2010,3.961388891,1091.518731,5.38849831,41598567,17.09,8.056872368
Kenya,KEN,2012,YR2012,9.377770035,1285.005362,5.0180583,43888303,17.41,5.687203884
Kenya,KEN,2014,YR2014,6.878154993,1482.815663,4.91267347,46051440,16.88,7.619047642
Kenya,KEN,2016,YR2016,6.297249538,1554.126103,4.75429106,48139687,16.74,7.142857075
Kenya,KEN,2018,YR2018,4.689806468,1836.452755,4.09903383,50207107,17.63,7.547169685
Kenya,KEN,2020,YR2020,5.405162079,1927.66459,4.49248838,52217334,17.3,10.37735844
Kenya,KEN,2022,YR2022,7.659862683,2109.562885,4.32603645,54252461,22.2,10.84905624
Kenya,KEN,2024,YR2024,4.489788542,..,..,..,..,..
Kiribati,KIR,1960,YR1960,..,..,..,47157,..,..
Kiribati,KIR,1962,YR1962,..,..,..,49538,..,..
Kiribati,KIR,1964,YR1964,..,..,..,52088,..,..
Kiribati,KIR,1966,YR1966,..,..,..,54425,..,..
Kiribati,KIR,1968,YR1968,..,..,..,55529,..,..
Kiribati,KIR,1970,YR1970,..,201.0237747,..,57510,..,..
Kiribati,KIR,1972,YR1972,..,256.1870001,..,59778,..,..
Kiribati,KIR,1974,YR1974,..,1131.290751,..,61219,..,..
Kiribati,KIR,1976,YR1976,..,548.0756417,..,60661,..,..
Kiribati,KIR,1978,YR1978,..,610.7838526,..,59864,..,..
Kiribati,KIR,1980,YR1980,..,542.2535996,..,61148,..,..
Kiribati,KIR,1982,YR1982,..,518.6224958,..,63134,..,..
Kiribati,KIR,1984,YR1984,..,527.2914552,..,65228,..,..
Kiribati,KIR,1986,YR1986,..,381.9187586,..,68059,..,..
Kiribati,KIR,1988,YR1988,..,535.9151346,..,71427,..,..
Kiribati,KIR,1990,YR1990,..,488.0675279,..,74855,..,..
Kiribati,KIR,1992,YR1992,..,791.9964221,..,77641,..,..
Kiribati,KIR,1994,YR1994,..,837.9720739,..,80021,..,..
Kiribati,KIR,1996,YR1996,..,985.8857991,..,82623,..,..
Kiribati,KIR,1998,YR1998,..,874.4845739,..,85657,..,..
Kiribati,KIR,2000,YR2000,..,845.3675561,7.77379847,88613,..,..
Kiribati,KIR,2002,YR2002,..,810.10895,11.4402895,92264,..,..
Kiribati,KIR,2004,YR2004,..,1083.26859,12.17176056,96085,..,63.59223175
Kiribati,KIR,2006,YR2006,..,1123.192683,11.30852318,100017,..,68.11594391
Kiribati,KIR,2008,YR2008,13.66539953,1410.622495,13.51428604,104222,..,71.63461304
Kiribati,KIR,2010,YR2010,-3.899550407,1522.101102,8.76666641,108704,..,78.1990509
Kiribati,KIR,2012,YR2012,-3.045862928,1843.553469,7.94999981,112284,..,70.1421814
Kiribati,KIR,2014,YR2014,2.103985209,1736.705301,8.9549551,115326,..,59.04761887
Kiribati,KIR,2016,YR2016,1.917310902,1742.668124,9.04265118,118478,..,58.57143021
Kiribati,KIR,2018,YR2018,0.564030491,1912.737981,10.89694214,122084,..,64.15093994
Kiribati,KIR,2020,YR2020,2.553245544,1769.432118,13.53000164,126099,..,68.86792755
Kiribati,KIR,2022,YR2022,5.345954409,2075.908441,10.49855042,130469,..,69.81131744
Kiribati,KIR,2024,YR2024,..,..,..,..,..,..
"Korea, Dem. People's Rep.",PRK,1960,YR1960,..,..,..,11722953,..,..
"Korea, Dem. People's Rep.",PRK,1962,YR1962,..,..,..,12262882,..,..
"Korea, Dem. People's Rep.",PRK,1964,YR1964,..,..,..,12889770,..,..
"Korea, Dem. People's Rep.",PRK,1966,YR1966,..,..,..,13569094,..,..
"Korea, Dem. People's Rep.",PRK,1968,YR1968,..,..,..,14365596,..,..
"Korea, Dem. People's Rep.",PRK,1970,YR1970,..,..,..,15172775,..,..
"Korea, Dem. People's Rep.",PRK,1972,YR1972,..,..,..,15975069,..,..
"Korea, Dem. People's Rep.",PRK,1974,YR1974,..,..,..,16673121,..,..
"Korea, Dem. People's Rep.",PRK,1976,YR1976,..,..,..,17243450,..,..
"Korea, Dem. People's Rep.",PRK,1978,YR1978,..,..,..,17735995,..,..
"Korea, Dem. People's Rep.",PRK,1980,YR1980,..,..,..,18236786,..,..
"Korea, Dem. People's Rep.",PRK,1982,YR1982,..,..,..,18776357,..,..
"Korea, Dem. People's Rep.",PRK,1984,YR1984,..,..,..,19335043,..,..
"Korea, Dem. People's Rep.",PRK,1986,YR1986,..,..,..,19910855,..,..
"Korea, Dem. People's Rep.",PRK,1988,YR1988,..,..,..,20503161,..,..
"Korea, Dem. People's Rep.",PRK,1990,YR1990,..,..,..,21112137,..,..
"Korea, Dem. People's Rep.",PRK,1992,YR1992,..,..,..,21750911,..,..
"Korea, Dem. People's Rep.",PRK,1994,YR1994,..,..,..,22393975,..,..
"Korea, Dem. People's Rep.",PRK,1996,YR1996,..,..,..,22895746,..,11.70212746
"Korea, Dem. People's Rep.",PRK,1998,YR1998,..,..,..,23311564,..,15.95744705
"Korea, Dem. People's Rep.",PRK,2000,YR2000,..,..,..,23665910,..,25.92592621
"Korea, Dem. People's Rep.",PRK,2002,YR2002,..,..,..,23943973,..,30.15872955
"Korea, Dem. People's Rep.",PRK,2004,YR2004,..,..,..,24254943,..,35.43689346
"Korea, Dem. People's Rep.",PRK,2006,YR2006,..,..,..,24524507,..,29.46859932
"Korea, Dem. People's Rep.",PRK,2008,YR2008,..,..,..,24764618,..,43.75
"Korea, Dem. People's Rep.",PRK,2010,YR2010,..,..,..,24987258,..,22.27488136
"Korea, Dem. People's Rep.",PRK,2012,YR2012,..,..,..,25211728,..,33.64928818
"Korea, Dem. People's Rep.",PRK,2014,YR2014,..,..,..,25451262,..,8.095237732
"Korea, Dem. People's Rep.",PRK,2016,YR2016,..,..,..,25698326,..,13.33333302
"Korea, Dem. People's Rep.",PRK,2018,YR2018,..,..,..,25931147,..,20.75471687
"Korea, Dem. People's Rep.",PRK,2020,YR2020,..,..,..,26136312,..,20.28301811
"Korea, Dem. People's Rep.",PRK,2022,YR2022,..,..,..,26328845,..,16.98113251
"Korea, Dem. People's Rep.",PRK,2024,YR2024,..,..,..,..,..,..
"Korea, Rep.",KOR,1960,YR1960,7.965565755,158.2741359,..,25012374,..,..
"Korea, Rep.",KOR,1962,YR1962,6.618310975,106.1597028,..,26513030,..,..
"Korea, Rep.",KOR,1964,YR1964,29.46283145,123.6063745,..,27984155,..,..
"Korea, Rep.",KOR,1966,YR1966,11.26138488,133.4798344,..,29435571,..,..
"Korea, Rep.",KOR,1968,YR1968,10.7718214,198.4348844,..,30838302,..,..
"Korea, Rep.",KOR,1970,YR1970,15.95034236,279.3087463,..,32240827,..,..
"Korea, Rep.",KOR,1972,YR1972,11.68898668,324.1928112,..,33505406,..,..
"Korea, Rep.",KOR,1974,YR1974,24.30419954,563.3524758,..,34692266,..,..
"Korea, Rep.",KOR,1976,YR1976,15.32732052,834.134208,..,35848523,..,..
"Korea, Rep.",KOR,1978,YR1978,14.46028502,1405.822374,..,36969185,..,..
"Korea, Rep.",KOR,1980,YR1980,28.69760864,1715.4224,..,38123775,..,..
"Korea, Rep.",KOR,1982,YR1982,7.19084664,1992.516778,..,39326352,..,..
"Korea, Rep.",KOR,1984,YR1984,2.2739564,2413.276501,..,40405956,..,..
"Korea, Rep.",KOR,1986,YR1986,2.749980961,2834.89034,..,41213674,..,..
"Korea, Rep.",KOR,1988,YR1988,7.146097737,4748.640644,..,42031247,19.02,..
"Korea, Rep.",KOR,1990,YR1990,8.573272257,6609.997283,..,42869283,13.81,..
"Korea, Rep.",KOR,1992,YR1992,6.213281464,8126.662062,..,43747962,13,..
"Korea, Rep.",KOR,1994,YR1994,6.2658595,10385.39046,..,44641540,..,..
"Korea, Rep.",KOR,1996,YR1996,4.924543543,13402.9946,..,45524681,21,46.27659607
"Korea, Rep.",KOR,1998,YR1998,7.513580081,8281.719483,..,46286503,21.82,42.55319214
"Korea, Rep.",KOR,2000,YR2000,2.259165801,12257.02066,3.85544205,47008111,21.47,40.74074173
"Korea, Rep.",KOR,2002,YR2002,2.762262103,13165.08362,4.05226278,47644736,21.08,39.15343857
"Korea, Rep.",KOR,2004,YR2004,3.590662989,16496.13162,4.60466433,48082519,21.25,43.68931961
"Korea, Rep.",KOR,2006,YR2006,2.242340285,21743.47745,5.16117191,48438292,21.61,46.37681198
"Korea, Rep.",KOR,2008,YR2008,4.673896555,21350.42798,5.39977121,49054708,24.7,44.71154022
"Korea, Rep.",KOR,2010,YR2010,2.939286527,23079.26013,6.02606916,49554112,25.61,43.12796021
"Korea, Rep.",KOR,2012,YR2012,2.187071044,25459.1689,6.17752457,50199853,26.05,41.23222733
"Korea, Rep.",KOR,2014,YR2014,1.274774464,29252.93124,6.50225973,50746659,21.68,36.66666794
"Korea, Rep.",KOR,2016,YR2016,0.97168574,29280.44032,6.89293242,51217803,31.29,38.57143021
"Korea, Rep.",KOR,2018,YR2018,1.47583935,33447.15628,7.46262026,51585058,20.61,56.60377502
"Korea, Rep.",KOR,2020,YR2020,0.537288023,31721.29891,8.3554945,51836239,21.11,55.6603775
"Korea, Rep.",KOR,2022,YR2022,5.089513651,32394.68337,9.43414211,51672569,23.76,51.88679123
"Korea, Rep.",KOR,2024,YR2024,2.321743286,..,..,..,..,..
Kosovo,XKX,1960,YR1960,..,..,..,984846,..,..
Kosovo,XKX,1962,YR1962,..,..,..,1036950,..,..
Kosovo,XKX,1964,YR1964,..,..,..,1090270,..,..
Kosovo,XKX,1966,YR1966,..,..,..,1152586,..,..
Kosovo,XKX,1968,YR1968,..,..,..,1214208,..,..
Kosovo,XKX,1970,YR1970,..,..,..,1249555,..,..
Kosovo,XKX,1972,YR1972,..,..,..,1301579,..,..
Kosovo,XKX,1974,YR1974,..,..,..,1363123,..,..
Kosovo,XKX,1976,YR1976,..,..,..,1434880,..,..
Kosovo,XKX,1978,YR1978,..,..,..,1516249,..,..
Kosovo,XKX,1980,YR1980,..,..,..,1604818,..,..
Kosovo,XKX,1982,YR1982,..,..,..,1683166,..,..
Kosovo,XKX,1984,YR1984,..,..,..,1756818,..,..
Kosovo,XKX,1986,YR1986,..,..,..,1836972,..,..
Kosovo,XKX,1988,YR1988,..,..,..,1917882,..,..
Kosovo,XKX,1990,YR1990,..,..,..,1973790,..,..
Kosovo,XKX,1992,YR1992,..,..,..,2039723,..,..
Kosovo,XKX,1994,YR1994,..,..,..,2105256,..,..
Kosovo,XKX,1996,YR1996,..,..,..,2168753,..,..
Kosovo,XKX,1998,YR1998,..,..,..,2078964,..,..
Kosovo,XKX,2000,YR2000,..,..,..,1802493,..,..
Kosovo,XKX,2002,YR2002,..,..,..,1829462,..,..
Kosovo,XKX,2004,YR2004,-1.064726966,..,..,1822773,..,..
Kosovo,XKX,2006,YR2006,0.621646939,..,..,1813079,..,..
Kosovo,XKX,2008,YR2008,9.350417647,2877.393314,..,1800858,..,41.34615326
Kosovo,XKX,2010,YR2010,3.480507637,2987.545196,..,1788743,..,4.739336491
Kosovo,XKX,2012,YR2012,2.476737822,3410.655507,..,1807126,..,6.161137581
Kosovo,XKX,2014,YR2014,0.428957808,3902.494244,..,1812788,..,22.8571434
Kosovo,XKX,2016,YR2016,0.273169431,3759.449591,..,1777568,..,22.8571434
Kosovo,XKX,2018,YR2018,1.053797737,4384.186241,..,1797086,..,12.73584938
Kosovo,XKX,2020,YR2020,0.198227923,4310.888247,..,1790152,..,21.69811249
Kosovo,XKX,2022,YR2022,11.58051045,5290.947472,..,1768096,..,24.52830124
Kosovo,XKX,2024,YR2024,1.619449946,..,..,..,..,..
Kuwait,KWT,1960,YR1960,..,..,..,311060,..,..
Kuwait,KWT,1962,YR1962,..,4748.392844,..,384995,..,..
Kuwait,KWT,1964,YR1964,..,4378.784298,..,473115,..,..
Kuwait,KWT,1966,YR1966,..,4176.110382,..,572590,..,..
Kuwait,KWT,1968,YR1968,..,3871.945592,..,687716,..,..
Kuwait,KWT,1970,YR1970,..,3551.587107,..,809114,..,..
Kuwait,KWT,1972,YR1972,..,4835.691046,..,920352,..,..
Kuwait,KWT,1974,YR1974,12.99261084,12526.60317,..,1038346,..,..
Kuwait,KWT,1976,YR1976,5.235042735,11141.19814,..,1178711,..,..
Kuwait,KWT,1978,YR1978,8.689745123,11567.06537,..,1340319,..,..
Kuwait,KWT,1980,YR1980,6.928226686,19031.90519,..,1504782,..,..
Kuwait,KWT,1982,YR1982,7.776798427,12978.895,..,1662480,..,..
Kuwait,KWT,1984,YR1984,1.17746005,11918.61689,..,1820688,..,..
Kuwait,KWT,1986,YR1986,0.95360674,9076.708852,..,1972520,..,..
Kuwait,KWT,1988,YR1988,1.46813288,9692.347546,..,2134707,..,..
Kuwait,KWT,1990,YR1990,9.833635315,10937.54153,..,1684819,..,..
Kuwait,KWT,1992,YR1992,-0.545471214,12146.19506,..,1634961,..,..
Kuwait,KWT,1994,YR1994,2.534435262,14929.74411,..,1664361,..,..
Kuwait,KWT,1996,YR1996,3.553985697,18201.09586,..,1730246,..,31.9148941
Kuwait,KWT,1998,YR1998,0.129658288,14066.95096,..,1844302,..,40.95744705
Kuwait,KWT,2000,YR2000,1.812946139,19296.34717,2.20362997,1954709,..,54.4973526
Kuwait,KWT,2002,YR2002,0.888450148,18512.7523,3.12441754,2059974,1.2,26.45502663
Kuwait,KWT,2004,YR2004,1.248564437,27552.28274,2.35702467,2157320,4.12,39.80582428
Kuwait,KWT,2006,YR2006,3.057013392,42946.63741,1.8213098,2364733,3.92,45.41062927
Kuwait,KWT,2008,YR2008,10.58270979,55585.18893,1.92400301,2651421,3.23,47.11538315
Kuwait,KWT,2010,YR2010,4.496402878,39212.27267,2.67879915,2943372,4.02,47.86729813
Kuwait,KWT,2012,YR2012,3.255146003,52155.22255,2.33311439,3337109,3.67,39.8104248
Kuwait,KWT,2014,YR2014,2.908926729,44368.78137,2.9159987,3665876,3.31,38.09523773
Kuwait,KWT,2016,YR2016,3.198397767,27323.68906,4.73096323,4004096,3.22,30.95238113
Kuwait,KWT,2018,YR2018,0.543133148,32067.96237,5.18862629,4323515,3.58,37.26415253
Kuwait,KWT,2020,YR2020,2.101729548,25236.07555,6.23488235,4400267,3.14,41.98113251
Kuwait,KWT,2022,YR2022,3.98064962,40077.23805,4.26875782,4589643,4.39,45.28302002
Kuwait,KWT,2024,YR2024,2.898550725,..,..,..,..,..
Kyrgyz Republic,KGZ,1960,YR1960,..,..,..,2172300,..,..
Kyrgyz Republic,KGZ,1962,YR1962,..,..,..,2333400,..,..
Kyrgyz Republic,KGZ,1964,YR1964,..,..,..,2495300,..,..
Kyrgyz Republic,KGZ,1966,YR1966,..,..,..,2655300,..,..
Kyrgyz Republic,KGZ,1968,YR1968,..,..,..,2818300,..,..
Kyrgyz Republic,KGZ,1970,YR1970,..,..,..,2959900,..,..
Kyrgyz Republic,KGZ,1972,YR1972,..,..,..,3088200,..,..
Kyrgyz Republic,KGZ,1974,YR1974,..,..,..,3223900,..,..
Kyrgyz Republic,KGZ,1976,YR1976,..,..,..,3358700,..,..
Kyrgyz Republic,KGZ,1978,YR1978,..,..,..,3487100,..,..
Kyrgyz Republic,KGZ,1980,YR1980,..,..,..,3617400,..,..
Kyrgyz Republic,KGZ,1982,YR1982,..,..,..,3759300,..,..
Kyrgyz Republic,KGZ,1984,YR1984,..,..,..,3916400,..,..
Kyrgyz Republic,KGZ,1986,YR1986,..,..,..,4066500,..,..
Kyrgyz Republic,KGZ,1988,YR1988,..,..,..,4218400,..,..
Kyrgyz Republic,KGZ,1990,YR1990,..,605.798145,..,4391236,..,..
Kyrgyz Republic,KGZ,1992,YR1992,..,512.7667979,..,4515399.5,..,..
Kyrgyz Republic,KGZ,1994,YR1994,..,372.4818012,..,4515068.5,..,..
Kyrgyz Republic,KGZ,1996,YR1996,31.94733772,394.8569223,..,4628437.5,..,19.68085098
Kyrgyz Republic,KGZ,1998,YR1998,10.45738258,345.1370823,..,4769014.5,..,18.61702156
Kyrgyz Republic,KGZ,2000,YR2000,18.70073428,279.621767,4.41414976,4898361.5,6.2,19.04761887
Kyrgyz Republic,KGZ,2002,YR2002,2.134209863,321.7267754,4.59219551,4990704,8.28,12.6984129
Kyrgyz Republic,KGZ,2004,YR2004,4.110650847,433.2339157,6.20281315,5104712.5,..,4.854369164
Kyrgyz Republic,KGZ,2006,YR2006,5.552123332,543.1135125,8.3118391,5218373,4.62,5.314009666
Kyrgyz Republic,KGZ,2008,YR2008,24.52010242,966.3885694,6.52511883,5318729,4.8,15.86538506
Kyrgyz Republic,KGZ,2010,YR2010,7.967722256,876.9544764,6.95027161,5467059,4.78,9.004739761
Kyrgyz Republic,KGZ,2012,YR2012,2.768442365,1168.622447,8.50966358,5652076,4.8,10.42654037
Kyrgyz Republic,KGZ,2014,YR2014,7.534247298,1264.526795,7.35766459,5905847.5,4.68,10
Kyrgyz Republic,KGZ,2016,YR2016,0.388838297,1103.274984,6.41248226,6175337.5,4.29,13.80952358
Kyrgyz Republic,KGZ,2018,YR2018,1.542661452,1283.520403,5.01030922,6444078.5,3.62,16.03773499
Kyrgyz Republic,KGZ,2020,YR2020,6.325422963,1229.517757,4.94803715,6726595.5,3.51,18.39622688
Kyrgyz Republic,KGZ,2022,YR2022,13.92290932,1739.720308,4.92258883,6975219.5,..,16.50943375
Kyrgyz Republic,KGZ,2024,YR2024,..,..,..,..,..,..
Lao PDR,LAO,1960,YR1960,..,..,..,2121514,..,..
Lao PDR,LAO,1962,YR1962,..,..,..,2219910,..,..
Lao PDR,LAO,1964,YR1964,..,..,..,2322826,..,..
Lao PDR,LAO,1966,YR1966,..,..,..,2431084,..,..
Lao PDR,LAO,1968,YR1968,..,..,..,2546377,..,..
Lao PDR,LAO,1970,YR1970,..,..,..,2669702,..,..
Lao PDR,LAO,1972,YR1972,..,..,..,2801660,..,..
Lao PDR,LAO,1974,YR1974,..,..,..,2939761,..,..
Lao PDR,LAO,1976,YR1976,..,..,..,3064876,..,..
Lao PDR,LAO,1978,YR1978,..,..,..,3171740,..,..
Lao PDR,LAO,1980,YR1980,..,..,..,3292573,..,..
Lao PDR,LAO,1982,YR1982,..,..,..,3450026,..,..
Lao PDR,LAO,1984,YR1984,..,483.0177817,..,3637843,..,..
Lao PDR,LAO,1986,YR1986,..,461.9115524,..,3846715,..,..
Lao PDR,LAO,1988,YR1988,..,147.0709429,..,4072601,..,..
Lao PDR,LAO,1990,YR1990,35.64298297,200.7349055,..,4311955,..,..
Lao PDR,LAO,1992,YR1992,9.86452967,247.3452862,..,4559646,..,..
Lao PDR,LAO,1994,YR1994,6.784480786,320.968129,..,4809220,..,..
Lao PDR,LAO,1996,YR1996,13.0244157,371.3418792,..,5045678,..,31.9148941
Lao PDR,LAO,1998,YR1998,90.98073456,243.9239625,..,5248266,..,18.61702156
Lao PDR,LAO,2000,YR2000,25.08464143,318.7498522,4.27513599,5431212,15.98,11.11111069
Lao PDR,LAO,2002,YR2002,10.63134463,313.3508171,3.69751263,5610889,..,21.16402054
Lao PDR,LAO,2004,YR2004,10.46226673,409.2962983,3.5405724,5781626,14.69,15.53398037
Lao PDR,LAO,2006,YR2006,6.545594391,579.3919474,2.93200922,5963200,10.7,27.05314064
Lao PDR,LAO,2008,YR2008,7.628808876,885.7473761,2.76727295,6148969,16.03,29.80769157
Lao PDR,LAO,2010,YR2010,5.982545216,1125.916102,2.91154933,6334194,..,24.17061615
Lao PDR,LAO,2012,YR2012,4.255126778,1563.565077,2.07637572,6518978,..,35.54502487
Lao PDR,LAO,2014,YR2014,4.129243069,1981.039109,2.29845548,6703172,4.79,52.38095093
Lao PDR,LAO,2016,YR2016,1.596912276,2303.22156,2.36087489,6908802,2.44,52.38095093
Lao PDR,LAO,2018,YR2018,2.040392669,2545.107542,2.24630046,7128045,1.89,49.52830124
Lao PDR,LAO,2020,YR2020,5.10407263,2583.777307,2.05965185,7346533,2.52,56.13207626
Lao PDR,LAO,2022,YR2022,22.95622251,2046.404403,2.01825476,7559007,2.5,56.60377502
Lao PDR,LAO,2024,YR2024,23.13056959,..,..,..,..,..
Latvia,LVA,1960,YR1960,..,..,..,2120979,..,..
Latvia,LVA,1962,YR1962,..,..,..,2181586,..,..
Latvia,LVA,1964,YR1964,..,..,..,2240623,..,..
Latvia,LVA,1966,YR1966,..,..,..,2283217,..,..
Latvia,LVA,1968,YR1968,..,..,..,2323619,..,..
Latvia,LVA,1970,YR1970,..,..,..,2359164,..,..
Latvia,LVA,1972,YR1972,..,..,..,2395674,..,..
Latvia,LVA,1974,YR1974,..,..,..,2437186,..,..
Latvia,LVA,1976,YR1976,..,..,..,2470989,..,..
Latvia,LVA,1978,YR1978,..,..,..,2497921,..,..
Latvia,LVA,1980,YR1980,..,..,..,2511701,..,..
Latvia,LVA,1982,YR1982,..,..,..,2531080,..,..
Latvia,LVA,1984,YR1984,..,..,..,2562047,..,..
Latvia,LVA,1986,YR1986,..,..,..,2599892,..,..
Latvia,LVA,1988,YR1988,..,..,..,2653434,..,..
Latvia,LVA,1990,YR1990,..,..,..,2663151,..,..
Latvia,LVA,1992,YR1992,951.6961949,..,..,2614338,..,..
Latvia,LVA,1994,YR1994,35.92470539,..,..,2520742,..,..
Latvia,LVA,1996,YR1996,17.61046984,2360.171482,..,2457222,6.33,43.61701965
Latvia,LVA,1998,YR1998,4.644214227,2893.799987,..,2410019,..,29.2553196
Latvia,LVA,2000,YR2000,2.654254778,3278.178964,5.43338442,2367550,..,40.2116394
Latvia,LVA,2002,YR2002,1.938875739,4003.609358,5.76281166,2310173,..,62.9629631
Latvia,LVA,2004,YR2004,6.192385472,6109.732652,6.20221329,2263122,6.85,49.51456451
Latvia,LVA,2006,YR2006,6.536199088,9211.737447,5.70438385,2218357,7.24,56.52173996
Latvia,LVA,2008,YR2008,15.40231911,15677.60809,5.58478308,2177322,5.94,37.01922989
Latvia,LVA,2010,YR2010,-1.08463595,11188.41917,6.097435,2097555,6.3,50.71089935
Latvia,LVA,2012,YR2012,2.257789244,13329.34999,5.41047668,2034319,5.6,48.3412323
Latvia,LVA,2014,YR2014,0.620490637,15185.81458,5.46339607,1993782,5.72,52.38095093
Latvia,LVA,2016,YR2016,0.140633335,13838.52668,6.1332593,1959537,5.32,49.04761887
Latvia,LVA,2018,YR2018,2.534454242,17252.17104,6.18867874,1927174,5.24,49.52830124
Latvia,LVA,2020,YR2020,0.219064905,17564.23215,7.28520584,1900449,2.21,49.52830124
Latvia,LVA,2022,YR2022,17.31028302,20229.46136,7.62168407,1879383,4.06,50
Latvia,LVA,2024,YR2024,1.265798858,..,..,..,..,..
Lebanon,LBN,1960,YR1960,..,..,..,1794406,..,..
Lebanon,LBN,1962,YR1962,..,..,..,1909578,..,..
Lebanon,LBN,1964,YR1964,..,..,..,2030543,..,..
Lebanon,LBN,1966,YR1966,..,..,..,2148260,..,..
Lebanon,LBN,1968,YR1968,..,..,..,2266368,..,..
Lebanon,LBN,1970,YR1970,..,..,..,2386114,..,..
Lebanon,LBN,1972,YR1972,..,..,..,2509729,..,..
Lebanon,LBN,1974,YR1974,..,..,..,2635185,..,..
Lebanon,LBN,1976,YR1976,..,..,..,2726469,..,..
Lebanon,LBN,1978,YR1978,..,..,..,2822682,..,..
Lebanon,LBN,1980,YR1980,..,..,..,2944763,..,..
Lebanon,LBN,1982,YR1982,..,..,..,3054931,..,..
Lebanon,LBN,1984,YR1984,..,..,..,3152744,..,..
Lebanon,LBN,1986,YR1986,..,..,..,3300365,..,..
Lebanon,LBN,1988,YR1988,..,959.1539019,..,3454649,..,..
Lebanon,LBN,1990,YR1990,..,789.5263385,..,3595175,..,..
Lebanon,LBN,1992,YR1992,..,1559.381006,..,3747371,..,..
Lebanon,LBN,1994,YR1994,..,2467.769427,..,3889799,..,..
Lebanon,LBN,1996,YR1996,..,3393.050907,..,4034781,..,9.574467659
Lebanon,LBN,1998,YR1998,..,4124.855279,..,4181281,..,10.63829803
Lebanon,LBN,2000,YR2000,..,3986.835139,10.82951355,4329340,23.26,17.46031761
Lebanon,LBN,2002,YR2002,..,4290.852838,9.28233719,4463504,25.95,20.1058197
Lebanon,LBN,2004,YR2004,..,4600.683714,7.99923086,4599279,13.63,13.5922327
Lebanon,LBN,2006,YR2006,..,4635.251412,8.66057873,4751136,11.94,0.966183603
Lebanon,LBN,2008,YR2008,..,5912.045328,7.81751728,4925354,..,1.923076868
Lebanon,LBN,2010,YR2010,3.983479419,7625.810516,7.43864489,5041288,..,3.317535639
Lebanon,LBN,2012,YR2012,6.581474477,8406.984056,7.00420094,5235742,..,3.791469097
Lebanon,LBN,2014,YR2014,1.854604213,7577.64133,7.52181005,6346990,11.85,5.714285851
Lebanon,LBN,2016,YR2016,-0.783359624,8089.012088,7.92386055,6323060,12.18,5.714285851
Lebanon,LBN,2018,YR2018,6.076989079,9174.536662,8.07092381,5984119,12.94,5.188679218
Lebanon,LBN,2020,YR2020,84.86433305,5561.19167,7.57650805,5702398,12.17,4.245283127
Lebanon,LBN,2022,YR2022,171.2054913,3654.358455,5.73500204,5744489,..,7.075471878
Lebanon,LBN,2024,YR2024,..,..,..,..,..,..
Lesotho,LSO,1960,YR1960,..,46.95178027,..,736500,..,..
Lesotho,LSO,1962,YR1962,..,53.54212544,..,781814,..,..
Lesotho,LSO,1964,YR1964,..,62.62076472,..,829437,..,..
Lesotho,LSO,1966,YR1966,..,64.29516518,..,881870,..,..
Lesotho,LSO,1968,YR1968,..,64.80925153,..,948105,..,..
Lesotho,LSO,1970,YR1970,..,67.44019758,..,1019273,..,..
Lesotho,LSO,1972,YR1972,..,73.95661898,..,1094063,..,..
Lesotho,LSO,1974,YR1974,13.42283452,128.6666182,..,1172420,..,..
Lesotho,LSO,1976,YR1976,11.412552,117.8250777,..,1253214,..,..
Lesotho,LSO,1978,YR1978,13.48357901,200.8454135,..,1327240,..,..
Lesotho,LSO,1980,YR1980,16.27484162,306.815566,..,1406521,..,..
Lesotho,LSO,1982,YR1982,12.1399177,233.9398924,..,1490732,..,..
Lesotho,LSO,1984,YR1984,10.98386257,210.9984954,..,1578986,..,..
Lesotho,LSO,1986,YR1986,18.00496689,191.3757582,..,1666138,..,..
Lesotho,LSO,1988,YR1988,11.45637163,270.3671201,..,1739841,..,..
Lesotho,LSO,1990,YR1990,11.634757,329.5637852,..,1809696,..,..
Lesotho,LSO,1992,YR1992,17.20852018,443.6242972,..,1873274,..,..
Lesotho,LSO,1994,YR1994,8.214738622,455.5935862,..,1927707,..,..
Lesotho,LSO,1996,YR1996,9.330314585,479.6713946,..,1972418,..,26.59574509
Lesotho,LSO,1998,YR1998,..,464.6837455,..,1998049,..,18.61702156
Lesotho,LSO,2000,YR2000,6.131975387,442.7795458,5.15633392,2003913,..,25.92592621
Lesotho,LSO,2002,YR2002,33.81257834,388.9233499,5.86441517,1994679,..,23.28042412
Lesotho,LSO,2004,YR2004,5.023420686,766.6858209,5.24658537,1971129,9.7,36.40776825
Lesotho,LSO,2006,YR2006,6.072718797,925.4674855,5.40532398,1945063,31.64,26.57004738
Lesotho,LSO,2008,YR2008,10.71566613,898.4825179,7.66648197,1966541,28.15,23.07692337
Lesotho,LSO,2010,YR2010,-2.405242546,1119.475578,7.64083624,1996251,37.26,45.0236969
Lesotho,LSO,2012,YR2012,6.051436621,1217.930712,10.04389477,2034354,32.14,40.28435898
Lesotho,LSO,2014,YR2014,5.37028961,1173.537793,9.99925232,2080089,0.9,23.33333397
Lesotho,LSO,2016,YR2016,6.596504907,992.4918407,9.24263859,2130422,1.87,24.76190567
Lesotho,LSO,2018,YR2018,4.751803016,1170.655697,11.1686039,2183603,4.36,25.94339561
Lesotho,LSO,2020,YR2020,4.978096763,918.5825774,10.45941448,2235727,2.9,22.64151001
Lesotho,LSO,2022,YR2022,8.271803899,1029.995533,12.65127754,2286110,2.73,19.81132126
Lesotho,LSO,2024,YR2024,6.105446242,..,..,..,..,..
Liberia,LBR,1960,YR1960,..,167.1714982,..,1139522,..,..
Liberia,LBR,1962,YR1962,..,160.280325,..,1197039,..,..
Liberia,LBR,1964,YR1964,..,173.9264903,..,1258745,..,..
Liberia,LBR,1966,YR1966,..,184.5836892,..,1324383,..,..
Liberia,LBR,1968,YR1968,..,198.6471048,..,1393530,..,..
Liberia,LBR,1970,YR1970,..,220.2938481,..,1466676,..,..
Liberia,LBR,1972,YR1972,..,238.6109797,..,1542670,..,..
Liberia,LBR,1974,YR1974,..,299.4136607,..,1626362,..,..
Liberia,LBR,1976,YR1976,..,347.4984567,..,1717060,..,..
Liberia,LBR,1978,YR1978,..,394.4680783,..,1818247,..,..
Liberia,LBR,1980,YR1980,..,443.0271717,..,1929253,..,..
Liberia,LBR,1982,YR1982,..,422.4461425,..,2045073,..,..
Liberia,LBR,1984,YR1984,..,390.407958,..,2173312,..,..
Liberia,LBR,1986,YR1986,..,364.2886692,..,2308511,..,..
Liberia,LBR,1988,YR1988,..,424.3257193,..,2446941,..,..
Liberia,LBR,1990,YR1990,..,172.8676101,..,2223667,..,..
Liberia,LBR,1992,YR1992,..,107.8428014,..,2072461,..,..
Liberia,LBR,1994,YR1994,..,61.49043131,..,2149928,..,..
Liberia,LBR,1996,YR1996,..,71.40652487,..,2232289,..,0
Liberia,LBR,1998,YR1998,..,134.6753934,..,2670124,..,0.53191489
Liberia,LBR,2000,YR2000,..,298.4853406,2.87913179,2928117,..,0
Liberia,LBR,2002,YR2002,14.15964701,299.5364455,2.28035998,3094782,..,0
Liberia,LBR,2004,YR2004,7.829087049,284.140224,6.33815622,3156892,..,4.368932247
Liberia,LBR,2006,YR2006,7.341446083,320.5580862,6.06891537,3490787,..,5.314009666
Liberia,LBR,2008,YR2008,17.48944864,451.7138563,5.99615717,3821003,..,8.17307663
Liberia,LBR,2010,YR2010,7.289927969,492.252808,10.35444641,4058890,..,18.95734596
Liberia,LBR,2012,YR2012,6.831787034,638.3687515,8.15444565,4373043,9.69,20.37914658
Liberia,LBR,2014,YR2014,9.861112856,706.7144901,8.76283932,4564293,9.31,14.28571415
Liberia,LBR,2016,YR2016,8.834248683,714.6130631,9.88514519,4755608,..,19.52380943
Liberia,LBR,2018,YR2018,23.5635149,692.2031271,10.78197193,4944726,9.65,26.41509438
Liberia,LBR,2020,YR2020,16.95572415,616.787867,12.90504265,5149463,19.08,22.64151001
Liberia,LBR,2022,YR2022,7.592984866,744.6171752,13.47386169,5373294,18.46,23.58490562
Liberia,LBR,2024,YR2024,..,..,..,..,..,..
Libya,LBY,1960,YR1960,..,269.0380731,..,1492890,..,..
Libya,LBY,1962,YR1962,..,382.0845057,..,1621960,..,..
Libya,LBY,1964,YR1964,..,764.8983894,..,1753691,..,..
Libya,LBY,1966,YR1966,12.24291377,1250.600188,..,1849063,..,..
Libya,LBY,1968,YR1968,0.391231447,1971.866325,..,1952781,..,..
Libya,LBY,1970,YR1970,-5.296371422,2209.581176,..,2082589,..,..
Libya,LBY,1972,YR1972,-0.251023192,2829.801452,..,2226091,..,..
Libya,LBY,1974,YR1974,7.458451561,6213.500275,..,2432211,..,..
Libya,LBY,1976,YR1976,5.47921528,7017.743407,..,2721237,..,..
Libya,LBY,1978,YR1978,29.37979416,7251.837542,..,3052526,..,..
Libya,LBY,1980,YR1980,9.734288795,11959.52227,..,3424378,..,..
Libya,LBY,1982,YR1982,10.25880886,9063.698513,..,3724765,..,..
Libya,LBY,1984,YR1984,12.47762721,7811.069373,..,3773633,..,..
Libya,LBY,1986,YR1986,3.290981046,6018.913452,..,4017403,..,..
Libya,LBY,1988,YR1988,6.086956522,5736.28244,..,4237755,..,..
Libya,LBY,1990,YR1990,8.451462408,6502.278866,..,4445239,..,..
Libya,LBY,1992,YR1992,9.35975159,7302.689087,..,4640352,..,..
Libya,LBY,1994,YR1994,5.112598904,5933.291214,..,4822037,..,..
Libya,LBY,1996,YR1996,4.028077754,5591.020275,..,4987393,56.02,6.914893627
Libya,LBY,1998,YR1998,3.709273183,5301.083548,..,5140704,..,10.10638332
Libya,LBY,2000,YR2000,-2.9,7214.100404,3.31908512,5305021,..,19.57671928
Libya,LBY,2002,YR2002,-9.797647059,3718.294347,4.73818302,5508410,48.24,26.98412704
Libya,LBY,2004,YR2004,-2.197567741,5773.763332,3.38328195,5736693,..,39.32038879
Libya,LBY,2006,YR2006,1.459268762,10048.84804,2.29996443,5980211,0,42.02898407
Libya,LBY,2008,YR2008,10.3607289,13906.14078,2.24441886,6235430,..,56.73077011
Libya,LBY,2010,YR2010,2.799895001,11600.90686,3.28064442,6497839,..,33.175354
Libya,LBY,2012,YR2012,6.059803922,14975.89028,3.95612097,6179328,..,3.791469097
Libya,LBY,2014,YR2014,2.432941416,8926.420746,5.17777824,6427252,..,0.476190478
Libya,LBY,2016,YR2016,25.85387421,7525.802993,6.17178679,6632126,..,0.952380955
Libya,LBY,2018,YR2018,13.17020385,11196.58548,4.86648417,6849055,..,0
Libya,LBY,2020,YR2020,1.44703657,6650.338106,7.10674047,7045399,4.83,0
Libya,LBY,2022,YR2022,4.510301492,5986.636949,4.65005827,7223805,..,0
Libya,LBY,2024,YR2024,2.126157669,..,..,..,..,..
Liechtenstein,LIE,1960,YR1960,..,..,..,16451,..,..
Liechtenstein,LIE,1962,YR1962,..,..,..,17443,..,..
Liechtenstein,LIE,1964,YR1964,..,..,..,18755,..,..
Liechtenstein,LIE,1966,YR1966,..,..,..,19610,..,..
Liechtenstein,LIE,1968,YR1968,..,..,..,20835,..,..
Liechtenstein,LIE,1970,YR1970,..,4262.032206,..,21140,..,..
Liechtenstein,LIE,1972,YR1972,..,5645.232664,..,22132,..,..
Liechtenstein,LIE,1974,YR1974,..,8271.735315,..,23451,..,..
Liechtenstein,LIE,1976,YR1976,..,11326.34884,..,24058,..,..
Liechtenstein,LIE,1978,YR1978,..,17456.93095,..,25028,..,..
Liechtenstein,LIE,1980,YR1980,..,20958.73953,..,25512,..,..
Liechtenstein,LIE,1982,YR1982,..,19885.61266,..,26255,..,..
Liechtenstein,LIE,1984,YR1984,..,18898.36787,..,26596,..,..
Liechtenstein,LIE,1986,YR1986,..,28612.8865,..,27238,..,..
Liechtenstein,LIE,1988,YR1988,..,41568.54412,..,27948,..,..
Liechtenstein,LIE,1990,YR1990,..,49457.56093,..,28742,..,..
Liechtenstein,LIE,1992,YR1992,..,55057.11106,..,29627,..,..
Liechtenstein,LIE,1994,YR1994,..,63935.99024,..,30470,..,..
Liechtenstein,LIE,1996,YR1996,..,80688.71825,..,31033,..,52.12765884
Liechtenstein,LIE,1998,YR1998,..,78302.99059,..,31668,..,54.78723526
Liechtenstein,LIE,2000,YR2000,..,76087.91111,..,32645,..,54.4973526
Liechtenstein,LIE,2002,YR2002,..,79795.17859,..,33694,..,62.43386078
Liechtenstein,LIE,2004,YR2004,..,100280.8314,..,34447,..,78.1553421
Liechtenstein,LIE,2006,YR2006,..,114167.9392,..,35037,..,68.11594391
Liechtenstein,LIE,2008,YR2008,..,143249.2273,..,35473,..,71.63461304
Liechtenstein,LIE,2010,YR2010,..,141089.8128,..,36022,..,87.20378876
Liechtenstein,LIE,2012,YR2012,..,148842.0351,..,36657,..,76.7772522
Liechtenstein,LIE,2014,YR2014,..,178735.153,..,37248,..,88.57142639
Liechtenstein,LIE,2016,YR2016,..,165375.4914,..,37716,..,88.09523773
Liechtenstein,LIE,2018,YR2018,..,174988.7751,..,38246,..,86.79244995
Liechtenstein,LIE,2020,YR2020,..,164671.0936,..,38901,..,94.3396225
Liechtenstein,LIE,2022,YR2022,..,186400.2338,..,39493,..,94.3396225
Liechtenstein,LIE,2024,YR2024,..,..,..,..,..,..
Lithuania,LTU,1960,YR1960,..,..,..,2778550,..,..
Lithuania,LTU,1962,YR1962,..,..,..,2863350,..,..
Lithuania,LTU,1964,YR1964,..,..,..,2935200,..,..
Lithuania,LTU,1966,YR1966,..,..,..,3008050,..,..
Lithuania,LTU,1968,YR1968,..,..,..,3078850,..,..
Lithuania,LTU,1970,YR1970,..,..,..,3139689,..,..
Lithuania,LTU,1972,YR1972,..,..,..,3213622,..,..
Lithuania,LTU,1974,YR1974,..,..,..,3273894,..,..
Lithuania,LTU,1976,YR1976,..,..,..,3328664,..,..
Lithuania,LTU,1978,YR1978,..,..,..,3379514,..,..
Lithuania,LTU,1980,YR1980,..,..,..,3413202,..,..
Lithuania,LTU,1982,YR1982,..,..,..,3457179,..,..
Lithuania,LTU,1984,YR1984,..,..,..,3514205,..,..
Lithuania,LTU,1986,YR1986,..,..,..,3578914,..,..
Lithuania,LTU,1988,YR1988,..,..,..,3655049,..,..
Lithuania,LTU,1990,YR1990,..,..,..,3697838,..,..
Lithuania,LTU,1992,YR1992,1020.620565,..,..,3700114,..,..
Lithuania,LTU,1994,YR1994,72.25468162,..,..,3657144,..,..
Lithuania,LTU,1996,YR1996,24.62519539,2340.67546,..,3601613,..,42.55319214
Lithuania,LTU,1998,YR1998,5.067553858,3180.644986,..,3549331,..,38.29787064
Lithuania,LTU,2000,YR2000,0.981615479,3300.636349,6.19950438,3499536,..,40.2116394
Lithuania,LTU,2002,YR2002,0.28150661,4148.130915,6.14446115,3443067,3.35,60.31745911
Lithuania,LTU,2004,YR2004,1.164102521,6734.574871,5.51149988,3377075,6.85,54.85437012
Lithuania,LTU,2006,YR2006,3.739120041,9210.101182,5.84418154,3269909,7.24,59.42028809
Lithuania,LTU,2008,YR2008,10.92588562,14955.53455,6.29453707,3198231,5.94,55.28845978
Lithuania,LTU,2010,YR2010,1.319213621,11829.12261,6.81462288,3097282,6.3,54.50236893
Lithuania,LTU,2012,YR2012,3.089982771,14294.71786,6.2759347,2987773,5.6,59.71564102
Lithuania,LTU,2014,YR2014,0.103758009,16473.56782,6.19332647,2932367,5.72,59.52381134
Lithuania,LTU,2016,YR2016,0.905525075,14981.62081,6.63746262,2868231,5.32,61.90476227
Lithuania,LTU,2018,YR2018,2.697927792,19368.5391,6.53038597,2801543,5.24,58.49056625
Lithuania,LTU,2020,YR2020,1.19989445,20541.82499,7.47439718,2794885,2.21,64.15093994
Lithuania,LTU,2022,YR2022,19.70504615,25085.78406,7.24335003,2831639,4.06,53.30188751
Lithuania,LTU,2024,YR2024,0.715735835,..,..,..,..,..
Luxembourg,LUX,1960,YR1960,0.449620296,2261.177418,..,313970,..,..
Luxembourg,LUX,1962,YR1962,0.895946647,2331.556858,..,320750,..,..
Luxembourg,LUX,1964,YR1964,3.096381512,2779.184397,..,327750,..,..
Luxembourg,LUX,1966,YR1966,3.331679773,2925.222047,..,333895,..,..
Luxembourg,LUX,1968,YR1968,2.62542909,3202.505949,..,335850,..,..
Luxembourg,LUX,1970,YR1970,4.639353444,4298.033897,..,339171,..,..
Luxembourg,LUX,1972,YR1972,5.225680506,5486.720628,..,346600,..,..
Luxembourg,LUX,1974,YR1974,9.540655417,8966.728959,..,355050,..,..
Luxembourg,LUX,1976,YR1976,9.797346437,9490.690312,..,360731,..,..
Luxembourg,LUX,1978,YR1978,3.094660774,13034.38821,..,362007,..,..
Luxembourg,LUX,1980,YR1980,6.299900062,16531.1149,..,364150,..,..
Luxembourg,LUX,1982,YR1982,9.357050994,12590.9768,..,365525,..,..
Luxembourg,LUX,1984,YR1984,6.435857808,12126.9392,..,365998,..,..
Luxembourg,LUX,1986,YR1986,0.294563409,18149.86925,..,368355,..,..
Luxembourg,LUX,1988,YR1988,1.436590566,25219.35428,..,373450,..,..
Luxembourg,LUX,1990,YR1990,3.253766591,33465.47821,..,381850,..,..
Luxembourg,LUX,1992,YR1992,3.15417376,39570.86157,..,392175,..,..
Luxembourg,LUX,1994,YR1994,2.194764687,43933.23544,..,402925,..,..
Luxembourg,LUX,1996,YR1996,1.183859688,50444.35912,..,414225,..,68.61701965
Luxembourg,LUX,1998,YR1998,0.95857011,47445.38108,..,424700,..,72.87233734
Luxembourg,LUX,2000,YR2000,3.15076707,48659.59888,5.92533875,436300,..,80.95237732
Luxembourg,LUX,2002,YR2002,2.074086136,53005.73392,6.76099968,446175,..,83.06878662
Luxembourg,LUX,2004,YR2004,2.225679164,76544.91709,7.2793355,458095,..,74.75727844
Luxembourg,LUX,2006,YR2006,2.666314946,90788.80049,6.6364212,472637,..,79.71014404
Luxembourg,LUX,2008,YR2008,3.40187963,120422.1379,6.23101091,488650,..,87.0192337
Luxembourg,LUX,2010,YR2010,2.273679116,110885.9914,6.66263008,506953,..,86.25592041
Luxembourg,LUX,2012,YR2012,2.662841655,112584.6763,5.29404306,530946,..,78.1990509
Luxembourg,LUX,2014,YR2014,0.628543985,123678.7021,5.23040915,556319,..,86.66666412
Luxembourg,LUX,2016,YR2016,0.290833333,106899.2935,5.07103872,582014,..,88.57142639
Luxembourg,LUX,2018,YR2018,1.528195243,116786.5117,5.27988529,607950,..,83.96226501
Luxembourg,LUX,2020,YR2020,0.819957302,116905.3704,5.76488066,630419,..,73.58490753
Luxembourg,LUX,2022,YR2022,6.336008078,125006.0218,5.55154753,653103,..,69.81131744
Luxembourg,LUX,2024,YR2024,2.0511327,..,..,..,..,..
"Macao SAR, China",MAC,1960,YR1960,..,..,..,173315,..,..
"Macao SAR, China",MAC,1962,YR1962,..,..,..,177810,..,..
"Macao SAR, China",MAC,1964,YR1964,..,..,..,225655,..,..
"Macao SAR, China",MAC,1966,YR1966,..,..,..,262942,..,..
"Macao SAR, China",MAC,1968,YR1968,..,..,..,257933,..,..
"Macao SAR, China",MAC,1970,YR1970,..,..,..,257396,..,..
"Macao SAR, China",MAC,1972,YR1972,..,..,..,245050,..,..
"Macao SAR, China",MAC,1974,YR1974,..,..,..,240550,..,..
"Macao SAR, China",MAC,1976,YR1976,..,..,..,235600,..,..
"Macao SAR, China",MAC,1978,YR1978,..,..,..,232400,..,..
"Macao SAR, China",MAC,1980,YR1980,..,..,..,239650,..,..
"Macao SAR, China",MAC,1982,YR1982,..,4486.541209,..,254650,..,..
"Macao SAR, China",MAC,1984,YR1984,..,4611.494974,..,282850,..,..
"Macao SAR, China",MAC,1986,YR1986,..,5175.156461,..,296050,..,..
"Macao SAR, China",MAC,1988,YR1988,..,7242.91716,..,316000,..,..
"Macao SAR, China",MAC,1990,YR1990,7.969693844,9692.435388,..,334950,..,..
"Macao SAR, China",MAC,1992,YR1992,7.713921684,13249.83874,..,370900,..,..
"Macao SAR, China",MAC,1994,YR1994,6.252068902,15905.26154,..,396800,..,..
"Macao SAR, China",MAC,1996,YR1996,4.822486768,17289.5518,..,415100,0,22.87234116
"Macao SAR, China",MAC,1998,YR1998,0.172630385,16097.06889,..,422300,0,23.93617058
"Macao SAR, China",MAC,2000,YR2000,-1.60971884,15731.98688,..,430600,0,30.15872955
"Macao SAR, China",MAC,2002,YR2002,-2.637516998,16814.99264,..,438400,0,33.33333206
"Macao SAR, China",MAC,2004,YR2004,0.980728452,23407.19937,..,454700,0,68.44660187
"Macao SAR, China",MAC,2006,YR2006,5.149973378,29813.78772,..,498900,0,56.52173996
"Macao SAR, China",MAC,2008,YR2008,8.611018586,38888.5118,..,540700,0,41.82692337
"Macao SAR, China",MAC,2010,YR2010,2.809472421,52591.80352,..,537000,0,47.39336395
"Macao SAR, China",MAC,2012,YR2012,6.107389283,76051.63123,..,567900,0,50.71089935
"Macao SAR, China",MAC,2014,YR2014,6.048234521,88310.81196,..,621700,0,72.85713959
"Macao SAR, China",MAC,2016,YR2016,2.368957497,69074.0363,..,652500,0,79.04762268
"Macao SAR, China",MAC,2018,YR2018,3.004462932,83761.81718,..,658900,0,71.22641754
"Macao SAR, China",MAC,2020,YR2020,0.811410511,36976.25611,..,685400,0,66.98113251
"Macao SAR, China",MAC,2022,YR2022,1.045028024,36909.95641,..,677300,0,66.50943756
"Macao SAR, China",MAC,2024,YR2024,..,..,..,..,..,..
Madagascar,MDG,1960,YR1960,..,131.6920183,..,5111029,..,..
Madagascar,MDG,1962,YR1962,..,137.3080073,..,5384150,..,..
Madagascar,MDG,1964,YR1964,..,141.5346691,..,5669863,..,..
Madagascar,MDG,1966,YR1966,3.211573979,150.6900807,..,5974279,..,..
Madagascar,MDG,1968,YR1968,0.956513164,163.5884853,..,6306493,..,..
Madagascar,MDG,1970,YR1970,2.878645343,166.6455442,..,6672003,..,..
Madagascar,MDG,1972,YR1972,5.622559653,189.640262,..,7074398,..,..
Madagascar,MDG,1974,YR1974,22.10094442,255.3366381,..,7509726,..,..
Madagascar,MDG,1976,YR1976,4.986815119,273.5226782,..,7976831,..,..
Madagascar,MDG,1978,YR1978,6.528446923,314.9832412,..,8475864,..,..
Madagascar,MDG,1980,YR1980,18.21786589,577.592701,..,9006032,..,..
Madagascar,MDG,1982,YR1982,31.78970465,500.642607,..,9557671,..,..
Madagascar,MDG,1984,YR1984,9.856620954,385.408181,..,10134550,..,..
Madagascar,MDG,1986,YR1986,14.4973321,404.9592714,..,10736857,..,..
Madagascar,MDG,1988,YR1988,26.85379714,280.5283984,..,11369462,..,..
Madagascar,MDG,1990,YR1990,11.78448383,326.0992532,..,12055639,..,..
Madagascar,MDG,1992,YR1992,14.51237861,290.2120464,..,12800870,..,..
Madagascar,MDG,1994,YR1994,38.9417909,258.7238064,..,13613850,..,..
Madagascar,MDG,1996,YR1996,19.75635454,339.8772837,..,14510711,6.17,29.78723335
Madagascar,MDG,1998,YR1998,6.208016087,284.1929231,..,15489364,6.2,30.31914902
Madagascar,MDG,2000,YR2000,11.8596845,280.2829056,3.99177623,16516338,5.75,30.15872955
Madagascar,MDG,2002,YR2002,16.49852553,304.9417774,4.92547655,17549913,6.2,20.1058197
Madagascar,MDG,2004,YR2004,13.9558018,272.2007486,5.25090027,18606608,5.86,36.40776825
Madagascar,MDG,2006,YR2006,10.76563716,324.1468749,5.07203865,19730909,14.54,39.61352539
Madagascar,MDG,2008,YR2008,9.296508394,512.5798001,4.08111811,20923840,13.92,17.78846169
Madagascar,MDG,2010,YR2010,9.247321736,450.0093916,4.69762659,22183340,12.82,9.952606201
Madagascar,MDG,2012,YR2012,5.713844342,493.5111629,3.91105914,23462438,13.22,19.43128014
Madagascar,MDG,2014,YR2014,6.080408111,505.6849225,4.46240282,24764348,13.08,16.66666603
Madagascar,MDG,2016,YR2016,6.035758582,453.9707145,5.33248854,26099952,13.63,23.80952454
Madagascar,MDG,2018,YR2018,8.594229589,500.4571855,4.22160387,27494926,13,14.62264156
Madagascar,MDG,2020,YR2020,4.201793122,450.7716152,3.72316122,28953556,11.23,16.03773499
Madagascar,MDG,2022,YR2022,8.16059032,497.2425148,3.25023246,30437261,13.47,16.50943375
Madagascar,MDG,2024,YR2024,..,..,..,..,..,..
Malawi,MWI,1960,YR1960,..,..,..,3628134,..,..
Malawi,MWI,1962,YR1962,..,..,..,3806307,..,..
Malawi,MWI,1964,YR1964,..,..,..,3997305,..,..
Malawi,MWI,1966,YR1966,..,..,..,4197926,..,..
Malawi,MWI,1968,YR1968,..,..,..,4411054,..,..
Malawi,MWI,1970,YR1970,..,..,..,4633944,..,..
Malawi,MWI,1972,YR1972,..,..,..,4874475,..,..
Malawi,MWI,1974,YR1974,..,..,..,5141337,..,..
Malawi,MWI,1976,YR1976,..,..,..,5443384,..,..
Malawi,MWI,1978,YR1978,..,..,..,5810132,..,..
Malawi,MWI,1980,YR1980,..,287.4708224,..,6265529,..,..
Malawi,MWI,1982,YR1982,9.821162444,253.3426979,..,6778879,..,..
Malawi,MWI,1984,YR1984,20.0263032,239.7482897,..,7332810,..,..
Malawi,MWI,1986,YR1986,14.04686796,217.8701899,..,7906480,..,..
Malawi,MWI,1988,YR1988,33.91216494,229.4218439,..,8753262,..,..
Malawi,MWI,1990,YR1990,11.82353805,286.730599,..,9545852,..,..
Malawi,MWI,1992,YR1992,23.75135302,258.3934309,..,10135079,..,..
Malawi,MWI,1994,YR1994,34.64963615,169.1965269,..,10164894,28.63,..
Malawi,MWI,1996,YR1996,37.60204502,320.6627356,..,10352228,21.58,14.89361668
Malawi,MWI,1998,YR1998,29.74865128,236.0454795,..,10792876,15.96,25
Malawi,MWI,2000,YR2000,29.58148846,224.2241592,2.35247517,11315942,15.21,19.57671928
Malawi,MWI,2002,YR2002,14.74463461,428.2104398,2.69725966,11880440,..,29.10052872
Malawi,MWI,2004,YR2004,11.42980608,404.6742484,4.07199907,12500737,..,32.52427292
Malawi,MWI,2006,YR2006,13.97429435,440.822149,4.91223288,13198701,12.77,33.81642532
Malawi,MWI,2008,YR2008,8.712601866,554.0488204,6.10668802,13976417,12.73,28.84615326
Malawi,MWI,2010,YR2010,7.411590929,683.1246947,5.14304781,14826463,13.41,32.22748947
Malawi,MWI,2012,YR2012,21.271265,558.4620883,6.02199793,15709577,13.92,35.54502487
Malawi,MWI,2014,YR2014,23.79206495,529.513344,6.89776182,16621538,8.97,36.66666794
Malawi,MWI,2016,YR2016,21.71111321,450.5061055,7.72703791,17557739,10.16,28.09523773
Malawi,MWI,2018,YR2018,12.42017811,533.2031737,6.88249922,18528081,..,19.3396225
Malawi,MWI,2020,YR2020,8.625514697,602.5074782,7.17979383,19533888,11.61,26.41509438
Malawi,MWI,2022,YR2022,20.95396973,604.2697512,6.50023508,20568728,..,25.94339561
Malawi,MWI,2024,YR2024,32.17965042,..,..,..,..,..
Malaysia,MYS,1960,YR1960,0.063182598,240.8474146,..,7956197,..,..
Malaysia,MYS,1962,YR1962,0.108440268,238.8363392,..,8380172,..,..
Malaysia,MYS,1964,YR1964,-0.402731571,302.9339523,..,8828406,..,..
Malaysia,MYS,1966,YR1966,0.967969025,338.5701215,..,9284688,..,..
Malaysia,MYS,1968,YR1968,-0.158346529,342.4447634,..,9725281,..,..
Malaysia,MYS,1970,YR1970,1.843935966,379.6267643,..,10178802,..,..
Malaysia,MYS,1972,YR1972,3.231554224,472.3635094,..,10676835,..,..
Malaysia,MYS,1974,YR1974,17.32898098,847.8068026,..,11200906,..,..
Malaysia,MYS,1976,YR1976,2.633711507,940.4377341,..,11750097,..,..
Malaysia,MYS,1978,YR1978,4.860064586,1326.887698,..,12328157,..,..
Malaysia,MYS,1980,YR1980,6.674919535,1886.123393,..,12983363,..,..
Malaysia,MYS,1982,YR1982,5.81890003,1937.749227,..,13832798,..,..
Malaysia,MYS,1984,YR1984,3.897272601,2299.808708,..,14759009,..,..
Malaysia,MYS,1986,YR1986,0.737002855,1759.731857,..,15760419,..,..
Malaysia,MYS,1988,YR1988,2.556519453,2099.954677,..,16796605,17.21,..
Malaysia,MYS,1990,YR1990,2.617801047,2468.690803,..,17833171,..,..
Malaysia,MYS,1992,YR1992,4.7672283,3141.43322,..,18834572,..,..
Malaysia,MYS,1994,YR1994,3.724970554,3757.652929,..,19820446,..,..
Malaysia,MYS,1996,YR1996,3.488559459,4837.168973,..,20850087,16.28,46.80850983
Malaysia,MYS,1998,YR1998,5.270342003,3294.309784,..,21906713,14.23,26.06382942
Malaysia,MYS,2000,YR2000,1.534740237,4083.528745,2.51463366,22967816,13.11,31.74603081
Malaysia,MYS,2002,YR2002,1.807872463,4184.031638,2.66876554,24102477,4.27,48.14814758
Malaysia,MYS,2004,YR2004,1.421271159,4939.248519,2.86016941,25256772,25.62,41.26213455
Malaysia,MYS,2006,YR2006,3.609235642,6158.407855,3.10897732,26417909,7.04,41.54589462
Malaysia,MYS,2008,YR2008,5.440782211,8371.821561,3.00692558,27570059,9.82,35.09615326
Malaysia,MYS,2010,YR2010,1.622852356,8899.345055,3.16474271,28655776,9.84,36.01895905
Malaysia,MYS,2012,YR2012,1.663571025,10600.57442,3.45786357,29662831,8.16,35.54502487
Malaysia,MYS,2014,YR2014,3.142990509,11013.31073,3.71036959,30696137,1.8,42.8571434
Malaysia,MYS,2016,YR2016,2.090566595,9476.534098,3.70085335,31789685,8.08,38.09523773
Malaysia,MYS,2018,YR2018,0.884709161,10901.802,3.75944281,32910967,..,42.45283127
Malaysia,MYS,2020,YR2020,-1.138702154,9957.526267,4.08254337,33889558,5.44,39.62264252
Malaysia,MYS,2022,YR2022,3.378698625,11748.09193,3.90591931,34695493,4.97,41.50943375
Malaysia,MYS,2024,YR2024,1.834100204,..,..,..,..,..
Maldives,MDV,1960,YR1960,..,..,..,91189,..,..
Maldives,MDV,1962,YR1962,..,..,..,95802,..,..
Maldives,MDV,1964,YR1964,..,..,..,100662,..,..
Maldives,MDV,1966,YR1966,..,..,..,108507,..,..
Maldives,MDV,1968,YR1968,..,..,..,116075,..,..
Maldives,MDV,1970,YR1970,..,156.8592369,..,123219,..,..
Maldives,MDV,1972,YR1972,..,192.2388486,..,130968,..,..
Maldives,MDV,1974,YR1974,..,281.4846324,..,138978,..,..
Maldives,MDV,1976,YR1976,..,151.8350592,..,147525,..,..
Maldives,MDV,1978,YR1978,..,156.0531839,..,156159,..,..
Maldives,MDV,1980,YR1980,..,257.6126196,..,164835,..,..
Maldives,MDV,1982,YR1982,..,274.8265686,..,174333,..,..
Maldives,MDV,1984,YR1984,..,594.4882469,..,184198,..,..
Maldives,MDV,1986,YR1986,9.722193277,720.4522011,..,196935,..,..
Maldives,MDV,1988,YR1988,6.456360268,799.0825017,..,210885,..,..
Maldives,MDV,1990,YR1990,3.649911977,956.7630198,..,224762,..,..
Maldives,MDV,1992,YR1992,16.85599775,1194.232524,..,238543,..,..
Maldives,MDV,1994,YR1994,3.386100983,1419.392765,..,250822,..,..
Maldives,MDV,1996,YR1996,6.241245915,1716.742818,..,262347,..,50
Maldives,MDV,1998,YR1998,-1.404252338,1980.384484,..,272723,..,61.17021179
Maldives,MDV,2000,YR2000,-1.174756812,2213.812351,7.73655844,282019,18.47,64.02116394
Maldives,MDV,2002,YR2002,4.178672399,3076.070072,8.78440189,291616,17.99,58.73015976
Maldives,MDV,2004,YR2004,-1.685412125,4070.260946,7.48356962,301413,17.37,43.68931961
Maldives,MDV,2006,YR2006,2.738421316,5018.943354,8.04819012,313851,17.98,52.65700531
Maldives,MDV,2008,YR2008,12.04145835,6757.432809,11.47104168,336170,17.53,23.55769157
Maldives,MDV,2010,YR2010,6.149885368,7173.596018,8.48758984,360792,17.88,24.64455032
Maldives,MDV,2012,YR2012,10.88469566,7461.297037,8.67304802,386818,7.7,20.37914658
Maldives,MDV,2014,YR2014,2.120001757,8939.074166,7.91345072,413617,6.91,57.61904907
Maldives,MDV,2016,YR2016,0.502509414,9947.807447,10.30544567,443308,6.6,47.1428566
Maldives,MDV,2018,YR2018,-0.133373386,11423.28384,7.43627834,473099,7.48,35.37735748
Maldives,MDV,2020,YR2020,-1.369774256,7393.888654,11.3365984,502118,7.6,44.3396225
Maldives,MDV,2022,YR2022,2.333143376,11786.00915,9.65276241,524106,6.28,51.88679123
Maldives,MDV,2024,YR2024,1.399797797,..,..,..,..,..
Mali,MLI,1960,YR1960,..,..,..,5402550,..,..
Mali,MLI,1962,YR1962,..,..,..,5563917,..,..
Mali,MLI,1964,YR1964,..,..,..,5730125,..,..
Mali,MLI,1966,YR1966,..,..,..,5902204,..,..
Mali,MLI,1968,YR1968,..,56.51375305,..,6082979,..,..
Mali,MLI,1970,YR1970,..,57.32078708,..,6276472,..,..
Mali,MLI,1972,YR1972,..,75.05210434,..,6483726,..,..
Mali,MLI,1974,YR1974,..,80.22522141,..,6715436,..,..
Mali,MLI,1976,YR1976,..,134.9275752,..,6960979,..,..
Mali,MLI,1978,YR1978,..,169.1233191,..,7229651,..,..
Mali,MLI,1980,YR1980,..,233.6747469,..,7530515,..,..
Mali,MLI,1982,YR1982,..,169.6846446,..,7860194,..,..
Mali,MLI,1984,YR1984,..,150.2000651,..,8208599,..,..
Mali,MLI,1986,YR1986,..,217.1027213,..,8531277,..,..
Mali,MLI,1988,YR1988,..,245.5333468,..,8833996,..,..
Mali,MLI,1990,YR1990,0.606339704,292.1845321,..,9178830,..,..
Mali,MLI,1992,YR1992,-6.242505995,296.2957582,..,9553540,..,..
Mali,MLI,1994,YR1994,23.17679115,208.8732841,..,9967031,..,..
Mali,MLI,1996,YR1996,6.805459968,267.1613124,..,10407278,18.26,35.63829803
Mali,MLI,1998,YR1998,4.03658946,267.442574,..,10919573,18.26,36.17021179
Mali,MLI,2000,YR2000,-0.677661659,256.199555,5.46631575,11559290,..,31.74603081
Mali,MLI,2002,YR2002,5.032822757,318.042432,4.99773645,12288050,14.95,39.15343857
Mali,MLI,2004,YR2004,-3.099781281,416.2783444,5.21767759,13102409,14.96,43.68931961
Mali,MLI,2006,YR2006,1.543525969,493.6287065,5.45589256,13990139,11.47,42.99517059
Mali,MLI,2008,YR2008,9.170988137,658.4931833,5.02686644,14940782,12.76,37.5
Mali,MLI,2010,YR2010,1.108926907,670.369099,4.67865133,15945198,12.87,26.06635094
Mali,MLI,2012,YR2012,5.323128471,733.7389353,3.7521615,16957033,11.84,1.895734549
Mali,MLI,2014,YR2014,0.883814547,797.1545108,4.48158312,18020267,11.86,5.238095284
Mali,MLI,2016,YR2016,-1.799647071,730.8549382,3.77377558,19191289,14.35,5.714285851
Mali,MLI,2018,YR2018,0.299546507,835.0867106,3.73249912,20442030,17.86,1.415094376
Mali,MLI,2020,YR2020,0.43808894,804.3439567,3.47597885,21713836,16.89,1.415094376
Mali,MLI,2022,YR2022,9.621476085,813.9650341,3.67284775,23072640,16.24,0
Mali,MLI,2024,YR2024,3.206398641,..,..,..,..,..
Malta,MLT,1960,YR1960,3.384615385,..,..,326550,..,..
Malta,MLT,1962,YR1962,0.168674699,..,..,323900,..,..
Malta,MLT,1964,YR1964,2.180243999,..,..,321250,..,..
Malta,MLT,1966,YR1966,0.523123579,..,..,315200,..,..
Malta,MLT,1968,YR1968,2.037300577,..,..,307900,..,..
Malta,MLT,1970,YR1970,3.715658848,828.444705,..,302650,..,..
Malta,MLT,1972,YR1972,3.372761068,975.720889,..,302450,..,..
Malta,MLT,1974,YR1974,7.255616272,1245.318594,..,301996,..,..
Malta,MLT,1976,YR1976,0.55151283,1726.559277,..,305774,..,..
Malta,MLT,1978,YR1978,4.70751125,2558.735459,..,310182,..,..
Malta,MLT,1980,YR1980,15.7472541,3948.267267,..,316645,..,..
Malta,MLT,1982,YR1982,5.818233972,3787.91737,..,325898,..,..
Malta,MLT,1984,YR1984,-0.442500001,3332.821047,..,330593,..,..
Malta,MLT,1986,YR1986,2.027888714,4194.533543,..,342121,..,..
Malta,MLT,1988,YR1988,0.938344387,5814.449886,..,347325,..,..
Malta,MLT,1990,YR1990,2.983405861,7192.394102,..,354170,..,..
Malta,MLT,1992,YR1992,1.633212099,8220.339253,..,367618,..,..
Malta,MLT,1994,YR1994,4.129921816,8000.342436,..,374797,..,..
Malta,MLT,1996,YR1996,2.054,10061.69524,..,379905,..,68.0851059
Malta,MLT,1998,YR1998,2.385251354,10408.06199,..,385287,..,73.93617249
Malta,MLT,2000,YR2000,2.369592875,10348.48655,6.57308626,390087,6.71,79.8941803
Malta,MLT,2002,YR2002,2.188490481,11251.20609,7.70661688,395969,5.88,82.01058197
Malta,MLT,2004,YR2004,2.790828481,15212.12674,8.04820728,401268,6.85,74.27184296
Malta,MLT,2006,YR2006,2.773780065,16653.60718,8.80992031,405308,7.24,71.01449585
Malta,MLT,2008,YR2008,4.258621719,22315.31986,7.86335802,409379,5.94,75
Malta,MLT,2010,YR2010,1.515635136,21946.60697,7.95211124,414508,6.3,75.82938385
Malta,MLT,2012,YR2012,2.375820578,22878.31309,8.37802982,420028,5.6,69.19431305
Malta,MLT,2014,YR2014,0.310306472,27356.60803,9.08505249,434558,5.72,73.33333588
Malta,MLT,2016,YR2016,0.642702772,26409.62859,8.96600914,455356,5.32,70.95237732
Malta,MLT,2018,YR2018,1.157823625,33332.19056,8.5073843,484630,5.24,78.77358246
Malta,MLT,2020,YR2020,0.638544957,31796.82134,10.60137844,515332,..,66.98113251
Malta,MLT,2022,YR2022,6.153756219,36142.20585,9.52376747,531511,4.06,61.79245377
Malta,MLT,2024,YR2024,..,..,..,..,..,..
Marshall Islands,MHL,1960,YR1960,..,..,..,14703,..,..
Marshall Islands,MHL,1962,YR1962,..,..,..,15755,..,..
Marshall Islands,MHL,1964,YR1964,..,..,..,16852,..,..
Marshall Islands,MHL,1966,YR1966,..,..,..,17927,..,..
Marshall Islands,MHL,1968,YR1968,..,..,..,19862,..,..
Marshall Islands,MHL,1970,YR1970,..,373.2128717,..,22530,..,..
Marshall Islands,MHL,1972,YR1972,..,415.7074025,..,23992,..,..
Marshall Islands,MHL,1974,YR1974,..,601.5785895,..,25296,..,..
Marshall Islands,MHL,1976,YR1976,..,671.8347582,..,27021,..,..
Marshall Islands,MHL,1978,YR1978,..,770.9177688,..,28809,..,..
Marshall Islands,MHL,1980,YR1980,..,867.9616884,..,30774,..,..
Marshall Islands,MHL,1982,YR1982,..,1045.543013,..,33397,..,..
Marshall Islands,MHL,1984,YR1984,..,1244.870946,..,36264,..,..
Marshall Islands,MHL,1986,YR1986,..,1425.164181,..,39286,..,..
Marshall Islands,MHL,1988,YR1988,..,1670.281893,..,42321,..,..
Marshall Islands,MHL,1990,YR1990,..,1758.40821,..,44629,..,..
Marshall Islands,MHL,1992,YR1992,..,1963.072346,..,46388,..,..
Marshall Islands,MHL,1994,YR1994,..,2265.069584,..,47712,..,..
Marshall Islands,MHL,1996,YR1996,..,2272.844695,..,48775,..,..
Marshall Islands,MHL,1998,YR1998,..,2254.160549,..,49717,..,..
Marshall Islands,MHL,2000,YR2000,..,2264.791149,13.52467632,50706,..,..
Marshall Islands,MHL,2002,YR2002,..,2566.067088,12.06634617,51425,..,..
Marshall Islands,MHL,2004,YR2004,..,2566.08291,14.15128136,51791,..,51.94174576
Marshall Islands,MHL,2006,YR2006,..,2754.269888,22.29854774,51992,..,45.41062927
Marshall Islands,MHL,2008,YR2008,..,2817.605228,19.1096344,52030,..,41.34615326
Marshall Islands,MHL,2010,YR2010,..,3095.45769,17.84438324,52044,..,57.34597015
Marshall Islands,MHL,2012,YR2012,..,3514.265155,11.7263298,51419,..,43.12796021
Marshall Islands,MHL,2014,YR2014,..,3735.239778,12.11000061,49796,..,51.90476227
Marshall Islands,MHL,2016,YR2016,..,4229.809889,14.70093918,47709,..,58.57143021
Marshall Islands,MHL,2018,YR2018,..,4858.120791,14.5333004,45285,..,64.15093994
Marshall Islands,MHL,2020,YR2020,..,5661.967873,12.17444134,42706,..,62.73584747
Marshall Islands,MHL,2022,YR2022,..,6322.828555,11.73604298,40077,..,66.50943756
Marshall Islands,MHL,2024,YR2024,..,..,..,..,..,..
Mauritania,MRT,1960,YR1960,..,..,..,824298,..,..
Mauritania,MRT,1962,YR1962,..,188.9951466,..,869184,..,..
Mauritania,MRT,1964,YR1964,..,244.2945997,..,918955,..,..
Mauritania,MRT,1966,YR1966,..,273.6043627,..,974157,..,..
Mauritania,MRT,1968,YR1968,..,300.9415295,..,1034739,..,..
Mauritania,MRT,1970,YR1970,..,281.3271759,..,1099806,..,..
Mauritania,MRT,1972,YR1972,..,335.2315429,..,1168355,..,..
Mauritania,MRT,1974,YR1974,..,494.2884083,..,1240188,..,..
Mauritania,MRT,1976,YR1976,..,589.2376677,..,1315336,..,..
Mauritania,MRT,1978,YR1978,..,577.7427775,..,1392713,..,..
Mauritania,MRT,1980,YR1980,..,710.9189525,..,1474043,..,..
Mauritania,MRT,1982,YR1982,..,710.2188688,..,1561176,..,..
Mauritania,MRT,1984,YR1984,..,649.6811865,..,1653693,..,..
Mauritania,MRT,1986,YR1986,7.433333333,677.3633239,..,1751835,..,..
Mauritania,MRT,1988,YR1988,1.31965861,762.423918,..,1855859,..,..
Mauritania,MRT,1990,YR1990,6.600225649,772.0330921,..,1951878,..,..
Mauritania,MRT,1992,YR1992,10.14181756,1036.474378,..,2088135,..,..
Mauritania,MRT,1994,YR1994,4.128258613,864.5994784,..,2249454,..,..
Mauritania,MRT,1996,YR1996,4.681306239,904.1208798,..,2358188,..,31.9148941
Mauritania,MRT,1998,YR1998,8.031666655,821.2663786,..,2474651,..,33.51063919
Mauritania,MRT,2000,YR2000,3.254067458,680.9110619,3.37824655,2613441,..,32.27513123
Mauritania,MRT,2002,YR2002,3.895705258,648.8796439,4.00224972,2738655,..,31.74603081
Mauritania,MRT,2004,YR2004,10.36762335,823.5544571,3.70429492,2868664,..,23.30097008
Mauritania,MRT,2006,YR2006,6.241033281,1300.60368,2.70252752,3013660,11.56,39.61352539
Mauritania,MRT,2008,YR2008,7.346635412,1635.563062,3.01338983,3183269,10.43,14.90384579
Mauritania,MRT,2010,YR2010,6.283540874,1659.963697,2.63618922,3390965,10.66,9.004739761
Mauritania,MRT,2012,YR2012,4.902427272,1859.117332,2.64919329,3619034,..,7.109004974
Mauritania,MRT,2014,YR2014,3.534368561,1713.008653,3.46724391,3848514,11.93,15.23809528
Mauritania,MRT,2016,YR2016,1.471710457,1565.765757,3.18699503,4086657,..,11.4285717
Mauritania,MRT,2018,YR2018,3.067359961,1722.935289,2.88362551,4337685,12.79,13.20754719
Mauritania,MRT,2020,YR2020,2.385694885,1795.764596,3.00147843,4600131,16.83,12.73584938
Mauritania,MRT,2022,YR2022,9.525266286,1960.352401,4.48389912,4875637,16.4,16.03773499
Mauritania,MRT,2024,YR2024,..,..,..,..,..,..
Mauritius,MUS,1960,YR1960,..,239.5354454,..,676683,..,..
Mauritius,MUS,1962,YR1962,..,282.3423862,..,700349,..,..
Mauritius,MUS,1964,YR1964,1.895574173,297.2843802,..,736381,..,..
Mauritius,MUS,1966,YR1966,2.504895561,295.9550417,..,768813,..,..
Mauritius,MUS,1968,YR1968,6.977107587,258.7340519,..,798413,..,..
Mauritius,MUS,1970,YR1970,1.541865943,271.338747,..,826000,..,..
Mauritius,MUS,1972,YR1972,5.395935529,373.9965702,..,852053,..,..
Mauritius,MUS,1974,YR1974,29.11563031,762.9407587,..,878042,..,..
Mauritius,MUS,1976,YR1976,12.95572917,787.098226,..,906507,..,..
Mauritius,MUS,1978,YR1978,8.545139151,1102.347537,..,933499,..,..
Mauritius,MUS,1980,YR1980,41.99951439,1187.351571,..,966039,..,..
Mauritius,MUS,1982,YR1982,11.41569313,1101.159205,..,992521,..,..
Mauritius,MUS,1984,YR1984,7.389162562,1041.832524,..,1012221,..,..
Mauritius,MUS,1986,YR1986,1.632653061,1441.714528,..,1028360,..,..
Mauritius,MUS,1988,YR1988,9.159314134,2073.592388,..,1043239,..,..
Mauritius,MUS,1990,YR1990,13.48808879,2539.928465,..,1058775,..,..
Mauritius,MUS,1992,YR1992,4.643519299,3013.237063,..,1084441,..,..
Mauritius,MUS,1994,YR1994,7.323471544,3240.386247,..,1112846,..,..
Mauritius,MUS,1996,YR1996,6.550973361,3951.944946,..,1133996,22.16,57.44680786
Mauritius,MUS,1998,YR1998,6.810793238,3641.621426,..,1160421,23.49,53.72340393
Mauritius,MUS,2000,YR2000,4.199288256,3981.983432,2.85734653,1186873,18.03,45.5026474
Mauritius,MUS,2002,YR2002,6.419333722,4073.060531,3.18897271,1204621,19.56,68.25396729
Mauritius,MUS,2004,YR2004,4.710370601,5460.608002,3.31652546,1221003,18.92,61.65048599
Mauritius,MUS,2006,YR2006,8.913501057,5695.975255,3.60573649,1233996,6.13,54.10628128
Mauritius,MUS,2008,YR2008,9.732283171,8030.052281,3.93896508,1244121,6.13,58.65384674
Mauritius,MUS,2010,YR2010,2.932363014,8000.376432,4.51898289,1250400,1.17,52.13270187
Mauritius,MUS,2012,YR2012,3.852160333,9291.236276,4.21993399,1255882,1.1,63.98104095
Mauritius,MUS,2014,YR2014,3.21769192,10366.35508,5.38024664,1261208,0.96,58.09523773
Mauritius,MUS,2016,YR2016,0.977675135,9965.725311,5.54289532,1263747,1.05,65.7142868
Mauritius,MUS,2018,YR2018,3.216053831,11643.4606,5.60310221,1265577,1.11,63.20754623
Mauritius,MUS,2020,YR2020,2.580800772,9011.042884,6.09606028,1266014,1.32,60.84905624
Mauritius,MUS,2022,YR2022,10.77375122,10239.79705,5.82381678,1262523,1.19,58.96226501
Mauritius,MUS,2024,YR2024,4.102632266,..,..,..,..,..
Mexico,MEX,1960,YR1960,4.927518869,355.0751996,..,36724615,..,..
Mexico,MEX,1962,YR1962,1.198984178,388.4567024,..,39129200,..,..
Mexico,MEX,1964,YR1964,2.337903172,480.7042144,..,41772049,..,..
Mexico,MEX,1966,YR1966,4.215788377,544.9358542,..,44629106,..,..
Mexico,MEX,1968,YR1968,2.333950935,615.9229121,..,47668303,..,..
Mexico,MEX,1970,YR1970,5.003412055,699.0068455,..,50814953,..,..
Mexico,MEX,1972,YR1972,4.943692364,836.5696734,..,54030168,..,..
Mexico,MEX,1974,YR1974,23.78401544,1256.102806,..,57320149,..,..
Mexico,MEX,1976,YR1976,15.82472249,1465.498779,..,60645512,..,..
Mexico,MEX,1978,YR1978,17.45729257,1604.409205,..,63979046,..,..
Mexico,MEX,1980,YR1980,26.35165136,3054.621623,..,67300334,..,..
Mexico,MEX,1982,YR1982,58.91341985,2620.957934,..,70433260,..,..
Mexico,MEX,1984,YR1984,65.44880713,2506.307428,..,73506846,..,..
Mexico,MEX,1986,YR1986,86.23331699,1756.935634,..,76585637,..,..
Mexico,MEX,1988,YR1988,114.1622585,2278.812227,..,79695531,..,..
Mexico,MEX,1990,YR1990,26.65167256,3154.469203,..,82820170,..,..
Mexico,MEX,1992,YR1992,15.50789625,4220.566437,..,86044809,..,..
Mexico,MEX,1994,YR1994,6.965812372,6202.365884,..,89259205,..,..
Mexico,MEX,1996,YR1996,34.37838322,4674.367927,..,92452702,15.38,7.978723526
Mexico,MEX,1998,YR1998,15.92839501,5832.69342,..,95575245,15.43,15.95744705
Mexico,MEX,2000,YR2000,9.491561494,7524.027137,4.24436522,98625552,18.76,24.86772537
Mexico,MEX,2002,YR2002,5.030727332,7983.033985,4.83042812,101548624,13.66,28.04232788
Mexico,MEX,2004,YR2004,4.688408848,7849.667596,5.6835022,104394131,9.49,24.27184486
Mexico,MEX,2006,YR2006,3.629467624,9512.635753,5.40647888,107253666,7.21,17.39130402
Mexico,MEX,2008,YR2008,5.124982746,10523.76854,5.44587374,110374288,7.59,13.46153831
Mexico,MEX,2010,YR2010,4.156727227,9728.800784,5.4897337,113623895,10.61,13.27014256
Mexico,MEX,2012,YR2012,4.111509811,10744.13352,5.42140484,116818208,11.51,17.53554535
Mexico,MEX,2014,YR2014,4.018616081,11391.37735,5.35336781,119784261,4.95,10
Mexico,MEX,2016,YR2016,2.821707847,9097.923977,5.38499022,122251351,9.41,14.28571415
Mexico,MEX,2018,YR2018,4.899350154,10084.79376,5.23821402,124573711,4.52,13.20754719
Mexico,MEX,2020,YR2020,3.396834156,8841.27075,6.0537405,126799054,..,12.73584938
Mexico,MEX,2022,YR2022,7.896276192,11385.40708,5.72145176,128613117,3.6,13.20754719
Mexico,MEX,2024,YR2024,4.722255885,..,..,..,..,..
"Micronesia, Fed. Sts.",FSM,1960,YR1960,..,..,..,43061,..,..
"Micronesia, Fed. Sts.",FSM,1962,YR1962,..,..,..,46218,..,..
"Micronesia, Fed. Sts.",FSM,1964,YR1964,..,..,..,49181,..,..
"Micronesia, Fed. Sts.",FSM,1966,YR1966,..,..,..,52258,..,..
"Micronesia, Fed. Sts.",FSM,1968,YR1968,..,..,..,55457,..,..
"Micronesia, Fed. Sts.",FSM,1970,YR1970,..,337.4957741,..,58922,..,..
"Micronesia, Fed. Sts.",FSM,1972,YR1972,..,403.0464691,..,62278,..,..
"Micronesia, Fed. Sts.",FSM,1974,YR1974,..,701.0779632,..,65749,..,..
"Micronesia, Fed. Sts.",FSM,1976,YR1976,..,677.9706151,..,69049,..,..
"Micronesia, Fed. Sts.",FSM,1978,YR1978,..,737.5104324,..,72754,..,..
"Micronesia, Fed. Sts.",FSM,1980,YR1980,..,829.2098131,..,77407,..,..
"Micronesia, Fed. Sts.",FSM,1982,YR1982,..,973.6886364,..,82219,..,..
"Micronesia, Fed. Sts.",FSM,1984,YR1984,..,971.3237359,..,87176,..,..
"Micronesia, Fed. Sts.",FSM,1986,YR1986,..,1216.157631,..,92266,..,..
"Micronesia, Fed. Sts.",FSM,1988,YR1988,..,1284.282728,..,97097,..,..
"Micronesia, Fed. Sts.",FSM,1990,YR1990,..,1459.043692,..,100888,..,..
"Micronesia, Fed. Sts.",FSM,1992,YR1992,..,1699.330191,..,104806,..,..
"Micronesia, Fed. Sts.",FSM,1994,YR1994,..,1856.520743,..,109075,..,..
"Micronesia, Fed. Sts.",FSM,1996,YR1996,..,1973.938217,..,110710,..,..
"Micronesia, Fed. Sts.",FSM,1998,YR1998,..,1965.155283,..,111377,..,..
"Micronesia, Fed. Sts.",FSM,2000,YR2000,2.158518106,2081.966013,7.86639547,112044,..,..
"Micronesia, Fed. Sts.",FSM,2002,YR2002,-0.111442426,2156.705322,8.02993011,112448,..,..
"Micronesia, Fed. Sts.",FSM,2004,YR2004,2.276696982,2146.401608,12.23100758,111925,..,62.13592148
"Micronesia, Fed. Sts.",FSM,2006,YR2006,4.637370086,2289.751556,17.96380424,110729,..,63.768116
"Micronesia, Fed. Sts.",FSM,2008,YR2008,8.423725662,2415.59356,18.93288994,108936,..,69.2307663
"Micronesia, Fed. Sts.",FSM,2010,YR2010,3.313709631,2761.243258,21.48778725,107540,..,68.72038269
"Micronesia, Fed. Sts.",FSM,2012,YR2012,5.01850353,3033.169895,12.42913532,107890,..,69.19431305
"Micronesia, Fed. Sts.",FSM,2014,YR2014,0.650284892,2945.41496,11.9102993,108396,..,65.7142868
"Micronesia, Fed. Sts.",FSM,2016,YR2016,-1.037468064,2979.601192,13.4160471,109075,..,65.7142868
"Micronesia, Fed. Sts.",FSM,2018,YR2018,1.498400236,3566.586904,11.96551991,109909,..,77.83018494
"Micronesia, Fed. Sts.",FSM,2020,YR2020,0.554594631,3353.88943,12.01537514,110916,..,70.75471497
"Micronesia, Fed. Sts.",FSM,2022,YR2022,5.408743755,3835.381843,10.34470272,112114,..,74.05660248
"Micronesia, Fed. Sts.",FSM,2024,YR2024,..,..,..,..,..,..
Moldova,MDA,1960,YR1960,..,..,..,2058020,..,..
Moldova,MDA,1962,YR1962,..,..,..,2147227,..,..
Moldova,MDA,1964,YR1964,..,..,..,2228000,..,..
Moldova,MDA,1966,YR1966,..,..,..,2301871,..,..
Moldova,MDA,1968,YR1968,..,..,..,2373073,..,..
Moldova,MDA,1970,YR1970,..,..,..,2437590,..,..
Moldova,MDA,1972,YR1972,..,..,..,2484742,..,..
Moldova,MDA,1974,YR1974,..,..,..,2538164,..,..
Moldova,MDA,1976,YR1976,..,..,..,2596491,..,..
Moldova,MDA,1978,YR1978,..,..,..,2656211,..,..
Moldova,MDA,1980,YR1980,..,..,..,2708675,..,..
Moldova,MDA,1982,YR1982,..,..,..,2763101,..,..
Moldova,MDA,1984,YR1984,..,..,..,2820518,..,..
Moldova,MDA,1986,YR1986,..,..,..,2883057,..,..
Moldova,MDA,1988,YR1988,..,..,..,2948891,..,..
Moldova,MDA,1990,YR1990,..,1206.502087,..,2977912,..,..
Moldova,MDA,1992,YR1992,1026.826264,778.0176674,..,2980965,..,..
Moldova,MDA,1994,YR1994,486.4256238,573.7986472,..,2966745,..,..
Moldova,MDA,1996,YR1996,23.5056773,575.1454551,..,2947293,10.79,23.40425491
Moldova,MDA,1998,YR1998,7.695765175,578.7346276,..,2935227,..,36.70212936
Moldova,MDA,2000,YR2000,31.29930158,440.538684,5.92687273,2924668,8.61,17.46031761
Moldova,MDA,2002,YR2002,5.301243903,570.7998662,7.40437651,2911385,..,26.45502663
Moldova,MDA,2004,YR2004,12.52427684,897.1784947,8.97114944,2896023,8.87,22.3300972
Moldova,MDA,2006,YR2006,12.77775578,1183.024814,10.54445267,2880967,7.21,22.22222137
Moldova,MDA,2008,YR2008,12.78304726,2110.553054,10.94920063,2868833,6.55,23.07692337
Moldova,MDA,2010,YR2010,7.483850864,2436.799351,10.13112831,2862354,6.87,21.32701492
Moldova,MDA,2012,YR2012,4.546334274,3044.808432,9.13962078,2860324,6.98,36.96682358
Moldova,MDA,2014,YR2014,5.088785546,3289.957586,8.63275623,2857815,7.35,29.04761887
Moldova,MDA,2016,YR2016,6.35930898,2847.087948,7.53552246,2803186,8.06,23.33333397
Moldova,MDA,2018,YR2018,3.045053973,4156.44982,6.70760345,2707203,..,19.3396225
Moldova,MDA,2020,YR2020,3.765971222,4375.778893,7.00484037,2635130,3.49,20.75471687
Moldova,MDA,2022,YR2022,28.73729768,5738.424735,6.96505404,2528654,4.15,13.20754719
Moldova,MDA,2024,YR2024,4.67773516,..,..,..,..,..
Monaco,MCO,1960,YR1960,..,..,..,21808,..,..
Monaco,MCO,1962,YR1962,..,..,..,22078,..,..
Monaco,MCO,1964,YR1964,..,..,..,22686,..,..
Monaco,MCO,1966,YR1966,..,..,..,23131,..,..
Monaco,MCO,1968,YR1968,..,..,..,23437,..,..
Monaco,MCO,1970,YR1970,..,12098.20188,..,24229,..,..
Monaco,MCO,1972,YR1972,..,16187.43065,..,24862,..,..
Monaco,MCO,1974,YR1974,..,22347.89991,..,25235,..,..
Monaco,MCO,1976,YR1976,..,28396.3794,..,25895,..,..
Monaco,MCO,1978,YR1978,..,37607.78869,..,26605,..,..
Monaco,MCO,1980,YR1980,..,50813.93423,..,27122,..,..
Monaco,MCO,1982,YR1982,..,41479.49844,..,27561,..,..
Monaco,MCO,1984,YR1984,..,36582.3672,..,28356,..,..
Monaco,MCO,1986,YR1986,..,52082.45088,..,29093,..,..
Monaco,MCO,1988,YR1988,..,67180.57637,..,29781,..,..
Monaco,MCO,1990,YR1990,..,81734.8665,..,30358,..,..
Monaco,MCO,1992,YR1992,..,88614.92637,..,30887,..,..
Monaco,MCO,1994,YR1994,..,86703.81305,..,31375,..,..
Monaco,MCO,1996,YR1996,..,98561.01374,..,31837,..,..
Monaco,MCO,1998,YR1998,..,90947.20512,..,32267,..,..
Monaco,MCO,2000,YR2000,..,81789.02065,3.69517851,32455,..,..
Monaco,MCO,2002,YR2002,..,90051.44599,3.80860424,32422,..,..
Monaco,MCO,2004,YR2004,..,125160.2281,4.52466917,32307,..,55.82524109
Monaco,MCO,2006,YR2006,..,143083.4611,4.29524565,32057,..,53.14009476
Monaco,MCO,2008,YR2008,..,204263.7971,4.08357811,31836,..,52.88461685
Monaco,MCO,2010,YR2010,..,161853.9206,4.95791674,33163,..,51.6587677
Monaco,MCO,2012,YR2012,..,165444.6514,4.7558527,34711,..,57.34597015
Monaco,MCO,2014,YR2014,..,195693.5707,4.44085073,36128,..,59.04761887
Monaco,MCO,2016,YR2016,..,173604.7536,4.12467051,37276,..,78.57142639
Monaco,MCO,2018,YR2018,..,188298.3157,4.04578018,38154,..,90.56604004
Monaco,MCO,2020,YR2020,..,176891.8865,4.27929592,38050,..,71.22641754
Monaco,MCO,2022,YR2022,..,226052.0019,3.39779735,38931,..,71.22641754
Monaco,MCO,2024,YR2024,..,..,..,..,..,..
Mongolia,MNG,1960,YR1960,..,..,..,977595,..,..
Mongolia,MNG,1962,YR1962,..,..,..,1041444,..,..
Mongolia,MNG,1964,YR1964,..,..,..,1100234,..,..
Mongolia,MNG,1966,YR1966,..,..,..,1163754,..,..
Mongolia,MNG,1968,YR1968,..,..,..,1229930,..,..
Mongolia,MNG,1970,YR1970,..,..,..,1295272,..,..
Mongolia,MNG,1972,YR1972,..,..,..,1366821,..,..
Mongolia,MNG,1974,YR1974,..,..,..,1446050,..,..
Mongolia,MNG,1976,YR1976,..,..,..,1531945,..,..
Mongolia,MNG,1978,YR1978,..,..,..,1619468,..,..
Mongolia,MNG,1980,YR1980,..,1235.144225,..,1701335,..,..
Mongolia,MNG,1982,YR1982,..,1429.625518,..,1785364,..,..
Mongolia,MNG,1984,YR1984,..,1119.713885,..,1874349,..,..
Mongolia,MNG,1986,YR1986,..,1469.421764,..,1970965,..,..
Mongolia,MNG,1988,YR1988,..,1543.335555,..,2076322,..,..
Mongolia,MNG,1990,YR1990,..,1220.171277,..,2098710,..,..
Mongolia,MNG,1992,YR1992,..,607.8134247,..,2167790,..,..
Mongolia,MNG,1994,YR1994,87.58000933,422.8643494,..,2189395,..,..
Mongolia,MNG,1996,YR1996,46.88995215,595.581015,..,2259507,..,49.46808624
Mongolia,MNG,1998,YR1998,9.357042177,483.8780661,..,2323809,..,34.57446671
Mongolia,MNG,2000,YR2000,11.59553876,476.0275508,6.07605076,2388299,5.1,52.91005325
Mongolia,MNG,2002,YR2002,0.917074687,570.2492132,5.49190998,2449027,7.04,65.6084671
Mongolia,MNG,2004,YR2004,8.241154494,794.154552,4.30204487,2508412,5.04,53.88349533
Mongolia,MNG,2006,YR2006,5.095166617,1329.891796,3.74971509,2567168,5.01,49.27536392
Mongolia,MNG,2008,YR2008,27.95566502,2127.426786,4.55693007,2643201,5.17,47.11538315
Mongolia,MNG,2010,YR2010,10.04620659,2625.218814,3.73945642,2738622,5.16,52.13270187
Mongolia,MNG,2012,YR2012,14.33033483,4328.890019,3.85800076,2839705,..,49.76303482
Mongolia,MNG,2014,YR2014,12.25398081,4126.239758,4.20989752,2963113,..,60.47618866
Mongolia,MNG,2016,YR2016,0.733272227,3619.900264,4.58008575,3088856,..,61.42856979
Mongolia,MNG,2018,YR2018,6.824247901,4107.642885,4.53449297,3208189,6.36,63.20754623
Mongolia,MNG,2020,YR2020,3.796040261,4001.251931,4.6662488,3327204,6.24,57.07546997
Mongolia,MNG,2022,YR2022,15.14795609,4993.514875,8.85170174,3433748,6.27,50.47169876
Mongolia,MNG,2024,YR2024,6.802848993,..,..,..,..,..
Montenegro,MNE,1960,YR1960,..,..,..,480579,..,..
Montenegro,MNE,1962,YR1962,..,..,..,502558,..,..
Montenegro,MNE,1964,YR1964,..,..,..,521753,..,..
Montenegro,MNE,1966,YR1966,..,..,..,526419,..,..
Montenegro,MNE,1968,YR1968,..,..,..,517481,..,..
Montenegro,MNE,1970,YR1970,..,..,..,512407,..,..
Montenegro,MNE,1972,YR1972,..,..,..,521785,..,..
Montenegro,MNE,1974,YR1974,..,..,..,538902,..,..
Montenegro,MNE,1976,YR1976,..,..,..,552562,..,..
Montenegro,MNE,1978,YR1978,..,..,..,562065,..,..
Montenegro,MNE,1980,YR1980,..,..,..,572608,..,..
Montenegro,MNE,1982,YR1982,..,..,..,587001,..,..
Montenegro,MNE,1984,YR1984,..,..,..,600884,..,..
Montenegro,MNE,1986,YR1986,..,..,..,607711,..,..
Montenegro,MNE,1988,YR1988,..,..,..,607413,..,..
Montenegro,MNE,1990,YR1990,..,..,..,606372,..,..
Montenegro,MNE,1992,YR1992,..,..,..,608516,..,..
Montenegro,MNE,1994,YR1994,..,..,..,611389,..,..
Montenegro,MNE,1996,YR1996,..,..,..,611003,..,..
Montenegro,MNE,1998,YR1998,..,1405.816327,..,607662,..,..
Montenegro,MNE,2000,YR2000,..,1627.065119,..,604950,..,..
Montenegro,MNE,2002,YR2002,..,2106.635068,..,609828,..,..
Montenegro,MNE,2004,YR2004,..,3380.165121,..,613353,..,..
Montenegro,MNE,2006,YR2006,2.924512581,4425.678873,..,615025,..,17.39130402
Montenegro,MNE,2008,YR2008,8.758727696,7367.751909,..,616969,10.24,54.80769348
Montenegro,MNE,2010,YR2010,0.65494657,6688.402596,..,619428,8.94,50.71089935
Montenegro,MNE,2012,YR2012,4.14524725,6586.399703,8.29550457,620601,5.77,52.60663605
Montenegro,MNE,2014,YR2014,-0.710514052,7387.872969,8.00086784,621810,4.42,40.95238113
Montenegro,MNE,2016,YR2016,-0.271385023,7033.439624,8.63302994,622303,3.62,43.33333206
Montenegro,MNE,2018,YR2018,2.611223783,8850.374925,8.34355545,622227,3.75,35.37735748
Montenegro,MNE,2020,YR2020,-0.2556557,7677.371321,11.42177582,621306,3.33,27.83018875
Montenegro,MNE,2022,YR2022,13.04030363,10093.4387,10.92241859,617213,3.92,25.94339561
Montenegro,MNE,2024,YR2024,3.336750093,..,..,..,..,..
Morocco,MAR,1960,YR1960,3.424299065,174.7841339,..,11624933,..,..
Morocco,MAR,1962,YR1962,5.096729081,193.6478119,..,12253092,..,..
Morocco,MAR,1964,YR1964,4.021541474,216.2630463,..,12898886,..,..
Morocco,MAR,1966,YR1966,-1.013579365,210.8244324,..,13597065,..,..
Morocco,MAR,1968,YR1968,0.436479069,227.1208649,..,14347899,..,..
Morocco,MAR,1970,YR1970,1.279181324,260.2651367,..,15129449,..,..
Morocco,MAR,1972,YR1972,3.759170557,317.0740662,..,15924692,..,..
Morocco,MAR,1974,YR1974,17.55682275,456.5925293,..,16733842,..,..
Morocco,MAR,1976,YR1976,8.502152443,543.3684692,..,17574182,..,..
Morocco,MAR,1978,YR1978,9.71603275,712.8796387,..,18477385,..,..
Morocco,MAR,1980,YR1980,9.408379474,1109.882202,..,19459943,..,..
Morocco,MAR,1982,YR1982,10.5278073,856.5697632,..,20520318,..,..
Morocco,MAR,1984,YR1984,12.44756933,681.909729,..,21593778,..,..
Morocco,MAR,1986,YR1986,8.733559187,855.1693115,..,22600803,..,..
Morocco,MAR,1988,YR1988,2.369055055,1086.035278,..,23500524,..,..
Morocco,MAR,1990,YR1990,6.782594015,1229.071045,..,24375551,..,..
Morocco,MAR,1992,YR1992,5.740246629,1327.029541,..,25212468,..,..
Morocco,MAR,1994,YR1994,5.14167153,1358.794434,..,26000822,..,..
Morocco,MAR,1996,YR1996,2.986809228,1596.832397,..,26808107,..,21.27659607
Morocco,MAR,1998,YR1998,2.753113308,1668.497559,..,27621648,..,34.57446671
Morocco,MAR,2000,YR2000,1.894634568,1499.107422,3.69304585,28423435,37.46,26.45502663
Morocco,MAR,2002,YR2002,2.795619669,1596.02063,4.06117535,29198142,34.71,23.80952454
Morocco,MAR,2004,YR2004,1.493444034,2183.55542,4.23211098,29953018,..,21.84465981
Morocco,MAR,2006,YR2006,3.28476167,2438.126465,4.56586647,30771178,21.72,19.8067627
Morocco,MAR,2008,YR2008,3.714843115,3183.200439,4.83789158,31606767,20.49,15.86538506
Morocco,MAR,2010,YR2010,0.993557401,3067.985352,5.41861057,32467016,25.56,22.27488136
Morocco,MAR,2012,YR2012,1.287122401,3164.177246,5.39619017,33355241,12.69,20.37914658
Morocco,MAR,2014,YR2014,0.442310054,3435.406982,5.41626596,34204780,9.3,20.95238113
Morocco,MAR,2016,YR2016,1.635311143,3140.855469,5.09203386,35023457,8.86,22.8571434
Morocco,MAR,2018,YR2018,1.803916711,3501.697998,4.94516659,35839760,..,21.22641563
Morocco,MAR,2020,YR2020,0.705968661,3268.030273,5.59079361,36584208,7.7,20.28301811
Morocco,MAR,2022,YR2022,6.657042028,3455.39624,5.68049145,37329064,..,18.39622688
Morocco,MAR,2024,YR2024,0.985256592,..,..,..,..,..
Mozambique,MOZ,1960,YR1960,..,..,..,6713695,..,..
Mozambique,MOZ,1962,YR1962,..,..,..,6969364,..,..
Mozambique,MOZ,1964,YR1964,..,..,..,7255061,..,..
Mozambique,MOZ,1966,YR1966,..,..,..,7562990,..,..
Mozambique,MOZ,1968,YR1968,..,..,..,7892613,..,..
Mozambique,MOZ,1970,YR1970,..,..,..,8250506,..,..
Mozambique,MOZ,1972,YR1972,..,..,..,8692935,..,..
Mozambique,MOZ,1974,YR1974,..,..,..,9236093,..,..
Mozambique,MOZ,1976,YR1976,..,..,..,9867209,..,..
Mozambique,MOZ,1978,YR1978,..,..,..,10618250,..,..
Mozambique,MOZ,1980,YR1980,..,..,..,11336221,..,..
Mozambique,MOZ,1982,YR1982,..,..,..,11824370,..,..
Mozambique,MOZ,1984,YR1984,..,..,..,12315954,..,..
Mozambique,MOZ,1986,YR1986,..,..,..,12770578,..,..
Mozambique,MOZ,1988,YR1988,..,..,..,12800558,..,..
Mozambique,MOZ,1990,YR1990,..,..,..,13094537,..,..
Mozambique,MOZ,1992,YR1992,..,205.5852161,..,13613316,..,..
Mozambique,MOZ,1994,YR1994,..,196.7631432,..,15033853,..,..
Mozambique,MOZ,1996,YR1996,..,244.362651,..,16492480,..,23.40425491
Mozambique,MOZ,1998,YR1998,..,320.1251217,..,17340464,..,30.31914902
Mozambique,MOZ,2000,YR2000,..,327.1262398,2.14253044,18129653,..,25.39682579
Mozambique,MOZ,2002,YR2002,..,313.8866617,3.18652654,18958338,16.29,31.74603081
Mozambique,MOZ,2004,YR2004,..,400.0569732,3.53062654,19840313,..,29.61165047
Mozambique,MOZ,2006,YR2006,13.24508791,457.4876478,3.94559026,20787087,14.64,48.79227066
Mozambique,MOZ,2008,YR2008,14.5028053,592.1591112,4.13496828,21819036,13.54,43.75
Mozambique,MOZ,2010,YR2010,12.42554217,496.1858394,5.29249668,22999235,9.67,45.0236969
Mozambique,MOZ,2012,YR2012,2.60245457,685.6857482,5.14035702,24337846,9.67,45.49763107
Mozambique,MOZ,2014,YR2014,2.559748758,697.1426804,6.24013042,25788475,9.85,23.33333397
Mozambique,MOZ,2016,YR2016,17.41804182,441.4897348,7.21501875,27337105,9.73,8.571428299
Mozambique,MOZ,2018,YR2018,3.9113344,517.5072603,7.97903347,29018644,10.4,12.26415062
Mozambique,MOZ,2020,YR2020,3.483935675,462.4338765,7.54172373,30783688,10.4,7.547169685
Mozambique,MOZ,2022,YR2022,10.27940181,578.2516638,8.77717781,32656246,..,8.018867493
Mozambique,MOZ,2024,YR2024,..,..,..,..,..,..
Myanmar,MMR,1960,YR1960,7.389937107,25.08477572,..,21730250,..,..
Myanmar,MMR,1962,YR1962,-1.612903227,27.94700397,..,22704719,..,..
Myanmar,MMR,1964,YR1964,-0.459418069,17.33220062,..,23737315,..,..
Myanmar,MMR,1966,YR1966,25.49019608,11.80132167,..,24836496,..,..
Myanmar,MMR,1968,YR1968,2.376033058,21.545341,..,25989662,..,..
Myanmar,MMR,1970,YR1970,-4.008438818,20.72427828,..,27193016,..,..
Myanmar,MMR,1972,YR1972,7.64262648,23.29413027,..,28428324,..,..
Myanmar,MMR,1974,YR1974,25.21166134,41.40762764,..,29598167,..,..
Myanmar,MMR,1976,YR1976,22.3844017,39.16600837,..,30758811,..,..
Myanmar,MMR,1978,YR1978,-6.044706126,29.2562311,..,31972976,..,..
Myanmar,MMR,1980,YR1980,0.608153084,31.24623929,..,33227204,..,..
Myanmar,MMR,1982,YR1982,5.304740405,42.95354149,..,34482965,..,..
Myanmar,MMR,1984,YR1984,4.846311548,36.32557684,..,35899313,..,..
Myanmar,MMR,1986,YR1986,9.3254619,42.41937359,..,37314878,..,..
Myanmar,MMR,1988,YR1988,16.04280218,39.92360889,..,38600927,..,..
Myanmar,MMR,1990,YR1990,17.62677503,53.12254011,..,39817251,..,..
Myanmar,MMR,1992,YR1992,21.9132104,58.88967396,..,40950342,..,..
Myanmar,MMR,1994,YR1994,24.09878608,105.3915611,..,42055143,..,..
Myanmar,MMR,1996,YR1996,16.27539664,141.8972676,..,43154860,7.05,3.723404169
Myanmar,MMR,1998,YR1998,51.48754975,145.9508304,..,44257793,7.05,3.723404169
Myanmar,MMR,2000,YR2000,-0.109165515,196.6195806,2.12591195,45290841,7.05,1.058201075
Myanmar,MMR,2002,YR2002,57.07451126,146.5983904,2.74706364,46232653,6.82,2.645502567
Myanmar,MMR,2004,YR2004,4.534213741,224.5088114,2.46972823,47068772,6.6,7.766990185
Myanmar,MMR,2006,YR2006,19.99648734,303.4950871,2.39884496,47785135,6.88,12.56038666
Myanmar,MMR,2008,YR2008,26.79953719,658.4424872,2.24654627,48390793,5.98,9.134614944
Myanmar,MMR,2010,YR2010,7.718381959,1010.534173,2.08368421,49024382,5.14,4.265402794
Myanmar,MMR,2012,YR2012,1.467583227,1202.665896,2.5793314,49837446,7.54,9.004739761
Myanmar,MMR,2014,YR2014,4.953299185,1293.000423,4.39346027,50681634,..,8.095237732
Myanmar,MMR,2016,YR2016,6.928825258,1229.197135,5.11349964,51495696,..,10.95238113
Myanmar,MMR,2018,YR2018,6.872328657,1298.213103,4.89992189,52272247,..,7.075471878
Myanmar,MMR,2020,YR2020,..,1490.216835,4.38807583,53016522,..,4.245283127
Myanmar,MMR,2022,YR2022,..,1158.05005,5.20476246,53756787,4.31,0
Myanmar,MMR,2024,YR2024,..,..,..,..,..,..
Namibia,NAM,1960,YR1960,..,..,..,591465,..,..
Namibia,NAM,1962,YR1962,..,..,..,615759,..,..
Namibia,NAM,1964,YR1964,..,..,..,644530,..,..
Namibia,NAM,1966,YR1966,..,..,..,677655,..,..
Namibia,NAM,1968,YR1968,..,..,..,715542,..,..
Namibia,NAM,1970,YR1970,..,..,..,757868,..,..
Namibia,NAM,1972,YR1972,..,..,..,804399,..,..
Namibia,NAM,1974,YR1974,..,..,..,854320,..,..
Namibia,NAM,1976,YR1976,..,..,..,906566,..,..
Namibia,NAM,1978,YR1978,..,..,..,947269,..,..
Namibia,NAM,1980,YR1980,..,2467.807655,..,981434,..,..
Namibia,NAM,1982,YR1982,..,2097.093409,..,1010308,..,..
Namibia,NAM,1984,YR1984,..,1830.469206,..,1065989,..,..
Namibia,NAM,1986,YR1986,..,1599.397857,..,1131081,..,..
Namibia,NAM,1988,YR1988,..,2062.579976,..,1209696,..,..
Namibia,NAM,1990,YR1990,..,2037.475894,..,1369303,..,..
Namibia,NAM,1992,YR1992,..,2346.86243,..,1461322,..,..
Namibia,NAM,1994,YR1994,..,2355.904457,..,1556304,..,..
Namibia,NAM,1996,YR1996,..,2423.398291,..,1646103,..,54.78723526
Namibia,NAM,1998,YR1998,..,2235.245155,..,1732745,..,42.55319214
Namibia,NAM,2000,YR2000,..,2156.675905,9.23999977,1818647,..,20.63492012
Namibia,NAM,2002,YR2002,..,1772.075655,9.68074989,1889970,5.39,31.74603081
Namibia,NAM,2004,YR2004,4.136632131,3403.154962,10.12623405,1942082,4.84,52.91262054
Namibia,NAM,2006,YR2006,4.961166893,4017.183472,10.57086945,1991888,6.12,54.10628128
Namibia,NAM,2008,YR2008,9.094643072,4204.785554,9.91801167,2047056,5.78,72.11538696
Namibia,NAM,2010,YR2010,4.874919876,5418.216334,9.72781372,2109811,5,60.66350555
Namibia,NAM,2012,YR2012,6.721997773,5942.64681,9.26659298,2194654,4.96,64.9289093
Namibia,NAM,2014,YR2014,5.350169669,5378.323262,8.4089098,2312139,4.34,57.61904907
Namibia,NAM,2016,YR2016,6.728582346,4395.687762,9.3223238,2439213,5.64,58.09523773
Namibia,NAM,2018,YR2018,4.291591053,5308.608134,8.28609943,2577327,4.72,57.07546997
Namibia,NAM,2020,YR2020,2.209382369,3878.58983,8.88723373,2728762,3.99,51.41509247
Namibia,NAM,2022,YR2022,6.081281141,4349.045322,9.29635525,2889662,5.11,51.41509247
Namibia,NAM,2024,YR2024,4.239039229,..,..,..,..,..
Nauru,NRU,1960,YR1960,..,..,..,4607,..,..
Nauru,NRU,1962,YR1962,..,..,..,4979,..,..
Nauru,NRU,1964,YR1964,..,..,..,5515,..,..
Nauru,NRU,1966,YR1966,..,..,..,6043,..,..
Nauru,NRU,1968,YR1968,..,..,..,6328,..,..
Nauru,NRU,1970,YR1970,..,2618.534459,..,6710,..,..
Nauru,NRU,1972,YR1972,..,3190.585539,..,6812,..,..
Nauru,NRU,1974,YR1974,..,5199.264975,..,6923,..,..
Nauru,NRU,1976,YR1976,..,5703.203171,..,7064,..,..
Nauru,NRU,1978,YR1978,..,5721.313689,..,7298,..,..
Nauru,NRU,1980,YR1980,..,6137.681296,..,7649,..,..
Nauru,NRU,1982,YR1982,..,6576.83364,..,8040,..,..
Nauru,NRU,1984,YR1984,..,5653.961,..,8377,..,..
Nauru,NRU,1986,YR1986,..,4568.678877,..,8742,..,..
Nauru,NRU,1988,YR1988,..,5011.580315,..,9165,..,..
Nauru,NRU,1990,YR1990,..,5775.553474,..,9622,..,..
Nauru,NRU,1992,YR1992,..,5102.596859,..,10021,..,..
Nauru,NRU,1994,YR1994,..,3920.53973,..,10137,..,..
Nauru,NRU,1996,YR1996,..,3678.562429,..,10183,..,..
Nauru,NRU,1998,YR1998,..,2908.849865,..,10198,..,..
Nauru,NRU,2000,YR2000,..,2648.601529,18.96671295,10168,..,..
Nauru,NRU,2002,YR2002,..,2084.648245,13.80812454,10082,..,..
Nauru,NRU,2004,YR2004,..,3040.513499,6.87889576,10060,..,51.94174576
Nauru,NRU,2006,YR2006,..,2910.141458,12.41761494,10034,..,45.41062927
Nauru,NRU,2008,YR2008,..,3756.845312,23.00409317,10009,..,41.34615326
Nauru,NRU,2010,YR2010,..,4735.920005,12.69640064,10043,..,67.29857635
Nauru,NRU,2012,YR2012,-0.124750499,9817.368722,8.84148979,10267,..,43.12796021
Nauru,NRU,2014,YR2014,..,9193.097844,8.3867569,10742,..,36.66666794
Nauru,NRU,2016,YR2016,..,8724.307003,10.99060154,11150,15.43,65.7142868
Nauru,NRU,2018,YR2018,..,11408.69476,11.10239792,11477,26.29,63.20754623
Nauru,NRU,2020,YR2020,..,10695.69933,11.55650234,11643,29.15,56.60377502
Nauru,NRU,2022,YR2022,..,13287.27119,18.17031097,11801,..,58.01886749
Nauru,NRU,2024,YR2024,..,..,..,..,..,..
Nepal,NPL,1960,YR1960,..,50.21252337,..,10123658,..,..
Nepal,NPL,1962,YR1962,..,54.56560893,..,10521116,..,..
Nepal,NPL,1964,YR1964,..,45.32075732,..,10946392,..,..
Nepal,NPL,1966,YR1966,14.38897069,79.48417865,..,11408710,..,..
Nepal,NPL,1968,YR1968,1.179869974,64.85924192,..,11906266,..,..
Nepal,NPL,1970,YR1970,15.23727845,69.63348973,..,12436190,..,..
Nepal,NPL,1972,YR1972,8.389023896,78.84291284,..,12989099,..,..
Nepal,NPL,1974,YR1974,19.80633803,89.76374556,..,13568435,..,..
Nepal,NPL,1976,YR1976,-3.113235733,102.4703733,..,14177649,..,..
Nepal,NPL,1978,YR1978,7.346091251,108.0994251,..,14839695,..,..
Nepal,NPL,1980,YR1980,14.68450278,125.1143475,..,15553105,..,..
Nepal,NPL,1982,YR1982,11.69854659,146.9766629,..,16297987,..,..
Nepal,NPL,1984,YR1984,2.845784957,151.0781871,..,17085242,..,..
Nepal,NPL,1986,YR1986,18.99894955,159.5456828,..,17868124,..,..
Nepal,NPL,1988,YR1988,8.983003382,187.0847776,..,18638661,..,..
Nepal,NPL,1990,YR1990,8.239700375,185.7946004,..,19524573,..,..
Nepal,NPL,1992,YR1992,17.14952362,165.0295941,..,20609707,..,..
Nepal,NPL,1994,YR1994,8.349286729,187.2581762,..,21717479,..,..
Nepal,NPL,1996,YR1996,9.220466624,198.8219074,..,22741862,..,20.7446804
Nepal,NPL,1998,YR1998,11.24446778,205.0752463,..,23680357,16.64,10.10638332
Nepal,NPL,2000,YR2000,2.478820207,223.8302892,3.13292074,24546509,15.94,3.703703642
Nepal,NPL,2002,YR2002,3.029399487,238.891403,3.93863344,25328981,14.18,0
Nepal,NPL,2004,YR2004,2.841811312,279.58775,4.04629898,26016656,14.35,0.485436887
Nepal,NPL,2006,YR2006,6.920335807,340.4317964,3.54402447,26565425,14.99,0.483091801
Nepal,NPL,2008,YR2008,9.907830053,464.8173919,3.81756353,26990037,22.36,1.923076868
Nepal,NPL,2010,YR2010,9.326504107,585.278492,4.36131525,27341952,16.58,3.791469097
Nepal,NPL,2012,YR2012,9.459809804,788.2029371,4.49078751,27534915,17.29,5.213270187
Nepal,NPL,2014,YR2014,8.364154697,821.4552249,5.07549381,27672370,16.22,12.38095284
Nepal,NPL,2016,YR2016,8.79034332,877.2564547,5.42378998,27955462,18.4,10.95238113
Nepal,NPL,2018,YR2018,4.061163388,1179.198432,4.52808428,28079689,23.78,15.56603813
Nepal,NPL,2020,YR2020,5.052366553,1154.215176,5.2080965,28966574,18.7,25.94339561
Nepal,NPL,2022,YR2022,7.650791768,1385.910663,6.65589333,29715436,20.23,24.05660439
Nepal,NPL,2024,YR2024,..,..,..,..,..,..
Netherlands,NLD,1960,YR1960,2.323943662,1156.385977,..,11486631,..,..
Netherlands,NLD,1962,YR1962,2.431122644,1342.368272,..,11805689,..,..
Netherlands,NLD,1964,YR1964,5.823768258,1668.330861,..,12127120,..,..
Netherlands,NLD,1966,YR1966,5.762140236,1986.270244,..,12456251,..,..
Netherlands,NLD,1968,YR1968,3.72079328,2364.359419,..,12729721,..,..
Netherlands,NLD,1970,YR1970,3.668930888,2931.38078,..,13038526,..,..
Netherlands,NLD,1972,YR1972,7.802792193,4110.491646,..,13328593,..,..
Netherlands,NLD,1974,YR1974,9.591422673,6450.457702,..,13545056,..,..
Netherlands,NLD,1976,YR1976,8.830651586,7937.352467,..,13774037,..,..
Netherlands,NLD,1978,YR1978,4.112011963,11195.84249,..,13941700,..,..
Netherlands,NLD,1980,YR1980,6.513455455,13812.16001,..,14149800,..,..
Netherlands,NLD,1982,YR1982,5.911096585,11088.95432,..,14312690,..,..
Netherlands,NLD,1984,YR1984,3.301640758,9991.843777,..,14424211,..,..
Netherlands,NLD,1986,YR1986,0.083346777,13804.13606,..,14572278,..,..
Netherlands,NLD,1988,YR1988,0.737950688,17770.61624,..,14760094,..,..
Netherlands,NLD,1990,YR1990,2.454091848,21322.19448,..,14951510,..,..
Netherlands,NLD,1992,YR1992,3.183581818,23939.21735,..,15184166,..,..
Netherlands,NLD,1994,YR1994,2.801524633,24682.58667,..,15382838,..,..
Netherlands,NLD,1996,YR1996,1.949367132,29063.62365,..,15530498,..,76.59574127
Netherlands,NLD,1998,YR1998,1.959136323,27924.28181,..,15707209,..,81.9148941
Netherlands,NLD,2000,YR2000,2.360522338,26225.16977,7.7069602,15925513,7.93,90.47618866
Netherlands,NLD,2002,YR2002,3.287531047,29446.53309,8.64913177,16148929,6.42,74.6031723
Netherlands,NLD,2004,YR2004,1.263647392,40611.34144,9.1107645,16281779,6.85,63.59223175
Netherlands,NLD,2006,YR2006,1.101501065,45123.54324,9.08055115,16346101,7.24,59.90338135
Netherlands,NLD,2008,YR2008,2.486501983,58246.70269,9.27660465,16445593,5.94,58.65384674
Netherlands,NLD,2010,YR2010,1.275305696,51305.73385,10.15508747,16615394,6.3,64.45497894
Netherlands,NLD,2012,YR2012,2.455547653,50473.9442,10.53898716,16754962,5.6,72.98577881
Netherlands,NLD,2014,YR2014,0.97603508,53457.22349,10.56703758,16865008,5.72,69.52381134
Netherlands,NLD,2016,YR2016,0.316666667,46808.52915,10.05679512,17030314,5.32,64.76190186
Netherlands,NLD,2018,YR2018,1.703497947,53955.077,10.01993561,17231624,5.24,63.20754623
Netherlands,NLD,2020,YR2020,1.272460378,53467.92774,11.22355747,17441500,2.21,60.37735748
Netherlands,NLD,2022,YR2022,10.00120788,59123.31856,10.10068321,17700982,4.06,56.13207626
Netherlands,NLD,2024,YR2024,3.347543042,..,..,..,..,..
New Caledonia,NCL,1960,YR1960,..,..,..,79819,..,..
New Caledonia,NCL,1962,YR1962,..,..,..,85334,..,..
New Caledonia,NCL,1964,YR1964,..,..,..,90602,..,..
New Caledonia,NCL,1966,YR1966,..,1713.697938,..,95820,..,..
New Caledonia,NCL,1968,YR1968,..,2124.458183,..,101441,..,..
New Caledonia,NCL,1970,YR1970,..,3281.710696,..,109338,..,..
New Caledonia,NCL,1972,YR1972,..,4225.838163,..,119931,..,..
New Caledonia,NCL,1974,YR1974,..,4848.944698,..,131452,..,..
New Caledonia,NCL,1976,YR1976,..,5618.325733,..,142091,..,..
New Caledonia,NCL,1978,YR1978,..,5779.036339,..,146392,..,..
New Caledonia,NCL,1980,YR1980,..,7892.722129,..,149817,..,..
New Caledonia,NCL,1982,YR1982,..,5912.378806,..,153001,..,..
New Caledonia,NCL,1984,YR1984,..,5051.726358,..,157583,..,..
New Caledonia,NCL,1986,YR1986,..,7374.68547,..,162898,..,..
New Caledonia,NCL,1988,YR1988,..,12301.19232,..,168502,..,..
New Caledonia,NCL,1990,YR1990,..,14334.68074,..,176456,..,..
New Caledonia,NCL,1992,YR1992,..,15713.71986,..,186072,..,..
New Caledonia,NCL,1994,YR1994,..,15534.30933,..,195614,..,..
New Caledonia,NCL,1996,YR1996,..,17592.05027,..,205034,..,..
New Caledonia,NCL,1998,YR1998,..,16614.59788,..,214047,..,..
New Caledonia,NCL,2000,YR2000,..,15329.72972,..,223098,..,..
New Caledonia,NCL,2002,YR2002,..,16104.55204,..,232236,..,..
New Caledonia,NCL,2004,YR2004,..,24475.64885,..,240852,..,..
New Caledonia,NCL,2006,YR2006,..,28193.25376,..,247547,..,..
New Caledonia,NCL,2008,YR2008,..,35723.90332,..,253825,..,..
New Caledonia,NCL,2010,YR2010,..,35798.90848,..,261582,..,..
New Caledonia,NCL,2012,YR2012,1.749672346,35559.5672,..,271633,..,..
New Caledonia,NCL,2014,YR2014,0.178851061,37816.95586,..,281224,..,..
New Caledonia,NCL,2016,YR2016,0.578317436,30782.85444,..,283423,..,..
New Caledonia,NCL,2018,YR2018,..,34902.89688,..,283541,..,..
New Caledonia,NCL,2020,YR2020,..,33270.3306,..,284176,..,..
New Caledonia,NCL,2022,YR2022,..,33516.36309,..,287123,..,..
New Caledonia,NCL,2024,YR2024,..,..,..,..,..,..
New Zealand,NZL,1960,YR1960,0.697929234,2334.133825,..,2371800,..,..
New Zealand,NZL,1962,YR1962,2.68085397,2471.055119,..,2482000,..,..
New Zealand,NZL,1964,YR1964,3.474905477,2839.315673,..,2585400,..,..
New Zealand,NZL,1966,YR1966,2.755480775,2211.382322,..,2675900,..,..
New Zealand,NZL,1968,YR1968,4.311924966,1902.421909,..,2748100,..,..
New Zealand,NZL,1970,YR1970,6.517181052,2311.027722,..,2810700,..,..
New Zealand,NZL,1972,YR1972,6.932804592,3294.648943,..,2903900,..,..
New Zealand,NZL,1974,YR1974,11.10940201,4610.570426,..,3023700,..,..
New Zealand,NZL,1976,YR1976,16.90685701,4373.840998,..,3110500,..,..
New Zealand,NZL,1978,YR1978,11.95661797,5936.98526,..,3121200,..,..
New Zealand,NZL,1980,YR1980,17.15054542,7467.168038,..,3112900,..,..
New Zealand,NZL,1982,YR1982,16.16369412,7656.475732,..,3156100,..,..
New Zealand,NZL,1984,YR1984,6.171253479,6713.760131,..,3227100,..,..
New Zealand,NZL,1986,YR1986,13.21339806,9427.55394,..,3246300,..,..
New Zealand,NZL,1988,YR1988,6.375249444,13759.15563,..,3283400,..,..
New Zealand,NZL,1990,YR1990,6.098444148,13663.02162,..,3329800,..,..
New Zealand,NZL,1992,YR1992,1.014560272,11793.13924,..,3531700,14.37,..
New Zealand,NZL,1994,YR1994,1.745377908,15280.31278,..,3620000,..,..
New Zealand,NZL,1996,YR1996,2.285713054,18794.43604,..,3732000,3.67,71.27659607
New Zealand,NZL,1998,YR1998,1.265244099,14738.44557,..,3815000,2.96,72.87233734
New Zealand,NZL,2000,YR2000,2.615234462,13641.10272,7.4700222,3857700,2.1,76.19047546
New Zealand,NZL,2002,YR2002,2.677092577,16874.18749,7.90045929,3948500,5.85,75.66137695
New Zealand,NZL,2004,YR2004,2.290249028,25420.23488,7.90090561,4087500,6.77,83.00971222
New Zealand,NZL,2006,YR2006,3.365401962,26654.5932,8.63841629,4184600,10.1,73.42995453
New Zealand,NZL,2008,YR2008,3.958949373,31252.96256,9.12382889,4259800,1.92,71.63461304
New Zealand,NZL,2010,YR2010,2.30202386,33676.77412,9.59277534,4350700,15.28,75.35545349
New Zealand,NZL,2012,YR2012,1.059913184,39974.29973,9.65163612,4408100,2.38,82.93838501
New Zealand,NZL,2014,YR2014,1.227507506,44578.22539,9.40168381,4516500,1.39,90.47618866
New Zealand,NZL,2016,YR2016,0.646240284,40070.89566,9.24379444,4714100,1.42,91.42857361
New Zealand,NZL,2018,YR2018,1.598297038,43228.69765,9.03810501,4900600,..,91.03773499
New Zealand,NZL,2020,YR2020,1.7145617,41785.69229,10.05994129,5090200,1.39,88.679245
New Zealand,NZL,2022,YR2022,7.17222476,48216.50958,10.02858067,5117200,1.5,82.54717255
New Zealand,NZL,2024,YR2024,2.922797823,..,..,..,..,..
Nicaragua,NIC,1960,YR1960,..,127.4838121,..,1782370,..,..
Nicaragua,NIC,1962,YR1962,..,142.3035236,..,1892320,..,..
Nicaragua,NIC,1964,YR1964,..,172.6813563,..,2010176,..,..
Nicaragua,NIC,1966,YR1966,..,283.9995933,..,2137820,..,..
Nicaragua,NIC,1968,YR1968,..,304.4419653,..,2275836,..,..
Nicaragua,NIC,1970,YR1970,..,321.316159,..,2423065,..,..
Nicaragua,NIC,1972,YR1972,..,341.3807724,..,2573578,..,..
Nicaragua,NIC,1974,YR1974,..,556.8661225,..,2732075,..,..
Nicaragua,NIC,1976,YR1976,..,632.5737784,..,2903851,..,..
Nicaragua,NIC,1978,YR1978,..,690.7412617,..,3080314,..,..
Nicaragua,NIC,1980,YR1980,..,659.2971431,..,3252403,..,..
Nicaragua,NIC,1982,YR1982,..,713.7778091,..,3438745,..,..
Nicaragua,NIC,1984,YR1984,..,861.4286498,..,3619104,..,..
Nicaragua,NIC,1986,YR1986,..,760.5905591,..,3794157,..,..
Nicaragua,NIC,1988,YR1988,..,662.3081966,..,3972320,..,..
Nicaragua,NIC,1990,YR1990,..,242.5083887,..,4162559,..,..
Nicaragua,NIC,1992,YR1992,..,411.4733307,..,4357026,..,..
Nicaragua,NIC,1994,YR1994,..,849.1793314,..,4549316,..,..
Nicaragua,NIC,1996,YR1996,..,910.8616459,..,4729974,13.88,13.82978725
Nicaragua,NIC,1998,YR1998,..,949.1553735,..,4883655,7.86,15.95744705
Nicaragua,NIC,2000,YR2000,7.069913523,1017.312443,5.23883677,5022633,4.88,26.45502663
Nicaragua,NIC,2002,YR2002,3.750174658,1014.333904,5.73315859,5149909,6.29,26.98412704
Nicaragua,NIC,2004,YR2004,8.470210636,1098.621187,6.05740356,5272912,7.47,21.35922241
Nicaragua,NIC,2006,YR2006,9.140199668,1248.17676,6.35756445,5418855,9.37,25.12077332
Nicaragua,NIC,2008,YR2008,19.82620313,1523.68089,7.16700697,5576593,9.17,24.03846169
Nicaragua,NIC,2010,YR2010,5.455134259,1526.561853,7.71019173,5737450,5.47,18.95734596
Nicaragua,NIC,2012,YR2012,7.193550533,1784.692128,7.48836899,5901287,6.29,23.22274971
Nicaragua,NIC,2014,YR2014,6.035968618,1958.369665,7.97716141,6066492,4.95,30.47619057
Nicaragua,NIC,2016,YR2016,3.523173176,2131.688285,8.04877567,6232666,4.88,30
Nicaragua,NIC,2018,YR2018,4.94723728,2035.167501,8.4993515,6400080,4.51,10.37735844
Nicaragua,NIC,2020,YR2020,3.681813416,1931.615158,8.58996105,6565267,4.68,15.09433937
Nicaragua,NIC,2022,YR2022,10.46742445,2325.167379,8.95364857,6730654,3.98,19.3396225
Nicaragua,NIC,2024,YR2024,4.624738411,..,..,..,..,..
Niger,NER,1960,YR1960,..,128.2512014,..,3505050,..,..
Niger,NER,1962,YR1962,..,143.1508241,..,3714520,..,..
Niger,NER,1964,YR1964,1.004016064,148.0802691,..,3935814,..,..
Niger,NER,1966,YR1966,10.57142857,168.5964855,..,4165544,..,..
Niger,NER,1968,YR1968,-2.923098913,145.6101459,..,4403637,..,..
Niger,NER,1970,YR1970,1.117838845,139.75875,..,4650275,..,..
Niger,NER,1972,YR1972,9.751168372,151.4379477,..,4904845,..,..
Niger,NER,1974,YR1974,3.397508494,198.2891653,..,5174953,..,..
Niger,NER,1976,YR1976,23.52968016,194.7895706,..,5464962,..,..
Niger,NER,1978,YR1978,10.09320028,306.8280225,..,5782932,..,..
Niger,NER,1980,YR1980,10.30527571,408.8227798,..,6135971,..,..
Niger,NER,1982,YR1982,11.64183574,309.7950623,..,6512732,..,..
Niger,NER,1984,YR1984,8.364424118,211.4688073,..,6909971,..,..
Niger,NER,1986,YR1986,-3.207571342,259.5618942,..,7335811,..,..
Niger,NER,1988,YR1988,-1.39396304,292.5878785,..,7793748,..,..
Niger,NER,1990,YR1990,-0.775653011,423.8874606,..,8286059,..,..
Niger,NER,1992,YR1992,-4.475617902,384.0296573,..,8817633,..,..
Niger,NER,1994,YR1994,36.04105831,206.2146171,..,9398258,..,..
Niger,NER,1996,YR1996,5.288857513,239.4945132,..,10044852,..,23.40425491
Niger,NER,1998,YR1998,4.548015777,246.0908559,..,10741413,..,18.0851059
Niger,NER,2000,YR2000,2.900149736,194.7719599,4.69005966,11509630,..,30.15872955
Niger,NER,2002,YR2002,2.628865979,225.2943911,4.85896921,12349144,14.69,22.7513237
Niger,NER,2004,YR2004,0.262543757,283.4682818,5.01118755,13265836,15.11,17.96116447
Niger,NER,2006,YR2006,0.04048583,333.3450784,5.80890512,14268581,13.08,25.12077332
Niger,NER,2008,YR2008,11.30510988,475.0449554,5.22304106,15361915,13.81,13.46153831
Niger,NER,2010,YR2010,0.804073081,474.4256923,5.02160501,16548835,14.12,8.056872368
Niger,NER,2012,YR2012,0.45508982,528.5101045,4.30732679,17836769,13.97,7.109004974
Niger,NER,2014,YR2014,-0.93028726,565.3098973,4.45377159,19215909,13.75,8.095237732
Niger,NER,2016,YR2016,1.653889224,502.7064754,4.53239059,20685753,12.92,8.571428299
Niger,NER,2018,YR2018,2.96760366,578.5680357,5.30310822,22188069,18.5,6.603773594
Niger,NER,2020,YR2020,2.89819376,579.5124958,6.17007589,23717613,11.71,3.773584843
Niger,NER,2022,YR2022,4.226217919,609.7451476,4.35259724,25311973,12.67,6.13207531
Niger,NER,2024,YR2024,9.071519977,..,..,..,..,..
Nigeria,NGA,1960,YR1960,5.444327362,93.13700904,..,45053782,..,..
Nigeria,NGA,1962,YR1962,5.265632346,104.5324955,..,46965292,..,..
Nigeria,NGA,1964,YR1964,0.856793146,113.2973457,..,49012016,..,..
Nigeria,NGA,1966,YR1966,9.690346084,124.3824402,..,51188234,..,..
Nigeria,NGA,1968,YR1968,-0.476059059,97.33720813,..,53432783,..,..
Nigeria,NGA,1970,YR1970,13.75707992,224.462936,..,55893838,..,..
Nigeria,NGA,1972,YR1972,3.457649752,209.4547763,..,58601748,..,..
Nigeria,NGA,1974,YR1974,12.67439318,402.8369998,..,61679144,..,..
Nigeria,NGA,1976,YR1976,24.3,556.3896877,..,65258009,..,..
Nigeria,NGA,1978,YR1978,21.70924574,526.8958529,..,69326532,..,..
Nigeria,NGA,1980,YR1980,9.97226199,870.3599347,..,73764641,..,..
Nigeria,NGA,1982,YR1982,7.697747247,1821.532655,..,78378701,..,..
Nigeria,NGA,1984,YR1984,17.82053329,890.4341063,..,82526443,..,..
Nigeria,NGA,1986,YR1986,5.717151454,628.2484537,..,87235953,..,..
Nigeria,NGA,1988,YR1988,54.51122478,539.5394684,..,92020090,33.01,..
Nigeria,NGA,1990,YR1990,7.364400306,556.3764491,..,97120925,33.53,..
Nigeria,NGA,1992,YR1992,44.58884272,508.5159057,..,102372770,33.04,..
Nigeria,NGA,1994,YR1994,57.03170891,744.8842472,..,107935714,..,..
Nigeria,NGA,1996,YR1996,29.26829268,1632.724694,..,113754779,26.19,6.382978916
Nigeria,NGA,1998,YR1998,9.996378124,1822.469985,..,119846254,26.22,13.29787254
Nigeria,NGA,2000,YR2000,6.933292156,547.3182989,3.1973834,126382494,28.51,1.587301612
Nigeria,NGA,2002,YR2002,12.8765792,712.1648521,2.49063969,133471989,37.61,1.058201075
Nigeria,NGA,2004,YR2004,14.99803382,962.4810419,4.63368416,141057045,..,2.427184582
Nigeria,NGA,2006,YR2006,8.22522152,1599.538916,4.25775146,149077334,12.79,0.483091801
Nigeria,NGA,2008,YR2008,11.58107517,2154.105435,3.69581532,157595014,12.06,1.923076868
Nigeria,NGA,2010,YR2010,13.74005214,2202.25673,3.29653287,166642886,12.78,0.947867274
Nigeria,NGA,2012,YR2012,12.2242413,2633.197347,3.35984254,176200625,..,1.895734549
Nigeria,NGA,2014,YR2014,8.04741088,3088.721313,3.34840417,185896915,13.28,2.380952358
Nigeria,NGA,2016,YR2016,15.69681264,2070.412734,3.64773679,195443700,12.57,4.285714149
Nigeria,NGA,2018,YR2018,12.09510652,2057.879446,3.09069347,204938755,..,1.415094376
Nigeria,NGA,2020,YR2020,13.24602343,2019.657063,3.38063431,213996181,15.82,2.358490467
Nigeria,NGA,2022,YR2022,18.84718778,2139.374785,4.27090406,223150896,13.14,4.245283127
Nigeria,NGA,2024,YR2024,..,..,..,..,..,..
North Macedonia,MKD,1960,YR1960,..,..,..,1435059,..,..
North Macedonia,MKD,1962,YR1962,..,..,..,1471745,..,..
North Macedonia,MKD,1964,YR1964,..,..,..,1510900,..,..
North Macedonia,MKD,1966,YR1966,..,..,..,1557349,..,..
North Macedonia,MKD,1968,YR1968,..,..,..,1608930,..,..
North Macedonia,MKD,1970,YR1970,..,..,..,1664208,..,..
North Macedonia,MKD,1972,YR1972,..,..,..,1717395,..,..
North Macedonia,MKD,1974,YR1974,..,..,..,1770545,..,..
North Macedonia,MKD,1976,YR1976,..,..,..,1825830,..,..
North Macedonia,MKD,1978,YR1978,..,..,..,1879847,..,..
North Macedonia,MKD,1980,YR1980,..,..,..,1933038,..,..
North Macedonia,MKD,1982,YR1982,..,..,..,1978956,..,..
North Macedonia,MKD,1984,YR1984,..,..,..,2003399,..,..
North Macedonia,MKD,1986,YR1986,..,..,..,2024732,..,..
North Macedonia,MKD,1988,YR1988,..,..,..,2045737,..,..
North Macedonia,MKD,1990,YR1990,..,2277.303723,..,2063689,..,..
North Macedonia,MKD,1992,YR1992,..,1198.928298,..,2032523,..,..
North Macedonia,MKD,1994,YR1994,126.5833683,1786.354883,..,1992666,..,..
North Macedonia,MKD,1996,YR1996,2.466600086,2306.53367,..,2012553,..,12.23404217
North Macedonia,MKD,1998,YR1998,0.544199653,1875.816627,..,2007523,..,10.63829803
North Macedonia,MKD,2000,YR2000,6.60742291,1861.898998,8.86991501,2026350,..,13.22751331
North Macedonia,MKD,2002,YR2002,2.314597941,1989.135373,8.97826958,2020157,11.59,7.936507702
North Macedonia,MKD,2004,YR2004,-0.448650207,2818.581456,8.46505451,2016186,13.12,10.67961121
North Macedonia,MKD,2006,YR2006,3.213629296,3440.441106,7.38314581,1994287,9.31,13.52657032
North Macedonia,MKD,2008,YR2008,8.33189667,5026.420299,6.55317593,1971493,8.7,20.19230843
North Macedonia,MKD,2010,YR2010,1.50997522,4833.365868,6.71369696,1946298,7.92,17.06161118
North Macedonia,MKD,2012,YR2012,3.316055667,5049.826539,6.61468363,1929821,7.39,19.43128014
North Macedonia,MKD,2014,YR2014,-0.281705033,5925.385922,6.28993368,1917557,8.01,42.38095093
North Macedonia,MKD,2016,YR2016,-0.239290788,5598.486226,6.37943363,1906313,5.22,21.4285717
North Macedonia,MKD,2018,YR2018,1.458312985,6713.989254,6.45699358,1889051,7.48,25.94339561
North Macedonia,MKD,2020,YR2020,1.200073489,6659.596511,7.73212385,1856124,6.82,36.320755
North Macedonia,MKD,2022,YR2022,14.20471732,7606.237525,7.6204114,1831712,8.95,39.15094376
North Macedonia,MKD,2024,YR2024,3.48974086,..,..,..,..,..
Northern Mariana Islands,MNP,1960,YR1960,..,..,..,8736,..,..
Northern Mariana Islands,MNP,1962,YR1962,..,..,..,9280,..,..
Northern Mariana Islands,MNP,1964,YR1964,..,..,..,9925,..,..
Northern Mariana Islands,MNP,1966,YR1966,..,..,..,10612,..,..
Northern Mariana Islands,MNP,1968,YR1968,..,..,..,10468,..,..
Northern Mariana Islands,MNP,1970,YR1970,..,..,..,10170,..,..
Northern Mariana Islands,MNP,1972,YR1972,..,..,..,12636,..,..
Northern Mariana Islands,MNP,1974,YR1974,..,..,..,14655,..,..
Northern Mariana Islands,MNP,1976,YR1976,..,..,..,15438,..,..
Northern Mariana Islands,MNP,1978,YR1978,..,..,..,16130,..,..
Northern Mariana Islands,MNP,1980,YR1980,..,..,..,17625,..,..
Northern Mariana Islands,MNP,1982,YR1982,..,..,..,22350,..,..
Northern Mariana Islands,MNP,1984,YR1984,..,..,..,27575,..,..
Northern Mariana Islands,MNP,1986,YR1986,..,..,..,32980,..,..
Northern Mariana Islands,MNP,1988,YR1988,..,..,..,38519,..,..
Northern Mariana Islands,MNP,1990,YR1990,..,..,..,43342,..,..
Northern Mariana Islands,MNP,1992,YR1992,..,..,..,45181,..,..
Northern Mariana Islands,MNP,1994,YR1994,..,..,..,46730,..,..
Northern Mariana Islands,MNP,1996,YR1996,..,..,..,51706,..,..
Northern Mariana Islands,MNP,1998,YR1998,..,..,..,61337,..,..
Northern Mariana Islands,MNP,2000,YR2000,..,..,..,68356,..,..
Northern Mariana Islands,MNP,2002,YR2002,..,19227.88942,..,66778,..,..
Northern Mariana Islands,MNP,2004,YR2004,..,18924.58319,..,63938,..,..
Northern Mariana Islands,MNP,2006,YR2006,..,16314.55786,..,60682,..,..
Northern Mariana Islands,MNP,2008,YR2008,..,16430.44619,..,57150,..,..
Northern Mariana Islands,MNP,2010,YR2010,..,14771.40375,..,54091,..,..
Northern Mariana Islands,MNP,2012,YR2012,..,14013.60033,..,53234,..,..
Northern Mariana Islands,MNP,2014,YR2014,..,15945.41761,..,52178,..,..
Northern Mariana Islands,MNP,2016,YR2016,..,24225.47417,..,50773,..,..
Northern Mariana Islands,MNP,2018,YR2018,..,26509.36284,..,49077,..,..
Northern Mariana Islands,MNP,2020,YR2020,..,18220.83824,..,47528,..,..
Northern Mariana Islands,MNP,2022,YR2022,..,23785.75459,..,46078,..,..
Northern Mariana Islands,MNP,2024,YR2024,..,..,..,..,..,..
Norway,NOR,1960,YR1960,0.360492347,1451.285078,..,3581239,..,..
Norway,NOR,1962,YR1962,5.274259529,1678.267257,..,3638918,..,..
Norway,NOR,1964,YR1964,5.867015388,1950.693242,..,3694339,..,..
Norway,NOR,1966,YR1966,3.250563343,2332.510599,..,3753012,..,..
Norway,NOR,1968,YR1968,3.448293243,2679.713004,..,3816486,..,..
Norway,NOR,1970,YR1970,10.63720653,3306.219476,..,3875763,..,..
Norway,NOR,1972,YR1972,7.25843583,4413.575692,..,3933004,..,..
Norway,NOR,1974,YR1974,9.411768132,6811.527337,..,3985258,..,..
Norway,NOR,1976,YR1976,9.161472765,8927.201627,..,4026152,..,..
Norway,NOR,1978,YR1978,8.161671543,11462.59459,..,4058671,..,..
Norway,NOR,1980,YR1980,10.87866109,15772.24091,..,4085620,..,..
Norway,NOR,1982,YR1982,11.34099617,15224.89391,..,4114787,..,..
Norway,NOR,1984,YR1984,6.218274112,14989.48577,..,4140099,..,..
Norway,NOR,1986,YR1986,7.176492748,18883.23335,..,4167354,..,..
Norway,NOR,1988,YR1988,6.676365988,24207.28147,..,4209488,2.26,..
Norway,NOR,1990,YR1990,4.131033483,28242.9814,..,4241473,..,..
Norway,NOR,1992,YR1992,2.328085049,30523.98506,..,4286401,..,..
Norway,NOR,1994,YR1994,1.375674981,29315.80923,..,4336613,..,..
Norway,NOR,1996,YR1996,1.262532492,37321.9742,..,4381336,27.08,73.93617249
Norway,NOR,1998,YR1998,2.2524133,34803.46341,..,4431464,35.14,76.06382751
Norway,NOR,2000,YR2000,3.085506091,38178.23688,7.70270586,4490967,36.47,80.95237732
Norway,NOR,2002,YR2002,1.286725284,43170.55717,8.98267078,4538159,31.2,86.77248383
Norway,NOR,2004,YR2004,0.454498502,57768.6981,8.79598331,4591910,30.55,72.33009338
Norway,NOR,2006,YR2006,2.329349808,74434.49968,7.8822999,4660677,31.04,73.42995453
Norway,NOR,2008,YR2008,3.753930818,97503.54078,7.91507673,4768212,26.13,76.44230652
Norway,NOR,2010,YR2010,2.418906395,88163.20859,8.8581152,4889252,30.09,81.04265594
Norway,NOR,2012,YR2012,0.696864111,102175.9193,8.72188568,5018573,30.32,79.14691925
Norway,NOR,2014,YR2014,2.041702867,97666.69518,9.28297901,5137232,26.36,73.80952454
Norway,NOR,2016,YR2016,3.55,70867.361,10.53049755,5234519,24.96,74.76190186
Norway,NOR,2018,YR2018,2.764831345,82792.84271,9.96037865,5311916,23.64,71.22641754
Norway,NOR,2020,YR2020,1.286584907,68340.0181,11.42416382,5379475,21.17,74.05660248
Norway,NOR,2022,YR2022,5.764123179,108798.4512,7.94803333,5457127,16.87,60.84905624
Norway,NOR,2024,YR2024,3.145301344,..,..,..,..,..
Oman,OMN,1960,YR1960,..,83.38530586,..,530485,..,..
Oman,OMN,1962,YR1962,..,102.3258841,..,549941,..,..
Oman,OMN,1964,YR1964,..,108.059741,..,572577,..,..
Oman,OMN,1966,YR1966,..,113.1588515,..,598804,..,..
Oman,OMN,1968,YR1968,..,300.3823945,..,628798,..,..
Oman,OMN,1970,YR1970,..,386.7927128,..,662680,..,..
Oman,OMN,1972,YR1972,..,523.6757266,..,700593,..,..
Oman,OMN,1974,YR1974,..,2203.405913,..,746988,..,..
Oman,OMN,1976,YR1976,..,3142.527178,..,814701,..,..
Oman,OMN,1978,YR1978,..,3043.75121,..,900304,..,..
Oman,OMN,1980,YR1980,..,5974.304346,..,1001248,..,..
Oman,OMN,1982,YR1982,..,6759.298703,..,1117678,..,..
Oman,OMN,1984,YR1984,..,7070.072958,..,1247716,..,..
Oman,OMN,1986,YR1986,..,5181.879803,..,1413419,..,..
Oman,OMN,1988,YR1988,..,5279.104114,..,1588568,..,..
Oman,OMN,1990,YR1990,..,7545.703052,..,1763954,..,..
Oman,OMN,1992,YR1992,..,7317.788158,..,1938238,7.25,..
Oman,OMN,1994,YR1994,..,7068.38997,..,2081834,..,..
Oman,OMN,1996,YR1996,..,8068.000768,..,2156926,..,54.78723526
Oman,OMN,1998,YR1998,..,7219.029324,..,2222489,..,56.9148941
Oman,OMN,2000,YR2000,..,9753.847552,2.68485427,2282131,..,69.84127045
Oman,OMN,2002,YR2002,-0.279578823,9869.130502,2.77737164,2337140,9.47,61.37565994
Oman,OMN,2004,YR2004,0.624969063,11800.85074,2.59660101,2404821,4.82,67.4757309
Oman,OMN,2006,YR2006,3.544985916,16930.85651,2.01985121,2514795,4.53,56.52173996
Oman,OMN,2008,YR2008,12.37540915,26576.77924,1.75567567,2626529,6.65,60.57692337
Oman,OMN,2010,YR2010,3.256579591,23570.17981,2.47588587,2757446,..,51.6587677
Oman,OMN,2012,YR2012,2.947734953,24642.29788,2.27702832,3547106,2.78,48.81516647
Oman,OMN,2014,YR2014,1.014014839,23160.65023,3.13740134,4002439,2.48,59.04761887
Oman,OMN,2016,YR2016,1.109208058,17110.18975,4.17580843,4390877,5.49,60.47618866
Oman,OMN,2018,YR2018,0.889312371,19901.76156,3.21469474,4597877,5.36,56.60377502
Oman,OMN,2020,YR2020,-0.406402919,16784.86306,5.11922884,4522497,3.78,48.11320877
Oman,OMN,2022,YR2022,2.506142506,23665.63947,2.9162159,4730226,4.25,50.47169876
Oman,OMN,2024,YR2024,..,..,..,..,..,..
Pakistan,PAK,1960,YR1960,6.947368421,82.02410001,..,45709310,..,..
Pakistan,PAK,1962,YR1962,-0.516462234,89.50395258,..,48156128,..,..
Pakistan,PAK,1964,YR1964,4.179586881,102.4597638,..,50799999,..,..
Pakistan,PAK,1966,YR1966,7.227621598,122.2293538,..,53678667,..,..
Pakistan,PAK,1968,YR1968,0.170627348,141.5583065,..,56810507,..,..
Pakistan,PAK,1970,YR1970,5.34984091,166.662062,..,60166719,..,..
Pakistan,PAK,1972,YR1972,5.183237645,148.0739763,..,63583194,..,..
Pakistan,PAK,1974,YR1974,26.66303485,132.0051566,..,67415487,..,..
Pakistan,PAK,1976,YR1976,7.158323731,183.8597334,..,71620254,..,..
Pakistan,PAK,1978,YR1978,6.138692667,233.4179916,..,76307379,..,..
Pakistan,PAK,1980,YR1980,11.93823091,287.4487073,..,82291010,..,..
Pakistan,PAK,1982,YR1982,5.903528784,344.8897925,..,89089246,..,..
Pakistan,PAK,1984,YR1984,6.087166736,327.3456252,..,95164936,..,..
Pakistan,PAK,1986,YR1986,3.506414248,313.946324,..,101606764,..,..
Pakistan,PAK,1988,YR1988,8.837937018,353.8545428,..,108724739,..,..
Pakistan,PAK,1990,YR1990,9.052131553,344.4554738,..,116155576,..,..
Pakistan,PAK,1992,YR1992,9.509041462,395.6772086,..,123546848,..,..
Pakistan,PAK,1994,YR1994,12.36819439,399.9559276,..,130748083,..,..
Pakistan,PAK,1996,YR1996,10.37380859,456.9969618,..,138557092,..,5.851063728
Pakistan,PAK,1998,YR1998,6.228004154,424.4536978,..,146522356,41.27,7.446808338
Pakistan,PAK,2000,YR2000,4.366664513,642.3383465,2.48079324,154879127,22.98,6.878306866
Pakistan,PAK,2002,YR2002,3.290344726,599.9373457,2.42219901,163222549,16.57,1.058201075
Pakistan,PAK,2004,YR2004,7.444624693,771.9022473,2.03666282,171286000,14.92,3.398058176
Pakistan,PAK,2006,YR2006,7.921084401,900.873565,2.73132491,179682690,14.69,0.483091801
Pakistan,PAK,2008,YR2008,20.28612109,1067.043246,2.56806731,189499113,12.99,0
Pakistan,PAK,2010,YR2010,12.93887056,987.3045711,2.42967653,199239047,14.31,0
Pakistan,PAK,2012,YR2012,9.682351861,1204.364755,2.22185278,207667125,13.29,0
Pakistan,PAK,2014,YR2014,7.189384028,1266.613408,2.48899078,214264647,11.86,0
Pakistan,PAK,2016,YR2016,3.765119164,1424.691612,2.57026362,220138869,11.56,0
Pakistan,PAK,2018,YR2018,5.078057259,1569.338146,2.82844949,226928892,11.08,0.943396211
Pakistan,PAK,2020,YR2020,9.739993139,1278.397352,2.95273018,235001746,9.01,3.301886797
Pakistan,PAK,2022,YR2022,19.87385996,1538.322813,2.90434051,243700667,8.84,2.358490467
Pakistan,PAK,2024,YR2024,12.63253185,..,..,..,..,..
Palau,PLW,1960,YR1960,..,..,..,9328,..,..
Palau,PLW,1962,YR1962,..,..,..,9793,..,..
Palau,PLW,1964,YR1964,..,..,..,10292,..,..
Palau,PLW,1966,YR1966,..,..,..,10805,..,..
Palau,PLW,1968,YR1968,..,..,..,11080,..,..
Palau,PLW,1970,YR1970,..,1017.15702,..,11368,..,..
Palau,PLW,1972,YR1972,..,1144.536165,..,12194,..,..
Palau,PLW,1974,YR1974,..,1328.033341,..,12687,..,..
Palau,PLW,1976,YR1976,..,1616.480394,..,12598,..,..
Palau,PLW,1978,YR1978,..,1971.866158,..,12440,..,..
Palau,PLW,1980,YR1980,..,2422.626844,..,12271,..,..
Palau,PLW,1982,YR1982,..,2838.158421,..,12694,..,..
Palau,PLW,1984,YR1984,..,3360.145385,..,13337,..,..
Palau,PLW,1986,YR1986,..,4143.562037,..,14024,..,..
Palau,PLW,1988,YR1988,..,5145.006145,..,14645,..,..
Palau,PLW,1990,YR1990,..,6402.929615,..,15259,..,..
Palau,PLW,1992,YR1992,..,6552.711239,..,15989,..,..
Palau,PLW,1994,YR1994,..,6329.069767,..,16770,..,..
Palau,PLW,1996,YR1996,..,7788.29727,..,17654,..,..
Palau,PLW,1998,YR1998,..,8047.916217,..,18524,..,..
Palau,PLW,2000,YR2000,..,7797.257274,8.63728905,19178,..,..
Palau,PLW,2002,YR2002,-1.301236174,8340.537353,7.28691149,19503,..,..
Palau,PLW,2004,YR2004,4.964075767,8395.136226,9.13479805,19820,..,51.94174576
Palau,PLW,2006,YR2006,4.429811434,9885.147757,8.73999214,19593,1.29,45.41062927
Palau,PLW,2008,YR2008,11.96557468,10582.73975,8.41378212,19009,..,41.34615326
Palau,PLW,2010,YR2010,1.442190174,10229.08785,10.93099976,18396,7.55,67.29857635
Palau,PLW,2012,YR2012,3.614180479,12145.36448,10.24609089,17765,6.54,43.12796021
Palau,PLW,2014,YR2014,4.191745486,13726.02226,10.66757393,17715,..,51.90476227
Palau,PLW,2016,YR2016,-1.042305334,16762.57234,10.01226997,17797,11.01,58.57143021
Palau,PLW,2018,YR2018,2.109704641,16197.72545,11.06327057,17814,65.48,69.3396225
Palau,PLW,2020,YR2020,0.218181818,14556.58969,13.33730412,17792,16.68,66.03773499
Palau,PLW,2022,YR2022,12.35266384,14392.19903,14.28555965,17759,..,66.50943756
Palau,PLW,2024,YR2024,2.231727729,..,..,..,..,..
Panama,PAN,1960,YR1960,0.051177072,477.037935,..,1126005,..,..
Panama,PAN,1962,YR1962,0.788002034,545.5704463,..,1195301,..,..
Panama,PAN,1964,YR1964,2.413535705,611.100613,..,1270065,..,..
Panama,PAN,1966,YR1966,0.193470375,688.8469788,..,1348388,..,..
Panama,PAN,1968,YR1968,1.61904762,778.4766417,..,1429447,..,..
Panama,PAN,1970,YR1970,3.083294984,892.8908775,..,1513070,..,..
Panama,PAN,1972,YR1972,5.409548839,1046.063412,..,1599723,..,..
Panama,PAN,1974,YR1974,16.26806663,1296.447593,..,1687926,..,..
Panama,PAN,1976,YR1976,3.949999999,1456.500097,..,1776935,..,..
Panama,PAN,1978,YR1978,4.200521233,1738.487637,..,1866311,..,..
Panama,PAN,1980,YR1980,13.80790191,2357.09132,..,1957534,..,..
Panama,PAN,1982,YR1982,4.250571763,2811.406437,..,2052271,..,..
Panama,PAN,1984,YR1984,1.582643329,2874.948321,..,2150782,..,..
Panama,PAN,1986,YR1986,-0.066384108,3019.481505,..,2251325,..,..
Panama,PAN,1988,YR1988,0.359220845,2508.782293,..,2352848,..,..
Panama,PAN,1990,YR1990,0.769485355,2620.138273,..,2455583,..,..
Panama,PAN,1992,YR1992,1.82452157,3139.899529,..,2561336,..,..
Panama,PAN,1994,YR1994,1.268431901,3508.195701,..,2669546,..,..
Panama,PAN,1996,YR1996,1.255716611,3308.184296,..,2780227,..,28.72340393
Panama,PAN,1998,YR1998,0.559081293,3807.838692,..,2893914,10.48,36.17021179
Panama,PAN,2000,YR2000,1.498961116,3975.093087,6.98486614,3010369,11.85,34.3915329
Panama,PAN,2002,YR2002,1.005830904,4090.586174,7.05643845,3129344,13.44,41.79894257
Panama,PAN,2004,YR2004,0.474723078,4644.565824,7.08192825,3251155,11.67,31.55339813
Panama,PAN,2006,YR2006,2.457893464,5528.767055,6.54604864,3375024,11.92,29.46859932
Panama,PAN,2008,YR2008,8.758683177,7347.590503,6.80452538,3500648,11.29,27.88461494
Panama,PAN,2010,YR2010,3.491288726,8331.464214,7.22332573,3628535,11.14,27.01421738
Panama,PAN,2012,YR2012,5.698199592,11064.80636,6.50450659,3759256,10.89,27.48815155
Panama,PAN,2014,YR2014,2.626526999,13213.19896,6.91532087,3892101,..,40.95238113
Panama,PAN,2016,YR2016,0.739734025,14832.36116,7.09378099,4029086,..,48.57143021
Panama,PAN,2018,YR2018,0.761578359,16151.32735,7.60132933,4167860,..,41.98113251
Panama,PAN,2020,YR2020,-1.550275408,13290.56083,10.21630001,4293261,11.73,41.98113251
Panama,PAN,2022,YR2022,2.859651288,17332.43607,8.46561432,4400773,11.06,45.28302002
Panama,PAN,2024,YR2024,0.68519788,..,..,..,..,..
Papua New Guinea,PNG,1960,YR1960,..,115.5304905,..,1995110,..,..
Papua New Guinea,PNG,1962,YR1962,..,124.7345488,..,2093919,..,..
Papua New Guinea,PNG,1964,YR1964,..,139.5186039,..,2188325,..,..
Papua New Guinea,PNG,1966,YR1966,..,171.0545586,..,2285774,..,..
Papua New Guinea,PNG,1968,YR1968,..,202.9377534,..,2390803,..,..
Papua New Guinea,PNG,1970,YR1970,..,257.6472706,..,2505628,..,..
Papua New Guinea,PNG,1972,YR1972,6.075,326.720237,..,2628432,..,..
Papua New Guinea,PNG,1974,YR1974,23.16728301,533.0886518,..,2752671,..,..
Papua New Guinea,PNG,1976,YR1976,7.656649616,525.4332356,..,2877327,..,..
Papua New Guinea,PNG,1978,YR1978,5.799999999,648.4901128,..,3003714,..,..
Papua New Guinea,PNG,1980,YR1980,12.06434316,812.9646176,..,3131512,..,..
Papua New Guinea,PNG,1982,YR1982,5.535055351,725.6459928,..,3264291,..,..
Papua New Guinea,PNG,1984,YR1984,7.420609204,749.6370599,..,3405198,..,..
Papua New Guinea,PNG,1986,YR1986,5.453752182,744.9085227,..,3554793,..,..
Papua New Guinea,PNG,1988,YR1988,5.445082077,984.993556,..,3711880,..,..
Papua New Guinea,PNG,1990,YR1990,6.953361599,826.3171521,..,3896481,..,..
Papua New Guinea,PNG,1992,YR1992,4.30961457,1050.707169,..,4166699,..,..
Papua New Guinea,PNG,1994,YR1994,2.852722174,1228.243436,..,4480208,..,..
Papua New Guinea,PNG,1996,YR1996,11.62417829,1071.041852,..,4813361,..,9.042552948
Papua New Guinea,PNG,1998,YR1998,13.57419177,733.4798601,..,5166390,..,23.93617058
Papua New Guinea,PNG,2000,YR2000,15.59589331,635.957919,2.0184176,5537064,22.7,21.69312096
Papua New Guinea,PNG,2002,YR2002,11.7994471,506.3317895,2.77562952,5924003,17.97,17.46031761
Papua New Guinea,PNG,2004,YR2004,2.158931313,620.5961477,2.59372902,6328041,18.74,17.47572899
Papua New Guinea,PNG,2006,YR2006,2.368462384,1238.182829,2.42600322,6747720,15.22,12.07729435
Papua New Guinea,PNG,2008,YR2008,10.76141823,1624.793199,2.13526058,7183002,15.39,15.86538506
Papua New Guinea,PNG,2010,YR2010,6.013608936,1866.868899,2.10756016,7633523,16.12,12.32227516
Papua New Guinea,PNG,2012,YR2012,4.537205082,2635.087363,2.66693544,8081390,14.98,17.53554535
Papua New Guinea,PNG,2014,YR2014,5.222117202,2723.175298,3.27119064,8523441,..,23.33333397
Papua New Guinea,PNG,2016,YR2016,6.673728814,2316.394798,2.33063054,8961718,..,16.66666603
Papua New Guinea,PNG,2018,YR2018,4.374489215,2566.368337,2.30051899,9394513,46.42,13.20754719
Papua New Guinea,PNG,2020,YR2020,4.871673986,2429.611346,2.30193973,9815746,18.43,14.15094376
Papua New Guinea,PNG,2022,YR2022,5.253239222,3101.710632,2.61825109,10203169,..,13.679245
Papua New Guinea,PNG,2024,YR2024,0.602403921,..,..,..,..,..
Paraguay,PRY,1960,YR1960,8.181818182,153.3752168,..,1883514,..,..
Paraguay,PRY,1962,YR1962,1.418439716,182.8051941,..,1973130,..,..
Paraguay,PRY,1964,YR1964,1.369863014,196.9733558,..,2073119,..,..
Paraguay,PRY,1966,YR1966,2.873194222,213.9476084,..,2177584,..,..
Paraguay,PRY,1968,YR1968,0.708073578,226.8019781,..,2282391,..,..
Paraguay,PRY,1970,YR1970,-0.859556021,248.9967082,..,2388028,..,..
Paraguay,PRY,1972,YR1972,9.180374973,307.6305162,..,2499881,..,..
Paraguay,PRY,1974,YR1974,25.23331778,507.8704797,..,2625621,..,..
Paraguay,PRY,1976,YR1976,4.474614747,615.8250499,..,2758836,..,..
Paraguay,PRY,1978,YR1978,10.66024759,882.9319193,..,2899269,..,..
Paraguay,PRY,1980,YR1980,22.44733014,1456.844069,..,3053235,..,..
Paraguay,PRY,1982,YR1982,5.120065437,1679.818437,..,3226189,..,..
Paraguay,PRY,1984,YR1984,20.31146255,1319.234468,..,3412936,..,..
Paraguay,PRY,1986,YR1986,31.74259727,1031.156238,..,3611474,..,..
Paraguay,PRY,1988,YR1988,22.59425718,1113.894069,..,3820546,..,..
Paraguay,PRY,1990,YR1990,37.25995618,1440.158296,..,4035747,..,..
Paraguay,PRY,1992,YR1992,15.19274376,1682.674448,..,4253600,..,..
Paraguay,PRY,1994,YR1994,20.56619484,1760.288071,..,4471417,8.54,..
Paraguay,PRY,1996,YR1996,9.79968339,2088.171091,..,4687543,12.07,14.89361668
Paraguay,PRY,1998,YR1998,11.55326844,1889.884556,..,4900025,11.92,10.63829803
Paraguay,PRY,2000,YR2000,8.982159768,1736.117292,6.01865244,5100868,13.62,8.994709015
Paraguay,PRY,2002,YR2002,10.51024209,1367.765069,4.75770569,5261328,12.42,5.291005135
Paraguay,PRY,2004,YR2004,4.32326493,1786.215339,4.93224335,5388175,6.95,16.9902916
Paraguay,PRY,2006,YR2006,9.589349411,2439.431247,5.01927567,5505148,5.45,13.52657032
Paraguay,PRY,2008,YR2008,10.15478465,4384.954694,5.03776026,5613574,6.44,13.46153831
Paraguay,PRY,2010,YR2010,4.651162791,4750.962737,5.46593952,5737971,6.6,12.32227516
Paraguay,PRY,2012,YR2012,3.67591898,5642.169917,6.53144598,5897008,6.38,11.84834099
Paraguay,PRY,2014,YR2014,5.028827675,6652.254789,6.62719059,6069811,6.57,30
Paraguay,PRY,2016,YR2016,4.086822806,5775.159634,6.67556572,6249126,5.88,37.61904907
Paraguay,PRY,2018,YR2018,3.975610157,6258.449916,6.74497652,6427382,5.73,30.18867874
Paraguay,PRY,2020,YR2020,1.767515924,5365.472207,7.67533064,6603739,5.67,33.49056625
Paraguay,PRY,2022,YR2022,9.765566672,6205.625954,7.73804235,6760464,6.61,34.90565872
Paraguay,PRY,2024,YR2024,3.835402717,..,..,..,..,..
Peru,PER,1960,YR1960,8.664459163,252.7967827,..,10174127,..,..
Peru,PER,1962,YR1962,6.641093264,304.5378175,..,10784612,..,..
Peru,PER,1964,YR1964,9.792284867,380.9654575,..,11427978,..,..
Peru,PER,1966,YR1966,8.840603749,504.8259485,..,12101297,..,..
Peru,PER,1968,YR1968,19.08661855,447.9917972,..,12803993,..,..
Peru,PER,1970,YR1970,5.025235901,550.4846094,..,13501237,..,..
Peru,PER,1972,YR1972,7.219722168,646.6796867,..,14210147,..,..
Peru,PER,1974,YR1974,16.89166667,926.5799505,..,14956552,..,..
Peru,PER,1976,YR1976,33.48327566,1026.414385,..,15716809,..,..
Peru,PER,1978,YR1978,57.84878263,756.3473068,..,16516059,..,..
Peru,PER,1980,YR1980,59.14507124,1044.691655,..,17360949,..,..
Peru,PER,1982,YR1982,64.44815854,1194.450006,..,18246503,..,..
Peru,PER,1984,YR1984,110.2085196,917.8962747,..,19174716,..,..
Peru,PER,1986,YR1986,77.92102555,1086.609138,..,20117122,..,..
Peru,PER,1988,YR1988,667.0193286,733.2997849,..,21054702,..,..
Peru,PER,1990,YR1990,7481.663611,1199.666668,..,22014771,..,..
Peru,PER,1992,YR1992,73.52829424,1567.409108,..,22946340,..,..
Peru,PER,1994,YR1994,23.73690506,1879.366578,..,23881493,..,..
Peru,PER,1996,YR1996,11.53794241,2226.916824,..,24811171,..,6.382978916
Peru,PER,1998,YR1998,7.247821752,2156.393777,..,25738095,14.25,15.95744705
Peru,PER,2000,YR2000,3.757338333,1945.413385,4.41482639,26598331,15.54,8.994709015
Peru,PER,2002,YR2002,0.193135004,2007.370196,4.93902588,27288217,12.58,10.58201027
Peru,PER,2004,YR2004,3.662473201,2397.251473,4.42972279,27852190,11.04,7.766990185
Peru,PER,2006,YR2006,2.002258012,3129.559965,4.409585,28324491,9.22,13.04347801
Peru,PER,2008,YR2008,5.785875982,4197.584446,4.53154564,28719041,5.66,11.53846169
Peru,PER,2010,YR2010,1.528320597,5072.11494,4.71338701,29086019,3.7,9.952606201
Peru,PER,2012,YR2012,3.611212949,6519.37853,4.7344017,29550366,..,11.37440777
Peru,PER,2014,YR2014,3.411945798,6667.134104,4.93103409,30115826,1.75,17.1428566
Peru,PER,2016,YR2016,3.557176636,6217.036,4.91142178,30866494,..,25.23809433
Peru,PER,2018,YR2018,1.50915423,6978.491215,5.09981441,31897584,0.44,24.52830124
Peru,PER,2020,YR2020,2.002412058,6133.325524,6.36273861,32838579,0.36,20.28301811
Peru,PER,2022,YR2022,8.333706301,7363.272069,6.0930872,33475438,0.37,16.50943375
Peru,PER,2024,YR2024,2.007707394,..,..,..,..,..
Philippines,PHL,1960,YR1960,4.15482178,269.4651465,..,27891897,..,..
Philippines,PHL,1962,YR1962,5.796652201,166.6892214,..,29723536,..,..
Philippines,PHL,1964,YR1964,8.183079057,188.1537836,..,31643032,..,..
Philippines,PHL,1966,YR1966,5.4,213.849586,..,33617170,..,..
Philippines,PHL,1968,YR1968,2.358806459,242.2320676,..,35638342,..,..
Philippines,PHL,1970,YR1970,14.38146168,200.9216556,..,37622204,..,..
Philippines,PHL,1972,YR1972,8.204034135,230.0976113,..,39408560,..,..
Philippines,PHL,1974,YR1974,34.16359164,379.0681812,..,41174341,..,..
Philippines,PHL,1976,YR1976,9.199227136,448.6200845,..,43201488,..,..
Philippines,PHL,1978,YR1978,7.334525939,565.2674871,..,45575281,..,..
Philippines,PHL,1980,YR1980,18.20051049,766.9694511,..,48043740,..,..
Philippines,PHL,1982,YR1982,10.22172714,832.5362003,..,50695707,..,..
Philippines,PHL,1984,YR1984,50.33897564,665.0423493,..,53726181,..,..
Philippines,PHL,1986,YR1986,1.148137777,600.0028439,..,56645077,..,..
Philippines,PHL,1988,YR1988,13.86006917,722.3437185,..,59739052,29.79,..
Philippines,PHL,1990,YR1990,12.17735221,803.5725883,..,62854666,20.86,..
Philippines,PHL,1992,YR1992,8.651003579,916.5156945,..,65926125,20.67,..
Philippines,PHL,1994,YR1994,10.38647343,1059.983895,..,69019291,23.09,..
Philippines,PHL,1996,YR1996,7.476103778,1311.092494,..,72190242,16.46,14.89361668
Philippines,PHL,1998,YR1998,9.234934323,982.8659437,..,75791024,11.73,18.61702156
Philippines,PHL,2000,YR2000,3.977125032,1050.79273,3.05512357,79625397,8.18,4.232804298
Philippines,PHL,2002,YR2002,2.722772277,1014.908793,2.63767385,83068889,6.65,12.6984129
Philippines,PHL,2004,YR2004,4.829210836,1099.63013,3.0468533,86394504,6.16,2.427184582
Philippines,PHL,2006,YR2006,5.485232068,1426.146492,3.77762938,89508986,6.11,1.932367206
Philippines,PHL,2008,YR2008,8.260447036,1959.292335,3.86315918,92699095,6.24,1.923076868
Philippines,PHL,2010,YR2010,3.789836348,2162.913759,4.13107872,96337125,6.26,3.317535639
Philippines,PHL,2012,YR2012,3.026963911,2614.616444,4.17709208,100175512,4.85,7.109004974
Philippines,PHL,2014,YR2014,3.597823439,2866.838038,3.70313668,103767130,..,13.33333302
Philippines,PHL,2016,YR2016,1.253698801,2985.19564,3.95484328,106735719,5.79,7.142857075
Philippines,PHL,2018,YR2018,5.309346616,3168.510366,3.9538188,109465287,5.92,8.018867493
Philippines,PHL,2020,YR2020,2.393162393,3227.579102,5.16214037,112081264,4.47,12.26415062
Philippines,PHL,2022,YR2022,5.821158112,3548.069306,5.15676308,113964338,4.84,13.679245
Philippines,PHL,2024,YR2024,3.21260487,..,..,..,..,..
Poland,POL,1960,YR1960,..,..,..,29637450,..,..
Poland,POL,1962,YR1962,..,..,..,30308500,..,..
Poland,POL,1964,YR1964,..,..,..,31139450,..,..
Poland,POL,1966,YR1966,..,..,..,31681000,..,..
Poland,POL,1968,YR1968,..,..,..,32294655,..,..
Poland,POL,1970,YR1970,..,..,..,32664300,..,..
Poland,POL,1972,YR1972,-0.098911967,..,..,33055650,..,..
Poland,POL,1974,YR1974,7.053140096,..,..,33678899,..,..
Poland,POL,1976,YR1976,4.413062666,..,..,34356300,..,..
Poland,POL,1978,YR1978,8.101265823,..,..,34965600,..,..
Poland,POL,1980,YR1980,9.682713348,..,..,35574150,..,..
Poland,POL,1982,YR1982,103.5587189,..,..,36230481,..,..
Poland,POL,1984,YR1984,15.40099943,..,..,36904134,..,..
Poland,POL,1986,YR1986,16.54996817,..,..,37456119,..,..
Poland,POL,1988,YR1988,58.72082973,..,..,37824487,..,..
Poland,POL,1990,YR1990,567.8788007,1731.209509,..,38110782,..,..
Poland,POL,1992,YR1992,46.0985621,2459.020685,..,38363667,10.69,..
Poland,POL,1994,YR1994,32.99127661,2874.831636,..,38542652,..,..
Poland,POL,1996,YR1996,19.79496692,4163.511954,..,38624370,19.16,53.72340393
Poland,POL,1998,YR1998,11.59785543,4533.535655,..,38663481,28.15,55.31914902
Poland,POL,2000,YR2000,9.900175388,4520.641004,5.28789568,38258629,13.93,38.62434006
Poland,POL,2002,YR2002,1.90528215,5223.45179,6.06724358,38230364,23.51,52.91005325
Poland,POL,2004,YR2004,3.382646819,6711.727153,5.86845207,38182222,6.85,35.43689346
Poland,POL,2006,YR2006,1.284693944,9068.855283,5.80280542,38141267,7.24,42.99517059
Poland,POL,2008,YR2008,4.164971935,14048.56047,6.37592173,38125759,5.94,62.01922989
Poland,POL,2010,YR2010,2.580693703,12567.73177,6.46800566,38042794,6.3,66.824646
Poland,POL,2012,YR2012,3.560371517,13087.42094,6.2652421,38063164,5.6,69.19431305
Poland,POL,2014,YR2014,0.053821313,14262.28419,6.42679548,38011735,5.72,62.8571434
Poland,POL,2016,YR2016,-0.664767331,12464.01105,6.59210491,37970087,5.32,52.38095093
Poland,POL,2018,YR2018,1.812951565,15658.21203,6.3129096,37974750,5.24,52.83018875
Poland,POL,2020,YR2020,3.374469726,15987.57537,6.49677992,37899070,2.21,51.41509247
Poland,POL,2022,YR2022,14.42945076,18891.21212,6.39626455,36821749,4.06,50.47169876
Poland,POL,2024,YR2024,3.784260075,..,..,..,..,..
Portugal,PRT,1960,YR1960,3.046592778,376.9764303,..,8857716,..,..
Portugal,PRT,1962,YR1962,2.662064179,426.4943363,..,8993985,..,..
Portugal,PRT,1964,YR1964,3.444898482,490.2073859,..,9035365,..,..
Portugal,PRT,1966,YR1966,5.039267219,601.2892223,..,8930990,..,..
Portugal,PRT,1968,YR1968,6.081361711,751.9470856,..,8836650,..,..
Portugal,PRT,1970,YR1970,6.38014449,934.0821561,..,8680431,..,..
Portugal,PRT,1972,YR1972,10.66335598,1302.266268,..,8630430,..,..
Portugal,PRT,1974,YR1974,25.08277786,2000.418246,..,8754365,..,..
Portugal,PRT,1976,YR1976,21.1419048,2173.283934,..,9355810,..,..
Portugal,PRT,1978,YR1978,21.03877236,2457.313216,..,9558250,..,..
Portugal,PRT,1980,YR1980,15.86748038,3368.366669,..,9766312,..,..
Portugal,PRT,1982,YR1982,21.67928373,3079.949566,..,9911771,..,..
Portugal,PRT,1984,YR1984,28.38463889,2522.747476,..,9996232,..,..
Portugal,PRT,1986,YR1986,12.33133349,3861.948433,..,10032734,..,..
Portugal,PRT,1988,YR1988,10.10163212,5623.697,..,10019610,..,..
Portugal,PRT,1990,YR1990,13.63057057,7884.617988,..,9983218,..,..
Portugal,PRT,1992,YR1992,9.559260332,10810.56651,..,9952494,..,..
Portugal,PRT,1994,YR1994,5.420440192,9977.319909,..,9991525,..,..
Portugal,PRT,1996,YR1996,3.068977325,12185.0914,..,10063945,..,68.0851059
Portugal,PRT,1998,YR1998,2.572752259,12199.20639,..,10160196,..,73.93617249
Portugal,PRT,2000,YR2000,2.853030393,11526.37207,8.60104179,10289898,7.93,76.71957397
Portugal,PRT,2002,YR2002,3.600346583,12936.69282,8.78642941,10419631,6.42,82.53968048
Portugal,PRT,2004,YR2004,2.365362041,18064.15809,9.5325079,10483861,6.85,63.10679626
Portugal,PRT,2006,YR2006,3.107665459,19839.45405,9.35422611,10522288,7.24,63.28502274
Portugal,PRT,2008,YR2008,2.588506577,24949.04136,9.58307838,10558177,5.94,66.82691956
Portugal,PRT,2010,YR2010,1.402572899,22551.9351,10.03250504,10573100,6.3,54.50236893
Portugal,PRT,2012,YR2012,2.773338541,20593.42742,9.65393257,10514844,5.6,59.71564102
Portugal,PRT,2014,YR2014,-0.278153367,22120.68501,9.3428812,10401062,5.72,61.90476227
Portugal,PRT,2016,YR2016,0.607397075,19980.28089,9.39439487,10325452,5.32,65.7142868
Portugal,PRT,2018,YR2018,0.993715683,23541.14011,9.4126482,10283822,5.24,70.75471497
Portugal,PRT,2020,YR2020,-0.01243833,22299.40441,10.54770088,10297081,2.21,67.45282745
Portugal,PRT,2022,YR2022,7.832691242,24620.51956,10.46883011,10434332,4.06,58.49056625
Portugal,PRT,2024,YR2024,2.416131878,..,..,..,..,..
Puerto Rico,PRI,1960,YR1960,..,717.5148431,..,2358000,..,..
Puerto Rico,PRI,1962,YR1962,..,854.744805,..,2450322,..,..
Puerto Rico,PRI,1964,YR1964,..,1006.434446,..,2554066,..,..
Puerto Rico,PRI,1966,YR1966,..,1207.811824,..,2624995,..,..
Puerto Rico,PRI,1968,YR1968,..,1480.693176,..,2662064,..,..
Puerto Rico,PRI,1970,YR1970,..,1852.354673,..,2718000,..,..
Puerto Rico,PRI,1972,YR1972,..,2246.476714,..,2817256,..,..
Puerto Rico,PRI,1974,YR1974,..,2614.500941,..,2939299,..,..
Puerto Rico,PRI,1976,YR1976,..,2946.461953,..,3043854,..,..
Puerto Rico,PRI,1978,YR1978,..,3567.752629,..,3129421,..,..
Puerto Rico,PRI,1980,YR1980,..,4502.838428,..,3206000,..,..
Puerto Rico,PRI,1982,YR1982,..,5115.008514,..,3277453,..,..
Puerto Rico,PRI,1984,YR1984,..,5730.117009,..,3344190,..,..
Puerto Rico,PRI,1986,YR1986,..,6455.184461,..,3409554,..,..
Puerto Rico,PRI,1988,YR1988,..,7595.444656,..,3473898,..,..
Puerto Rico,PRI,1990,YR1990,..,8652.507492,..,3537000,..,..
Puerto Rico,PRI,1992,YR1992,..,9659.3389,..,3585176,..,..
Puerto Rico,PRI,1994,YR1994,..,10876.41882,..,3649237,..,..
Puerto Rico,PRI,1996,YR1996,..,12173.16369,..,3724655,..,22.87234116
Puerto Rico,PRI,1998,YR1998,..,14304.40499,..,3781101,..,23.93617058
Puerto Rico,PRI,2000,YR2000,..,16192.12697,..,3810605,..,24.86772537
Puerto Rico,PRI,2002,YR2002,..,18731.45939,..,3823701,..,28.04232788
Puerto Rico,PRI,2004,YR2004,..,20988.99233,..,3826878,..,43.68931961
Puerto Rico,PRI,2006,YR2006,..,22935.94116,..,3805214,..,40.09661865
Puerto Rico,PRI,2008,YR2008,..,24898.33459,..,3760866,..,35.57692337
Puerto Rico,PRI,2010,YR2010,..,26435.74879,..,3721525,..,40.75829315
Puerto Rico,PRI,2012,YR2012,..,27944.73389,..,3634488,..,51.6587677
Puerto Rico,PRI,2014,YR2014,..,28981.45733,..,3534874,..,60.95238113
Puerto Rico,PRI,2016,YR2016,..,30627.1634,..,3406672,..,57.1428566
Puerto Rico,PRI,2018,YR2018,..,31615.06679,..,3193354,..,41.50943375
Puerto Rico,PRI,2020,YR2020,..,31427.42911,..,3281557,..,48.11320877
Puerto Rico,PRI,2022,YR2022,..,35268.0791,..,3220113,..,50.47169876
Puerto Rico,PRI,2024,YR2024,..,..,..,..,..,..
Qatar,QAT,1960,YR1960,..,..,..,36010,..,..
Qatar,QAT,1962,YR1962,..,..,..,44630,..,..
Qatar,QAT,1964,YR1964,..,..,..,56867,..,..
Qatar,QAT,1966,YR1966,..,..,..,72192,..,..
Qatar,QAT,1968,YR1968,..,..,..,91749,..,..
Qatar,QAT,1970,YR1970,..,2593.822963,..,116350,..,..
Qatar,QAT,1972,YR1972,..,3482.877836,..,146506,..,..
Qatar,QAT,1974,YR1974,..,13539.5588,..,177362,..,..
Qatar,QAT,1976,YR1976,..,15710.32081,..,209052,..,..
Qatar,QAT,1978,YR1978,..,16757.09825,..,241808,..,..
Qatar,QAT,1980,YR1980,6.799999999,28375.48525,..,275913,..,..
Qatar,QAT,1982,YR1982,5.7,24384.59385,..,311537,..,..
Qatar,QAT,1984,YR1984,1.104972376,19272.26161,..,347878,..,..
Qatar,QAT,1986,YR1986,0.757575758,13213.20936,..,382422,..,..
Qatar,QAT,1988,YR1988,4.60251046,14682.02185,..,411264,..,..
Qatar,QAT,1990,YR1990,3.000968054,16721.62077,..,440175,..,..
Qatar,QAT,1992,YR1992,3.060306031,16280.29388,..,469657,..,..
Qatar,QAT,1994,YR1994,1.321585903,14764.87714,..,499459,..,..
Qatar,QAT,1996,YR1996,4.904534606,17124.79209,..,529019,..,37.76595688
Qatar,QAT,1998,YR1998,2.951388889,17665.44084,..,580540,..,63.29787064
Qatar,QAT,2000,YR2000,1.650335224,27535.18294,1.97258496,644989,..,69.84127045
Qatar,QAT,2002,YR2002,0.24,27226.65935,2.46044064,711205,4.51,56.61375809
Qatar,QAT,2004,YR2004,6.79933665,41035.50084,3.18311739,773332,6.79,67.96116638
Qatar,QAT,2006,YR2006,11.83580962,62582.44531,2.288064,972831,3.92,60.86956406
Qatar,QAT,2008,YR2008,15.05014516,80781.40392,1.63775349,1426938,5.17,69.2307663
Qatar,QAT,2010,YR2010,-2.425256752,77387.32679,1.87017763,1616832,5.45,71.5639801
Qatar,QAT,2012,YR2012,2.315348534,108470.3788,1.74822152,1722438,3.67,72.98577881
Qatar,QAT,2014,YR2014,3.349720857,95840.63101,2.42293572,2151745,3.03,67.61904907
Qatar,QAT,2016,YR2016,2.676591701,61253.63755,3.54971433,2477113,3.09,64.2857132
Qatar,QAT,2018,YR2018,0.255815383,71039.84906,2.96176219,2580734,4.14,56.60377502
Qatar,QAT,2020,YR2020,-2.54031503,51683.50544,3.81872201,2794148,3.15,56.60377502
Qatar,QAT,2022,YR2022,4.995275537,88701.46335,2.18112326,2657333,3.54,65.56604004
Qatar,QAT,2024,YR2024,1.267343103,..,..,..,..,..
Romania,ROU,1960,YR1960,..,..,..,18406905,..,..
Romania,ROU,1962,YR1962,..,..,..,18676550,..,..
Romania,ROU,1964,YR1964,..,..,..,18919126,..,..
Romania,ROU,1966,YR1966,..,..,..,19215450,..,..
Romania,ROU,1968,YR1968,..,..,..,19799831,..,..
Romania,ROU,1970,YR1970,..,..,..,20250398,..,..
Romania,ROU,1972,YR1972,..,..,..,20657957,..,..
Romania,ROU,1974,YR1974,..,..,..,21029429,..,..
Romania,ROU,1976,YR1976,..,..,..,21551634,..,..
Romania,ROU,1978,YR1978,..,..,..,21951464,..,..
Romania,ROU,1980,YR1980,..,..,..,22207282,..,..
Romania,ROU,1982,YR1982,..,..,..,22475741,..,..
Romania,ROU,1984,YR1984,..,..,..,22640547,..,..
Romania,ROU,1986,YR1986,..,..,..,22836841,..,..
Romania,ROU,1988,YR1988,..,1753.192856,..,23057662,..,..
Romania,ROU,1990,YR1990,..,1648.48523,..,23201835,..,..
Romania,ROU,1992,YR1992,211.2055876,1102.103785,..,22794284,..,..
Romania,ROU,1994,YR1994,136.7593928,1323.032378,..,22730211,..,..
Romania,ROU,1996,YR1996,38.82930134,1633.010644,..,22619004,..,47.3404274
Romania,ROU,1998,YR1998,59.09658275,1852.554969,..,22507344,..,42.55319214
Romania,ROU,2000,YR2000,45.66659404,1659.929049,4.20876169,22442971,..,19.04761887
Romania,ROU,2002,YR2002,22.53988626,2119.855097,4.57694626,21730496,..,46.03174591
Romania,ROU,2004,YR2004,11.87436359,3494.990564,5.47733593,21451748,13.75,30.58252335
Romania,ROU,2006,YR2006,6.558514123,5757.531273,5.07106066,21193760,..,38.16424942
Romania,ROU,2008,YR2008,7.850802557,10435.15612,5.02274227,20537875,5.94,37.5
Romania,ROU,2010,YR2010,6.091416686,8399.537423,5.63998747,20246871,6.3,40.75829315
Romania,ROU,2012,YR2012,3.334922677,8929.953662,4.50899887,20058035,5.6,37.91469193
Romania,ROU,2014,YR2014,1.068309877,10031.77108,5.02789736,19908979,5.72,36.66666794
Romania,ROU,2016,YR2016,-1.544796668,9404.540059,5.08021355,19702267,5.32,44.2857132
Romania,ROU,2018,YR2018,4.625484431,12502.26241,5.51800871,19473970,5.24,35.37735748
Romania,ROU,2020,YR2020,2.631073112,13082.30066,6.22618055,19265250,2.21,51.88679123
Romania,ROU,2022,YR2022,13.79548874,15557.88262,5.7490139,19048502,4.06,48.11320877
Romania,ROU,2024,YR2024,-4.519110142,..,..,..,..,..
Russian Federation,RUS,1960,YR1960,..,..,..,119897000,..,..
Russian Federation,RUS,1962,YR1962,..,..,..,122591000,..,..
Russian Federation,RUS,1964,YR1964,..,..,..,125345000,..,..
Russian Federation,RUS,1966,YR1966,..,..,..,127468000,..,..
Russian Federation,RUS,1968,YR1968,..,..,..,128928000,..,..
Russian Federation,RUS,1970,YR1970,..,..,..,130404000,..,..
Russian Federation,RUS,1972,YR1972,..,..,..,131909000,..,..
Russian Federation,RUS,1974,YR1974,..,..,..,133432000,..,..
Russian Federation,RUS,1976,YR1976,..,..,..,135147000,..,..
Russian Federation,RUS,1978,YR1978,..,..,..,137060000,..,..
Russian Federation,RUS,1980,YR1980,..,..,..,139010000,..,..
Russian Federation,RUS,1982,YR1982,..,..,..,140823000,..,..
Russian Federation,RUS,1984,YR1984,..,..,..,142745000,..,..
Russian Federation,RUS,1986,YR1986,..,..,..,144894000,..,..
Russian Federation,RUS,1988,YR1988,..,3778.019775,..,146857000,..,..
Russian Federation,RUS,1990,YR1990,..,3494.063232,..,147969406,..,..
Russian Federation,RUS,1992,YR1992,..,3098.802734,..,148538197,..,..
Russian Federation,RUS,1994,YR1994,307.7226356,2662.104004,..,148407912,7.57,..
Russian Federation,RUS,1996,YR1996,47.7520122,2643.929199,..,148160129,9.64,4.787233829
Russian Federation,RUS,1998,YR1998,27.68567981,1834.861816,..,147670784,..,7.446808338
Russian Federation,RUS,2000,YR2000,20.79876066,1771.594116,5.01989794,146596869,..,3.703703642
Russian Federation,RUS,2002,YR2002,15.78873079,2377.529541,5.52166557,145306497,10.79,15.8730154
Russian Federation,RUS,2004,YR2004,10.88861573,4102.364746,4.7603755,144067316,..,3.883495092
Russian Federation,RUS,2006,YR2006,9.668654548,6920.199707,4.76654387,143049637,..,12.56038666
Russian Federation,RUS,2008,YR2008,14.11076778,11635.28418,4.90364122,142742366,8.88,13.46153831
Russian Federation,RUS,2010,YR2010,6.849392303,10674.99023,4.97111797,142849468,8.02,10.42654037
Russian Federation,RUS,2012,YR2012,5.074743008,15401.85156,4.93637609,143378447,9.04,13.74407578
Russian Federation,RUS,2014,YR2014,7.823411839,14055.47266,5.18209648,144237223,7.24,9.047618866
Russian Federation,RUS,2016,YR2016,7.04244763,8663.158203,5.28970242,145015460,5.51,10.47619057
Russian Federation,RUS,2018,YR2018,2.878297236,11211.8877,5.35520792,145398106,5.26,16.50943375
Russian Federation,RUS,2020,YR2020,3.381659372,10108.32715,8.04076004,145245148,5.38,13.20754719
Russian Federation,RUS,2022,YR2022,..,15445.24219,6.91986275,144236933,..,10.37735844
Russian Federation,RUS,2024,YR2024,..,..,..,..,..,..
Rwanda,RWA,1960,YR1960,..,39.37407281,..,3022294,..,..
Rwanda,RWA,1962,YR1962,..,39.23384405,..,3186025,..,..
Rwanda,RWA,1964,YR1964,..,38.9824483,..,3334834,..,..
Rwanda,RWA,1966,YR1966,..,35.36028609,..,3521626,..,..
Rwanda,RWA,1968,YR1968,3.161936973,45.99347171,..,3744010,..,..
Rwanda,RWA,1970,YR1970,0.514885808,55.24197214,..,3980669,..,..
Rwanda,RWA,1972,YR1972,3.092193809,58.39769552,..,4220335,..,..
Rwanda,RWA,1974,YR1974,31.08829937,68.94114989,..,4474228,..,..
Rwanda,RWA,1976,YR1976,7.165861514,134.3784312,..,4745954,..,..
Rwanda,RWA,1978,YR1978,13.2705338,179.8765278,..,5035171,..,..
Rwanda,RWA,1980,YR1980,7.249392993,234.3928514,..,5353259,..,..
Rwanda,RWA,1982,YR1982,12.56513653,246.3855496,..,5711549,..,..
Rwanda,RWA,1984,YR1984,5.369570388,259.9066845,..,6107627,..,..
Rwanda,RWA,1986,YR1986,-1.117066573,297.7259818,..,6531881,..,..
Rwanda,RWA,1988,YR1988,2.978643557,343.7813258,..,6968071,..,..
Rwanda,RWA,1990,YR1990,4.185763726,345.7734951,..,7375307,..,..
Rwanda,RWA,1992,YR1992,9.560411876,264.0839145,..,7683266,..,..
Rwanda,RWA,1994,YR1994,..,110.9536683,..,6792352,..,..
Rwanda,RWA,1996,YR1996,7.411371735,206.0491142,..,6708764,..,0
Rwanda,RWA,1998,YR1998,6.210067095,246.1546733,..,8081681,..,0
Rwanda,RWA,2000,YR2000,3.899529803,251.8692639,3.57583427,8213931,15.86,0.529100537
Rwanda,RWA,2002,YR2002,1.992585425,234.0430168,3.12787294,8400180,22.52,0
Rwanda,RWA,2004,YR2004,12.25071029,269.5404463,7.50856972,8816844,..,4.368932247
Rwanda,RWA,2006,YR2006,8.882826548,356.9950229,7.60937929,9299246,17.2,13.52657032
Rwanda,RWA,2008,YR2008,15.43821387,528.3263918,7.55979156,9804269,14.58,19.71153831
Rwanda,RWA,2010,YR2010,-0.246128693,593.6249277,8.08192921,10317553,13.91,23.22274971
Rwanda,RWA,2012,YR2012,10.27101823,706.8173175,8.10223293,10829901,14.11,25.11848259
Rwanda,RWA,2014,YR2014,2.354490528,724.9575212,6.98471594,11364757,14.98,23.80952454
Rwanda,RWA,2016,YR2016,7.17434302,729.5191542,6.96089125,11919183,14.61,30.47619057
Rwanda,RWA,2018,YR2018,-0.31121016,771.773522,6.65483093,12487996,17.04,37.26415253
Rwanda,RWA,2020,YR2020,9.850399023,778.7015386,7.48696899,13065837,15.65,34.90565872
Rwanda,RWA,2022,YR2022,17.68920956,975.4693159,7.8792119,13651030,23.3,35.37735748
Rwanda,RWA,2024,YR2024,1.770292402,..,..,..,..,..
Samoa,WSM,1960,YR1960,..,..,..,112490,..,..
Samoa,WSM,1962,YR1962,2.654867257,..,..,118597,..,..
Samoa,WSM,1964,YR1964,5.308219178,..,..,124894,..,..
Samoa,WSM,1966,YR1966,2.866242038,..,..,131073,..,..
Samoa,WSM,1968,YR1968,1.711618257,..,..,136020,..,..
Samoa,WSM,1970,YR1970,2.742409403,321.9967066,..,140400,..,..
Samoa,WSM,1972,YR1972,7.506824386,432.8696701,..,144538,..,..
Samoa,WSM,1974,YR1974,24.98767866,626.0388469,..,149431,..,..
Samoa,WSM,1976,YR1976,4.903686827,541.0314722,..,157113,..,..
Samoa,WSM,1978,YR1978,2.058658857,670.6332719,..,161375,..,..
Samoa,WSM,1980,YR1980,33.0472429,765.2477329,..,164322,..,..
Samoa,WSM,1982,YR1982,18.29622459,728.1279379,..,166484,..,..
Samoa,WSM,1984,YR1984,11.86006826,654.6975607,..,166796,..,..
Samoa,WSM,1986,YR1986,5.733558179,604.2574188,..,167061,..,..
Samoa,WSM,1988,YR1988,8.507868011,790.1349923,..,168346,..,..
Samoa,WSM,1990,YR1990,15.23846327,743.994213,..,169042,..,..
Samoa,WSM,1992,YR1992,9.031137929,776.7408244,..,170331,..,..
Samoa,WSM,1994,YR1994,12.08038189,1276.850216,..,173159,..,..
Samoa,WSM,1996,YR1996,5.37461972,1419.35849,..,176071,..,63.29787064
Samoa,WSM,1998,YR1998,2.218834688,1506.303592,..,178905,..,67.55319214
Samoa,WSM,2000,YR2000,0.96678235,1424.7524,4.28232527,181685,..,69.84127045
Samoa,WSM,2002,YR2002,8.050314465,1527.557905,4.49205494,184471,..,59.7883606
Samoa,WSM,2004,YR2004,16.31315079,2189.260426,4.52578545,186249,..,65.53398132
Samoa,WSM,2006,YR2006,3.700086806,2663.291359,4.88451385,187709,..,63.28502274
Samoa,WSM,2008,YR2008,11.56590684,3373.606399,4.53258085,190107,..,66.82691956
Samoa,WSM,2010,YR2010,0.777007269,3524.247925,5.15268326,193023,..,52.60663605
Samoa,WSM,2012,YR2012,2.049018835,3934.603208,4.9883461,196498,14.19,63.03317642
Samoa,WSM,2014,YR2014,-0.406816088,3982.680802,6.2579422,200037,19.41,69.52381134
Samoa,WSM,2016,YR2016,1.304718693,4147.070977,5.63950825,203499,16.41,71.90476227
Samoa,WSM,2018,YR2018,4.197458887,4231.814095,4.7755332,207582,21.01,69.81131744
Samoa,WSM,2020,YR2020,-1.568912477,4099.660091,6.18667269,211944,16.26,71.22641754
Samoa,WSM,2022,YR2022,10.96188223,3869.466395,6.3012085,215261,..,69.3396225
Samoa,WSM,2024,YR2024,2.172455305,..,..,..,..,..
San Marino,SMR,1960,YR1960,..,..,..,15428,..,..
San Marino,SMR,1962,YR1962,..,..,..,16183,..,..
San Marino,SMR,1964,YR1964,..,..,..,16977,..,..
San Marino,SMR,1966,YR1966,..,..,..,17523,..,..
San Marino,SMR,1968,YR1968,..,..,..,17861,..,..
San Marino,SMR,1970,YR1970,..,..,..,18168,..,..
San Marino,SMR,1972,YR1972,..,..,..,18787,..,..
San Marino,SMR,1974,YR1974,..,..,..,19030,..,..
San Marino,SMR,1976,YR1976,..,..,..,19110,..,..
San Marino,SMR,1978,YR1978,..,..,..,21026,..,..
San Marino,SMR,1980,YR1980,..,..,..,21585,..,..
San Marino,SMR,1982,YR1982,..,..,..,22055,..,..
San Marino,SMR,1984,YR1984,..,..,..,22346,..,..
San Marino,SMR,1986,YR1986,..,..,..,22636,..,..
San Marino,SMR,1988,YR1988,..,..,..,22843,..,..
San Marino,SMR,1990,YR1990,..,..,..,23475,..,..
San Marino,SMR,1992,YR1992,..,..,..,24125,..,..
San Marino,SMR,1994,YR1994,..,..,..,24823,..,..
San Marino,SMR,1996,YR1996,..,..,..,25482,..,..
San Marino,SMR,1998,YR1998,..,40126.93314,..,26125,..,..
San Marino,SMR,2000,YR2000,..,37600.70774,5.7876792,26799,..,..
San Marino,SMR,2002,YR2002,..,41790.84327,5.39155769,27491,..,..
San Marino,SMR,2004,YR2004,1.430838685,58232.01762,4.86479282,29457,..,51.94174576
San Marino,SMR,2006,YR2006,2.095259356,63270.77808,4.91361904,30184,..,45.41062927
San Marino,SMR,2008,YR2008,4.293202493,75902.13205,5.41110897,31662,..,41.34615326
San Marino,SMR,2010,YR2010,2.585418156,56543.18982,6.20853519,33270,..,67.29857635
San Marino,SMR,2012,YR2012,2.827332242,47945.89917,8.98883724,33469,..,43.12796021
San Marino,SMR,2014,YR2014,1.112963034,51260.49383,8.30091763,32655,..,51.90476227
San Marino,SMR,2016,YR2016,0.64407534,44359.47977,8.4219532,33101,..,78.57142639
San Marino,SMR,2018,YR2018,1.163335223,47950.68806,8.2778492,34522,..,78.77358246
San Marino,SMR,2020,YR2020,-0.133368898,44426.64634,8.48147392,34770,..,71.22641754
San Marino,SMR,2022,YR2022,5.325453213,54264.5705,7.40650225,33755,..,71.22641754
San Marino,SMR,2024,YR2024,1.242165079,..,..,..,..,..
Sao Tome and Principe,STP,1960,YR1960,..,..,..,68012,..,..
Sao Tome and Principe,STP,1962,YR1962,..,..,..,69403,..,..
Sao Tome and Principe,STP,1964,YR1964,..,..,..,70865,..,..
Sao Tome and Principe,STP,1966,YR1966,..,..,..,72576,..,..
Sao Tome and Principe,STP,1968,YR1968,..,..,..,74765,..,..
Sao Tome and Principe,STP,1970,YR1970,..,479.3732266,..,77626,..,..
Sao Tome and Principe,STP,1972,YR1972,..,511.2258833,..,81041,..,..
Sao Tome and Principe,STP,1974,YR1974,..,682.8419248,..,84672,..,..
Sao Tome and Principe,STP,1976,YR1976,..,585.225492,..,88922,..,..
Sao Tome and Principe,STP,1978,YR1978,..,586.8665672,..,93794,..,..
Sao Tome and Principe,STP,1980,YR1980,..,828.6880077,..,98544,..,..
Sao Tome and Principe,STP,1982,YR1982,..,783.4292214,..,102508,..,..
Sao Tome and Principe,STP,1984,YR1984,..,735.1335219,..,106394,..,..
Sao Tome and Principe,STP,1986,YR1986,..,1042.995112,..,111150,..,..
Sao Tome and Principe,STP,1988,YR1988,..,846.6017701,..,116939,..,..
Sao Tome and Principe,STP,1990,YR1990,..,970.0601896,..,122980,..,..
Sao Tome and Principe,STP,1992,YR1992,..,740.4711265,..,128110,..,..
Sao Tome and Principe,STP,1994,YR1994,..,989.5005327,..,132732,..,..
Sao Tome and Principe,STP,1996,YR1996,..,987.0487124,..,136962,..,56.9148941
Sao Tome and Principe,STP,1998,YR1998,50.49313575,513.5693803,..,140751,..,60.10638428
Sao Tome and Principe,STP,2000,YR2000,12.20894563,529.0893834,9.31892776,144018,..,62.43386078
Sao Tome and Principe,STP,2002,YR2002,10.12872467,568.1025725,9.49860477,149922,..,41.26984024
Sao Tome and Principe,STP,2004,YR2004,13.28588609,726.5608821,10.7211771,157705,..,43.68931961
Sao Tome and Principe,STP,2006,YR2006,23.07703735,861.9707077,7.10559654,165638,..,40.09661865
Sao Tome and Principe,STP,2008,YR2008,31.99010395,1081.868458,5.97009039,173793,..,31.25
Sao Tome and Principe,STP,2010,YR2010,13.34005235,1045.209582,5.80827904,181802,..,33.175354
Sao Tome and Principe,STP,2012,YR2012,10.63793534,1210.792647,7.07299662,189439,..,33.64928818
Sao Tome and Principe,STP,2014,YR2014,6.99849944,1489.676334,7.91452122,196767,9.83,36.66666794
Sao Tome and Principe,STP,2016,YR2016,5.430519661,1434.870181,7.60211611,203689,9.82,39.52381134
Sao Tome and Principe,STP,2018,YR2018,7.868596289,1825.599718,5.91960287,210187,10.66,52.83018875
Sao Tome and Principe,STP,2020,YR2020,9.819327915,2167.220018,7.32044411,217435,..,49.52830124
Sao Tome and Principe,STP,2022,YR2022,18.00563511,2389.737298,7.46419811,226305,..,48.11320877
Sao Tome and Principe,STP,2024,YR2024,..,..,..,..,..,..
Saudi Arabia,SAU,1960,YR1960,..,717.796629,..,2435403,..,..
Saudi Arabia,SAU,1962,YR1962,..,812.9262477,..,2620910,..,..
Saudi Arabia,SAU,1964,YR1964,2.799999999,840.4803715,..,2821968,..,..
Saudi Arabia,SAU,1966,YR1966,1.550387596,960.7447767,..,3039887,..,..
Saudi Arabia,SAU,1968,YR1968,1.588785047,1275.707094,..,3282711,..,..
Saudi Arabia,SAU,1970,YR1970,0.177777778,1509.439612,..,3562470,..,..
Saudi Arabia,SAU,1972,YR1972,4.331179708,2474.386832,..,3905722,..,..
Saudi Arabia,SAU,1974,YR1974,21.43700787,10503.42808,..,4323632,..,..
Saudi Arabia,SAU,1976,YR1976,31.55866056,13312.51199,..,4807933,..,..
Saudi Arabia,SAU,1978,YR1978,-1.58360185,14914.15427,..,5381902,..,..
Saudi Arabia,SAU,1980,YR1980,4.169266554,27205.64523,..,6047997,..,..
Saudi Arabia,SAU,1982,YR1982,1.021039604,22454.48432,..,6824486,..,..
Saudi Arabia,SAU,1984,YR1984,-1.559037065,15541.13122,..,7697307,..,..
Saudi Arabia,SAU,1986,YR1986,-3.203331465,10078.28961,..,8628639,..,..
Saudi Arabia,SAU,1988,YR1988,0.907563025,9165.496153,..,9629165,..,..
Saudi Arabia,SAU,1990,YR1990,2.077151335,11054.7495,..,10640691,..,..
Saudi Arabia,SAU,1992,YR1992,-0.077006006,11730.26877,..,11686676,..,..
Saudi Arabia,SAU,1994,YR1994,0.564325479,10601.91967,..,12750040,11.96,..
Saudi Arabia,SAU,1996,YR1996,1.222069885,11471.5046,..,13831009,..,21.27659607
Saudi Arabia,SAU,1998,YR1998,-0.371269735,9836.057298,..,14922185,..,30.31914902
Saudi Arabia,SAU,2000,YR2000,-1.124994779,11714.56237,4.21160603,16177722,13.23,33.86243439
Saudi Arabia,SAU,2002,YR2002,0.247186514,10586.05435,4.24939442,17910910,7.67,28.04232788
Saudi Arabia,SAU,2004,YR2004,0.515506767,13154.4979,3.58402061,19669480,6.64,15.53398037
Saudi Arabia,SAU,2006,YR2006,2.209024079,17563.61454,3.61922765,21459144,3.42,17.87439537
Saudi Arabia,SAU,2008,YR2008,9.870247913,22320.4889,2.97101164,23287877,2.77,20.19230843
Saudi Arabia,SAU,2010,YR2010,5.339416806,22028.37902,3.64786696,23978487,..,25.59241676
Saudi Arabia,SAU,2012,YR2012,2.866268875,28348.57301,3.98779416,26168861,3.88,20.37914658
Saudi Arabia,SAU,2014,YR2014,2.236290315,27079.67339,5.15801096,28309273,3.55,24.76190567
Saudi Arabia,SAU,2016,YR2016,2.068840361,21515.66001,6.24142838,30954198,..,17.61904716
Saudi Arabia,SAU,2018,YR2018,2.45814158,28036.02647,5.34062767,30196281,..,13.20754719
Saudi Arabia,SAU,2020,YR2020,3.44545826,23271.40376,6.64630127,31552510,4.88,14.62264156
Saudi Arabia,SAU,2022,YR2022,2.474073719,34454.19577,4.62462378,32175224,6.72,19.3396225
Saudi Arabia,SAU,2024,YR2024,1.687921124,..,..,..,..,..
Senegal,SEN,1960,YR1960,..,300.4251152,..,3340907,..,..
Senegal,SEN,1962,YR1962,..,307.0925651,..,3534686,..,..
Senegal,SEN,1964,YR1964,..,317.8504266,..,3740535,..,..
Senegal,SEN,1966,YR1966,..,314.5343441,..,3964299,..,..
Senegal,SEN,1968,YR1968,0.058333333,311.1961468,..,4207587,..,..
Senegal,SEN,1970,YR1970,2.810248199,290.4864253,..,4466328,..,..
Senegal,SEN,1972,YR1972,6.154884174,341.8353523,..,4741631,..,..
Senegal,SEN,1974,YR1974,16.60109151,417.4076003,..,5029437,..,..
Senegal,SEN,1976,YR1976,1.083092187,540.5940071,..,5308564,..,..
Senegal,SEN,1978,YR1978,3.419651056,589.1340453,..,5568096,..,..
Senegal,SEN,1980,YR1980,8.729027661,771.5339696,..,5845638,..,..
Senegal,SEN,1982,YR1982,17.37638522,651.9371233,..,6156961,..,..
Senegal,SEN,1984,YR1984,11.78402748,536.2317654,..,6499364,..,..
Senegal,SEN,1986,YR1986,6.184778545,783.9405247,..,6878192,..,..
Senegal,SEN,1988,YR1988,-1.826682251,880.4877551,..,7289618,..,..
Senegal,SEN,1990,YR1990,0.32509863,957.3143374,..,7720523,..,..
Senegal,SEN,1992,YR1992,-0.109942967,951.2049601,..,8168395,..,..
Senegal,SEN,1994,YR1994,32.29366686,583.782776,..,8624078,..,..
Senegal,SEN,1996,YR1996,2.754306635,723.4699501,..,9067014,..,11.17021275
Senegal,SEN,1998,YR1998,1.156780704,684.5881058,..,9502952,..,7.978723526
Senegal,SEN,2000,YR2000,0.731981982,603.2331625,3.55015373,9968260,..,13.75661373
Senegal,SEN,2002,YR2002,2.337301875,669.4304473,3.95294404,10466214,14.65,21.69312096
Senegal,SEN,2004,YR2004,0.514781781,918.1020795,4.56856203,10975704,14.75,29.61165047
Senegal,SEN,2006,YR2006,2.112285839,1017.201967,3.76337624,11500094,14.37,25.12077332
Senegal,SEN,2008,YR2008,7.347202366,1398.79218,3.50687575,12048959,14.08,26.92307663
Senegal,SEN,2010,YR2010,1.228681197,1275.883575,4.02764368,12635413,14.31,21.32701492
Senegal,SEN,2012,YR2012,1.418228712,1326.837988,4.26688004,13310495,14.15,32.22748947
Senegal,SEN,2014,YR2014,-1.090255074,1398.891376,4.38962269,14152102,14.23,28.5714283
Senegal,SEN,2016,YR2016,0.837284943,1266.439572,4.25606871,15034521,15.31,24.76190567
Senegal,SEN,2018,YR2018,0.460985642,1452.556126,4.43182087,15914498,15.94,29.24528313
Senegal,SEN,2020,YR2020,2.543146857,1461.087204,5.15119171,16789219,15.41,25.94339561
Senegal,SEN,2022,YR2022,9.696818991,1564.745221,4.06358385,17651103,15.4,25.94339561
Senegal,SEN,2024,YR2024,..,..,..,..,..,..
Serbia,SRB,1960,YR1960,..,..,..,6638992,..,..
Serbia,SRB,1962,YR1962,..,..,..,6740264,..,..
Serbia,SRB,1964,YR1964,..,..,..,6832855,..,..
Serbia,SRB,1966,YR1966,..,..,..,6927969,..,..
Serbia,SRB,1968,YR1968,..,..,..,7007586,..,..
Serbia,SRB,1970,YR1970,..,..,..,7164993,..,..
Serbia,SRB,1972,YR1972,..,..,..,7252012,..,..
Serbia,SRB,1974,YR1974,..,..,..,7326043,..,..
Serbia,SRB,1976,YR1976,..,..,..,7418973,..,..
Serbia,SRB,1978,YR1978,..,..,..,7504017,..,..
Serbia,SRB,1980,YR1980,..,..,..,7709544,..,..
Serbia,SRB,1982,YR1982,..,..,..,7763335,..,..
Serbia,SRB,1984,YR1984,..,..,..,7813549,..,..
Serbia,SRB,1986,YR1986,..,..,..,7853824,..,..
Serbia,SRB,1988,YR1988,..,..,..,7884218,..,..
Serbia,SRB,1990,YR1990,..,..,..,7897937,..,..
Serbia,SRB,1992,YR1992,..,..,..,7604063,..,..
Serbia,SRB,1994,YR1994,..,..,..,7622711,..,..
Serbia,SRB,1996,YR1996,95.60092612,3053.905169,..,7622185,..,6.382978916
Serbia,SRB,1998,YR1998,30.1596998,2775.47373,..,7567745,..,0
Serbia,SRB,2000,YR2000,71.12062879,974.7254693,6.18357754,7516346,..,1.058201075
Serbia,SRB,2002,YR2002,19.49083216,2390.734594,7.59296274,7500031,13.17,19.04761887
Serbia,SRB,2004,YR2004,11.02636272,3597.087981,7.84200048,7463157,..,18.93203926
Serbia,SRB,2006,YR2006,11.724023,4492.71367,8.49390411,7411569,..,17.39130402
Serbia,SRB,2008,YR2008,12.41098678,7376.735179,9.48246479,7350222,9.83,15.86538506
Serbia,SRB,2010,YR2010,6.142553602,5970.926609,9.5273037,7291436,6.77,21.32701492
Serbia,SRB,2012,YR2012,7.330385896,6263.040861,9.32820415,7201497,..,26.54028511
Serbia,SRB,2014,YR2014,2.082447939,6886.678091,9.2459898,7131787,..,40.47618866
Serbia,SRB,2016,YR2016,1.122313974,5982.370301,8.45890999,7058322,3.38,38.09523773
Serbia,SRB,2018,YR2018,1.959840763,7559.861657,8.53168106,6982604,3.71,34.90565872
Serbia,SRB,2020,YR2020,1.575532901,8098.709557,8.70042229,6899126,..,25.94339561
Serbia,SRB,2022,YR2022,11.98151173,10022.96885,9.65742779,6664449,..,25.47169876
Serbia,SRB,2024,YR2024,4.670529749,..,..,..,..,..
Seychelles,SYC,1960,YR1960,..,288.0581445,..,41700,..,..
Seychelles,SYC,1962,YR1962,..,287.0447735,..,44042,..,..
Seychelles,SYC,1964,YR1964,..,332.3049859,..,46322,..,..
Seychelles,SYC,1966,YR1966,..,337.646229,..,48699,..,..
Seychelles,SYC,1968,YR1968,..,314.3510707,..,51134,..,..
Seychelles,SYC,1970,YR1970,..,343.8811885,..,53600,..,..
Seychelles,SYC,1972,YR1972,20.94099499,546.9510953,..,56029,..,..
Seychelles,SYC,1974,YR1974,24.42466739,744.5068983,..,57937,..,..
Seychelles,SYC,1976,YR1976,14.86873363,814.4747745,..,60504,..,..
Seychelles,SYC,1978,YR1978,11.78325123,1376.546513,..,62150,..,..
Seychelles,SYC,1980,YR1980,13.57154051,2478.364703,..,63261,..,..
Seychelles,SYC,1982,YR1982,-0.912646675,2440.684174,..,64413,..,..
Seychelles,SYC,1984,YR1984,4.094292804,2487.644992,..,64717,..,..
Seychelles,SYC,1986,YR1986,0.236406619,3368.474095,..,65652,..,..
Seychelles,SYC,1988,YR1988,1.83908046,4392.198649,..,68755,..,..
Seychelles,SYC,1990,YR1990,3.888888889,5642.072897,..,69507,..,..
Seychelles,SYC,1992,YR1992,3.246753247,6520.489505,..,70763,..,..
Seychelles,SYC,1994,YR1994,1.736972705,6974.867706,..,74205,..,..
Seychelles,SYC,1996,YR1996,-1.100244499,7004.336039,..,76417,..,56.9148941
Seychelles,SYC,1998,YR1998,2.57985258,8209.514443,..,78846,..,60.10638428
Seychelles,SYC,2000,YR2000,6.268768769,8063.655006,4.61071777,81131,46.08,69.84127045
Seychelles,SYC,2002,YR2002,0.175,8864.169195,4.70596743,83723,..,50.26454926
Seychelles,SYC,2004,YR2004,3.857303914,10827.67164,5.3775382,82475,..,50.97087479
Seychelles,SYC,2006,YR2006,-0.353465499,12782.99389,5.16842318,84600,27.73,59.42028809
Seychelles,SYC,2008,YR2008,36.96475829,11265.43763,4.58248377,86956,..,54.80769348
Seychelles,SYC,2010,YR2010,-2.404638751,10934.79495,5.35168219,89770,..,57.81990433
Seychelles,SYC,2012,YR2012,7.110370623,12337.15547,6.26212692,88303,..,57.81990433
Seychelles,SYC,2014,YR2014,1.385834546,15188.19022,4.76223993,91359,..,45.7142868
Seychelles,SYC,2016,YR2016,-1.015481917,16566.9946,4.71349716,94677,6.11,57.61904907
Seychelles,SYC,2018,YR2018,3.702918391,18440.23405,4.56915951,96762,9.04,56.60377502
Seychelles,SYC,2020,YR2020,1.20266464,14041.47541,6.03121805,98462,6.11,56.60377502
Seychelles,SYC,2022,YR2022,2.626036329,17167.19098,4.2375164,119878,6.83,56.13207626
Seychelles,SYC,2024,YR2024,0.311726051,..,..,..,..,..
Sierra Leone,SLE,1960,YR1960,..,141.9574183,..,2268356,..,..
Sierra Leone,SLE,1962,YR1962,..,146.3219499,..,2342242,..,..
Sierra Leone,SLE,1964,YR1964,..,153.377741,..,2424390,..,..
Sierra Leone,SLE,1966,YR1966,..,149.3176552,..,2514638,..,..
Sierra Leone,SLE,1968,YR1968,..,126.3088991,..,2611532,..,..
Sierra Leone,SLE,1970,YR1970,..,160.1641471,..,2712286,..,..
Sierra Leone,SLE,1972,YR1972,..,165.3579179,..,2814388,..,..
Sierra Leone,SLE,1974,YR1974,..,222.0851732,..,2920459,..,..
Sierra Leone,SLE,1976,YR1976,..,196.4117848,..,3028820,..,..
Sierra Leone,SLE,1978,YR1978,..,305.4278006,..,3145517,..,..
Sierra Leone,SLE,1980,YR1980,..,336.3862795,..,3272089,..,..
Sierra Leone,SLE,1982,YR1982,..,380.0740412,..,3408183,..,..
Sierra Leone,SLE,1984,YR1984,..,305.5762325,..,3558758,..,..
Sierra Leone,SLE,1986,YR1986,..,131.473041,..,3728380,..,..
Sierra Leone,SLE,1988,YR1988,..,268.1609796,..,3934517,..,..
Sierra Leone,SLE,1990,YR1990,..,154.7942462,..,4196828,..,..
Sierra Leone,SLE,1992,YR1992,..,163.1976263,..,4166366,..,..
Sierra Leone,SLE,1994,YR1994,..,218.5073839,..,4173105,..,..
Sierra Leone,SLE,1996,YR1996,..,224.2585894,..,4199210,..,2.127659559
Sierra Leone,SLE,1998,YR1998,..,156.5181188,..,4295785,..,0
Sierra Leone,SLE,2000,YR2000,..,143.7437432,8.48961735,4423611,..,0
Sierra Leone,SLE,2002,YR2002,..,388.995136,9.40313911,4971435,..,12.6984129
Sierra Leone,SLE,2004,YR2004,..,417.7500348,8.67061424,5355717,18.41,17.47572899
Sierra Leone,SLE,2006,YR2006,..,517.913366,9.02353287,5624466,19.19,22.22222137
Sierra Leone,SLE,2008,YR2008,8.211124323,650.6844222,8.81158161,5894722,..,21.63461494
Sierra Leone,SLE,2010,YR2010,7.185662757,648.1292295,9.12688351,6222714,16.54,25.11848259
Sierra Leone,SLE,2012,YR2012,6.587762394,904.840762,8.94355106,6551080,16.24,24.64455032
Sierra Leone,SLE,2014,YR2014,4.639311714,1140.927423,19.69004631,6876385,..,29.52380943
Sierra Leone,SLE,2016,YR2016,10.88606094,838.6316153,15.78850651,7205328,..,25.7142849
Sierra Leone,SLE,2018,YR2018,16.02954477,845.9145405,8.28987598,7554563,..,30.18867874
Sierra Leone,SLE,2020,YR2020,13.44687111,845.3138363,9.32588673,7912558,19.42,21.69811249
Sierra Leone,SLE,2022,YR2022,27.20828838,860.130884,7.94752312,8276807,18.64,28.30188751
Sierra Leone,SLE,2024,YR2024,28.63375,..,..,..,..,..
Singapore,SGP,1960,YR1960,..,428.0561834,..,1646400,..,..
Singapore,SGP,1962,YR1962,0.41958042,472.0827402,..,1750200,..,..
Singapore,SGP,1964,YR1964,1.726095844,485.530686,..,1841600,..,..
Singapore,SGP,1966,YR1966,2.005794517,566.8039744,..,1934400,..,..
Singapore,SGP,1968,YR1968,0.655391121,708.6014369,..,2012000,..,..
Singapore,SGP,1970,YR1970,0.463352991,925.7978643,..,2074507,..,..
Singapore,SGP,1972,YR1972,2.080758138,1264.375107,..,2152400,..,..
Singapore,SGP,1974,YR1974,22.36842105,2341.705514,..,2229800,..,..
Singapore,SGP,1976,YR1976,-1.841892982,2758.94038,..,2293300,..,..
Singapore,SGP,1978,YR1978,4.872543813,3193.905657,..,2353600,..,..
Singapore,SGP,1980,YR1980,8.526943194,4928.139118,..,2413945,..,..
Singapore,SGP,1982,YR1982,3.91628678,6077.634241,..,2646466,..,..
Singapore,SGP,1984,YR1984,2.600985222,7228.317584,..,2732221,..,..
Singapore,SGP,1986,YR1986,-1.385703364,6799.930363,..,2733373,..,..
Singapore,SGP,1988,YR1988,1.523185192,8914.441226,..,2846108,..,..
Singapore,SGP,1990,YR1990,3.460753387,11861.75616,..,3047132,..,..
Singapore,SGP,1992,YR1992,2.263071187,16136.24054,..,3230698,..,..
Singapore,SGP,1994,YR1994,3.100132626,21552.41004,..,3419048,..,..
Singapore,SGP,1996,YR1996,1.383180525,26232.8661,..,3670704,0.52,61.70212936
Singapore,SGP,1998,YR1998,-0.267502293,21829.27378,..,3927213,0.5,60.10638428
Singapore,SGP,2000,YR2000,1.361623924,23852.83895,3.343364,4027887,0.49,69.84127045
Singapore,SGP,2002,YR2002,-0.391676867,22159.83737,3.358464,4175950,0.39,71.42857361
Singapore,SGP,2004,YR2004,1.662727199,27608.08001,3.15019798,4166664,0,67.4757309
Singapore,SGP,2006,YR2006,0.962901778,33768.45282,2.9347465,4401365,0.37,73.42995453
Singapore,SGP,2008,YR2008,6.627781774,40008.57205,3.19488454,4839396,1.04,79.80769348
Singapore,SGP,2010,YR2010,2.823661349,47236.68308,3.1982615,5076732,1.11,72.03791809
Singapore,SGP,2012,YR2012,4.575602704,55547.55531,3.32392788,5312437,1.31,83.412323
Singapore,SGP,2014,YR2014,1.02514803,57564.80231,3.87132597,5469724,1.28,76.66666412
Singapore,SGP,2016,YR2016,-0.53226874,56899.91818,4.35019255,5607283,1.25,90.95237732
Singapore,SGP,2018,YR2018,0.438620118,66840.63734,4.01883841,5638676,3.57,89.62264252
Singapore,SGP,2020,YR2020,-0.181916667,61466.80368,5.61608791,5685807,1.02,86.79244995
Singapore,SGP,2022,YR2022,6.12106004,88428.70242,4.89702511,5637022,0.32,88.20755005
Singapore,SGP,2024,YR2024,2.36645847,..,..,..,..,..
Sint Maarten (Dutch part),SXM,1960,YR1960,..,..,..,2715,..,..
Sint Maarten (Dutch part),SXM,1962,YR1962,..,..,..,3264,..,..
Sint Maarten (Dutch part),SXM,1964,YR1964,..,..,..,3922,..,..
Sint Maarten (Dutch part),SXM,1966,YR1966,..,..,..,4664,..,..
Sint Maarten (Dutch part),SXM,1968,YR1968,..,..,..,5500,..,..
Sint Maarten (Dutch part),SXM,1970,YR1970,..,..,..,6414,..,..
Sint Maarten (Dutch part),SXM,1972,YR1972,..,..,..,7380,..,..
Sint Maarten (Dutch part),SXM,1974,YR1974,..,..,..,8492,..,..
Sint Maarten (Dutch part),SXM,1976,YR1976,..,..,..,9716,..,..
Sint Maarten (Dutch part),SXM,1978,YR1978,..,..,..,11039,..,..
Sint Maarten (Dutch part),SXM,1980,YR1980,..,..,..,12410,..,..
Sint Maarten (Dutch part),SXM,1982,YR1982,..,..,..,14607,..,..
Sint Maarten (Dutch part),SXM,1984,YR1984,..,..,..,17694,..,..
Sint Maarten (Dutch part),SXM,1986,YR1986,..,..,..,20930,..,..
Sint Maarten (Dutch part),SXM,1988,YR1988,..,..,..,24357,..,..
Sint Maarten (Dutch part),SXM,1990,YR1990,..,..,..,28061,..,..
Sint Maarten (Dutch part),SXM,1992,YR1992,..,..,..,31567,..,..
Sint Maarten (Dutch part),SXM,1994,YR1994,..,..,..,31917,..,..
Sint Maarten (Dutch part),SXM,1996,YR1996,..,..,..,31598,..,..
Sint Maarten (Dutch part),SXM,1998,YR1998,..,..,..,31193,..,..
Sint Maarten (Dutch part),SXM,2000,YR2000,..,..,..,30773,..,..
Sint Maarten (Dutch part),SXM,2002,YR2002,..,..,..,30960,..,..
Sint Maarten (Dutch part),SXM,2004,YR2004,..,..,..,31690,..,..
Sint Maarten (Dutch part),SXM,2006,YR2006,0.300601202,..,..,32428,..,..
Sint Maarten (Dutch part),SXM,2008,YR2008,-0.41792902,..,..,33145,..,..
Sint Maarten (Dutch part),SXM,2010,YR2010,1.338576217,26403.81437,..,33794,..,..
Sint Maarten (Dutch part),SXM,2012,YR2012,4.015184211,28149.09979,..,35023,..,..
Sint Maarten (Dutch part),SXM,2014,YR2014,1.886754663,37134.91242,..,36672,..,..
Sint Maarten (Dutch part),SXM,2016,YR2016,0.111682656,37308.61478,..,38249,..,..
Sint Maarten (Dutch part),SXM,2018,YR2018,..,31708.31101,..,39712,..,..
Sint Maarten (Dutch part),SXM,2020,YR2020,..,30150.89984,..,41008,..,..
Sint Maarten (Dutch part),SXM,2022,YR2022,..,36476.63008,..,42139,..,..
Sint Maarten (Dutch part),SXM,2024,YR2024,..,..,..,..,..,..
Slovak Republic,SVK,1960,YR1960,..,..,..,4068095,..,..
Slovak Republic,SVK,1962,YR1962,..,..,..,4238188,..,..
Slovak Republic,SVK,1964,YR1964,..,..,..,4327341,..,..
Slovak Republic,SVK,1966,YR1966,..,..,..,4411666,..,..
Slovak Republic,SVK,1968,YR1968,..,..,..,4483915,..,..
Slovak Republic,SVK,1970,YR1970,..,..,..,4538223,..,..
Slovak Republic,SVK,1972,YR1972,..,..,..,4596622,..,..
Slovak Republic,SVK,1974,YR1974,..,..,..,4689623,..,..
Slovak Republic,SVK,1976,YR1976,..,..,..,4789507,..,..
Slovak Republic,SVK,1978,YR1978,..,..,..,4890125,..,..
Slovak Republic,SVK,1980,YR1980,..,..,..,4979815,..,..
Slovak Republic,SVK,1982,YR1982,..,..,..,5055099,..,..
Slovak Republic,SVK,1984,YR1984,..,..,..,5127097,..,..
Slovak Republic,SVK,1986,YR1986,..,..,..,5193838,..,..
Slovak Republic,SVK,1988,YR1988,..,..,..,5250596,..,..
Slovak Republic,SVK,1990,YR1990,..,2437.17517,..,5299187,..,..
Slovak Republic,SVK,1992,YR1992,9.893505198,2959.336449,..,5305016,..,..
Slovak Republic,SVK,1994,YR1994,13.41552034,3820.964275,..,5346331,..,..
Slovak Republic,SVK,1996,YR1996,5.775827862,5247.70081,..,5373361,..,56.9148941
Slovak Republic,SVK,1998,YR1998,6.665651232,5560.916178,..,5390516,..,67.55319214
Slovak Republic,SVK,2000,YR2000,12.0357806,5421.644844,5.30256939,5388720,..,50.79365158
Slovak Republic,SVK,2002,YR2002,3.12714223,6554.628084,5.50947618,5376912,5.66,64.02116394
Slovak Republic,SVK,2004,YR2004,7.548500882,10650.12901,6.37190437,5372280,6.85,49.02912521
Slovak Republic,SVK,2006,YR2006,4.483331204,13167.89547,6.85076714,5373054,7.24,54.58937073
Slovak Republic,SVK,2008,YR2008,4.598179763,18744.31923,6.9563446,5379233,5.94,69.2307663
Slovak Republic,SVK,2010,YR2010,0.957018133,16899.44868,7.66638851,5391428,6.3,67.29857635
Slovak Republic,SVK,2012,YR2012,3.606102635,17516.96911,7.53581381,5407579,5.6,69.66824341
Slovak Republic,SVK,2014,YR2014,-0.07616533,18770.92899,6.88411617,5418649,5.72,69.52381134
Slovak Republic,SVK,2016,YR2016,-0.520010196,16636.07691,7.09177732,5430798,5.32,58.57143021
Slovak Republic,SVK,2018,YR2018,2.514037129,19573.3717,6.66639853,5446771,5.24,58.96226501
Slovak Republic,SVK,2020,YR2020,1.936941267,19735.48583,7.12650204,5458827,2.21,55.18867874
Slovak Republic,SVK,2022,YR2022,12.77414636,21342.76667,7.73064041,5431752,4.06,48.58490753
Slovak Republic,SVK,2024,YR2024,2.757609094,..,..,..,..,..
Slovenia,SVN,1960,YR1960,..,..,..,1584720,..,..
Slovenia,SVN,1962,YR1962,..,..,..,1603649,..,..
Slovenia,SVN,1964,YR1964,..,..,..,1632114,..,..
Slovenia,SVN,1966,YR1966,..,..,..,1669905,..,..
Slovenia,SVN,1968,YR1968,..,..,..,1704546,..,..
Slovenia,SVN,1970,YR1970,..,..,..,1724891,..,..
Slovenia,SVN,1972,YR1972,..,..,..,1752233,..,..
Slovenia,SVN,1974,YR1974,..,..,..,1776132,..,..
Slovenia,SVN,1976,YR1976,..,..,..,1820249,..,..
Slovenia,SVN,1978,YR1978,..,..,..,1862548,..,..
Slovenia,SVN,1980,YR1980,..,..,..,1901315,..,..
Slovenia,SVN,1982,YR1982,30.1125436,..,..,1910334,..,..
Slovenia,SVN,1984,YR1984,53.67196691,..,..,1932154,..,..
Slovenia,SVN,1986,YR1986,95.88650521,..,..,1965964,..,..
Slovenia,SVN,1988,YR1988,198.7537129,..,..,1995196,..,..
Slovenia,SVN,1990,YR1990,552.0835289,9925.14071,..,1998161,..,..
Slovenia,SVN,1992,YR1992,209.9337312,7151.152438,..,1996498,..,..
Slovenia,SVN,1994,YR1994,20.99181805,8243.898955,..,1989443,..,..
Slovenia,SVN,1996,YR1996,9.864450615,10796.73994,..,1988628,..,68.0851059
Slovenia,SVN,1998,YR1998,7.891166829,11131.56666,..,1981629,..,69.14893341
Slovenia,SVN,2000,YR2000,8.911744187,10135.72191,7.80406952,1988925,..,61.37565994
Slovenia,SVN,2002,YR2002,7.480777707,11639.12978,8.02119827,1994530,7.43,74.6031723
Slovenia,SVN,2004,YR2004,3.592975942,17103.82978,7.93957281,1997012,6.85,66.01941681
Slovenia,SVN,2006,YR2006,2.457924442,19563.00506,7.82322693,2006868,7.24,65.70048523
Slovenia,SVN,2008,YR2008,5.647423806,27461.97642,7.85466576,2021316,5.94,70.19230652
Slovenia,SVN,2010,YR2010,1.801170221,23329.84177,8.56503296,2048583,6.3,62.55924225
Slovenia,SVN,2012,YR2012,2.59741386,22442.14179,8.71509933,2057159,5.6,63.5071106
Slovenia,SVN,2014,YR2014,0.199343827,24013.06821,8.50197601,2061980,5.72,67.61904907
Slovenia,SVN,2016,YR2016,-0.054999542,21447.83778,8.47801018,2065042,5.32,66.19047546
Slovenia,SVN,2018,YR2018,1.73860862,25888.04811,8.27693176,2073894,5.24,64.15093994
Slovenia,SVN,2020,YR2020,-0.054856816,25392.06511,9.42807865,2102419,2.21,57.07546997
Slovenia,SVN,2022,YR2022,8.833698867,28373.83823,9.60507679,2112076,4.06,55.6603775
Slovenia,SVN,2024,YR2024,1.965626564,..,..,..,..,..
Solomon Islands,SLB,1960,YR1960,..,..,..,139688,..,..
Solomon Islands,SLB,1962,YR1962,..,..,..,146201,..,..
Solomon Islands,SLB,1964,YR1964,..,..,..,153085,..,..
Solomon Islands,SLB,1966,YR1966,..,..,..,160393,..,..
Solomon Islands,SLB,1968,YR1968,..,166.8880377,..,168282,..,..
Solomon Islands,SLB,1970,YR1970,..,..,..,176579,..,..
Solomon Islands,SLB,1972,YR1972,6.87754613,219.5028598,..,184994,..,..
Solomon Islands,SLB,1974,YR1974,18.85317116,433.443903,..,195041,..,..
Solomon Islands,SLB,1976,YR1976,4.255319149,401.0774169,..,207194,..,..
Solomon Islands,SLB,1978,YR1978,6.263048017,500.0582231,..,222029,..,..
Solomon Islands,SLB,1980,YR1980,13.09090909,767.8506163,..,238135,..,..
Solomon Islands,SLB,1982,YR1982,12.98342541,755.8856533,..,255200,..,..
Solomon Islands,SLB,1984,YR1984,11.04718067,664.6964405,..,273163,..,..
Solomon Islands,SLB,1986,YR1986,13.57187894,505.8218065,..,291842,..,..
Solomon Islands,SLB,1988,YR1988,16.73752657,567.0229356,..,311265,..,..
Solomon Islands,SLB,1990,YR1990,8.737592618,648.3252126,..,331435,..,..
Solomon Islands,SLB,1992,YR1992,10.75116037,763.8579685,..,352205,..,..
Solomon Islands,SLB,1994,YR1994,13.25603259,1078.041093,..,373675,..,..
Solomon Islands,SLB,1996,YR1996,11.77435639,1289.330369,..,396009,..,47.87234116
Solomon Islands,SLB,1998,YR1998,12.39950381,1091.890969,..,419071,..,52.12765884
Solomon Islands,SLB,2000,YR2000,7.88956187,953.1719014,4.82778931,440469,..,5.82010603
Solomon Islands,SLB,2002,YR2002,10.92963419,756.8902965,10.10627556,457671,..,10.58201027
Solomon Islands,SLB,2004,YR2004,6.985842027,986.081904,7.72556639,474611,..,26.21359253
Solomon Islands,SLB,2006,YR2006,11.21998702,1255.625891,8.00802231,491594,..,27.05314064
Solomon Islands,SLB,2008,YR2008,17.3200652,1525.850924,5.50856638,508790,14.75,30.76922989
Solomon Islands,SLB,2010,YR2010,1.051481633,1685.15499,4.66450787,532968,..,39.33649445
Solomon Islands,SLB,2012,YR2012,5.912006025,2066.253523,4.87760258,573606,..,36.96682358
Solomon Islands,SLB,2014,YR2014,5.165902379,2164.944239,4.89056253,616908,..,47.61904907
Solomon Islands,SLB,2016,YR2016,0.512485626,2082.62989,4.52952909,662379,23.66,49.04761887
Solomon Islands,SLB,2018,YR2018,3.46147485,2278.206339,3.86440825,709101,35.27,44.81132126
Solomon Islands,SLB,2020,YR2020,2.963549921,2063.331015,4.89478445,744498,17.91,51.88679123
Solomon Islands,SLB,2022,YR2022,5.518129286,2005.413993,4.82369328,781066,23.1,45.75471878
Solomon Islands,SLB,2024,YR2024,..,..,..,..,..,..
Somalia,SOM,1960,YR1960,..,62.73962794,..,2876331,..,..
Somalia,SOM,1962,YR1962,..,67.17023599,..,3030091,..,..
Somalia,SOM,1964,YR1964,..,71.88993994,..,3192796,..,..
Somalia,SOM,1966,YR1966,..,76.48374139,..,3365106,..,..
Somalia,SOM,1968,YR1968,..,80.84382049,..,3546590,..,..
Somalia,SOM,1970,YR1970,..,93.08284996,..,3738448,..,..
Somalia,SOM,1972,YR1972,..,113.692402,..,3939436,..,..
Somalia,SOM,1974,YR1974,..,137.8915758,..,4151842,..,..
Somalia,SOM,1976,YR1976,..,199.5835471,..,4365812,..,..
Somalia,SOM,1978,YR1978,..,117.2553451,..,4814892,..,..
Somalia,SOM,1980,YR1980,..,101.4993123,..,5936154,..,..
Somalia,SOM,1982,YR1982,..,129.0139198,..,6003840,..,..
Somalia,SOM,1984,YR1984,..,122.4932937,..,6428389,..,..
Somalia,SOM,1986,YR1986,..,131.4148597,..,6974788,..,..
Somalia,SOM,1988,YR1988,..,145.3413468,..,7235360,..,..
Somalia,SOM,1990,YR1990,..,145.6035014,..,7082811,..,..
Somalia,SOM,1992,YR1992,..,109.2049105,..,6495107,..,..
Somalia,SOM,1994,YR1994,..,210.7937796,..,7026797,..,..
Somalia,SOM,1996,YR1996,..,237.241441,..,7554474,..,0
Somalia,SOM,1998,YR1998,..,363.2000135,..,8155417,..,0
Somalia,SOM,2000,YR2000,..,386.1192744,..,8838713,..,0
Somalia,SOM,2002,YR2002,..,229.5989183,..,9550063,..,0
Somalia,SOM,2004,YR2004,..,375.4103262,..,10280998,..,0
Somalia,SOM,2006,YR2006,..,457.9966622,..,10975502,..,0
Somalia,SOM,2008,YR2008,..,507.0374433,..,11663084,..,0
Somalia,SOM,2010,YR2010,..,219.2024539,..,12261756,..,0
Somalia,SOM,2012,YR2012,..,350.2619467,..,12461160,..,0
Somalia,SOM,2014,YR2014,..,429.431656,2.71561337,13339491,..,0
Somalia,SOM,2016,YR2016,..,460.928492,2.27533841,14348740,..,0.476190478
Somalia,SOM,2018,YR2018,..,509.5258024,2.37169838,15452487,..,0.943396211
Somalia,SOM,2020,YR2020,..,518.1847785,2.24750042,16651191,..,0
Somalia,SOM,2022,YR2022,..,573.1280925,2.62183189,17801897,..,0
Somalia,SOM,2024,YR2024,..,..,..,..,..,..
South Africa,ZAF,1960,YR1960,1.288876927,532.1475043,..,16440172,..,..
South Africa,ZAF,1962,YR1962,1.2462752,563.4230088,..,17418522,..,..
South Africa,ZAF,1964,YR1964,2.534988542,645.8733757,..,18511361,..,..
South Africa,ZAF,1966,YR1966,3.489237154,721.7537594,..,19690087,..,..
South Africa,ZAF,1968,YR1968,1.986133621,817.1283406,..,20957287,..,..
South Africa,ZAF,1970,YR1970,4.991924554,952.3521881,..,22279984,..,..
South Africa,ZAF,1972,YR1972,6.425676389,1038.394075,..,23609456,..,..
South Africa,ZAF,1974,YR1974,11.72413152,1656.289056,..,24989108,..,..
South Africa,ZAF,1976,YR1976,11.02041059,1558.998247,..,26395450,..,..
South Africa,ZAF,1978,YR1978,11.13560888,1851.751913,..,27869507,..,..
South Africa,ZAF,1980,YR1980,13.66024047,3028.974476,..,29518857,..,..
South Africa,ZAF,1982,YR1982,14.63904059,2717.163887,..,31615339,..,..
South Africa,ZAF,1984,YR1984,11.52648143,2504.077368,..,33892788,..,..
South Africa,ZAF,1986,YR1986,18.65492304,2027.466204,..,36180515,..,..
South Africa,ZAF,1988,YR1988,12.77955308,2702.055048,..,38480649,5.18,..
South Africa,ZAF,1990,YR1990,14.32099189,3093.489204,..,40746268,7.19,..
South Africa,ZAF,1992,YR1992,13.87470375,3462.394002,..,42443509,..,..
South Africa,ZAF,1994,YR1994,8.938563724,3488.597115,..,44004139,..,..
South Africa,ZAF,1996,YR1996,7.354119721,3617.55336,..,45123018,7.59,18.0851059
South Africa,ZAF,1998,YR1998,6.88054521,3309.609331,..,46223880,..,14.89361668
South Africa,ZAF,2000,YR2000,5.338959136,3217.846934,7.3366189,47159719,8.4,23.28042412
South Africa,ZAF,2002,YR2002,9.494713781,2688.23676,6.67774487,48019415,6.97,24.86772537
South Africa,ZAF,2004,YR2004,-0.692039438,5221.463337,6.938416,48991421,6.71,26.21359253
South Africa,ZAF,2006,YR2006,3.243907654,6077.382934,6.87650871,49998277,6.79,33.33333206
South Africa,ZAF,2008,YR2008,9.90998456,6184.754743,7.14832258,51114599,6.08,31.25
South Africa,ZAF,2010,YR2010,4.06749556,7973.471958,7.79358244,52344051,5.75,30.80568695
South Africa,ZAF,2012,YR2012,5.737971391,8076.976785,8.00428867,53782567,5.6,35.54502487
South Africa,ZAF,2014,YR2014,6.132829531,6856.731371,7.87136555,55594838,4.24,29.04761887
South Africa,ZAF,2016,YR2016,6.602908424,5651.205852,8.07959366,57259551,4.64,27.61904716
South Africa,ZAF,2018,YR2018,4.509872649,6914.178032,8.08196545,58613001,4.45,25.47169876
South Africa,ZAF,2020,YR2020,3.232388316,5580.603831,9.01329231,60562381,4.5,23.58490562
South Africa,ZAF,2022,YR2022,7.039872725,6523.410978,8.77086639,62378410,4.63,12.73584938
South Africa,ZAF,2024,YR2024,4.361152465,..,..,..,..,..
South Sudan,SSD,1960,YR1960,..,..,..,2931559,..,..
South Sudan,SSD,1962,YR1962,..,..,..,3024308,..,..
South Sudan,SSD,1964,YR1964,..,..,..,3129918,..,..
South Sudan,SSD,1966,YR1966,..,..,..,3236423,..,..
South Sudan,SSD,1968,YR1968,..,..,..,3321528,..,..
South Sudan,SSD,1970,YR1970,..,..,..,3409614,..,..
South Sudan,SSD,1972,YR1972,..,..,..,3542497,..,..
South Sudan,SSD,1974,YR1974,..,..,..,3723259,..,..
South Sudan,SSD,1976,YR1976,..,..,..,3921910,..,..
South Sudan,SSD,1978,YR1978,..,..,..,4127657,..,..
South Sudan,SSD,1980,YR1980,..,..,..,4339030,..,..
South Sudan,SSD,1982,YR1982,..,..,..,4557686,..,..
South Sudan,SSD,1984,YR1984,..,..,..,4750627,..,..
South Sudan,SSD,1986,YR1986,..,..,..,4921240,..,..
South Sudan,SSD,1988,YR1988,..,..,..,4848029,..,..
South Sudan,SSD,1990,YR1990,..,..,..,4737633,..,..
South Sudan,SSD,1992,YR1992,..,..,..,4909749,..,..
South Sudan,SSD,1994,YR1994,..,..,..,5071184,..,..
South Sudan,SSD,1996,YR1996,..,..,..,5356925,..,..
South Sudan,SSD,1998,YR1998,..,..,..,5620068,..,..
South Sudan,SSD,2000,YR2000,..,..,..,6032267,..,..
South Sudan,SSD,2002,YR2002,..,..,..,6596806,..,..
South Sudan,SSD,2004,YR2004,..,..,..,7233041,..,..
South Sudan,SSD,2006,YR2006,..,..,..,7976526,..,..
South Sudan,SSD,2008,YR2008,..,1654.211535,..,8817647,..,..
South Sudan,SSD,2010,YR2010,1.169621803,1498.27035,..,9745953,..,..
South Sudan,SSD,2012,YR2012,45.52589784,1109.260501,..,10756240,..,5.213270187
South Sudan,SSD,2014,YR2014,1.674299063,1242.734502,..,11235073,..,0
South Sudan,SSD,2016,YR2016,379.9995856,..,..,10830102,..,0
South Sudan,SSD,2018,YR2018,83.50152949,..,10.05650043,10122977,..,0
South Sudan,SSD,2020,YR2020,29.67584355,..,9.31798267,10698467,..,0.471698105
South Sudan,SSD,2022,YR2022,-6.687320942,..,6.76125622,11021177,..,0
South Sudan,SSD,2024,YR2024,..,..,..,..,..,..
Spain,ESP,1960,YR1960,1.177771084,407.9630279,..,30455000,..,..
Spain,ESP,1962,YR1962,5.706477193,535.3910595,..,31023366,..,..
Spain,ESP,1964,YR1964,6.97924674,694.9520868,..,31609195,..,..
Spain,ESP,1966,YR1966,6.240367083,915.6292337,..,32283194,..,..
Spain,ESP,1968,YR1968,4.954366117,978.2923738,..,33113134,..,..
Spain,ESP,1970,YR1970,5.731144843,1211.423433,..,33814531,..,..
Spain,ESP,1972,YR1972,8.272287549,1707.588001,..,34604469,..,..
Spain,ESP,1974,YR1974,15.6803734,2747.960367,..,35373335,..,..
Spain,ESP,1976,YR1976,17.62488005,3276.970233,..,36137812,..,..
Spain,ESP,1978,YR1978,19.7736705,4353.327374,..,36864898,..,..
Spain,ESP,1980,YR1980,15.5619021,6204.143215,..,37491165,..,..
Spain,ESP,1982,YR1982,14.41500205,5156.023038,..,37986012,..,..
Spain,ESP,1984,YR1984,11.28027656,4486.781739,..,38330364,..,..
Spain,ESP,1986,YR1986,8.794939323,6508.850655,..,38584624,..,..
Spain,ESP,1988,YR1988,4.837270665,9696.192854,..,38766939,..,..
Spain,ESP,1990,YR1990,6.721819522,13795.01594,..,38867322,..,..
Spain,ESP,1992,YR1992,5.924531262,16100.67994,..,39157685,..,..
Spain,ESP,1994,YR1994,4.71841374,13405.70441,..,39549108,..,..
Spain,ESP,1996,YR1996,3.558845593,16100.62158,..,39889852,..,31.9148941
Spain,ESP,1998,YR1998,1.834329999,15382.33486,..,40223509,..,30.31914902
Spain,ESP,2000,YR2000,3.433515634,14743.2671,6.7992177,40567864,7.93,42.32804108
Spain,ESP,2002,YR2002,3.065656859,17111.06851,6.80052757,41431558,6.42,46.03174591
Spain,ESP,2004,YR2004,3.039248811,24925.02678,7.65047979,42921895,6.85,27.6699028
Spain,ESP,2006,YR2006,3.515575768,28421.68653,7.82905912,44397319,7.24,27.05314064
Spain,ESP,2008,YR2008,4.07534336,35603.24833,8.38225937,45954106,5.94,19.71153831
Spain,ESP,2010,YR2010,1.799864577,30658.74223,9.1189127,46576897,6.3,24.17061615
Spain,ESP,2012,YR2012,2.446127824,28456.44382,9.15596581,46773055,5.6,34.59715652
Spain,ESP,2014,YR2014,-0.151114838,29694.88749,9.08675957,46480882,5.72,42.38095093
Spain,ESP,2016,YR2016,-0.202598,26740.68518,8.94896126,46484062,5.32,49.04761887
Spain,ESP,2018,YR2018,1.674981369,30592.12648,8.9985857,46797754,5.24,44.3396225
Spain,ESP,2020,YR2020,-0.322753017,27230.35999,10.73210335,47365655,2.21,48.11320877
Spain,ESP,2022,YR2022,8.390576341,30287.36576,9.73828793,47759127,4.06,45.28302002
Spain,ESP,2024,YR2024,2.774178265,..,..,..,..,..
Sri Lanka,LKA,1960,YR1960,-1.544676806,145.9287013,..,9661389,..,..
Sri Lanka,LKA,1962,YR1962,1.503579953,141.3831978,..,10143754,..,..
Sri Lanka,LKA,1964,YR1964,3.195647176,122.941809,..,10653397,..,..
Sri Lanka,LKA,1966,YR1966,-0.15560166,156.6060322,..,11183928,..,..
Sri Lanka,LKA,1968,YR1968,5.860566449,153.4876475,..,11736088,..,..
Sri Lanka,LKA,1970,YR1970,5.866956078,186.9007918,..,12287110,..,..
Sri Lanka,LKA,1972,YR1972,6.34948605,199.3828929,..,12809205,..,..
Sri Lanka,LKA,1974,YR1974,12.3028868,268.650905,..,13305693,..,..
Sri Lanka,LKA,1976,YR1976,1.329518681,260.301495,..,13796770,..,..
Sri Lanka,LKA,1978,YR1978,12.14159728,190.9964646,..,14310128,..,..
Sri Lanka,LKA,1980,YR1980,26.1454101,271.0552901,..,14847974,..,..
Sri Lanka,LKA,1982,YR1982,10.82574917,311.9578789,..,15286567,..,..
Sri Lanka,LKA,1984,YR1984,16.63825375,391.3696176,..,15441860,..,..
Sri Lanka,LKA,1986,YR1986,7.976361936,407.1646005,..,15731256,..,..
Sri Lanka,LKA,1988,YR1988,13.9915489,434.0155528,..,16078621,..,..
Sri Lanka,LKA,1990,YR1990,21.49525205,491.2136862,..,16352458,35.05,..
Sri Lanka,LKA,1992,YR1992,11.38343705,579.6551176,..,16739284,..,..
Sri Lanka,LKA,1994,YR1994,8.448712487,678.268012,..,17275773,34.1,..
Sri Lanka,LKA,1996,YR1996,15.93583104,776.1923711,..,17905018,..,2.127659559
Sri Lanka,LKA,1998,YR1998,9.364243007,849.3746128,..,18596003,20.88,3.723404169
Sri Lanka,LKA,2000,YR2000,6.17627591,846.4608133,4.10818672,19293054,17.65,0
Sri Lanka,LKA,2002,YR2002,9.55103167,834.9360149,4.03715754,19805752,..,13.75661373
Sri Lanka,LKA,2004,YR2004,7.57592583,1028.620681,4.03912592,20087605,17.23,7.766990185
Sri Lanka,LKA,2006,YR2006,10.02018361,1389.506256,3.85019565,20352411,18.06,5.314009666
Sri Lanka,LKA,2008,YR2008,22.56449553,1973.584769,3.85482955,20629378,18.17,1.923076868
Sri Lanka,LKA,2010,YR2010,6.217648893,2808.367792,3.7414515,20879089,18.66,9.952606201
Sri Lanka,LKA,2012,YR2012,7.542913732,3327.776124,3.30659294,21169458,20.82,15.63981056
Sri Lanka,LKA,2014,YR2014,3.179002282,3971.919131,3.46786141,20778000,18.4,23.80952454
Sri Lanka,LKA,2016,YR2016,3.958888466,4149.761055,3.61788416,21209000,..,32.8571434
Sri Lanka,LKA,2018,YR2018,2.135037737,4360.584735,3.6418879,21670000,42.05,28.77358437
Sri Lanka,LKA,2020,YR2020,6.153945084,3846.174496,4.06134748,21919000,21.21,27.83018875
Sri Lanka,LKA,2022,YR2022,49.72110211,3342.719896,4.36269855,22181000,..,12.73584938
Sri Lanka,LKA,2024,YR2024,-0.429360049,..,..,..,..,..
St. Kitts and Nevis,KNA,1960,YR1960,..,221.5845861,..,55810,..,..
St. Kitts and Nevis,KNA,1962,YR1962,..,230.2865411,..,54461,..,..
St. Kitts and Nevis,KNA,1964,YR1964,..,256.4047152,..,52326,..,..
St. Kitts and Nevis,KNA,1966,YR1966,..,289.9731087,..,49898,..,..
St. Kitts and Nevis,KNA,1968,YR1968,..,309.0274103,..,47245,..,..
St. Kitts and Nevis,KNA,1970,YR1970,..,365.4216921,..,44606,..,..
St. Kitts and Nevis,KNA,1972,YR1972,..,521.0830313,..,44033,..,..
St. Kitts and Nevis,KNA,1974,YR1974,..,720.5372058,..,43738,..,..
St. Kitts and Nevis,KNA,1976,YR1976,..,692.1393288,..,43482,..,..
St. Kitts and Nevis,KNA,1978,YR1978,..,1143.840001,..,43217,..,..
St. Kitts and Nevis,KNA,1980,YR1980,17.7366548,1597.648991,..,42850,..,..
St. Kitts and Nevis,KNA,1982,YR1982,5.927222982,2022.529442,..,42532,..,..
St. Kitts and Nevis,KNA,1984,YR1984,2.714904705,2341.407729,..,42113,..,..
St. Kitts and Nevis,KNA,1986,YR1986,-0.006685534,3140.112095,..,41618,..,..
St. Kitts and Nevis,KNA,1988,YR1988,0.232525034,4205.654683,..,41062,..,..
St. Kitts and Nevis,KNA,1990,YR1990,4.010984078,5373.44824,..,40432,..,..
St. Kitts and Nevis,KNA,1992,YR1992,2.858446725,5947.121136,..,40715,..,..
St. Kitts and Nevis,KNA,1994,YR1994,1.442269588,7065.28292,..,41776,..,..
St. Kitts and Nevis,KNA,1996,YR1996,2.086573852,7788.428399,..,42877,22.46,..
St. Kitts and Nevis,KNA,1998,YR1998,3.44635866,8710.789841,..,43998,..,..
St. Kitts and Nevis,KNA,2000,YR2000,2.148855327,9319.655451,4.79933786,45248,15.9,..
St. Kitts and Nevis,KNA,2002,YR2002,2.041091026,10453.65871,4.45210552,46020,17.4,..
St. Kitts and Nevis,KNA,2004,YR2004,2.314554622,10944.61837,4.49067402,46315,..,74.75727844
St. Kitts and Nevis,KNA,2006,YR2006,8.487485758,13837.84953,4.98203421,46569,14.32,65.70048523
St. Kitts and Nevis,KNA,2008,YR2008,5.300296751,16604.94486,5.30566025,46835,12.25,57.69230652
St. Kitts and Nevis,KNA,2010,YR2010,0.85087865,16622.94579,5.2136941,46846,13.11,62.55924225
St. Kitts and Nevis,KNA,2012,YR2012,0.816089282,17532.0559,5.01447868,47033,14.97,63.03317642
St. Kitts and Nevis,KNA,2014,YR2014,0.247865392,20219.39542,4.75037622,47089,12.46,52.8571434
St. Kitts and Nevis,KNA,2016,YR2016,-0.687037123,21387.54155,5.42923307,47075,12.59,52.8571434
St. Kitts and Nevis,KNA,2018,YR2018,-1.037122141,22901.38164,4.89536953,47008,22.89,55.6603775
St. Kitts and Nevis,KNA,2020,YR2020,-1.167245018,18859.01904,5.66188908,46870,10.87,61.320755
St. Kitts and Nevis,KNA,2022,YR2022,2.668175331,21011.57442,5.56801701,46709,..,61.320755
St. Kitts and Nevis,KNA,2024,YR2024,..,..,..,..,..,..
St. Lucia,LCA,1960,YR1960,..,..,..,92585,..,..
St. Lucia,LCA,1962,YR1962,..,..,..,94505,..,..
St. Lucia,LCA,1964,YR1964,..,..,..,96505,..,..
St. Lucia,LCA,1966,YR1966,2.479008397,..,..,98463,..,..
St. Lucia,LCA,1968,YR1968,3.969454105,..,..,100675,..,..
St. Lucia,LCA,1970,YR1970,13.39876253,..,..,103165,..,..
St. Lucia,LCA,1972,YR1972,7.880576289,..,..,106002,..,..
St. Lucia,LCA,1974,YR1974,34.22060423,..,..,109076,..,..
St. Lucia,LCA,1976,YR1976,9.669119847,..,..,112425,..,..
St. Lucia,LCA,1978,YR1978,10.87751829,..,..,115834,..,..
St. Lucia,LCA,1980,YR1980,19.47772911,1428.203289,..,119290,..,..
St. Lucia,LCA,1982,YR1982,4.614067499,1489.461384,..,123087,..,..
St. Lucia,LCA,1984,YR1984,1.205484104,1979.12504,..,127067,..,..
St. Lucia,LCA,1986,YR1986,2.190258254,2590.693315,..,131239,..,..
St. Lucia,LCA,1988,YR1988,0.829472426,3182.441701,..,135000,..,..
St. Lucia,LCA,1990,YR1990,4.267556629,4204.571619,..,137857,..,..
St. Lucia,LCA,1992,YR1992,5.138897799,4759.838678,..,141617,..,..
St. Lucia,LCA,1994,YR1994,2.815916652,4892.067336,..,145890,..,..
St. Lucia,LCA,1996,YR1996,0.92484261,5244.016651,..,150436,22.65,47.87234116
St. Lucia,LCA,1998,YR1998,3.201943417,5672.513738,..,154677,..,27.65957451
St. Lucia,LCA,2000,YR2000,3.710786087,5879.561914,4.86549902,158616,21.61,57.67195892
St. Lucia,LCA,2002,YR2002,-0.255536627,5567.894284,5.38887024,161641,17.46,25.39682579
St. Lucia,LCA,2004,YR2004,1.460368144,6494.600349,4.76760817,164239,..,69.41747284
St. Lucia,LCA,2006,YR2006,2.395620825,7611.178567,5.1270175,166639,12.32,54.10628128
St. Lucia,LCA,2008,YR2008,5.549547694,8516.960755,5.09061956,168808,..,49.03845978
St. Lucia,LCA,2010,YR2010,3.250344092,8673.687203,5.12090254,170906,18.65,53.55450058
St. Lucia,LCA,2012,YR2012,4.177635871,9260.300066,4.9241581,172587,14.1,60.1895752
St. Lucia,LCA,2014,YR2014,3.516955514,10044.82184,4.62322617,174138,12.88,59.52381134
St. Lucia,LCA,2016,YR2016,-3.078217657,10638.1902,4.44097996,175646,13.89,65.23809814
St. Lucia,LCA,2018,YR2018,1.935618932,11642.74032,4.17934036,177017,..,65.09433746
St. Lucia,LCA,2020,YR2020,-1.755808335,8411.199418,6.75983715,178250,15.27,59.90565872
St. Lucia,LCA,2022,YR2022,6.378146951,13103.76217,5.01938295,178781,..,66.50943756
St. Lucia,LCA,2024,YR2024,..,..,..,..,..,..
St. Martin (French part),MAF,1960,YR1960,..,..,..,4250,..,..
St. Martin (French part),MAF,1962,YR1962,..,..,..,4527,..,..
St. Martin (French part),MAF,1964,YR1964,..,..,..,4827,..,..
St. Martin (French part),MAF,1966,YR1966,..,..,..,5213,..,..
St. Martin (French part),MAF,1968,YR1968,..,..,..,5693,..,..
St. Martin (French part),MAF,1970,YR1970,..,..,..,6047,..,..
St. Martin (French part),MAF,1972,YR1972,..,..,..,6409,..,..
St. Martin (French part),MAF,1974,YR1974,..,..,..,6801,..,..
St. Martin (French part),MAF,1976,YR1976,..,..,..,7303,..,..
St. Martin (French part),MAF,1978,YR1978,..,..,..,7822,..,..
St. Martin (French part),MAF,1980,YR1980,..,..,..,8288,..,..
St. Martin (French part),MAF,1982,YR1982,..,..,..,9494,..,..
St. Martin (French part),MAF,1984,YR1984,..,..,..,13733,..,..
St. Martin (French part),MAF,1986,YR1986,..,..,..,18558,..,..
St. Martin (French part),MAF,1988,YR1988,..,..,..,23749,..,..
St. Martin (French part),MAF,1990,YR1990,..,..,..,28224,..,..
St. Martin (French part),MAF,1992,YR1992,..,..,..,29081,..,..
St. Martin (French part),MAF,1994,YR1994,..,..,..,29413,..,..
St. Martin (French part),MAF,1996,YR1996,..,..,..,29443,..,..
St. Martin (French part),MAF,1998,YR1998,..,..,..,29107,..,..
St. Martin (French part),MAF,2000,YR2000,..,..,..,29996,..,..
St. Martin (French part),MAF,2002,YR2002,..,..,..,31604,..,..
St. Martin (French part),MAF,2004,YR2004,..,..,..,33171,..,..
St. Martin (French part),MAF,2006,YR2006,..,..,..,34658,..,..
St. Martin (French part),MAF,2008,YR2008,..,..,..,35958,..,..
St. Martin (French part),MAF,2010,YR2010,..,..,..,36856,..,..
St. Martin (French part),MAF,2012,YR2012,..,..,..,37276,..,..
St. Martin (French part),MAF,2014,YR2014,..,20638.77059,..,37450,..,..
St. Martin (French part),MAF,2016,YR2016,..,..,..,37175,..,..
St. Martin (French part),MAF,2018,YR2018,..,..,..,36012,..,..
St. Martin (French part),MAF,2020,YR2020,..,..,..,31786,..,..
St. Martin (French part),MAF,2022,YR2022,..,..,..,28870,..,..
St. Martin (French part),MAF,2024,YR2024,..,..,..,..,..,..
St. Vincent and the Grenadines,VCT,1960,YR1960,..,154.8399535,..,84388,..,..
St. Vincent and the Grenadines,VCT,1962,YR1962,..,166.5019452,..,87236,..,..
St. Vincent and the Grenadines,VCT,1964,YR1964,..,164.4396755,..,89749,..,..
St. Vincent and the Grenadines,VCT,1966,YR1966,..,174.9007056,..,92052,..,..
St. Vincent and the Grenadines,VCT,1968,YR1968,..,163.0844746,..,94123,..,..
St. Vincent and the Grenadines,VCT,1970,YR1970,..,192.2595973,..,95964,..,..
St. Vincent and the Grenadines,VCT,1972,YR1972,..,282.0922882,..,97790,..,..
St. Vincent and the Grenadines,VCT,1974,YR1974,..,330.7053591,..,99556,..,..
St. Vincent and the Grenadines,VCT,1976,YR1976,11.28898262,324.0495734,..,101197,..,..
St. Vincent and the Grenadines,VCT,1978,YR1978,8.429528103,592.0191825,..,102775,..,..
St. Vincent and the Grenadines,VCT,1980,YR1980,17.207475,790.1158169,..,104213,..,..
St. Vincent and the Grenadines,VCT,1982,YR1982,7.228256622,1073.513984,..,105969,..,..
St. Vincent and the Grenadines,VCT,1984,YR1984,2.701955636,1253.865256,..,107687,..,..
St. Vincent and the Grenadines,VCT,1986,YR1986,1.027667984,1471.862965,..,109281,..,..
St. Vincent and the Grenadines,VCT,1988,YR1988,0.227229691,1813.937651,..,110658,..,..
St. Vincent and the Grenadines,VCT,1990,YR1990,7.606099577,2149.739444,..,111812,..,..
St. Vincent and the Grenadines,VCT,1992,YR1992,3.463530427,2470.518408,..,112509,..,..
St. Vincent and the Grenadines,VCT,1994,YR1994,1.008949553,2563.249766,..,112918,..,..
St. Vincent and the Grenadines,VCT,1996,YR1996,4.407901138,2930.443947,..,113119,22.25,47.87234116
St. Vincent and the Grenadines,VCT,1998,YR1998,2.142406473,3301.100181,..,113180,..,52.12765884
St. Vincent and the Grenadines,VCT,2000,YR2000,0.167679637,3768.955366,3.97939277,113545,21.34,57.67195892
St. Vincent and the Grenadines,VCT,2002,YR2002,1.85550399,4303.279768,4.07769632,113347,19.13,25.39682579
St. Vincent and the Grenadines,VCT,2004,YR2004,2.960039467,4873.489477,3.8658421,112835,..,62.13592148
St. Vincent and the Grenadines,VCT,2006,YR2006,2.740675161,5744.827862,3.65356708,112014,13.64,61.35265732
St. Vincent and the Grenadines,VCT,2008,YR2008,10.06624182,6598.905315,3.88194203,111028,..,55.28845978
St. Vincent and the Grenadines,VCT,2010,YR2010,0.747109026,6551.96836,4.30325222,109959,18.71,53.55450058
St. Vincent and the Grenadines,VCT,2012,YR2012,2.598444141,6713.807686,4.45042276,108736,15.51,61.6113739
St. Vincent and the Grenadines,VCT,2014,YR2014,0.193858561,7168.828753,4.17631912,107535,..,59.52381134
St. Vincent and the Grenadines,VCT,2016,YR2016,-0.149641648,7656.900429,4.09573793,106349,15.57,65.23809814
St. Vincent and the Grenadines,VCT,2018,YR2018,2.324144854,8428.126772,4.25346231,104926,15.72,60.84905624
St. Vincent and the Grenadines,VCT,2020,YR2020,-0.628131309,8395.099889,4.8395834,103526,15.65,64.62264252
St. Vincent and the Grenadines,VCT,2022,YR2022,5.660097792,9471.146273,4.68767738,102046,17.85,66.50943756
St. Vincent and the Grenadines,VCT,2024,YR2024,3.627707369,..,..,..,..,..
Sudan,SDN,1960,YR1960,0.092240286,99.71311951,..,8364489,..,..
Sudan,SDN,1962,YR1962,1.662871366,111.2134552,..,8919028,..,..
Sudan,SDN,1964,YR1964,3.950838434,109.6500778,..,9531109,..,..
Sudan,SDN,1966,YR1966,1.712463199,110.5025711,..,10197578,..,..
Sudan,SDN,1968,YR1968,-10.03389536,117.8249359,..,10917999,..,..
Sudan,SDN,1970,YR1970,4.02779565,139.0384827,..,11695771,..,..
Sudan,SDN,1972,YR1972,13.55475071,154.5115814,..,12527856,..,..
Sudan,SDN,1974,YR1974,26.1581023,228.787323,..,13580723,..,..
Sudan,SDN,1976,YR1976,1.674884264,325.1856079,..,14569716,..,..
Sudan,SDN,1978,YR1978,19.2304044,410.0720825,..,15695003,..,..
Sudan,SDN,1980,YR1980,25.35236901,418.3487854,..,17058905,..,..
Sudan,SDN,1982,YR1982,25.71287975,378.9453735,..,18486645,..,..
Sudan,SDN,1984,YR1984,34.14634146,429.9933777,..,19546528,..,..
Sudan,SDN,1986,YR1986,24.45349013,400.3335571,..,20288238,..,..
Sudan,SDN,1988,YR1988,64.7005631,553.0786133,..,21138431,..,..
Sudan,SDN,1990,YR1990,65.158098,1257.1875,..,22021481,..,..
Sudan,SDN,1992,YR1992,117.6244689,252.6100922,..,22927355,..,..
Sudan,SDN,1994,YR1994,115.3981443,439.420929,..,24043948,..,..
Sudan,SDN,1996,YR1996,132.8237774,294.8269653,..,25231528,11.17,0
Sudan,SDN,1998,YR1998,24.62187855,350.7028809,..,26458999,..,0
Sudan,SDN,2000,YR2000,7.121258972,362.1168823,3.60664487,27816745,..,0
Sudan,SDN,2002,YR2002,22.22472415,506.2626343,3.30010891,29228727,29.72,0
Sudan,SDN,2004,YR2004,9.657546286,705.1133423,4.15593481,30556637,..,3.398058176
Sudan,SDN,2006,YR2006,7.199129901,1132.474609,4.88544321,31992435,14.07,0.483091801
Sudan,SDN,2008,YR2008,14.29712245,1527.582397,5.42313576,33623980,16.95,0
Sudan,SDN,2010,YR2010,12.97766639,1305.635986,5.05810165,35414399,15.92,0
Sudan,SDN,2012,YR2012,35.55905741,1019.222107,5.68827009,36923178,14.54,0.947867274
Sudan,SDN,2014,YR2014,36.90664279,1275.438354,5.67619705,38823318,..,0
Sudan,SDN,2016,YR2016,17.75025383,1033.215942,5.68438482,41259892,..,0.476190478
Sudan,SDN,2018,YR2018,63.29250735,731.0274658,4.46358299,44230596,..,3.301886797
Sudan,SDN,2020,YR2020,163.2577824,577.7952271,3.00965381,46789231,0,3.773584843
Sudan,SDN,2022,YR2022,138.8084602,1046.240845,4.61874437,49383346,..,1.415094376
Sudan,SDN,2024,YR2024,..,..,..,..,..,..
Suriname,SUR,1960,YR1960,2.857142857,377.5793997,..,263918,..,..
Suriname,SUR,1962,YR1962,2.100840336,409.1056384,..,283912,..,..
Suriname,SUR,1964,YR1964,4.233870968,434.893752,..,309041,..,..
Suriname,SUR,1966,YR1966,4.743833017,574.8410769,..,331135,..,..
Suriname,SUR,1968,YR1968,0.163666121,680.5953482,..,354616,..,..
Suriname,SUR,1970,YR1970,2.588042588,724.4849015,..,379442,..,..
Suriname,SUR,1972,YR1972,3.234286625,784.951675,..,397413,..,..
Suriname,SUR,1974,YR1974,16.87619568,1041.084547,..,393676,..,..
Suriname,SUR,1976,YR1976,10.06953803,1301.865363,..,388289,..,..
Suriname,SUR,1978,YR1978,8.823529412,1927.906014,..,381502,..,..
Suriname,SUR,1980,YR1980,14.10970645,2117.870834,..,375377,..,..
Suriname,SUR,1982,YR1982,7.276408618,2429.923915,..,376555,..,..
Suriname,SUR,1984,YR1984,3.688744528,2260.63795,..,382193,..,..
Suriname,SUR,1986,YR1986,18.68796069,2271.047333,..,392330,..,..
Suriname,SUR,1988,YR1988,7.313287808,2886.429802,..,402227,..,..
Suriname,SUR,1990,YR1990,21.73994434,941.5917361,..,412493,..,..
Suriname,SUR,1992,YR1992,43.66617839,968.8952535,..,417589,..,..
Suriname,SUR,1994,YR1994,368.4780687,1433.542557,..,422375,..,..
Suriname,SUR,1996,YR1996,-0.701887251,1962.884958,..,438830,25.1,37.76595688
Suriname,SUR,1998,YR1998,18.9753692,2428.58642,..,457406,..,43.61701965
Suriname,SUR,2000,YR2000,59.40168655,1988.221729,5.87092161,476643,23.23,31.21693039
Suriname,SUR,2002,YR2002,15.52739892,2202.340682,5.32991552,496551,..,41.79894257
Suriname,SUR,2004,YR2004,9.98632512,2887.772173,5.4608078,513923,..,36.40776825
Suriname,SUR,2006,YR2006,11.28130433,5002.657987,5.85598755,524997,..,29.46859932
Suriname,SUR,2008,YR2008,14.66714274,6576.085463,4.74699593,537245,..,30.76922989
Suriname,SUR,2010,YR2010,6.941082216,7943.604828,4.6978569,549923,18.23,33.175354
Suriname,SUR,2012,YR2012,5.006863194,8851.240507,4.28435707,562633,15.41,36.96682358
Suriname,SUR,2014,YR2014,3.383412727,9108.189054,4.52127838,575373,..,42.38095093
Suriname,SUR,2016,YR2016,55.41238798,5644.206106,5.99283743,587757,..,38.09523773
Suriname,SUR,2018,YR2018,..,6665.741805,6.68946934,599513,15.73,35.84905624
Suriname,SUR,2020,YR2020,34.88978431,4755.392217,6.67584229,612317,16.79,48.11320877
Suriname,SUR,2022,YR2022,52.44602728,6084.438767,5.91760969,623164,15.79,46.22641373
Suriname,SUR,2024,YR2024,16.22961591,..,..,..,..,..
Sweden,SWE,1960,YR1960,4.141779151,2128.388844,..,7484656,..,..
Sweden,SWE,1962,YR1962,4.766197219,2485.494147,..,7561588,..,..
Sweden,SWE,1964,YR1964,3.387662311,2961.062832,..,7661354,..,..
Sweden,SWE,1966,YR1966,6.404808253,3477.937313,..,7807797,..,..
Sweden,SWE,1968,YR1968,1.943125825,3953.12834,..,7912273,..,..
Sweden,SWE,1970,YR1970,7.016358851,4729.40501,..,8042801,..,..
Sweden,SWE,1972,YR1972,6.007389699,6018.459632,..,8122300,..,..
Sweden,SWE,1974,YR1974,9.911725301,8078.278768,..,8159955,..,..
Sweden,SWE,1976,YR1976,10.24922465,10852.64383,..,8222286,..,..
Sweden,SWE,1978,YR1978,9.995265417,12602.3664,..,8275599,..,..
Sweden,SWE,1980,YR1980,13.70632236,17073.24066,..,8310531,..,..
Sweden,SWE,1982,YR1982,8.58918509,13719.2114,..,8325263,..,..
Sweden,SWE,1984,YR1984,8.04424239,13080.18039,..,8336605,..,..
Sweden,SWE,1986,YR1986,4.235910111,17955.15715,..,8369829,..,..
Sweden,SWE,1988,YR1988,5.824898684,24499.40532,..,8436489,0.94,..
Sweden,SWE,1990,YR1990,10.36655339,30549.66928,..,8558835,..,..
Sweden,SWE,1992,YR1992,2.374367251,32753.8047,..,8668067,..,..
Sweden,SWE,1994,YR1994,2.158138007,26045.81489,..,8780745,..,..
Sweden,SWE,1996,YR1996,0.533131979,33022.56495,..,8840998,..,73.93617249
Sweden,SWE,1998,YR1998,-0.267132668,30605.62272,..,8850974,..,73.93617249
Sweden,SWE,2000,YR2000,0.899143734,29632.77361,7.32689953,8872109,7.93,76.71957397
Sweden,SWE,2002,YR2002,2.158482136,29957.93877,8.21006203,8924958,6.42,82.53968048
Sweden,SWE,2004,YR2004,0.373659829,42758.20155,8.1296196,8993531,6.85,77.66990662
Sweden,SWE,2006,YR2006,1.360214686,46531.60011,8.05226612,9080505,7.24,74.87922668
Sweden,SWE,2008,YR2008,3.437049106,55817.43927,8.20824242,9219637,5.94,70.19230652
Sweden,SWE,2010,YR2010,1.157988027,52542.82741,8.31963825,9378126,6.3,70.1421814
Sweden,SWE,2012,YR2012,0.888377507,57749.82513,10.7351532,9519374,5.6,72.98577881
Sweden,SWE,2014,YR2014,-0.179638494,59583.714,10.9479475,9696110,5.72,70.47618866
Sweden,SWE,2016,YR2016,0.984269245,51820.39725,10.85240364,9923085,5.32,68.09523773
Sweden,SWE,2018,YR2018,1.953535301,54181.90698,10.94106293,10175214,5.24,64.62264252
Sweden,SWE,2020,YR2020,0.497367319,52653.75659,11.33296967,10353442,2.21,66.98113251
Sweden,SWE,2022,YR2022,8.369290989,55296.93715,10.49857044,10486941,4.06,63.679245
Sweden,SWE,2024,YR2024,2.835816582,..,..,..,..,..
Switzerland,CHE,1960,YR1960,1.438794703,1954.311321,..,5327827,..,..
Switzerland,CHE,1962,YR1962,4.315992878,2330.477365,..,5573815,..,..
Switzerland,CHE,1964,YR1964,3.080556871,2734.93009,..,5789228,..,..
Switzerland,CHE,1966,YR1966,4.775979596,3044.845604,..,5918002,..,..
Switzerland,CHE,1968,YR1968,2.39582227,3413.493582,..,6067714,..,..
Switzerland,CHE,1970,YR1970,3.615986786,4044.420682,..,6180877,..,..
Switzerland,CHE,1972,YR1972,6.660007042,5884.775241,..,6260956,..,..
Switzerland,CHE,1974,YR1974,9.767414319,9004.788599,..,6341405,..,..
Switzerland,CHE,1976,YR1976,1.715476323,10864.97123,..,6302504,..,..
Switzerland,CHE,1978,YR1978,1.028792895,16282.19325,..,6281738,..,..
Switzerland,CHE,1980,YR1980,4.022500848,19393.88055,..,6319408,..,..
Switzerland,CHE,1982,YR1982,5.655101824,17999.96926,..,6391309,..,..
Switzerland,CHE,1984,YR1984,2.931456691,16991.24588,..,6441865,..,..
Switzerland,CHE,1986,YR1986,0.750309839,24459.85363,..,6504124,..,..
Switzerland,CHE,1988,YR1988,1.872468597,32690.43027,..,6593386,..,..
Switzerland,CHE,1990,YR1990,5.403959092,39574.53981,..,6715519,18.42,..
Switzerland,CHE,1992,YR1992,4.037030208,40713.68815,..,6875364,..,..
Switzerland,CHE,1994,YR1994,0.852116995,43091.7771,..,6993795,..,..
Switzerland,CHE,1996,YR1996,0.811634065,48092.6433,..,7071850,28.02,73.93617249
Switzerland,CHE,1998,YR1998,0.017938438,42680.58673,..,7110001,21.72,76.06382751
Switzerland,CHE,2000,YR2000,1.558529197,38865.02194,9.13442421,7184250,22.31,81.48148346
Switzerland,CHE,2002,YR2002,0.642711507,42458.73847,9.88000107,7284753,20.62,83.59788513
Switzerland,CHE,2004,YR2004,0.802908731,54659.45715,10.22576523,7389625,20.38,73.30097198
Switzerland,CHE,2006,YR2006,1.059509283,59011.03246,9.5802002,7483934,29.15,72.46376801
Switzerland,CHE,2008,YR2008,2.426041171,74175.19279,9.53167725,7647675,17.55,73.07691956
Switzerland,CHE,2010,YR2010,0.688238707,76531.37294,10.00535202,7824909,15.36,76.7772522
Switzerland,CHE,2012,YR2012,-0.692552018,85836.20768,10.34784985,7996861,19.25,86.25592041
Switzerland,CHE,2014,YR2014,-0.013202539,88724.99094,10.69967365,8188649,18.38,89.04762268
Switzerland,CHE,2016,YR2016,-0.434618664,82153.07454,11.2294054,8373338,19.67,79.04762268
Switzerland,CHE,2018,YR2018,0.936335464,85217.36915,11.19891071,8514329,25.37,83.01886749
Switzerland,CHE,2020,YR2020,-0.725874933,85897.78433,12.00404072,8638167,19.87,72.64151001
Switzerland,CHE,2022,YR2022,2.835027986,93245.79521,11.70653343,8777088,15.82,73.11320496
Switzerland,CHE,2024,YR2024,1.06234042,..,..,..,..,..
Syrian Arab Republic,SYR,1960,YR1960,5.118909513,183.5250697,..,4673500,..,..
Syrian Arab Republic,SYR,1962,YR1962,-3.846153846,223.9342091,..,4959340,..,..
Syrian Arab Republic,SYR,1964,YR1964,5.396565822,254.2175271,..,5269087,..,..
Syrian Arab Republic,SYR,1966,YR1966,3.793381759,239.307596,..,5609047,..,..
Syrian Arab Republic,SYR,1968,YR1968,2.848794741,293.330341,..,5978742,..,..
Syrian Arab Republic,SYR,1970,YR1970,4.637681159,335.4513668,..,6380609,..,..
Syrian Arab Republic,SYR,1972,YR1972,2.098360656,448.2377586,..,6826024,..,..
Syrian Arab Republic,SYR,1974,YR1974,15.52828175,706.5795802,..,7302160,..,..
Syrian Arab Republic,SYR,1976,YR1976,11.42857143,976.4892402,..,7817320,..,..
Syrian Arab Republic,SYR,1978,YR1978,4.809160305,1107.783045,..,8372759,..,..
Syrian Arab Republic,SYR,1980,YR1980,19.2964124,1458.239764,..,8957663,..,..
Syrian Arab Republic,SYR,1982,YR1982,14.30332922,1702.680625,..,9572511,..,..
Syrian Arab Republic,SYR,1984,YR1984,9.229518195,1706.219448,..,10258398,..,..
Syrian Arab Republic,SYR,1986,YR1986,36.06349206,1208.160843,..,11002844,..,..
Syrian Arab Republic,SYR,1988,YR1988,34.56221198,897.7087634,..,11782264,..,..
Syrian Arab Republic,SYR,1990,YR1990,19.39686722,978.489617,..,12579208,..,..
Syrian Arab Republic,SYR,1992,YR1992,11.00917431,990.1382512,..,13385571,..,..
Syrian Arab Republic,SYR,1994,YR1994,15.32846715,712.3877166,..,14208583,..,..
Syrian Arab Republic,SYR,1996,YR1996,8.249890099,918.1958574,..,15018104,..,19.14893532
Syrian Arab Republic,SYR,1998,YR1998,-0.797165633,960.8375049,..,15820413,..,26.06382942
Syrian Arab Republic,SYR,2000,YR2000,-3.846153846,1138.188485,4.55400705,16637888,..,23.28042412
Syrian Arab Republic,SYR,2002,YR2002,-0.130505282,1183.247345,4.94717073,17468332,14.42,39.15343857
Syrian Arab Republic,SYR,2004,YR2004,4.433141367,1368.114823,4.47935343,18336875,..,21.84465981
Syrian Arab Republic,SYR,2006,YR2006,10.02411054,1718.783472,3.77771473,19637022,..,25.12077332
Syrian Arab Republic,SYR,2008,YR2008,15.74532522,2429.124771,3.39762759,21636564,..,20.19230843
Syrian Arab Republic,SYR,2010,YR2010,4.397413832,2730.614771,3.22704148,22482421,9.91,12.32227516
Syrian Arab Republic,SYR,2012,YR2012,36.70229534,1897.66115,3.0471952,22759763,..,0
Syrian Arab Republic,SYR,2014,YR2014,10.92711418,1060.591059,4.01812267,20273659,..,0
Syrian Arab Republic,SYR,2016,YR2016,47.70516153,656.3490586,3.73849273,19193834,..,0
Syrian Arab Republic,SYR,2018,YR2018,0.940983844,1098.066864,3.86612964,19577845,..,0
Syrian Arab Republic,SYR,2020,YR2020,..,572.3552898,3.71555972,21049429,8.61,0
Syrian Arab Republic,SYR,2022,YR2022,..,1051.671496,4.15098715,22462173,..,0
Syrian Arab Republic,SYR,2024,YR2024,..,..,..,..,..,..
Tajikistan,TJK,1960,YR1960,..,..,..,2112131,..,..
Tajikistan,TJK,1962,YR1962,..,..,..,2255026,..,..
Tajikistan,TJK,1964,YR1964,..,..,..,2411260,..,..
Tajikistan,TJK,1966,YR1966,..,..,..,2577184,..,..
Tajikistan,TJK,1968,YR1968,..,..,..,2753848,..,..
Tajikistan,TJK,1970,YR1970,..,..,..,2936779,..,..
Tajikistan,TJK,1972,YR1972,..,..,..,3123691,..,..
Tajikistan,TJK,1974,YR1974,..,..,..,3324499,..,..
Tajikistan,TJK,1976,YR1976,..,..,..,3540076,..,..
Tajikistan,TJK,1978,YR1978,..,..,..,3768508,..,..
Tajikistan,TJK,1980,YR1980,..,..,..,3995256,..,..
Tajikistan,TJK,1982,YR1982,..,..,..,4227171,..,..
Tajikistan,TJK,1984,YR1984,..,..,..,4480026,..,..
Tajikistan,TJK,1986,YR1986,..,..,..,4772139,..,..
Tajikistan,TJK,1988,YR1988,..,..,..,5114989,..,..
Tajikistan,TJK,1990,YR1990,..,487.0361287,..,5398768,..,..
Tajikistan,TJK,1992,YR1992,..,337.8331455,..,5649400,..,..
Tajikistan,TJK,1994,YR1994,..,261.2712545,..,5825368,..,..
Tajikistan,TJK,1996,YR1996,..,172.0350887,..,6066523,..,0
Tajikistan,TJK,1998,YR1998,..,213.7491456,..,6176397,..,0
Tajikistan,TJK,2000,YR2000,..,136.9257164,4.26492405,6284735,..,0.529100537
Tajikistan,TJK,2002,YR2002,12.24998478,186.9516383,4.43647242,6531669,..,5.291005135
Tajikistan,TJK,2004,YR2004,7.141965087,305.7451586,4.79911184,6790547,..,4.368932247
Tajikistan,TJK,2006,YR2006,10.01086519,401.0184033,5.03254795,7057566,7.11,5.314009666
Tajikistan,TJK,2008,YR2008,20.47052191,703.3273759,5.91206694,7338403,..,11.53846169
Tajikistan,TJK,2010,YR2010,6.445314408,737.3388832,5.73543453,7652141,4.4,9.004739761
Tajikistan,TJK,2012,YR2012,5.83116601,952.4528197,5.98185873,8014084,4.61,6.161137581
Tajikistan,TJK,2014,YR2014,6.104427651,1081.544029,6.6654973,8425552,4.86,12.38095284
Tajikistan,TJK,2016,YR2016,6.004580823,788.7104817,6.96349716,8865631,5.2,10.95238113
Tajikistan,TJK,2018,YR2018,..,834.2884046,7.01381588,9307333,..,12.26415062
Tajikistan,TJK,2020,YR2020,..,834.3117155,8.8903532,9749310,4.18,15.56603813
Tajikistan,TJK,2022,YR2022,..,1052.179495,7.62917423,10182222,..,12.73584938
Tajikistan,TJK,2024,YR2024,..,..,..,..,..,..
Tanzania,TZA,1960,YR1960,..,275.2960205,..,9901419,..,..
Tanzania,TZA,1962,YR1962,..,303.9974365,..,10487756,..,..
Tanzania,TZA,1964,YR1964,..,346.3018188,..,11127826,..,..
Tanzania,TZA,1966,YR1966,9.777015439,380.4979248,..,11827459,..,..
Tanzania,TZA,1968,YR1968,15.5988858,399.3016357,..,12602076,..,..
Tanzania,TZA,1970,YR1970,3.492884864,217.2356415,..,13492677,..,..
Tanzania,TZA,1972,YR1972,7.63540921,246.5462952,..,14479308,..,..
Tanzania,TZA,1974,YR1974,19.59839357,328.7835999,..,15561630,..,..
Tanzania,TZA,1976,YR1976,6.859350027,397.5427551,..,16736211,..,..
Tanzania,TZA,1978,YR1978,6.575,529.6036377,..,17976566,..,..
Tanzania,TZA,1980,YR1980,30.1973001,611.211792,..,19189769,..,..
Tanzania,TZA,1982,YR1982,28.93233465,701.9598389,..,20398571,..,..
Tanzania,TZA,1984,YR1984,36.14594151,609.3314209,..,21779066,..,..
Tanzania,TZA,1986,YR1986,32.43220158,479.2817688,..,23258959,..,..
Tanzania,TZA,1988,YR1988,31.18671828,307.5063477,..,24769686,..,..
Tanzania,TZA,1990,YR1990,35.82677165,243.611557,..,26110207,..,..
Tanzania,TZA,1992,YR1992,21.84684685,250.3299255,..,27457588,..,..
Tanzania,TZA,1994,YR1994,34.08336407,228.8900299,..,29442356,..,..
Tanzania,TZA,1996,YR1996,20.97725964,313.6583862,..,30945762,..,10.63829803
Tanzania,TZA,1998,YR1998,12.79975405,386.3784485,..,32420458,26.58,16.48936081
Tanzania,TZA,2000,YR2000,5.923961096,401.6981506,3.41529942,34260139,19.01,12.16931248
Tanzania,TZA,2002,YR2002,5.317833661,402.6490479,4.68907642,36121304,..,23.28042412
Tanzania,TZA,2004,YR2004,4.735801439,450.3852844,5.7373414,38109668,..,15.53398037
Tanzania,TZA,2006,YR2006,7.250972621,475.7467346,7.598279,40294902,17.29,22.22222137
Tanzania,TZA,2008,YR2008,10.27839376,675.9772339,5.55704737,42570728,18.16,24.03846169
Tanzania,TZA,2010,YR2010,6.200155956,736.5301514,5.22392178,44758488,18.23,32.22748947
Tanzania,TZA,2012,YR2012,16.00109385,861.9699097,5.01779366,47374260,19.02,36.96682358
Tanzania,TZA,2014,YR2014,6.13161433,1022.748413,4.01492071,50351512,19.13,15.23809528
Tanzania,TZA,2016,YR2016,5.174766293,953.0107422,3.96350336,53824013,16.96,19.52380943
Tanzania,TZA,2018,YR2018,3.494458489,1023.106262,4.32878637,57437145,17.32,14.62264156
Tanzania,TZA,2020,YR2020,3.290290628,1117.415283,3.05195832,60972798,18.14,16.98113251
Tanzania,TZA,2022,YR2022,4.350272043,1207.853027,3.1119566,64711821,19.83,22.64151001
Tanzania,TZA,2024,YR2024,3.056946763,..,..,..,..,..
Thailand,THA,1960,YR1960,-0.765864333,102.8145715,..,26851747,..,..
Thailand,THA,1962,YR1962,3.696098563,116.1794933,..,28481040,..,..
Thailand,THA,1964,YR1964,-0.792079208,128.6422269,..,30232141,..,..
Thailand,THA,1966,YR1966,4.035204251,164.5334144,..,32086071,..,..
Thailand,THA,1968,YR1968,1.790359602,178.8397529,..,34002560,..,..
Thailand,THA,1970,YR1970,-0.088041086,197.0979035,..,35954408,..,..
Thailand,THA,1972,YR1972,4.837766735,215.5820229,..,37933929,..,..
Thailand,THA,1974,YR1974,24.31355983,342.9788976,..,39952891,..,..
Thailand,THA,1976,YR1976,4.149305555,405.4087341,..,41896504,..,..
Thailand,THA,1978,YR1978,7.924089853,548.2331132,..,43788976,..,..
Thailand,THA,1980,YR1980,19.70350052,708.7294501,..,45650022,..,..
Thailand,THA,1982,YR1982,5.259079903,770.3989532,..,47494577,..,..
Thailand,THA,1984,YR1984,0.86489843,846.9341684,..,49351708,..,..
Thailand,THA,1986,YR1986,1.841675968,842.0984362,..,51177834,..,..
Thailand,THA,1988,YR1988,3.862730747,1164.200962,..,52969595,..,..
Thailand,THA,1990,YR1990,5.863994744,1559.112093,..,54738329,..,..
Thailand,THA,1992,YR1992,4.139145751,1971.608799,..,56528834,..,..
Thailand,THA,1994,YR1994,5.047748977,2517.707326,..,58260854,..,..
Thailand,THA,1996,YR1996,5.805105547,3054.656908,..,59920064,..,42.55319214
Thailand,THA,1998,YR1998,7.99472875,1847.703793,..,61522630,..,47.87234116
Thailand,THA,2000,YR2000,1.591969175,2005.976945,3.10125351,63007815,24.65,42.32804108
Thailand,THA,2002,YR2002,0.697308977,2089.751831,3.334723,64266437,..,47.08994675
Thailand,THA,2004,YR2004,2.759149262,2641.562687,3.13893151,65452047,12.09,15.04854393
Thailand,THA,2006,YR2006,4.63747436,3331.320435,3.09970832,66567687,13.6,8.212560654
Thailand,THA,2008,YR2008,5.468489496,4309.135093,3.45933938,67619830,14.31,8.653845787
Thailand,THA,2010,YR2010,3.247588424,4973.862888,3.39009809,68579447,14.03,4.265402794
Thailand,THA,2012,YR2012,3.014899503,5725.528028,3.5229404,69436098,..,6.635071278
Thailand,THA,2014,YR2014,1.895141819,5801.197892,3.68448091,70216367,12.5,9.047618866
Thailand,THA,2016,YR2016,0.188149704,5833.577156,3.93900609,70859841,..,10
Thailand,THA,2018,YR2018,1.063897542,7099.776501,3.87040329,71376079,..,12.26415062
Thailand,THA,2020,YR2020,-0.845937147,6985.643939,4.35724688,71641484,..,15.09433937
Thailand,THA,2022,YR2022,6.077412284,6909.359975,5.35470581,71735329,12.64,18.39622688
Thailand,THA,2024,YR2024,..,..,..,..,..,..
Timor-Leste,TLS,1960,YR1960,..,..,..,468118,..,..
Timor-Leste,TLS,1962,YR1962,..,..,..,482774,..,..
Timor-Leste,TLS,1964,YR1964,..,..,..,498659,..,..
Timor-Leste,TLS,1966,YR1966,..,..,..,515696,..,..
Timor-Leste,TLS,1968,YR1968,..,..,..,533875,..,..
Timor-Leste,TLS,1970,YR1970,..,..,..,553069,..,..
Timor-Leste,TLS,1972,YR1972,..,..,..,572962,..,..
Timor-Leste,TLS,1974,YR1974,..,..,..,590827,..,..
Timor-Leste,TLS,1976,YR1976,..,..,..,607620,..,..
Timor-Leste,TLS,1978,YR1978,..,..,..,628775,..,..
Timor-Leste,TLS,1980,YR1980,..,..,..,649871,..,..
Timor-Leste,TLS,1982,YR1982,..,..,..,669149,..,..
Timor-Leste,TLS,1984,YR1984,..,..,..,686777,..,..
Timor-Leste,TLS,1986,YR1986,..,..,..,707185,..,..
Timor-Leste,TLS,1988,YR1988,..,..,..,730745,..,..
Timor-Leste,TLS,1990,YR1990,..,168.6210102,..,760345,..,..
Timor-Leste,TLS,1992,YR1992,..,235.0647677,..,799318,..,..
Timor-Leste,TLS,1994,YR1994,..,283.0580005,..,844493,..,..
Timor-Leste,TLS,1996,YR1996,..,344.0133276,..,892282,..,..
Timor-Leste,TLS,1998,YR1998,..,345.5909096,..,942530,..,..
Timor-Leste,TLS,2000,YR2000,..,492.4576694,..,745088,..,30.15872955
Timor-Leste,TLS,2002,YR2002,..,533.9824764,..,879159,..,15.8730154
Timor-Leste,TLS,2004,YR2004,3.23751394,474.4207673,4.26103544,929074,..,23.30097008
Timor-Leste,TLS,2006,YR2006,3.936162599,464.6670018,6.00192022,976597,..,7.729468822
Timor-Leste,TLS,2008,YR2008,9.064236219,628.1532193,6.96563959,1032429,..,11.53846169
Timor-Leste,TLS,2010,YR2010,6.765976802,813.0601773,6.47058821,1084679,..,18.48341179
Timor-Leste,TLS,2012,YR2012,11.80030967,1022.619032,6.99215221,1134885,2.5,23.69668198
Timor-Leste,TLS,2014,YR2014,0.726275016,1224.749578,7.60483742,1181903,2.5,28.09523773
Timor-Leste,TLS,2016,YR2016,-1.338538762,1335.543901,6.89625168,1228312,2.5,31.4285717
Timor-Leste,TLS,2018,YR2018,2.63647201,1219.465986,6.36952639,1275959,..,40.09434128
Timor-Leste,TLS,2020,YR2020,0.495499215,1630.869354,9.93865013,1326053,2.52,40.56603622
Timor-Leste,TLS,2022,YR2022,7.005309454,2343.245247,14.32454681,1369295,..,42.92453003
Timor-Leste,TLS,2024,YR2024,2.06284153,..,..,..,..,..
Togo,TGO,1960,YR1960,..,102.2389856,..,1673110,..,..
Togo,TGO,1962,YR1962,..,107.7612095,..,1732959,..,..
Togo,TGO,1964,YR1964,..,130.0693045,..,1803440,..,..
Togo,TGO,1966,YR1966,..,159.0959221,..,1918513,..,..
Togo,TGO,1968,YR1968,0.296735906,164.2569449,..,2080226,..,..
Togo,TGO,1970,YR1970,4.480620155,159.7781842,..,2244773,..,..
Togo,TGO,1972,YR1972,7.726607678,198.7610543,..,2384994,..,..
Togo,TGO,1974,YR1974,12.83193169,315.0979028,..,2511760,..,..
Togo,TGO,1976,YR1976,11.64073081,331.5956245,..,2637796,..,..
Togo,TGO,1978,YR1978,0.442773094,420.5070095,..,2768148,..,..
Togo,TGO,1980,YR1980,12.30685721,549.4334666,..,2920894,..,..
Togo,TGO,1982,YR1982,11.12967333,372.4948297,..,3115042,..,..
Togo,TGO,1984,YR1984,-3.52662871,304.2963305,..,3332837,..,..
Togo,TGO,1986,YR1986,4.124615264,422.2772966,..,3547952,..,..
Togo,TGO,1988,YR1988,-0.15091098,516.5362389,..,3769742,..,..
Togo,TGO,1990,YR1990,1.015341505,575.0945119,..,3998761,..,..
Togo,TGO,1992,YR1992,1.393786637,564.7173365,..,4233617,..,..
Togo,TGO,1994,YR1994,39.16276738,328.6009561,..,4222940,..,..
Togo,TGO,1996,YR1996,4.6875,452.0684369,..,4577860,14.03,14.89361668
Togo,TGO,1998,YR1998,0.975338381,461.1582459,..,4860913,..,11.70212746
Togo,TGO,2000,YR2000,1.862605955,409.8898028,2.7167244,5140037,15.2,19.04761887
Togo,TGO,2002,YR2002,3.059818575,445.2386915,2.82402873,5413274,14.72,26.98412704
Togo,TGO,2004,YR2004,0.393078681,560.2663085,3.00704718,5696508,15.17,20.87378693
Togo,TGO,2006,YR2006,2.228977794,552.5022713,3.36328101,6010668,14.33,17.39130402
Togo,TGO,2008,YR2008,8.694828144,718.9487864,3.74071932,6368812,13.76,25
Togo,TGO,2010,YR2010,1.445945174,704.9871642,4.33284378,6732590,14.05,25.59241676
Togo,TGO,2012,YR2012,2.577181741,762.3920476,4.64366484,7100736,14.34,21.80094719
Togo,TGO,2014,YR2014,0.190875076,855.5852849,4.90473413,7472450,14.36,28.5714283
Togo,TGO,2016,YR2016,1.285448471,772.5817871,6.55580902,7858289,14.73,25.23809433
Togo,TGO,2018,YR2018,0.927755426,851.1308069,6.16073656,8258778,17.59,11.320755
Togo,TGO,2020,YR2020,1.699284633,853.5782203,6.18928432,8669720,15.02,10.84905624
Togo,TGO,2022,YR2022,7.967573616,898.7581544,6.04134083,9089738,16.31,12.73584938
Togo,TGO,2024,YR2024,..,..,..,..,..,..
Tonga,TON,1960,YR1960,..,..,..,66170,..,..
Tonga,TON,1962,YR1962,..,..,..,69940,..,..
Tonga,TON,1964,YR1964,..,..,..,73879,..,..
Tonga,TON,1966,YR1966,..,..,..,78002,..,..
Tonga,TON,1968,YR1968,..,..,..,81353,..,..
Tonga,TON,1970,YR1970,..,..,..,84401,..,..
Tonga,TON,1972,YR1972,..,..,..,87356,..,..
Tonga,TON,1974,YR1974,..,..,..,90683,..,..
Tonga,TON,1976,YR1976,7.109575835,315.094854,..,95325,..,..
Tonga,TON,1978,YR1978,9.584379121,427.6312875,..,97204,..,..
Tonga,TON,1980,YR1980,22.39338892,544.7542414,..,97769,..,..
Tonga,TON,1982,YR1982,10.83787038,633.4778636,..,97980,..,..
Tonga,TON,1984,YR1984,0.106451613,655.6623588,..,97990,..,..
Tonga,TON,1986,YR1986,21.67387488,695.8050772,..,98010,..,..
Tonga,TON,1988,YR1988,9.924023398,1077.683592,..,98969,..,..
Tonga,TON,1990,YR1990,9.709863846,1139.055382,..,99700,..,..
Tonga,TON,1992,YR1992,7.936980122,1370.361426,..,100022,..,..
Tonga,TON,1994,YR1994,1.012952067,1956.661611,..,100166,..,..
Tonga,TON,1996,YR1996,2.99528024,2214.914442,..,100275,..,..
Tonga,TON,1998,YR1998,3.274445543,1888.832008,..,101388,..,..
Tonga,TON,2000,YR2000,6.327635514,1995.076503,2.90389204,102677,..,..
Tonga,TON,2002,YR2002,10.35906079,1759.480333,3.58957744,103874,..,..
Tonga,TON,2004,YR2004,10.97340537,2195.448741,4.50741625,105071,..,54.85437012
Tonga,TON,2006,YR2006,6.149116065,2750.347582,5.47225046,106253,..,42.51207733
Tonga,TON,2008,YR2008,10.44698751,3218.452996,6.05759716,107020,..,37.01922989
Tonga,TON,2010,YR2010,3.534912392,3416.083581,4.81632328,107400,12.66,51.6587677
Tonga,TON,2012,YR2012,1.147538537,4384.170583,7.3327713,107460,12.38,60.1895752
Tonga,TON,2014,YR2014,2.510876333,4136.590138,5.11481524,106609,..,60
Tonga,TON,2016,YR2016,2.578155152,3987.986262,5.08616114,105524,10.55,61.90476227
Tonga,TON,2018,YR2018,5.03209692,4638.897743,5.98711967,105567,..,61.320755
Tonga,TON,2020,YR2020,-0.349737697,4700.449328,5.56259537,105704,7.41,68.86792755
Tonga,TON,2022,YR2022,10.97136529,4933.074791,8.13607597,105042,7.62,69.3396225
Tonga,TON,2024,YR2024,3.183646113,..,..,..,..,..
Trinidad and Tobago,TTO,1960,YR1960,2.08,633.9756081,..,844943,..,..
Trinidad and Tobago,TTO,1962,YR1962,2.983352563,703.6208038,..,880194,..,..
Trinidad and Tobago,TTO,1964,YR1964,0.863797624,779.7660146,..,912963,..,..
Trinidad and Tobago,TTO,1966,YR1966,4.09435805,767.5378705,..,942937,..,..
Trinidad and Tobago,TTO,1968,YR1968,8.232052007,783.1736336,..,969006,..,..
Trinidad and Tobago,TTO,1970,YR1970,2.523900574,828.9198575,..,991471,..,..
Trinidad and Tobago,TTO,1972,YR1972,9.301068813,1067.464126,..,1014921,..,..
Trinidad and Tobago,TTO,1974,YR1974,22.02497727,1962.026892,..,1040761,..,..
Trinidad and Tobago,TTO,1976,YR1976,10.69246436,2344.930283,..,1066311,..,..
Trinidad and Tobago,TTO,1978,YR1978,10.25658617,3258.092758,..,1093380,..,..
Trinidad and Tobago,TTO,1980,YR1980,17.47030428,5559.052097,..,1121744,..,..
Trinidad and Tobago,TTO,1982,YR1982,11.63476294,7091.406222,..,1147927,..,..
Trinidad and Tobago,TTO,1984,YR1984,13.33478041,6613.119475,..,1172984,..,..
Trinidad and Tobago,TTO,1986,YR1986,7.693676593,3984.996097,..,1203124,..,..
Trinidad and Tobago,TTO,1988,YR1988,7.758492067,3655.81977,..,1230069,..,..
Trinidad and Tobago,TTO,1990,YR1990,11.06442577,4047.250936,..,1252208,..,..
Trinidad and Tobago,TTO,1992,YR1992,6.439854192,4277.474369,..,1271674,27.95,..
Trinidad and Tobago,TTO,1994,YR1994,8.814694018,3839.962902,..,1288341,..,..
Trinidad and Tobago,TTO,1996,YR1996,3.404574428,4427.278324,..,1300928,18.23,34.57446671
Trinidad and Tobago,TTO,1998,YR1998,5.612709077,4612.709003,..,1310225,..,38.29787064
Trinidad and Tobago,TTO,2000,YR2000,3.555413197,6178.589756,4.23492479,1319774,..,32.27513123
Trinidad and Tobago,TTO,2002,YR2002,4.150058617,6762.930808,4.72302485,1332011,15.05,26.98412704
Trinidad and Tobago,TTO,2004,YR2004,3.72154939,9871.034198,4.30805206,1345380,19.73,27.6699028
Trinidad and Tobago,TTO,2006,YR2006,8.329603515,14152.66074,4.15431976,1297944,17.19,25.12077332
Trinidad and Tobago,TTO,2008,YR2008,12.03034455,21298.99453,3.6575706,1308587,17.09,26.92307663
Trinidad and Tobago,TTO,2010,YR2010,10.54920032,16815.42474,5.08042908,1317714,20.09,28.90995216
Trinidad and Tobago,TTO,2012,YR2012,9.260281371,20472.35743,4.59683371,1335194,17.69,37.44075775
Trinidad and Tobago,TTO,2014,YR2014,5.684418146,22074.42631,4.83714819,1345343,..,42.38095093
Trinidad and Tobago,TTO,2016,YR2016,3.070667425,17521.80075,6.44781113,1353895,..,44.2857132
Trinidad and Tobago,TTO,2018,YR2018,1.018569302,18076.35656,6.46674252,1359193,..,41.50943375
Trinidad and Tobago,TTO,2020,YR2020,0.598986331,15224.50835,7.48661852,1366725,..,36.79245377
Trinidad and Tobago,TTO,2022,YR2022,5.828386385,22004.19979,6.43106365,1365805,15.86,45.75471878
Trinidad and Tobago,TTO,2024,YR2024,0.526884626,..,..,..,..,..
Tunisia,TUN,1960,YR1960,..,..,..,4267288,..,..
Tunisia,TUN,1962,YR1962,..,201.4191669,..,4369136,..,..
Tunisia,TUN,1964,YR1964,..,228.4847937,..,4489869,..,..
Tunisia,TUN,1966,YR1966,..,223.7506802,..,4652287,..,..
Tunisia,TUN,1968,YR1968,..,248.9122555,..,4879899,..,..
Tunisia,TUN,1970,YR1970,..,280.4769102,..,5131396,..,..
Tunisia,TUN,1972,YR1972,..,414.6266126,..,5396557,..,..
Tunisia,TUN,1974,YR1974,..,623.7593528,..,5684674,..,..
Tunisia,TUN,1976,YR1976,..,751.7419464,..,5996994,..,..
Tunisia,TUN,1978,YR1978,..,945.9646781,..,6309390,..,..
Tunisia,TUN,1980,YR1980,..,1323.626438,..,6606195,..,..
Tunisia,TUN,1982,YR1982,..,1177.305186,..,6908642,..,..
Tunisia,TUN,1984,YR1984,8.9,1143.281287,..,7220044,..,..
Tunisia,TUN,1986,YR1986,6.164383562,1186.506515,..,7600301,..,..
Tunisia,TUN,1988,YR1988,7.196969697,1266.075833,..,7974440,..,..
Tunisia,TUN,1990,YR1990,6.545293073,1476.431605,..,8324509,25.08,..
Tunisia,TUN,1992,YR1992,5.824345146,1784.818502,..,8682512,25.32,..
Tunisia,TUN,1994,YR1994,4.73323064,1733.466147,..,9018448,..,..
Tunisia,TUN,1996,YR1996,3.725144727,2107.408156,..,9294432,..,34.04255295
Tunisia,TUN,1998,YR1998,3.125365797,2285.019335,..,9541667,30.13,34.57446671
Tunisia,TUN,2000,YR2000,2.962307947,2199.044659,4.81271935,9764935,41.38,36.50793839
Tunisia,TUN,2002,YR2002,2.721032849,2320.772381,5.12036419,9971515,44.04,31.74603081
Tunisia,TUN,2004,YR2004,3.63228005,3067.419364,5.19890785,10166163,37.85,34.46601868
Tunisia,TUN,2006,YR2006,3.225253374,3322.569336,5.13109922,10346410,32.23,40.09661865
Tunisia,TUN,2008,YR2008,4.345028076,4255.05008,5.1644063,10542635,26.74,34.13461685
Tunisia,TUN,2010,YR2010,3.338979636,4291.861209,5.60950756,10765980,17.86,29.85782051
Tunisia,TUN,2012,YR2012,4.611844322,4297.267825,6.28984737,11009647,22.14,15.63981056
Tunisia,TUN,2014,YR2014,4.625550995,4458.978955,6.45006084,11274288,..,10
Tunisia,TUN,2016,YR2016,3.629399374,3847.803544,6.24778175,11528674,19.53,8.571428299
Tunisia,TUN,2018,YR2018,7.30759176,3628.103665,5.9375186,11765514,..,11.320755
Tunisia,TUN,2020,YR2020,5.634151159,3548.653637,7.05022287,11974057,..,15.09433937
Tunisia,TUN,2022,YR2022,8.306461244,3678.400234,6.96380186,12119334,..,14.62264156
Tunisia,TUN,2024,YR2024,7.206616572,..,..,..,..,..
Turkiye,TUR,1960,YR1960,5.664739884,267.0912076,..,28329898,..,..
Turkiye,TUR,1962,YR1962,3.888320251,298.2410209,..,29916147,..,..
Turkiye,TUR,1964,YR1964,1.119637815,354.3655411,..,31543072,..,..
Turkiye,TUR,1966,YR1966,8.471996215,424.9846101,..,33177672,..,..
Turkiye,TUR,1968,YR1968,6.046239662,501.121309,..,34921684,..,..
Turkiye,TUR,1970,YR1970,7.923952083,487.5650867,..,36638465,..,..
Turkiye,TUR,1972,YR1972,15.41645572,537.3375292,..,38430221,..,..
Turkiye,TUR,1974,YR1974,23.89816158,880.7281677,..,40210234,..,..
Turkiye,TUR,1976,YR1976,17.45568939,1227.924097,..,41899984,..,..
Turkiye,TUR,1978,YR1978,61.89704444,1510.185311,..,43645306,..,..
Turkiye,TUR,1980,YR1980,94.26085988,1515.645899,..,45408815,..,..
Turkiye,TUR,1982,YR1982,29.1375145,1360.238252,..,47322096,..,..
Turkiye,TUR,1984,YR1984,48.39232313,1209.051494,..,49574069,..,..
Turkiye,TUR,1986,YR1986,34.61007597,1461.496587,..,51777772,..,..
Turkiye,TUR,1988,YR1988,68.80964338,1685.694792,..,53909626,..,..
Turkiye,TUR,1990,YR1990,60.30386913,2689.526219,..,56015628,..,..
Turkiye,TUR,1992,YR1992,70.07610387,2743.653203,..,57990118,..,..
Turkiye,TUR,1994,YR1994,105.2149865,2176.280181,..,60033836,..,..
Turkiye,TUR,1996,YR1996,80.41215114,2929.153949,..,61951134,14.1,3.723404169
Turkiye,TUR,1998,YR1998,84.64134348,4329.56244,..,63734383,14.01,5.851063728
Turkiye,TUR,2000,YR2000,54.91537058,4192.443167,4.59957218,65425961,14.32,11.64021206
Turkiye,TUR,2002,YR2002,44.96412095,3583.197459,5.06227875,67048795,11.5,13.75661373
Turkiye,TUR,2004,YR2004,8.598261681,5960.778989,4.9096446,68592617,12.85,12.62135887
Turkiye,TUR,2006,YR2006,9.597242123,7953.07848,5.14591694,70045349,12.58,17.39130402
Turkiye,TUR,2008,YR2008,10.44412838,10843.50369,5.21761751,71051678,13.07,12.5
Turkiye,TUR,2010,YR2010,8.566444206,10622.70204,5.02053452,73142150,14.3,10.42654037
Turkiye,TUR,2012,YR2012,8.891569965,11713.28498,4.44444656,75175827,..,6.635071278
Turkiye,TUR,2014,YR2014,8.854572714,12165.22014,4.32517862,77181884,..,8.095237732
Turkiye,TUR,2016,YR2016,7.775134153,10970.04589,4.28469229,79277962,14.46,2.380952358
Turkiye,TUR,2018,YR2018,16.3324639,9568.835063,4.12101603,81407204,13.18,6.603773594
Turkiye,TUR,2020,YR2020,12.27895745,8638.739038,4.61640215,83384680,19.82,9.433961868
Turkiye,TUR,2022,YR2022,72.30883599,10674.50416,3.70338893,84979913,21.87,10.37735844
Turkiye,TUR,2024,YR2024,58.50645073,..,..,..,..,..
Turkmenistan,TKM,1960,YR1960,..,..,..,1643457,..,..
Turkmenistan,TKM,1962,YR1962,..,..,..,1749214,..,..
Turkmenistan,TKM,1964,YR1964,..,..,..,1859997,..,..
Turkmenistan,TKM,1966,YR1966,..,..,..,1971737,..,..
Turkmenistan,TKM,1968,YR1968,..,..,..,2083069,..,..
Turkmenistan,TKM,1970,YR1970,..,..,..,2195616,..,..
Turkmenistan,TKM,1972,YR1972,..,..,..,2311430,..,..
Turkmenistan,TKM,1974,YR1974,..,..,..,2432028,..,..
Turkmenistan,TKM,1976,YR1976,..,..,..,2558521,..,..
Turkmenistan,TKM,1978,YR1978,..,..,..,2691088,..,..
Turkmenistan,TKM,1980,YR1980,..,..,..,2832203,..,..
Turkmenistan,TKM,1982,YR1982,..,..,..,2985557,..,..
Turkmenistan,TKM,1984,YR1984,..,..,..,3154079,..,..
Turkmenistan,TKM,1986,YR1986,..,..,..,3347809,..,..
Turkmenistan,TKM,1988,YR1988,..,845.932942,..,3559363,..,..
Turkmenistan,TKM,1990,YR1990,..,848.1550474,..,3760562,..,..
Turkmenistan,TKM,1992,YR1992,..,811.3541565,..,3944689,..,..
Turkmenistan,TKM,1994,YR1994,..,622.1347802,..,4116662,..,..
Turkmenistan,TKM,1996,YR1996,..,557.8942201,..,4263819,..,35.63829803
Turkmenistan,TKM,1998,YR1998,..,590.7912933,..,4410507,0,29.78723335
Turkmenistan,TKM,2000,YR2000,..,633.8354876,4.03080034,4582677,..,23.28042412
Turkmenistan,TKM,2002,YR2002,..,935.5408015,4.10696697,4769465,14.73,26.45502663
Turkmenistan,TKM,2004,YR2004,..,1379.230097,6.18652296,4958093,..,24.27184486
Turkmenistan,TKM,2006,YR2006,..,1996.593107,4.92075682,5147105,..,25.12077332
Turkmenistan,TKM,2008,YR2008,..,3605.503951,3.45380449,5345029,..,46.63461685
Turkmenistan,TKM,2010,YR2010,..,4058.53937,3.20879436,5564356,..,40.28435898
Turkmenistan,TKM,2012,YR2012,..,6053.874847,3.34203553,5808546,..,45.49763107
Turkmenistan,TKM,2014,YR2014,..,7164.145362,4.25741673,6075283,..,36.19047546
Turkmenistan,TKM,2016,YR2016,..,5686.98041,5.58718491,6360041,..,24.76190567
Turkmenistan,TKM,2018,YR2018,..,6125.051697,5.55298042,6655524,..,31.60377312
Turkmenistan,TKM,2020,YR2020,..,6592.60146,5.57226086,6949912,..,24.05660439
Turkmenistan,TKM,2022,YR2022,..,8156.35212,5.37103748,7230193,..,25.94339561
Turkmenistan,TKM,2024,YR2024,..,..,..,..,..,..
Turks and Caicos Islands,TCA,1960,YR1960,..,..,..,5599,..,..
Turks and Caicos Islands,TCA,1962,YR1962,..,..,..,5636,..,..
Turks and Caicos Islands,TCA,1964,YR1964,..,..,..,5657,..,..
Turks and Caicos Islands,TCA,1966,YR1966,..,..,..,5654,..,..
Turks and Caicos Islands,TCA,1968,YR1968,..,..,..,5656,..,..
Turks and Caicos Islands,TCA,1970,YR1970,..,..,..,5667,..,..
Turks and Caicos Islands,TCA,1972,YR1972,..,..,..,5915,..,..
Turks and Caicos Islands,TCA,1974,YR1974,..,..,..,6273,..,..
Turks and Caicos Islands,TCA,1976,YR1976,..,..,..,6660,..,..
Turks and Caicos Islands,TCA,1978,YR1978,..,..,..,7083,..,..
Turks and Caicos Islands,TCA,1980,YR1980,..,..,..,7564,..,..
Turks and Caicos Islands,TCA,1982,YR1982,..,..,..,8297,..,..
Turks and Caicos Islands,TCA,1984,YR1984,..,..,..,9107,..,..
Turks and Caicos Islands,TCA,1986,YR1986,..,..,..,9941,..,..
Turks and Caicos Islands,TCA,1988,YR1988,..,..,..,10775,..,..
Turks and Caicos Islands,TCA,1990,YR1990,..,..,..,11688,..,..
Turks and Caicos Islands,TCA,1992,YR1992,..,..,..,12970,..,..
Turks and Caicos Islands,TCA,1994,YR1994,..,..,..,14344,..,..
Turks and Caicos Islands,TCA,1996,YR1996,..,..,..,15765,..,..
Turks and Caicos Islands,TCA,1998,YR1998,..,..,..,17212,..,..
Turks and Caicos Islands,TCA,2000,YR2000,..,..,..,18730,..,..
Turks and Caicos Islands,TCA,2002,YR2002,..,17803.94718,..,20597,..,..
Turks and Caicos Islands,TCA,2004,YR2004,..,21246.0098,..,22856,..,..
Turks and Caicos Islands,TCA,2006,YR2006,..,28734.28731,..,25123,..,..
Turks and Caicos Islands,TCA,2008,YR2008,..,31453.80829,..,27427,..,..
Turks and Caicos Islands,TCA,2010,YR2010,..,23093.8431,..,29739,..,..
Turks and Caicos Islands,TCA,2012,YR2012,..,22633.95275,..,32127,..,..
Turks and Caicos Islands,TCA,2014,YR2014,..,23996.29101,..,35050,..,..
Turks and Caicos Islands,TCA,2016,YR2016,..,26946.41785,..,38315,..,..
Turks and Caicos Islands,TCA,2018,YR2018,..,27160.15796,..,41559,..,..
Turks and Caicos Islands,TCA,2020,YR2020,..,17452.6578,..,44386,..,..
Turks and Caicos Islands,TCA,2022,YR2022,..,26802.06738,..,45847,..,..
Turks and Caicos Islands,TCA,2024,YR2024,..,..,..,..,..,..
Tuvalu,TUV,1960,YR1960,..,..,..,5598,..,..
Tuvalu,TUV,1962,YR1962,..,..,..,5699,..,..
Tuvalu,TUV,1964,YR1964,..,..,..,5752,..,..
Tuvalu,TUV,1966,YR1966,..,..,..,5686,..,..
Tuvalu,TUV,1968,YR1968,..,..,..,5624,..,..
Tuvalu,TUV,1970,YR1970,..,456.6406276,..,5663,..,..
Tuvalu,TUV,1972,YR1972,..,521.514045,..,5692,..,..
Tuvalu,TUV,1974,YR1974,..,708.0605747,..,5822,..,..
Tuvalu,TUV,1976,YR1976,..,611.9725531,..,6404,..,..
Tuvalu,TUV,1978,YR1978,..,546.0373528,..,6957,..,..
Tuvalu,TUV,1980,YR1980,..,571.0192959,..,7366,..,..
Tuvalu,TUV,1982,YR1982,..,537.4406526,..,7664,..,..
Tuvalu,TUV,1984,YR1984,..,567.1953812,..,7902,..,..
Tuvalu,TUV,1986,YR1986,..,556.736791,..,8217,..,..
Tuvalu,TUV,1988,YR1988,..,823.0875054,..,8518,..,..
Tuvalu,TUV,1990,YR1990,..,1084.667072,..,8798,..,..
Tuvalu,TUV,1992,YR1992,..,1165.637104,..,9038,..,..
Tuvalu,TUV,1994,YR1994,..,1278.658701,..,9207,..,..
Tuvalu,TUV,1996,YR1996,..,1427.809605,..,9342,..,..
Tuvalu,TUV,1998,YR1998,..,1459.649371,..,9451,..,..
Tuvalu,TUV,2000,YR2000,..,1579.419063,22.2817421,9544,..,..
Tuvalu,TUV,2002,YR2002,..,1750.251751,11.83691788,9623,..,..
Tuvalu,TUV,2004,YR2004,..,2322.562651,9.33149719,9816,..,69.41747284
Tuvalu,TUV,2006,YR2006,..,2396.268443,11.9034977,10056,..,68.11594391
Tuvalu,TUV,2008,YR2008,..,3088.308774,9.63604927,10321,..,71.63461304
Tuvalu,TUV,2010,YR2010,..,3024.817079,15.37378216,10614,11.27,78.1990509
Tuvalu,TUV,2012,YR2012,..,3598.461631,13.1547184,10934,..,70.1421814
Tuvalu,TUV,2014,YR2014,..,3528.858581,14.93791771,10984,..,76.66666412
Tuvalu,TUV,2016,YR2016,..,3808.69755,18.322855,10930,..,78.57142639
Tuvalu,TUV,2018,YR2018,..,4466.120349,18.36379242,10751,..,78.77358246
Tuvalu,TUV,2020,YR2020,..,4976.112541,18.59855461,10399,..,71.69811249
Tuvalu,TUV,2022,YR2022,..,5911.327271,18.38210106,9992,..,72.64151001
Tuvalu,TUV,2024,YR2024,..,..,..,..,..,..
Uganda,UGA,1960,YR1960,..,55.37849761,..,7640973,..,..
Uganda,UGA,1962,YR1962,..,55.50487046,..,8092231,..,..
Uganda,UGA,1964,YR1964,..,68.62599302,..,8586363,..,..
Uganda,UGA,1966,YR1966,..,101.4354146,..,9122864,..,..
Uganda,UGA,1968,YR1968,..,106.8512281,..,9708632,..,..
Uganda,UGA,1970,YR1970,..,122.0309296,..,10321603,..,..
Uganda,UGA,1972,YR1972,..,136.9647365,..,10885796,..,..
Uganda,UGA,1974,YR1974,..,183.717572,..,11424846,..,..
Uganda,UGA,1976,YR1976,..,203.3098137,..,12037294,..,..
Uganda,UGA,1978,YR1978,..,190.6901451,..,12692113,..,..
Uganda,UGA,1980,YR1980,..,93.75069911,..,13275741,..,..
Uganda,UGA,1982,YR1982,..,156.9524229,..,13873631,..,..
Uganda,UGA,1984,YR1984,..,247.5169376,..,14607677,..,..
Uganda,UGA,1986,YR1986,..,253.6430588,..,15467579,..,..
Uganda,UGA,1988,YR1988,..,395.187661,..,16470483,..,..
Uganda,UGA,1990,YR1990,..,244.9871681,..,17569897,..,..
Uganda,UGA,1992,YR1992,..,152.1135424,..,18785032,..,..
Uganda,UGA,1994,YR1994,10.03675988,198.441988,..,20108801,19.52,..
Uganda,UGA,1996,YR1996,7.191646604,284.6982593,..,21231550,..,2.127659559
Uganda,UGA,1998,YR1998,0.068804172,292.4530371,..,22515806,..,7.446808338
Uganda,UGA,2000,YR2000,3.392021585,258.0503387,5.0827446,24000150,10,5.291005135
Uganda,UGA,2002,YR2002,-0.287508512,241.9846884,4.77133131,25532870,9.86,2.645502567
Uganda,UGA,2004,YR2004,3.72128744,292.381858,4.70022202,27154515,9.58,4.368932247
Uganda,UGA,2006,YR2006,7.310676136,346.5182553,6.463305,28794003,15.67,8.212560654
Uganda,UGA,2008,YR2008,12.05085555,472.8426815,5.45474958,30539553,16.47,12.01923084
Uganda,UGA,2010,YR2010,3.976552885,823.4881443,6.80890226,32390802,17.7,9.952606201
Uganda,UGA,2012,YR2012,12.67903772,795.2228676,6.10853958,34337438,17.49,12.32227516
Uganda,UGA,2014,YR2014,3.07570669,896.0547955,5.33653069,36395539,17.26,9.047618866
Uganda,UGA,2016,YR2016,5.706375046,752.6965717,5.00792885,38799152,15.69,13.33333302
Uganda,UGA,2018,YR2018,2.61601191,792.1657002,4.02143908,41565831,16.85,13.20754719
Uganda,UGA,2020,YR2020,3.313322895,845.7664639,5.23698568,44457152,22.24,11.320755
Uganda,UGA,2022,YR2022,7.19578886,963.0673141,4.39089251,47312719,23.8,12.73584938
Uganda,UGA,2024,YR2024,3.323380671,..,..,..,..,..
Ukraine,UKR,1960,YR1960,..,..,..,42824093,..,..
Ukraine,UKR,1962,YR1962,..,..,..,43943674,..,..
Ukraine,UKR,1964,YR1964,..,..,..,44951156,..,..
Ukraine,UKR,1966,YR1966,..,..,..,45802519,..,..
Ukraine,UKR,1968,YR1968,..,..,..,46614325,..,..
Ukraine,UKR,1970,YR1970,..,..,..,47261306,..,..
Ukraine,UKR,1972,YR1972,..,..,..,47946893,..,..
Ukraine,UKR,1974,YR1974,..,..,..,48576570,..,..
Ukraine,UKR,1976,YR1976,..,..,..,49120842,..,..
Ukraine,UKR,1978,YR1978,..,..,..,49521243,..,..
Ukraine,UKR,1980,YR1980,..,..,..,49955152,..,..
Ukraine,UKR,1982,YR1982,..,..,..,50402724,..,..
Ukraine,UKR,1984,YR1984,..,..,..,50887599,..,..
Ukraine,UKR,1986,YR1986,..,..,..,51318745,..,..
Ukraine,UKR,1988,YR1988,..,1444.248047,..,51724853,..,..
Ukraine,UKR,1990,YR1990,..,1563.634155,..,52054092,..,..
Ukraine,UKR,1992,YR1992,..,1413.240112,..,52323671,..,..
Ukraine,UKR,1994,YR1994,891.1877481,1009.093567,..,52075998,..,..
Ukraine,UKR,1996,YR1996,80.32550146,869.8460693,..,51226109,..,21.27659607
Ukraine,UKR,1998,YR1998,10.57716115,831.336792,..,50379731,..,23.40425491
Ukraine,UKR,2000,YR2000,28.20309724,653.2943115,5.30685186,49556660,..,17.98941803
Ukraine,UKR,2002,YR2002,0.757420846,903.0119019,5.99220037,48677281,8.04,21.69312096
Ukraine,UKR,2004,YR2004,9.048067861,1401.018066,6.16856956,47979507,..,18.93203926
Ukraine,UKR,2006,YR2006,9.052524911,2366.494141,6.4171896,47278694,5.32,30.91787529
Ukraine,UKR,2008,YR2008,25.22646171,4017.806641,5.49754429,46819175,5.31,31.25
Ukraine,UKR,2010,YR2010,9.372931051,3039.632324,6.81387615,46456003,6.09,33.175354
Ukraine,UKR,2012,YR2012,0.568727972,3951.342285,7.11789227,46210056,5.17,33.175354
Ukraine,UKR,2014,YR2014,12.07185629,3054.908203,7.19506168,45972380,5.34,4.285714149
Ukraine,UKR,2016,YR2016,13.9127102,2158.461182,7.55205393,45616832,5.67,4.285714149
Ukraine,UKR,2018,YR2018,10.95185594,3059.051758,7.51989269,45208907,3.58,3.301886797
Ukraine,UKR,2020,YR2020,2.732492094,3709.769287,7.56217051,44680014,3.12,9.433961868
Ukraine,UKR,2022,YR2022,20.18363666,4199.670898,..,41048766,2.79,2.358490467
Ukraine,UKR,2024,YR2024,6.501984647,..,..,..,..,..
United Arab Emirates,ARE,1960,YR1960,..,..,..,131334,..,..
United Arab Emirates,ARE,1962,YR1962,..,..,..,144946,..,..
United Arab Emirates,ARE,1964,YR1964,..,..,..,159692,..,..
United Arab Emirates,ARE,1966,YR1966,..,..,..,173976,..,..
United Arab Emirates,ARE,1968,YR1968,..,..,..,199416,..,..
United Arab Emirates,ARE,1970,YR1970,..,2394.068115,..,286536,..,..
United Arab Emirates,ARE,1972,YR1972,..,3675.416814,..,385014,..,..
United Arab Emirates,ARE,1974,YR1974,..,23822.97156,..,489087,..,..
United Arab Emirates,ARE,1976,YR1976,..,31196.97918,..,615866,..,..
United Arab Emirates,ARE,1978,YR1978,..,29379.12774,..,809274,..,..
United Arab Emirates,ARE,1980,YR1980,..,42925.23388,..,1015700,..,..
United Arab Emirates,ARE,1982,YR1982,..,39972.49467,..,1166370,..,..
United Arab Emirates,ARE,1984,YR1984,..,32012.31415,..,1305996,..,..
United Arab Emirates,ARE,1986,YR1986,..,23132.07397,..,1467383,..,..
United Arab Emirates,ARE,1988,YR1988,..,21569.70689,..,1681788,..,..
United Arab Emirates,ARE,1990,YR1990,..,26709.99344,..,1898220,..,..
United Arab Emirates,ARE,1992,YR1992,..,25648.27278,..,2114730,..,..
United Arab Emirates,ARE,1994,YR1994,..,25472.63966,..,2328188,..,..
United Arab Emirates,ARE,1996,YR1996,..,28323.16509,..,2597564,..,57.44680786
United Arab Emirates,ARE,1998,YR1998,..,24889.42692,..,3040421,..,56.9148941
United Arab Emirates,ARE,2000,YR2000,..,29865.50235,2.39504457,3493575,..,62.9629631
United Arab Emirates,ARE,2002,YR2002,..,27753.60895,2.71770859,3956826,..,62.43386078
United Arab Emirates,ARE,2004,YR2004,..,33376.71523,2.46225643,4428967,..,54.85437012
United Arab Emirates,ARE,2006,YR2006,..,44342.60483,2.3254137,5009100,..,59.90338135
United Arab Emirates,ARE,2008,YR2008,12.25042024,50054.17007,2.92857623,6302664,4.9,53.36538315
United Arab Emirates,ARE,2010,YR2010,0.877983288,43696.67126,3.74433136,6869838,..,59.71564102
United Arab Emirates,ARE,2012,YR2012,0.6622689,52034.47625,3.33596373,7391448,4.74,62.55924225
United Arab Emirates,ARE,2014,YR2014,2.346268657,51381.40699,3.53405499,8059440,4.18,60
United Arab Emirates,ARE,2016,YR2016,1.617488089,41326.40182,3.89580107,8935095,3.85,53.80952454
United Arab Emirates,ARE,2018,YR2018,3.068633793,45689.857,4.09854221,9346701,5.22,57.07546997
United Arab Emirates,ARE,2020,YR2020,-2.079403179,37173.87541,5.82477045,9401038,4.83,53.77358627
United Arab Emirates,ARE,2022,YR2022,5.291226044,49899.0653,4.67550945,10074977,..,56.60377502
United Arab Emirates,ARE,2024,YR2024,..,..,..,..,..,..
United Kingdom,GBR,1960,YR1960,1.003575704,1397.594803,..,52400000,..,..
United Kingdom,GBR,1962,YR1962,4.196498882,1525.775853,..,53250000,..,..
United Kingdom,GBR,1964,YR1964,3.281586947,1748.288118,..,54000000,..,..
United Kingdom,GBR,1966,YR1966,3.909617792,1986.747159,..,54648500,..,..
United Kingdom,GBR,1968,YR1968,4.697427988,1951.758596,..,55211700,..,..
United Kingdom,GBR,1970,YR1970,6.366568417,2347.544318,..,55663250,..,..
United Kingdom,GBR,1972,YR1972,7.071098395,3030.432514,..,56086065,..,..
United Kingdom,GBR,1974,YR1974,16.04401119,3665.862798,..,56229974,..,..
United Kingdom,GBR,1976,YR1976,16.55952256,4138.167788,..,56211968,..,..
United Kingdom,GBR,1978,YR1978,8.263141039,5976.938169,..,56196504,..,..
United Kingdom,GBR,1980,YR1980,17.96592427,10032.06208,..,56314216,..,..
United Kingdom,GBR,1982,YR1982,8.598863833,9146.077357,..,56313641,..,..
United Kingdom,GBR,1984,YR1984,4.960710978,8179.194441,..,56422072,..,..
United Kingdom,GBR,1986,YR1986,3.427609404,10611.11221,..,56681396,..,..
United Kingdom,GBR,1988,YR1988,4.155351716,15987.16808,..,56928327,..,..
United Kingdom,GBR,1990,YR1990,8.063460909,19095.467,..,57247586,..,..
United Kingdom,GBR,1992,YR1992,4.591549296,20487.17079,..,57580402,..,..
United Kingdom,GBR,1994,YR1994,2.219012605,19709.2381,..,57865745,..,..
United Kingdom,GBR,1996,YR1996,2.851782364,24406.4003,..,58166950,..,58.51063919
United Kingdom,GBR,1998,YR1998,1.820561637,28274.50451,..,58487141,..,60.10638428
United Kingdom,GBR,2000,YR2000,1.182956242,28280.92679,7.15692902,58892514,7.93,68.7830658
United Kingdom,GBR,2002,YR2002,1.520402459,30077.74143,7.87847328,59370479,6.42,51.85185242
United Kingdom,GBR,2004,YR2004,1.390397567,40366.88867,8.3386755,59987905,6.85,34.46601868
United Kingdom,GBR,2006,YR2006,2.455661664,44512.45903,8.54522514,60846820,7.24,53.62318802
United Kingdom,GBR,2008,YR2008,3.521408563,47396.12021,9.04033756,61806995,5.94,47.11538315
United Kingdom,GBR,2010,YR2010,2.492654725,39598.95712,9.78937912,62766365,6.3,46.44549942
United Kingdom,GBR,2012,YR2012,2.573234797,42497.3405,9.89160061,63700215,5.6,45.97156525
United Kingdom,GBR,2014,YR2014,1.451120163,47439.61659,9.90305996,64602298,5.72,50
United Kingdom,GBR,2016,YR2016,1.008417368,40985.23514,9.76546955,65611593,5.32,47.61904907
United Kingdom,GBR,2018,YR2018,2.292839903,43203.81411,9.73837566,66460344,5.24,37.73584747
United Kingdom,GBR,2020,YR2020,0.989486704,40201.68124,11.96547699,67081234,2.25,51.88679123
United Kingdom,GBR,2022,YR2022,7.922048831,45935.92765,11.05087757,67791000,3.19,51.88679123
United Kingdom,GBR,2024,YR2024,3.271572946,..,..,..,..,..
United States,USA,1960,YR1960,1.457975986,2999.864872,..,180671000,..,..
United States,USA,1962,YR1962,1.198773348,3236.013112,..,186538000,..,..
United States,USA,1964,YR1964,1.278911565,3565.31443,..,191889000,..,..
United States,USA,1966,YR1966,3.015075377,4136.308296,..,196560000,..,..
United States,USA,1968,YR1968,4.271796153,4684.588403,..,200706000,..,..
United States,USA,1970,YR1970,5.838255338,5234.296666,..,205052000,..,..
United States,USA,1972,YR1972,3.272278247,6094.01799,..,209896000,..,..
United States,USA,1974,YR1974,11.0548048,7225.69136,..,213854000,..,..
United States,USA,1976,YR1976,5.744812635,8592.253537,..,218035000,..,..
United States,USA,1978,YR1978,7.630963839,10564.94822,..,222585000,..,..
United States,USA,1980,YR1980,13.54920197,12574.79151,..,227225000,..,..
United States,USA,1982,YR1982,6.131427,14433.78773,..,231664000,..,..
United States,USA,1984,YR1984,4.300535475,17121.22548,..,235825000,..,..
United States,USA,1986,YR1986,1.898047722,19071.22719,..,240133000,..,..
United States,USA,1988,YR1988,4.077741107,21417.01193,..,244499000,..,..
United States,USA,1990,YR1990,5.39795644,23888.60001,..,249623000,2.81,..
United States,USA,1992,YR1992,3.028819678,25418.99078,..,256514000,2.81,..
United States,USA,1994,YR1994,2.607441592,27694.85342,..,263126000,..,..
United States,USA,1996,YR1996,2.9312042,29967.71272,..,269394000,3.25,57.44680786
United States,USA,1998,YR1998,1.552279099,32853.67259,..,275854000,3.7,57.44680786
United States,USA,2000,YR2000,3.376857271,36329.97026,12.49002552,282162411,3.1,69.84127045
United States,USA,2002,YR2002,1.586031627,37997.74243,13.99534702,287625193,3.31,40.2116394
United States,USA,2004,YR2004,2.677236693,41724.6412,14.55123425,292805298,2.89,23.30097008
United States,USA,2006,YR2006,3.225944101,46301.98765,14.7087841,298379912,2.67,48.79227066
United States,USA,2008,YR2008,3.839100297,48570.05943,15.2072401,304093966,2.54,50.48077011
United States,USA,2010,YR2010,1.640043442,48650.66432,16.19723129,309327143,2.45,47.86729813
United States,USA,2012,YR2012,2.069337265,51784.41147,16.11974716,313877662,2.53,55.92417145
United States,USA,2014,YR2014,1.622222977,55304.31553,16.19414139,318386329,2.53,57.61904907
United States,USA,2016,YR2016,1.261583206,58206.61419,16.79114342,323071755,2.44,48.57143021
United States,USA,2018,YR2018,2.442583297,63201.04585,16.61530876,326838199,5.96,49.52830124
United States,USA,2020,YR2020,1.233584396,64411.37318,18.8132534,331526933,2.72,33.49056625
United States,USA,2022,YR2022,8.002799821,78035.17536,16.49613953,333271411,2.48,35.37735748
United States,USA,2024,YR2024,2.949525205,..,..,..,..,..
Uruguay,URY,1960,YR1960,38.5040374,491.0317603,..,2529957,..,..
Uruguay,URY,1962,YR1962,10.90742438,659.3937169,..,2593298,..,..
Uruguay,URY,1964,YR1964,42.3694157,744.6542701,..,2653180,..,..
Uruguay,URY,1966,YR1966,73.46269321,668.1763767,..,2707646,..,..
Uruguay,URY,1968,YR1968,125.3369911,578.5488685,..,2754606,..,..
Uruguay,URY,1970,YR1970,16.30614494,765.763012,..,2790807,..,..
Uruguay,URY,1972,YR1972,76.48492378,775.9372511,..,2821644,..,..
Uruguay,URY,1974,YR1974,77.21341378,1433.177975,..,2853944,..,..
Uruguay,URY,1976,YR1976,50.62304956,1268.303032,..,2891392,..,..
Uruguay,URY,1978,YR1978,44.54834367,1678.309256,..,2925715,..,..
Uruguay,URY,1980,YR1980,63.47583043,3442.812306,..,2951953,..,..
Uruguay,URY,1982,YR1982,18.9925013,3084.79407,..,2975492,..,..
Uruguay,URY,1984,YR1984,55.30442354,1615.406473,..,3002488,..,..
Uruguay,URY,1986,YR1986,76.38063641,1938.810849,..,3032845,..,..
Uruguay,URY,1988,YR1988,62.19195646,2677.197777,..,3067961,..,..
Uruguay,URY,1990,YR1990,112.5259056,2995.361057,..,3104403,..,..
Uruguay,URY,1992,YR1992,68.45919384,4101.710542,..,3139702,7.98,..
Uruguay,URY,1994,YR1994,44.73604215,5507.564813,..,3172834,..,..
Uruguay,URY,1996,YR1996,28.3420486,6398.435752,..,3206324,10.71,47.3404274
Uruguay,URY,1998,YR1998,10.81107031,7836.891833,..,3239280,13.07,53.72340393
Uruguay,URY,2000,YR2000,4.763824727,6987.700988,9.17182446,3266206,9.27,61.37565994
Uruguay,URY,2002,YR2002,13.97247259,4149.761403,9.64023018,3278867,11.46,57.1428566
Uruguay,URY,2004,YR2004,9.157605075,4168.660654,8.26618195,3283148,7.12,48.54368973
Uruguay,URY,2006,YR2006,6.397649744,6001.332948,7.70998907,3289506,5.62,59.42028809
Uruguay,URY,2008,YR2008,7.877073747,9423.965626,8.09081745,3302177,5.71,57.69230652
Uruguay,URY,2010,YR2010,6.69870887,12641.05768,7.87757301,3318580,5.89,60.1895752
Uruguay,URY,2012,YR2012,8.097765806,16259.59408,8.03330803,3335401,6.29,57.81990433
Uruguay,URY,2014,YR2014,8.877353332,18322.42768,8.038908,3356334,6.38,68.09523773
Uruguay,URY,2016,YR2016,9.639413476,17009.75869,8.63850975,3379283,6.8,70.47618866
Uruguay,URY,2018,YR2018,7.606533604,19249.94015,8.90014267,3394534,6.9,67.45282745
Uruguay,URY,2020,YR2020,9.756406361,15789.68574,9.06924915,3398968,6.86,68.86792755
Uruguay,URY,2022,YR2022,9.104379831,20691.9739,8.94532204,3390913,6.58,69.81131744
Uruguay,URY,2024,YR2024,4.849143666,..,..,..,..,..
Uzbekistan,UZB,1960,YR1960,..,..,..,8209109,..,..
Uzbekistan,UZB,1962,YR1962,..,..,..,8854368,..,..
Uzbekistan,UZB,1964,YR1964,..,..,..,9557611,..,..
Uzbekistan,UZB,1966,YR1966,..,..,..,10289294,..,..
Uzbekistan,UZB,1968,YR1968,..,..,..,11032155,..,..
Uzbekistan,UZB,1970,YR1970,..,..,..,11762638,..,..
Uzbekistan,UZB,1972,YR1972,..,..,..,12465106,..,..
Uzbekistan,UZB,1974,YR1974,..,..,..,13209011,..,..
Uzbekistan,UZB,1976,YR1976,..,..,..,13998620,..,..
Uzbekistan,UZB,1978,YR1978,..,..,..,14816349,..,..
Uzbekistan,UZB,1980,YR1980,..,..,..,15619936,..,..
Uzbekistan,UZB,1982,YR1982,..,..,..,16462736,..,..
Uzbekistan,UZB,1984,YR1984,..,..,..,17378846,..,..
Uzbekistan,UZB,1986,YR1986,..,..,..,18395621,..,..
Uzbekistan,UZB,1988,YR1988,..,550.9996151,..,19460630,..,..
Uzbekistan,UZB,1990,YR1990,..,652.9376529,..,20464956,..,..
Uzbekistan,UZB,1992,YR1992,..,602.9205258,..,21485090,..,..
Uzbekistan,UZB,1994,YR1994,..,574.2290799,..,22463291,..,..
Uzbekistan,UZB,1996,YR1996,..,597.332287,..,23351981,..,9.042552948
Uzbekistan,UZB,1998,YR1998,..,621.0489043,..,24134929,..,10.10638332
Uzbekistan,UZB,2000,YR2000,..,555.1492311,5.13293362,24787054,..,1.587301612
Uzbekistan,UZB,2002,YR2002,..,381.4092969,5.14164925,25399980,..,7.407407284
Uzbekistan,UZB,2004,YR2004,..,462.1714929,4.84063768,26029350,..,3.883495092
Uzbekistan,UZB,2006,YR2006,..,649.118167,4.75141335,26699043,12.08,0.966183603
Uzbekistan,UZB,2008,YR2008,..,1074.729288,4.70447445,27494774,12.77,8.653845787
Uzbekistan,UZB,2010,YR2010,..,1753.207302,5.29938841,28385506,..,13.27014256
Uzbekistan,UZB,2012,YR2012,13.20880267,2307.346491,5.54822111,29261903,12.11,18.95734596
Uzbekistan,UZB,2014,YR2014,9.283093562,2674.962838,4.43092394,30222994,12.53,24.2857151
Uzbekistan,UZB,2016,YR2016,8.130886695,2753.379514,4.71504498,31284568,..,23.33333397
Uzbekistan,UZB,2018,YR2018,17.52417965,1813.085308,5.05427122,32373490,..,22.64151001
Uzbekistan,UZB,2020,YR2020,12.86772974,1978.280519,6.71439123,33586372,7.22,18.39622688
Uzbekistan,UZB,2022,YR2022,11.4466437,2578.666894,7.36325455,34938955,..,25
Uzbekistan,UZB,2024,YR2024,9.62825466,..,..,..,..,..
Vanuatu,VUT,1960,YR1960,..,..,..,64431,..,..
Vanuatu,VUT,1962,YR1962,..,..,..,68174,..,..
Vanuatu,VUT,1964,YR1964,..,..,..,72219,..,..
Vanuatu,VUT,1966,YR1966,..,..,..,76590,..,..
Vanuatu,VUT,1968,YR1968,..,..,..,81314,..,..
Vanuatu,VUT,1970,YR1970,..,..,..,86266,..,..
Vanuatu,VUT,1972,YR1972,..,..,..,91562,..,..
Vanuatu,VUT,1974,YR1974,..,..,..,97260,..,..
Vanuatu,VUT,1976,YR1976,..,..,..,103388,..,..
Vanuatu,VUT,1978,YR1978,6.413793103,..,..,109963,..,..
Vanuatu,VUT,1980,YR1980,11.24014932,1047.773626,..,115660,..,..
Vanuatu,VUT,1982,YR1982,6.672545561,946.0231546,..,121035,..,..
Vanuatu,VUT,1984,YR1984,5.516400108,1136.682024,..,127109,..,..
Vanuatu,VUT,1986,YR1986,4.766141332,945.998619,..,133720,..,..
Vanuatu,VUT,1988,YR1988,8.760230373,1125.00617,..,140756,..,..
Vanuatu,VUT,1990,YR1990,4.759441283,1140.590203,..,148063,..,..
Vanuatu,VUT,1992,YR1992,4.058441558,1343.689429,..,155608,..,..
Vanuatu,VUT,1994,YR1994,2.302560792,1430.993678,..,163314,..,..
Vanuatu,VUT,1996,YR1996,0.906344411,1529.275731,..,170911,..,47.87234116
Vanuatu,VUT,1998,YR1998,3.282159873,1470.97189,..,178313,..,52.12765884
Vanuatu,VUT,2000,YR2000,2.537688442,1460.238177,3.30683255,186281,..,57.67195892
Vanuatu,VUT,2002,YR2002,1.963567542,1340.715375,3.90437746,195863,27.92,48.14814758
Vanuatu,VUT,2004,YR2004,1.418918919,1774.318676,3.53991532,205711,25.4,46.11650467
Vanuatu,VUT,2006,YR2006,2.040816327,2034.792896,3.32189322,215923,29.04,68.11594391
Vanuatu,VUT,2008,YR2008,4.841713222,2603.608831,3.13810205,226896,27.26,67.30769348
Vanuatu,VUT,2010,YR2010,2.762694695,2815.18829,3.52656102,238248,..,71.5639801
Vanuatu,VUT,2012,YR2012,1.347403629,3004.784167,3.9356277,248883,19.32,69.19431305
Vanuatu,VUT,2014,YR2014,0.798863838,2967.70667,3.64668846,260240,..,53.80952454
Vanuatu,VUT,2016,YR2016,0.842069084,2869.999691,3.07873988,272087,8.63,47.61904907
Vanuatu,VUT,2018,YR2018,2.330963796,3206.689308,3.44045591,285259,..,57.07546997
Vanuatu,VUT,2020,YR2020,5.329350731,3042.987116,4.12128973,298858,19.1,58.49056625
Vanuatu,VUT,2022,YR2022,6.679305819,3265.396451,4.14742947,313046,19.06,63.679245
Vanuatu,VUT,2024,YR2024,..,..,..,..,..,..
"Venezuela, RB",VEN,1960,YR1960,..,939.1977666,..,8160090,..,..
"Venezuela, RB",VEN,1962,YR1962,..,1006.559408,..,8756870,..,..
"Venezuela, RB",VEN,1964,YR1964,..,873.6047549,..,9377712,..,..
"Venezuela, RB",VEN,1966,YR1966,..,875.9562317,..,10024854,..,..
"Venezuela, RB",VEN,1968,YR1968,..,938.0150787,..,10697530,..,..
"Venezuela, RB",VEN,1970,YR1970,..,1015.219908,..,11387790,..,..
"Venezuela, RB",VEN,1972,YR1972,..,1155.262363,..,12099180,..,..
"Venezuela, RB",VEN,1974,YR1974,..,2033.519008,..,12835351,..,..
"Venezuela, RB",VEN,1976,YR1976,..,2309.192935,..,13606284,..,..
"Venezuela, RB",VEN,1978,YR1978,..,2727.137466,..,14416684,..,..
"Venezuela, RB",VEN,1980,YR1980,..,3874.404706,..,15258218,..,..
"Venezuela, RB",VEN,1982,YR1982,..,4201.542835,..,16121874,..,..
"Venezuela, RB",VEN,1984,YR1984,..,3519.801465,..,17008841,..,..
"Venezuela, RB",VEN,1986,YR1986,..,3376.349606,..,17923536,..,..
"Venezuela, RB",VEN,1988,YR1988,..,3191.476337,..,18871020,..,..
"Venezuela, RB",VEN,1990,YR1990,..,2451.552311,..,19827010,..,..
"Venezuela, RB",VEN,1992,YR1992,..,2907.303344,..,20780948,16.25,..
"Venezuela, RB",VEN,1994,YR1994,..,2688.983251,..,21725188,..,..
"Venezuela, RB",VEN,1996,YR1996,..,3112.825848,..,22662113,..,11.70212746
"Venezuela, RB",VEN,1998,YR1998,..,3869.982588,..,23601337,13.7,14.89361668
"Venezuela, RB",VEN,2000,YR2000,..,4776.281676,..,24526708,13.5,12.16931248
"Venezuela, RB",VEN,2002,YR2002,..,3652.098965,..,25435671,13.84,3.703703642
"Venezuela, RB",VEN,2004,YR2004,..,4269.089709,..,26340838,12.36,4.368932247
"Venezuela, RB",VEN,2006,YR2006,..,6739.380653,..,27224686,10.77,7.729468822
"Venezuela, RB",VEN,2008,YR2008,..,11262.45143,..,28053696,11.7,8.653845787
"Venezuela, RB",VEN,2010,YR2010,28.18746471,13646.30466,..,28813101,12.21,5.213270187
"Venezuela, RB",VEN,2012,YR2012,21.06899563,12901.41716,..,29553826,11.49,8.056872368
"Venezuela, RB",VEN,2014,YR2014,62.16864998,15943.61272,..,30254079,10.94,10
"Venezuela, RB",VEN,2016,YR2016,254.9485348,..,..,30765720,11.16,9.523809433
"Venezuela, RB",VEN,2018,YR2018,..,..,2.41691327,29807592,9.45,6.603773594
"Venezuela, RB",VEN,2020,YR2020,..,..,4.11615229,28444077,13.36,4.245283127
"Venezuela, RB",VEN,2022,YR2022,..,..,4.55047369,28213017,11.05,8.490566254
"Venezuela, RB",VEN,2024,YR2024,..,..,..,..,..,..
Viet Nam,VNM,1960,YR1960,..,..,..,32531933,..,..
Viet Nam,VNM,1962,YR1962,..,..,..,34288560,..,..
Viet Nam,VNM,1964,YR1964,..,..,..,36201563,..,..
Viet Nam,VNM,1966,YR1966,..,..,..,38024836,..,..
Viet Nam,VNM,1968,YR1968,..,..,..,39734609,..,..
Viet Nam,VNM,1970,YR1970,..,..,..,41475230,..,..
Viet Nam,VNM,1972,YR1972,..,..,..,43429168,..,..
Viet Nam,VNM,1974,YR1974,..,..,..,45413537,..,..
Viet Nam,VNM,1976,YR1976,..,..,..,47684931,..,..
Viet Nam,VNM,1978,YR1978,..,..,..,50249552,..,..
Viet Nam,VNM,1980,YR1980,..,..,..,52490101,..,..
Viet Nam,VNM,1982,YR1982,..,..,..,55011289,..,..
Viet Nam,VNM,1984,YR1984,..,..,..,57706067,..,..
Viet Nam,VNM,1986,YR1986,..,436.4192968,..,60347048,..,..
Viet Nam,VNM,1988,YR1988,..,404.5593051,..,62843228,..,..
Viet Nam,VNM,1990,YR1990,..,98.79833703,..,65504552,..,..
Viet Nam,VNM,1992,YR1992,..,144.5493924,..,68260337,..,..
Viet Nam,VNM,1994,YR1994,..,229.8577873,..,70854391,12.17,..
Viet Nam,VNM,1996,YR1996,5.675,337.0512318,..,73156447,..,44.68085098
Viet Nam,VNM,1998,YR1998,7.266198044,361.3509284,..,75299660,..,35.10638428
Viet Nam,VNM,2000,YR2000,-1.710337279,404.0297841,4.10752726,77154011,..,40.2116394
Viet Nam,VNM,2002,YR2002,3.830828382,445.1328618,3.87075853,78772224,16.26,42.32804108
Viet Nam,VNM,2004,YR2004,7.754947487,565.4522846,4.08791971,80338971,15.97,34.46601868
Viet Nam,VNM,2006,YR2006,7.418017151,807.7566451,4.56979847,82167897,15.24,45.41062927
Viet Nam,VNM,2008,YR2008,23.11544835,1163.831958,4.36028337,85175788,10.77,36.05769348
Viet Nam,VNM,2010,YR2010,9.207466488,1683.161824,5.07146072,87455152,8.64,36.01895905
Viet Nam,VNM,2012,YR2012,9.094703396,2185.117677,5.00178242,89510356,8.42,41.23222733
Viet Nam,VNM,2014,YR2014,4.084554466,2546.384645,4.69078779,91679578,7.99,30.95238113
Viet Nam,VNM,2016,YR2016,2.66824817,2735.060438,4.86994743,94000117,8.16,41.90476227
Viet Nam,VNM,2018,YR2018,3.539628059,3222.310031,5.02678823,96237319,10.1,35.37735748
Viet Nam,VNM,2020,YR2020,3.220934367,3534.039535,4.33219814,98079191,7.13,33.01886749
Viet Nam,VNM,2022,YR2022,3.1565075,4116.385761,4.58891582,99680655,5.37,30.6603775
Viet Nam,VNM,2024,YR2024,3.621092739,..,..,..,..,..
Virgin Islands (U.S.),VIR,1960,YR1960,..,..,..,32500,..,..
Virgin Islands (U.S.),VIR,1962,YR1962,..,..,..,35000,..,..
Virgin Islands (U.S.),VIR,1964,YR1964,..,..,..,40800,..,..
Virgin Islands (U.S.),VIR,1966,YR1966,..,..,..,46200,..,..
Virgin Islands (U.S.),VIR,1968,YR1968,..,..,..,55700,..,..
Virgin Islands (U.S.),VIR,1970,YR1970,..,..,..,63476,..,..
Virgin Islands (U.S.),VIR,1972,YR1972,..,..,..,76319,..,..
Virgin Islands (U.S.),VIR,1974,YR1974,..,..,..,89941,..,..
Virgin Islands (U.S.),VIR,1976,YR1976,..,..,..,96166,..,..
Virgin Islands (U.S.),VIR,1978,YR1978,..,..,..,95929,..,..
Virgin Islands (U.S.),VIR,1980,YR1980,..,..,..,99636,..,..
Virgin Islands (U.S.),VIR,1982,YR1982,..,..,..,100068,..,..
Virgin Islands (U.S.),VIR,1984,YR1984,..,..,..,100600,..,..
Virgin Islands (U.S.),VIR,1986,YR1986,..,..,..,100842,..,..
Virgin Islands (U.S.),VIR,1988,YR1988,..,..,..,100952,..,..
Virgin Islands (U.S.),VIR,1990,YR1990,..,..,..,103963,..,..
Virgin Islands (U.S.),VIR,1992,YR1992,..,..,..,105712,..,..
Virgin Islands (U.S.),VIR,1994,YR1994,..,..,..,107318,..,..
Virgin Islands (U.S.),VIR,1996,YR1996,..,..,..,108095,..,..
Virgin Islands (U.S.),VIR,1998,YR1998,..,..,..,108537,..,..
Virgin Islands (U.S.),VIR,2000,YR2000,..,..,..,108642,..,..
Virgin Islands (U.S.),VIR,2002,YR2002,..,30062.02251,..,108509,..,..
Virgin Islands (U.S.),VIR,2004,YR2004,..,35006.36144,..,108466,..,49.51456451
Virgin Islands (U.S.),VIR,2006,YR2006,..,41377.1466,..,108369,..,42.02898407
Virgin Islands (U.S.),VIR,2008,YR2008,..,39152.37507,..,108397,..,42.30769348
Virgin Islands (U.S.),VIR,2010,YR2010,..,39905.12842,..,108357,..,36.96682358
Virgin Islands (U.S.),VIR,2012,YR2012,..,37795.31926,..,108188,..,52.13270187
Virgin Islands (U.S.),VIR,2014,YR2014,..,33045.36438,..,107882,..,70
Virgin Islands (U.S.),VIR,2016,YR2016,..,35324.97489,..,107516,..,63.80952454
Virgin Islands (U.S.),VIR,2018,YR2018,..,36663.20876,..,107001,..,63.20754623
Virgin Islands (U.S.),VIR,2020,YR2020,..,39787.37417,..,106290,..,62.26415253
Virgin Islands (U.S.),VIR,2022,YR2022,..,44320.90919,..,105413,..,46.69811249
Virgin Islands (U.S.),VIR,2024,YR2024,..,..,..,..,..,..
West Bank and Gaza,PSE,1960,YR1960,..,..,..,..,..,..
West Bank and Gaza,PSE,1962,YR1962,..,..,..,..,..,..
West Bank and Gaza,PSE,1964,YR1964,..,..,..,..,..,..
West Bank and Gaza,PSE,1966,YR1966,..,..,..,..,..,..
West Bank and Gaza,PSE,1968,YR1968,..,..,..,..,..,..
West Bank and Gaza,PSE,1970,YR1970,..,..,..,..,..,..
West Bank and Gaza,PSE,1972,YR1972,..,..,..,..,..,..
West Bank and Gaza,PSE,1974,YR1974,..,..,..,..,..,..
West Bank and Gaza,PSE,1976,YR1976,..,..,..,..,..,..
West Bank and Gaza,PSE,1978,YR1978,..,..,..,..,..,..
West Bank and Gaza,PSE,1980,YR1980,..,..,..,..,..,..
West Bank and Gaza,PSE,1982,YR1982,..,..,..,..,..,..
West Bank and Gaza,PSE,1984,YR1984,..,..,..,..,..,..
West Bank and Gaza,PSE,1986,YR1986,..,..,..,..,..,..
West Bank and Gaza,PSE,1988,YR1988,..,..,..,..,..,..
West Bank and Gaza,PSE,1990,YR1990,..,..,..,1978248,..,..
West Bank and Gaza,PSE,1992,YR1992,..,..,..,2163591,..,..
West Bank and Gaza,PSE,1994,YR1994,..,1201.581542,..,2366298,..,..
West Bank and Gaza,PSE,1996,YR1996,..,1317.466751,..,2587997,..,2.127659559
West Bank and Gaza,PSE,1998,YR1998,5.579645058,1465.046057,..,2776568,..,3.723404169
West Bank and Gaza,PSE,2000,YR2000,2.798198924,1476.17185,9.46541214,2922153,..,0.529100537
West Bank and Gaza,PSE,2002,YR2002,5.70951586,1156.217473,11.04674053,3075373,..,0
West Bank and Gaza,PSE,2004,YR2004,3.004174986,1422.190886,11.37928772,3236626,..,4.368932247
West Bank and Gaza,PSE,2006,YR2006,3.842341256,1570.1044,10.50240231,3406334,..,0.483091801
West Bank and Gaza,PSE,2008,YR2008,9.889997887,2035.202341,10.52610016,3591977,..,0.961538434
West Bank and Gaza,PSE,2010,YR2010,3.749157276,2557.075624,9.10499382,3786161,..,1.421800971
West Bank and Gaza,PSE,2012,YR2012,2.779087683,3067.438727,10.30110455,3979998,..,1.895734549
West Bank and Gaza,PSE,2014,YR2014,1.7329851,3352.112595,9.92015553,4173398,7.33,4.285714149
West Bank and Gaza,PSE,2016,YR2016,-0.219106605,3527.613824,9.0039854,4367088,4.62,2.380952358
West Bank and Gaza,PSE,2018,YR2018,-0.195107774,3562.330943,9.65617657,4569087,..,3.301886797
West Bank and Gaza,PSE,2020,YR2020,-0.735332001,3233.568638,10.27610207,4803269,..,2.358490467
West Bank and Gaza,PSE,2022,YR2022,3.741223919,3799.95527,9.73336029,5043612,..,4.245283127
West Bank and Gaza,PSE,2024,YR2024,..,..,..,..,..,..
"Yemen, Rep.",YEM,1960,YR1960,..,..,..,5532301,..,..
"Yemen, Rep.",YEM,1962,YR1962,..,..,..,5782221,..,..
"Yemen, Rep.",YEM,1964,YR1964,..,..,..,6048006,..,..
"Yemen, Rep.",YEM,1966,YR1966,..,..,..,6351494,..,..
"Yemen, Rep.",YEM,1968,YR1968,..,..,..,6690524,..,..
"Yemen, Rep.",YEM,1970,YR1970,..,..,..,7065279,..,..
"Yemen, Rep.",YEM,1972,YR1972,..,..,..,7460068,..,..
"Yemen, Rep.",YEM,1974,YR1974,..,..,..,7896783,..,..
"Yemen, Rep.",YEM,1976,YR1976,..,..,..,8384113,..,..
"Yemen, Rep.",YEM,1978,YR1978,..,..,..,8926586,..,..
"Yemen, Rep.",YEM,1980,YR1980,..,..,..,9543358,..,..
"Yemen, Rep.",YEM,1982,YR1982,..,..,..,10241006,..,..
"Yemen, Rep.",YEM,1984,YR1984,..,..,..,11025597,..,..
"Yemen, Rep.",YEM,1986,YR1986,..,..,..,11901040,..,..
"Yemen, Rep.",YEM,1988,YR1988,..,..,..,12859708,..,..
"Yemen, Rep.",YEM,1990,YR1990,..,910.422466,..,13887862,..,..
"Yemen, Rep.",YEM,1992,YR1992,29.41176471,1198.130317,..,14989494,..,..
"Yemen, Rep.",YEM,1994,YR1994,49.39415538,1735.044195,..,16149147,..,..
"Yemen, Rep.",YEM,1996,YR1996,30.73373327,375.2149947,..,17313177,..,3.723404169
"Yemen, Rep.",YEM,1998,YR1998,5.976508521,342.7394075,..,18446013,..,6.382978916
"Yemen, Rep.",YEM,2000,YR2000,4.59,493.2351826,4.66606569,19624141,13.99,5.82010603
"Yemen, Rep.",YEM,2002,YR2002,12.23853394,513.2414866,4.83237982,20835086,..,3.703703642
"Yemen, Rep.",YEM,2004,YR2004,12.51509515,627.6320234,5.5144043,22095167,..,3.398058176
"Yemen, Rep.",YEM,2006,YR2006,10.84479869,809.7131276,5.52930164,23543083,9.74,7.246376991
"Yemen, Rep.",YEM,2008,YR2008,18.97625743,1071.635833,5.76191616,25111941,..,1.923076868
"Yemen, Rep.",YEM,2010,YR2010,11.17483386,1155.203053,5.15932894,26754387,..,0
"Yemen, Rep.",YEM,2012,YR2012,9.885387145,1245.050683,5.19593525,28433647,6.43,0
"Yemen, Rep.",YEM,2014,YR2014,8.104725836,1430.16421,4.8418045,30226309,..,0
"Yemen, Rep.",YEM,2016,YR2016,..,975.3594067,4.84506655,32109010,6.22,0
"Yemen, Rep.",YEM,2018,YR2018,..,633.887206,5.27201796,34085182,..,0
"Yemen, Rep.",YEM,2020,YR2020,..,559.5646728,5.77270842,36134863,..,0
"Yemen, Rep.",YEM,2022,YR2022,..,615.7020793,6.18666697,38222876,..,0
"Yemen, Rep.",YEM,2024,YR2024,..,..,..,..,..,..
Zambia,ZMB,1960,YR1960,..,221.5598489,..,3153729,..,..
Zambia,ZMB,1962,YR1962,..,202.2810312,..,3358099,..,..
Zambia,ZMB,1964,YR1964,..,229.9792456,..,3577017,..,..
Zambia,ZMB,1966,YR1966,..,325.0258473,..,3812003,..,..
Zambia,ZMB,1968,YR1968,..,387.0872887,..,4065593,..,..
Zambia,ZMB,1970,YR1970,..,413.9046752,..,4321718,..,..
Zambia,ZMB,1972,YR1972,..,409.7811464,..,4569309,..,..
Zambia,ZMB,1974,YR1974,..,601.1013714,..,4842746,..,..
Zambia,ZMB,1976,YR1976,..,533.2316317,..,5143842,..,..
Zambia,ZMB,1978,YR1978,..,514.3348786,..,5465374,..,..
Zambia,ZMB,1980,YR1980,..,669.419722,..,5802833,..,..
Zambia,ZMB,1982,YR1982,..,626.5325334,..,6178637,..,..
Zambia,ZMB,1984,YR1984,..,413.2699743,..,6580490,..,..
Zambia,ZMB,1986,YR1986,55.82822086,238.2337962,..,6986471,..,..
Zambia,ZMB,1988,YR1988,51.00401606,504.4860202,..,7391440,..,..
Zambia,ZMB,1990,YR1990,107.0238095,422.3362988,..,7786169,..,..
Zambia,ZMB,1992,YR1992,165.706527,389.2546658,..,8176680,..,..
Zambia,ZMB,1994,YR1994,54.60132184,426.3868394,..,8576269,..,..
Zambia,ZMB,1996,YR1996,43.073098,399.5113047,..,9004053,..,21.80850983
Zambia,ZMB,1998,YR1998,24.45845635,373.0847631,..,9482408,..,33.51063919
Zambia,ZMB,2000,YR2000,26.03041179,359.429501,4.17365646,10017631,..,30.15872955
Zambia,ZMB,2002,YR2002,22.23334464,393.8646255,5.88845205,10647949,25.22,21.69312096
Zambia,ZMB,2004,YR2004,17.96778911,548.6859746,5.48490572,11338198,32.66,35.92232895
Zambia,ZMB,2006,YR2006,9.019572472,1051.717149,5.5774231,12129553,30.31,42.51207733
Zambia,ZMB,2008,YR2008,12.44557935,1375.50211,4.46690989,13021324,13.12,45.19230652
Zambia,ZMB,2010,YR2010,8.501761334,1451.10616,3.97471905,13965594,9.27,50.71089935
Zambia,ZMB,2012,YR2012,6.575899708,1710.050613,4.04541731,14913629,11.24,56.87203979
Zambia,ZMB,2014,YR2014,7.806875536,1707.485731,3.82924223,15895315,..,38.57143021
Zambia,ZMB,2016,YR2016,17.86973008,1239.085279,4.46923161,16914423,13.33,37.61904907
Zambia,ZMB,2018,YR2018,7.494571927,1463.899979,4.76996708,17973569,12.95,37.26415253
Zambia,ZMB,2020,YR2020,15.73306047,951.6443167,6.3067441,19059395,12.97,25.94339561
Zambia,ZMB,2022,YR2022,10.99320392,1447.123101,5.25592279,20152938,12.89,39.15094376
Zambia,ZMB,2024,YR2024,..,..,..,..,..,..
Zimbabwe,ZWE,1960,YR1960,..,276.4197618,..,3809389,..,..
Zimbabwe,ZWE,1962,YR1962,..,275.5455861,..,4055959,..,..
Zimbabwe,ZWE,1964,YR1964,..,281.7445161,..,4320006,..,..
Zimbabwe,ZWE,1966,YR1966,..,278.5674964,..,4601217,..,..
Zimbabwe,ZWE,1968,YR1968,..,301.932051,..,4900440,..,..
Zimbabwe,ZWE,1970,YR1970,..,361.2415494,..,5215918,..,..
Zimbabwe,ZWE,1972,YR1972,..,483.1314339,..,5542445,..,..
Zimbabwe,ZWE,1974,YR1974,..,673.9912544,..,5908328,..,..
Zimbabwe,ZWE,1976,YR1976,..,686.8617591,..,6287105,..,..
Zimbabwe,ZWE,1978,YR1978,..,665.0188162,..,6543575,..,..
Zimbabwe,ZWE,1980,YR1980,..,948.5273109,..,7041303,..,..
Zimbabwe,ZWE,1982,YR1982,..,1095.325477,..,7796496,..,..
Zimbabwe,ZWE,1984,YR1984,..,756.9725298,..,8391488,..,..
Zimbabwe,ZWE,1986,YR1986,..,692.1758653,..,8982578,..,..
Zimbabwe,ZWE,1988,YR1988,..,815.4760978,..,9583094,..,..
Zimbabwe,ZWE,1990,YR1990,..,866.4864573,..,10137281,..,..
Zimbabwe,ZWE,1992,YR1992,..,630.8195315,..,10702700,..,..
Zimbabwe,ZWE,1994,YR1994,..,633.7332114,..,10873148,..,..
Zimbabwe,ZWE,1996,YR1996,..,766.5236289,..,11158360,35.67,14.89361668
Zimbabwe,ZWE,1998,YR1998,..,552.1652757,..,11594297,21.19,10.63829803
Zimbabwe,ZWE,2000,YR2000,..,562.5569004,..,11892055,26.43,4.761904716
Zimbabwe,ZWE,2002,YR2002,..,524.6772388,..,12087653,21.04,1.587301612
Zimbabwe,ZWE,2004,YR2004,..,469.4846536,..,12365896,..,5.339805603
Zimbabwe,ZWE,2006,YR2006,..,430.8091793,..,12636445,..,11.594203
Zimbabwe,ZWE,2008,YR2008,..,340.7401829,..,12959149,..,9.134614944
Zimbabwe,ZWE,2010,YR2010,3.022670025,901.5544436,10.47583866,13356548,21.31,9.004739761
Zimbabwe,ZWE,2012,YR2012,3.725326661,1238.60109,6.91794872,13817887,20.46,14.69194317
Zimbabwe,ZWE,2014,YR2014,-0.19778481,1372.212781,8.13227272,14207359,..,13.33333302
Zimbabwe,ZWE,2016,YR2016,-1.543669601,1407.415364,7.46644735,14600294,7.22,14.76190472
Zimbabwe,ZWE,2018,YR2018,10.61886587,2271.853335,4.65527105,15034452,..,12.73584938
Zimbabwe,ZWE,2020,YR2020,557.2018174,1730.413489,2.95440149,15526888,..,10.37735844
Zimbabwe,ZWE,2022,YR2022,104.7051706,2040.552459,3.62880659,16069056,..,10.84905624
Zimbabwe,ZWE,2024,YR2024,..,..,..,..,..,..
Africa Eastern and Southern,AFE,1960,YR1960,..,186.1324317,..,130072080,..,..
Africa Eastern and Southern,AFE,1962,YR1962,..,197.4081053,..,137171659,..,..
Africa Eastern and Southern,AFE,1964,YR1964,..,209.005786,..,144904094,..,..
Africa Eastern and Southern,AFE,1966,YR1966,..,240.9621936,..,153281203,..,..
Africa Eastern and Southern,AFE,1968,YR1968,..,257.1975118,..,162329396,..,..
Africa Eastern and Southern,AFE,1970,YR1970,..,276.7900559,..,171984985,..,..
Africa Eastern and Southern,AFE,1972,YR1972,..,311.5280182,..,182126556,..,..
Africa Eastern and Southern,AFE,1974,YR1974,19.59839357,463.5631817,..,193186642,..,..
Africa Eastern and Southern,AFE,1976,YR1976,11.21648129,468.8698757,..,204802976,..,..
Africa Eastern and Southern,AFE,1978,YR1978,12.52689251,571.7367845,..,217074286,..,..
Africa Eastern and Southern,AFE,1980,YR1980,15.06651154,773.4617985,..,230792729,..,..
Africa Eastern and Southern,AFE,1982,YR1982,12.1399177,725.7490817,..,245822010,..,..
Africa Eastern and Southern,AFE,1984,YR1984,10.98386257,650.5823142,..,261458202,..,..
Africa Eastern and Southern,AFE,1986,YR1986,13.89197165,578.6206722,..,277621771,..,..
Africa Eastern and Southern,AFE,1988,YR1988,12.52225807,704.4865735,..,294498625,..,..
Africa Eastern and Southern,AFE,1990,YR1990,12.45791398,822.8176383,..,311748681,..,..
Africa Eastern and Southern,AFE,1992,YR1992,16.1676124,733.1783461,..,329082707,..,..
Africa Eastern and Southern,AFE,1994,YR1994,14.85281498,701.0415698,..,347441809,..,..
Africa Eastern and Southern,AFE,1996,YR1996,9.706586325,747.0697363,..,366138524,..,..
Africa Eastern and Southern,AFE,1998,YR1998,7.495255423,697.3526926,..,385505757,..,..
Africa Eastern and Southern,AFE,2000,YR2000,8.601485149,707.1203763,5.654027108,406156661,..,..
Africa Eastern and Southern,AFE,2002,YR2002,8.763755203,625.998815,5.442299032,427820358,..,..
Africa Eastern and Southern,AFE,2004,YR2004,5.023420686,981.7446305,6.109319826,450928044,..,..
Africa Eastern and Southern,AFE,2006,YR2006,8.898163802,1220.002468,5.97289194,475606210,..,..
Africa Eastern and Southern,AFE,2008,YR2008,12.56664466,1421.118612,5.886537846,502070763,..,..
Africa Eastern and Southern,AFE,2010,YR2010,5.537537916,1601.727748,6.443953808,530308387,..,..
Africa Eastern and Southern,AFE,2012,YR2012,9.158708432,1702.969258,6.167488299,559609961,..,..
Africa Eastern and Southern,AFE,2014,YR2014,5.37028961,1656.107642,5.820827691,590968990,..,..
Africa Eastern and Southern,AFE,2016,YR2016,6.596504907,1329.777824,6.067769624,623369401,..,..
Africa Eastern and Southern,AFE,2018,YR2018,4.720804742,1538.924188,5.789177235,657801085,..,..
Africa Eastern and Southern,AFE,2020,YR2020,5.405162079,1344.080962,6.035791784,694446100,..,..
Africa Eastern and Southern,AFE,2022,YR2022,10.77375122,1628.024526,5.728122604,731821393,..,..
Africa Eastern and Southern,AFE,2024,YR2024,..,..,..,..,..,..
Africa Western and Central,AFW,1960,YR1960,..,121.9383531,..,97630925,..,..
Africa Western and Central,AFW,1962,YR1962,..,133.8254524,..,101854756,..,..
Africa Western and Central,AFW,1964,YR1964,..,148.5477359,..,106388440,..,..
Africa Western and Central,AFW,1966,YR1966,..,162.109362,..,111246953,..,..
Africa Western and Central,AFW,1968,YR1968,..,146.1880063,..,116444636,..,..
Africa Western and Central,AFW,1970,YR1970,..,218.6748681,..,122086536,..,..
Africa Western and Central,AFW,1972,YR1972,..,230.0717734,..,128176494,..,..
Africa Western and Central,AFW,1974,YR1974,..,368.2993182,..,134911581,..,..
Africa Western and Central,AFW,1976,YR1976,..,480.4532519,..,142337272,..,..
Africa Western and Central,AFW,1978,YR1978,..,523.7878506,..,150402616,..,..
Africa Western and Central,AFW,1980,YR1980,..,757.0768725,..,159166518,..,..
Africa Western and Central,AFW,1982,YR1982,12.05976521,1162.132846,..,168585118,..,..
Africa Western and Central,AFW,1984,YR1984,11.25,737.6750096,..,177880746,..,..
Africa Western and Central,AFW,1986,YR1986,5.950964999,581.3907128,..,187889141,..,..
Africa Western and Central,AFW,1988,YR1988,2.523659306,560.3805816,..,198485027,..,..
Africa Western and Central,AFW,1990,YR1990,1.057361395,590.3214385,..,209566031,..,..
Africa Western and Central,AFW,1992,YR1992,-0.062999006,563.3100804,..,221191375,..,..
Africa Western and Central,AFW,1994,YR1994,31.84101684,577.5487413,..,233360104,..,..
Africa Western and Central,AFW,1996,YR1996,4.914239726,1065.683497,..,246415446,..,..
Africa Western and Central,AFW,1998,YR1998,4.471125439,1137.744496,..,260297834,..,..
Africa Western and Central,AFW,2000,YR2000,2.530775167,516.9323163,3.462851717,274968446,..,..
Africa Western and Central,AFW,2002,YR2002,3.188693302,616.7960331,3.140401867,290841795,..,..
Africa Western and Central,AFW,2004,YR2004,0.694336306,834.8612909,4.273319059,307725100,..,..
Africa Western and Central,AFW,2006,YR2006,4.415899842,1222.550498,4.052005678,325663158,..,..
Africa Western and Central,AFW,2008,YR2008,8.452976233,1652.18985,3.649815947,344586109,..,..
Africa Western and Central,AFW,2010,YR2010,1.784844205,1647.149847,3.529293939,364358270,..,..
Africa Western and Central,AFW,2012,YR2012,4.578374635,1920.119912,3.482578601,385360349,..,..
Africa Western and Central,AFW,2014,YR2014,1.768435821,2204.9957,3.639375042,406992047,..,..
Africa Western and Central,AFW,2016,YR2016,1.487415508,1616.843198,3.835176693,429454743,..,..
Africa Western and Central,AFW,2018,YR2018,1.784049948,1703.896392,3.302829799,452195915,..,..
Africa Western and Central,AFW,2020,YR2020,2.490377839,1664.249176,3.891476937,474569351,..,..
Africa Western and Central,AFW,2022,YR2022,7.949251435,1777.235012,4.210205874,497387180,..,..
Africa Western and Central,AFW,2024,YR2024,..,..,..,..,..,..
Arab World,ARB,1960,YR1960,..,..,..,91540853,..,..
Arab World,ARB,1962,YR1962,..,210.8054136,..,96428599,..,..
Arab World,ARB,1964,YR1964,..,243.8974306,..,101729760,..,..
Arab World,ARB,1966,YR1966,..,263.9508393,..,107403055,..,..
Arab World,ARB,1968,YR1968,..,307.5368009,..,113712171,..,..
Arab World,ARB,1970,YR1970,..,357.694745,..,120469263,..,..
Arab World,ARB,1972,YR1972,..,470.195593,..,127535560,..,..
Arab World,ARB,1974,YR1974,15.52828175,1124.966817,..,135282861,..,..
Arab World,ARB,1976,YR1976,10.31741589,1458.144006,..,144014135,..,..
Arab World,ARB,1978,YR1978,9.71603275,1728.20571,..,153568663,..,..
Arab World,ARB,1980,YR1980,9.626056646,2954.049196,..,164657321,..,..
Arab World,ARB,1982,YR1982,8.331255756,2640.585786,..,175370356,..,..
Arab World,ARB,1984,YR1984,8.116397955,2357.268909,..,186733957,..,..
Arab World,ARB,1986,YR1986,6.798858447,2042.585585,..,198509771,..,..
Arab World,ARB,1988,YR1988,5.911544964,2042.057616,..,210269696,..,..
Arab World,ARB,1990,YR1990,8.451462408,2875.257142,..,223184294,..,..
Arab World,ARB,1992,YR1992,9.35975159,1996.377564,..,234321565,..,..
Arab World,ARB,1994,YR1994,5.112598904,2018.6858,..,247626514,..,..
Arab World,ARB,1996,YR1996,4.681306239,2193.873309,..,260229121,..,..
Arab World,ARB,1998,YR1998,3.41731949,2192.611888,..,273094199,..,..
Arab World,ARB,2000,YR2000,1.853790353,2664.165796,3.942991946,286548096,..,..
Arab World,ARB,2002,YR2002,1.83299389,2483.107234,4.202092577,300691509,..,..
Arab World,ARB,2004,YR2004,3.63228005,3133.736877,3.732187518,315060277,..,..
Arab World,ARB,2006,YR2006,3.544985916,4355.087622,3.429306725,330526310,..,..
Arab World,ARB,2008,YR2008,11.27066524,6091.932064,3.37084066,347684619,..,..
Arab World,ARB,2010,YR2010,3.911061955,5928.30479,3.890777456,363568534,..,..
Arab World,ARB,2012,YR2012,4.611844322,7336.197708,3.903962111,381030177,..,..
Arab World,ARB,2014,YR2014,2.773516131,7259.936729,4.484125351,400231008,..,..
Arab World,ARB,2016,YR2016,2.676591701,5957.059837,5.250696503,419808341,..,..
Arab World,ARB,2018,YR2018,2.45814158,6576.516631,4.842750149,435998060,..,..
Arab World,ARB,2020,YR2020,1.612222204,5648.341118,5.699908531,453723239,..,..
Arab World,ARB,2022,YR2022,5.087542009,7658.40647,4.443424942,471352066,..,..
Arab World,ARB,2024,YR2024,..,..,..,..,..,..
Caribbean small states,CSS,1960,YR1960,..,374.1942848,..,1713405,..,..
Caribbean small states,CSS,1962,YR1962,..,419.3339274,..,1789993,..,..
Caribbean small states,CSS,1964,YR1964,..,453.8173231,..,1871841,..,..
Caribbean small states,CSS,1966,YR1966,..,546.9105946,..,1951498,..,..
Caribbean small states,CSS,1968,YR1968,..,619.1244332,..,2033780,..,..
Caribbean small states,CSS,1970,YR1970,..,707.6315176,..,2112837,..,..
Caribbean small states,CSS,1972,YR1972,..,782.5563969,..,2170696,..,..
Caribbean small states,CSS,1974,YR1974,..,993.4829503,..,2202042,..,..
Caribbean small states,CSS,1976,YR1976,9.869328938,1102.540776,..,2230099,..,..
Caribbean small states,CSS,1978,YR1978,8.823529412,1430.763605,..,2255006,..,..
Caribbean small states,CSS,1980,YR1980,17.207475,2037.680066,..,2277343,..,..
Caribbean small states,CSS,1982,YR1982,6.839032527,2237.233727,..,2302968,..,..
Caribbean small states,CSS,1984,YR1984,3.382899629,2546.526248,..,2329434,..,..
Caribbean small states,CSS,1986,YR1986,1.330068452,2961.382636,..,2356746,..,..
Caribbean small states,CSS,1988,YR1988,3.138888889,3465.093897,..,2380540,..,..
Caribbean small states,CSS,1990,YR1990,4.010984078,3540.01545,..,2402741,..,..
Caribbean small states,CSS,1992,YR1992,5.138897799,3615.794333,..,2434849,..,..
Caribbean small states,CSS,1994,YR1994,1.442269588,3975.758136,..,2475465,..,..
Caribbean small states,CSS,1996,YR1996,2.059462786,4423.169242,..,2528256,..,..
Caribbean small states,CSS,1998,YR1998,2.168834487,6038.837303,..,2583369,..,..
Caribbean small states,CSS,2000,YR2000,2.181818182,6626.895152,4.319735905,2636455,..,..
Caribbean small states,CSS,2002,YR2002,2.041091026,6957.15483,4.463105439,2686785,..,..
Caribbean small states,CSS,2004,YR2004,2.314554622,7417.591195,4.794979539,2735189,..,..
Caribbean small states,CSS,2006,YR2006,2.740675161,9344.431642,4.840848177,2774985,..,..
Caribbean small states,CSS,2008,YR2008,6.394431003,10440.09329,5.005244836,2816379,..,..
Caribbean small states,CSS,2010,YR2010,3.250344092,10638.16939,5.251130689,2855621,..,..
Caribbean small states,CSS,2012,YR2012,2.41077704,11305.60619,5.281453244,2893251,..,..
Caribbean small states,CSS,2014,YR2014,1.089441574,11603.94055,5.292576798,2941203,..,..
Caribbean small states,CSS,2016,YR2016,0.141816226,11358.70308,5.437636254,2987438,..,..
Caribbean small states,CSS,2018,YR2018,1.245000409,12047.85281,5.661169182,3048465,..,..
Caribbean small states,CSS,2020,YR2020,-0.294805106,10270.79047,6.5893979,3092577,..,..
Caribbean small states,CSS,2022,YR2022,6.195974348,15564.55762,5.237388209,3131505,..,..
Caribbean small states,CSS,2024,YR2024,..,..,..,..,..,..
Central Europe and the Baltics,CEB,1960,YR1960,..,..,..,91401764,..,..
Central Europe and the Baltics,CEB,1962,YR1962,..,..,..,93009498,..,..
Central Europe and the Baltics,CEB,1964,YR1964,..,..,..,94715795,..,..
Central Europe and the Baltics,CEB,1966,YR1966,..,..,..,96146336,..,..
Central Europe and the Baltics,CEB,1968,YR1968,..,..,..,97884022,..,..
Central Europe and the Baltics,CEB,1970,YR1970,..,..,..,99134548,..,..
Central Europe and the Baltics,CEB,1972,YR1972,..,..,..,100357161,..,..
Central Europe and the Baltics,CEB,1974,YR1974,..,..,..,101939916,..,..
Central Europe and the Baltics,CEB,1976,YR1976,..,..,..,103776068,..,..
Central Europe and the Baltics,CEB,1978,YR1978,..,..,..,105329397,..,..
Central Europe and the Baltics,CEB,1980,YR1980,..,..,..,106541316,..,..
Central Europe and the Baltics,CEB,1982,YR1982,..,..,..,107730380,..,..
Central Europe and the Baltics,CEB,1984,YR1984,..,..,..,108838073,..,..
Central Europe and the Baltics,CEB,1986,YR1986,..,..,..,109824166,..,..
Central Europe and the Baltics,CEB,1988,YR1988,..,..,..,110686740,..,..
Central Europe and the Baltics,CEB,1990,YR1990,..,2456.159361,..,110743128,..,..
Central Europe and the Baltics,CEB,1992,YR1992,150.615832,2332.245797,..,110111454,..,..
Central Europe and the Baltics,CEB,1994,YR1994,35.92470539,2804.191926,..,110021594,..,..
Central Europe and the Baltics,CEB,1996,YR1996,19.79496692,3806.96502,..,109626194,..,..
Central Europe and the Baltics,CEB,1998,YR1998,8.208333333,4117.289296,..,109238340,..,..
Central Europe and the Baltics,CEB,2000,YR2000,8.911744187,3959.094293,5.701342748,108447824,..,..
Central Europe and the Baltics,CEB,2002,YR2002,3.12714223,4941.084945,6.151029965,106959751,..,..
Central Europe and the Baltics,CEB,2004,YR2004,3.592975942,7181.262146,6.350761249,106331716,..,..
Central Europe and the Baltics,CEB,2006,YR2006,3.930326038,9467.802376,6.215837605,105772481,..,..
Central Europe and the Baltics,CEB,2008,YR2008,6.358663802,14574.67278,6.370952094,105001883,..,..
Central Europe and the Baltics,CEB,2010,YR2010,1.801170221,12639.15404,6.887926925,104421447,..,..
Central Europe and the Baltics,CEB,2012,YR2012,3.334922677,13107.50012,6.609017195,103928128,..,..
Central Europe and the Baltics,CEB,2014,YR2014,0.053821313,14183.71548,6.591996108,103459388,..,..
Central Europe and the Baltics,CEB,2016,YR2016,-0.054999542,12836.56663,6.669189415,102926796,..,..
Central Europe and the Baltics,CEB,2018,YR2018,2.534454242,16181.60737,6.549423617,102439383,..,..
Central Europe and the Baltics,CEB,2020,YR2020,1.672440969,16450.87751,7.254894894,102046650,..,..
Central Europe and the Baltics,CEB,2022,YR2022,14.60814395,19502.81693,7.027678109,100289401,..,..
Central Europe and the Baltics,CEB,2024,YR2024,..,..,..,..,..,..
Early-demographic dividend,EAR,1960,YR1960,..,156.2669556,..,968909356,..,..
Early-demographic dividend,EAR,1962,YR1962,..,162.4680403,..,1020130725,..,..
Early-demographic dividend,EAR,1964,YR1964,..,187.7702867,..,1074021283,..,..
Early-demographic dividend,EAR,1966,YR1966,4.479810697,192.0412891,..,1128474732,..,..
Early-demographic dividend,EAR,1968,YR1968,2.079221858,210.3318403,..,1185936827,..,..
Early-demographic dividend,EAR,1970,YR1970,3.812664908,238.1197167,..,1245960808,..,..
Early-demographic dividend,EAR,1972,YR1972,6.075,269.687412,..,1307009646,..,..
Early-demographic dividend,EAR,1974,YR1974,19.0704733,460.5426407,..,1373219822,..,..
Early-demographic dividend,EAR,1976,YR1976,10.12208407,512.7104964,..,1442753987,..,..
Early-demographic dividend,EAR,1978,YR1978,9.314183696,624.2017075,..,1514572817,..,..
Early-demographic dividend,EAR,1980,YR1980,14.68450278,868.8312865,..,1591961664,..,..
Early-demographic dividend,EAR,1982,YR1982,10.22172714,871.0000919,..,1677532811,..,..
Early-demographic dividend,EAR,1984,YR1984,8.497371413,847.2013834,..,1765269111,..,..
Early-demographic dividend,EAR,1986,YR1986,10.00171556,807.8830485,..,1855391159,..,..
Early-demographic dividend,EAR,1988,YR1988,8.983003382,825.228789,..,1947928955,..,..
Early-demographic dividend,EAR,1990,YR1990,11.9060546,937.515168,..,2044241467,..,..
Early-demographic dividend,EAR,1992,YR1992,10.52744401,1032.628741,..,2138854231,..,..
Early-demographic dividend,EAR,1994,YR1994,9.59324964,1122.832316,..,2228719169,..,..
Early-demographic dividend,EAR,1996,YR1996,8.519951959,1192.272493,..,2321284245,..,..
Early-demographic dividend,EAR,1998,YR1998,6.42073243,1209.046347,..,2416119734,..,..
Early-demographic dividend,EAR,2000,YR2000,3.899529803,1345.960967,4.671816539,2509431470,..,..
Early-demographic dividend,EAR,2002,YR2002,4.240266607,1251.00893,4.636437582,2601917557,..,..
Early-demographic dividend,EAR,2004,YR2004,4.435261084,1562.5943,4.753248617,2693184997,..,..
Early-demographic dividend,EAR,2006,YR2006,5.687137726,2010.14276,4.679407532,2784726644,..,..
Early-demographic dividend,EAR,2008,YR2008,10.44698751,2592.625295,4.645037459,2875943965,..,..
Early-demographic dividend,EAR,2010,YR2010,4.397413832,2936.705309,4.806201281,2967104472,..,..
Early-demographic dividend,EAR,2012,YR2012,5.018272542,3356.981832,4.845278189,3058869436,..,..
Early-demographic dividend,EAR,2014,YR2014,4.073929575,3424.550259,4.932550851,3146800078,..,..
Early-demographic dividend,EAR,2016,YR2016,3.523173176,3262.320018,5.025433831,3233033717,..,..
Early-demographic dividend,EAR,2018,YR2018,3.957218312,3503.213201,4.69163243,3314245247,..,..
Early-demographic dividend,EAR,2020,YR2020,2.951922532,3240.951502,5.043304836,3396051187,..,..
Early-demographic dividend,EAR,2022,YR2022,7.119244441,4076.367491,4.705611187,3470644834,..,..
Early-demographic dividend,EAR,2024,YR2024,..,..,..,..,..,..
East Asia & Pacific,EAS,1960,YR1960,..,150.6907458,..,1042838451,..,..
East Asia & Pacific,EAS,1962,YR1962,..,153.0689884,..,1059216594,..,..
East Asia & Pacific,EAS,1964,YR1964,..,187.0642431,..,1110651177,..,..
East Asia & Pacific,EAS,1966,YR1966,..,221.8793113,..,1166223463,..,..
East Asia & Pacific,EAS,1968,YR1968,..,253.7491284,..,1224396287,..,..
East Asia & Pacific,EAS,1970,YR1970,..,320.1811478,..,1288720409,..,..
East Asia & Pacific,EAS,1972,YR1972,..,420.9826273,..,1354227576,..,..
East Asia & Pacific,EAS,1974,YR1974,..,613.3980788,..,1413495985,..,..
East Asia & Pacific,EAS,1976,YR1976,..,713.0451483,..,1463746788,..,..
East Asia & Pacific,EAS,1978,YR1978,..,1041.174595,..,1509072365,..,..
East Asia & Pacific,EAS,1980,YR1980,..,1187.091696,..,1555055134,..,..
East Asia & Pacific,EAS,1982,YR1982,..,1241.273341,..,1604459614,..,..
East Asia & Pacific,EAS,1984,YR1984,..,1369.839079,..,1655262815,..,..
East Asia & Pacific,EAS,1986,YR1986,..,1831.201509,..,1706848193,..,..
East Asia & Pacific,EAS,1988,YR1988,7.887323944,2502.058647,..,1762935833,..,..
East Asia & Pacific,EAS,1990,YR1990,7.819191447,2637.060573,..,1817735540,..,..
East Asia & Pacific,EAS,1992,YR1992,6.213281464,3167.016907,..,1869074614,..,..
East Asia & Pacific,EAS,1994,YR1994,5.649908939,3862.947167,..,1917389243,..,..
East Asia & Pacific,EAS,1996,YR1996,5.52480986,4124.556411,..,1964830092,..,..
East Asia & Pacific,EAS,1998,YR1998,5.491011804,3448.60462,..,2010443502,..,..
East Asia & Pacific,EAS,2000,YR2000,1.591969175,4086.518124,6.104614806,2050149617,..,..
East Asia & Pacific,EAS,2002,YR2002,1.885720002,3793.345415,6.105753804,2086144389,..,..
East Asia & Pacific,EAS,2004,YR2004,3.23751394,4606.368383,6.203672586,2118747885,..,..
East Asia & Pacific,EAS,2006,YR2006,3.936162599,5131.872991,5.967394806,2150688938,..,..
East Asia & Pacific,EAS,2008,YR2008,8.342086349,6514.168316,5.898741188,2183472438,..,..
East Asia & Pacific,EAS,2010,YR2010,3.05730564,7712.665045,6.282866503,2214613815,..,..
East Asia & Pacific,EAS,2012,YR2012,2.974607798,9416.215899,6.76476256,2249081393,..,..
East Asia & Pacific,EAS,2014,YR2014,2.510876333,9672.058568,6.518737728,2284385542,..,..
East Asia & Pacific,EAS,2016,YR2016,1.276990945,9832.130363,6.579465841,2317076058,..,..
East Asia & Pacific,EAS,2018,YR2018,2.368549058,11285.89723,6.551382961,2347576325,..,..
East Asia & Pacific,EAS,2020,YR2020,0.846905537,11464.10129,6.985994675,2369438682,..,..
East Asia & Pacific,EAS,2022,YR2022,5.408743755,12889.9062,6.607633374,2379648296,..,..
East Asia & Pacific,EAS,2024,YR2024,..,..,..,..,..,..
East Asia & Pacific (excluding high income),EAP,1960,YR1960,..,90.12927383,..,895961535,..,..
East Asia & Pacific (excluding high income),EAP,1962,YR1962,..,71.50068031,..,907473022,..,..
East Asia & Pacific (excluding high income),EAP,1964,YR1964,..,84.9969411,..,953783472,..,..
East Asia & Pacific (excluding high income),EAP,1966,YR1966,..,102.9082022,..,1004271490,..,..
East Asia & Pacific (excluding high income),EAP,1968,YR1968,..,95.91158849,..,1057697808,..,..
East Asia & Pacific (excluding high income),EAP,1970,YR1970,..,113.787115,..,1116395242,..,..
East Asia & Pacific (excluding high income),EAP,1972,YR1972,..,132.1800259,..,1175176176,..,..
East Asia & Pacific (excluding high income),EAP,1974,YR1974,..,180.2214293,..,1228688547,..,..
East Asia & Pacific (excluding high income),EAP,1976,YR1976,..,198.3523249,..,1273922384,..,..
East Asia & Pacific (excluding high income),EAP,1978,YR1978,6.263048017,214.9970172,..,1314775496,..,..
East Asia & Pacific (excluding high income),EAP,1980,YR1980,14.49287441,278.4274998,..,1356226475,..,..
East Asia & Pacific (excluding high income),EAP,1982,YR1982,7.031556894,302.2386824,..,1401081634,..,..
East Asia & Pacific (excluding high income),EAP,1984,YR1984,5.516400108,331.8105944,..,1447871073,..,..
East Asia & Pacific (excluding high income),EAP,1986,YR1986,5.453752182,350.6593692,..,1496124294,..,..
East Asia & Pacific (excluding high income),EAP,1988,YR1988,9.342126885,371.5794721,..,1549038591,..,..
East Asia & Pacific (excluding high income),EAP,1990,YR1990,8.19137132,416.4994856,..,1600739173,..,..
East Asia & Pacific (excluding high income),EAP,1992,YR1992,7.52351717,492.0974159,..,1648872786,..,..
East Asia & Pacific (excluding high income),EAP,1994,YR1994,7.65824302,632.6541457,..,1694244506,..,..
East Asia & Pacific (excluding high income),EAP,1996,YR1996,7.313482593,873.2895219,..,1738632397,..,..
East Asia & Pacific (excluding high income),EAP,1998,YR1998,8.614831536,804.4715307,..,1781546477,..,..
East Asia & Pacific (excluding high income),EAP,2000,YR2000,2.158518106,954.4651712,3.955421424,1819011507,..,..
East Asia & Pacific (excluding high income),EAP,2002,YR2002,2.722772277,1103.590673,3.916958129,1852659155,..,..
East Asia & Pacific (excluding high income),EAP,2004,YR2004,4.426775258,1424.599711,3.891843935,1883675167,..,..
East Asia & Pacific (excluding high income),EAP,2006,YR2006,4.866320488,1956.033454,3.731602826,1914002124,..,..
East Asia & Pacific (excluding high income),EAP,2008,YR2008,10.22666455,3080.236227,3.727648656,1944305887,..,..
East Asia & Pacific (excluding high income),EAP,2010,YR2010,3.689012297,4004.410055,4.019816476,1973602166,..,..
East Asia & Pacific (excluding high income),EAP,2012,YR2012,3.026963911,5364.230699,4.33661037,2006566431,..,..
East Asia & Pacific (excluding high income),EAP,2014,YR2014,3.142990509,6276.042179,4.554862776,2040383789,..,..
East Asia & Pacific (excluding high income),EAP,2016,YR2016,1.917310902,6575.525088,4.75160901,2071486140,..,..
East Asia & Pacific (excluding high income),EAP,2018,YR2018,3.198346416,7925.424765,4.915489528,2100698838,..,..
East Asia & Pacific (excluding high income),EAP,2020,YR2020,2.406292144,8245.715216,5.348977305,2121866294,..,..
East Asia & Pacific (excluding high income),EAP,2022,YR2022,5.46343652,9901.264099,5.150170318,2133560408,..,..
East Asia & Pacific (excluding high income),EAP,2024,YR2024,..,..,..,..,..,..
East Asia & Pacific (IDA & IBRD countries),TEA,1960,YR1960,..,91.22923331,..,884252517,..,..
East Asia & Pacific (IDA & IBRD countries),TEA,1962,YR1962,..,72.404712,..,895224912,..,..
East Asia & Pacific (IDA & IBRD countries),TEA,1964,YR1964,..,86.0716887,..,940909509,..,..
East Asia & Pacific (IDA & IBRD countries),TEA,1966,YR1966,..,104.2090936,..,990719244,..,..
East Asia & Pacific (IDA & IBRD countries),TEA,1968,YR1968,..,97.13101311,..,1043349620,..,..
East Asia & Pacific (IDA & IBRD countries),TEA,1970,YR1970,..,115.2348824,..,1101240545,..,..
East Asia & Pacific (IDA & IBRD countries),TEA,1972,YR1972,..,133.8622713,..,1159220113,..,..
East Asia & Pacific (IDA & IBRD countries),TEA,1974,YR1974,..,182.512397,..,1212035036,..,..
East Asia & Pacific (IDA & IBRD countries),TEA,1976,YR1976,..,200.867216,..,1256698596,..,..
East Asia & Pacific (IDA & IBRD countries),TEA,1978,YR1978,..,217.7116412,..,1297059239,..,..
East Asia & Pacific (IDA & IBRD countries),TEA,1980,YR1980,..,281.9216031,..,1338009609,..,..
East Asia & Pacific (IDA & IBRD countries),TEA,1982,YR1982,..,306.0196706,..,1382326011,..,..
East Asia & Pacific (IDA & IBRD countries),TEA,1984,YR1984,..,335.9391097,..,1428557744,..,..
East Asia & Pacific (IDA & IBRD countries),TEA,1986,YR1986,..,355.0039145,..,1476236205,..,..
East Asia & Pacific (IDA & IBRD countries),TEA,1988,YR1988,9.342126885,376.164583,..,1528559240,..,..
East Asia & Pacific (IDA & IBRD countries),TEA,1990,YR1990,8.19137132,421.6268078,..,1579651917,..,..
East Asia & Pacific (IDA & IBRD countries),TEA,1992,YR1992,7.52351717,498.1376489,..,1627147885,..,..
East Asia & Pacific (IDA & IBRD countries),TEA,1994,YR1994,7.65824302,640.4007031,..,1671877438,..,..
East Asia & Pacific (IDA & IBRD countries),TEA,1996,YR1996,7.313482593,883.9202032,..,1715764488,..,..
East Asia & Pacific (IDA & IBRD countries),TEA,1998,YR1998,8.614831536,814.2029769,..,1758263635,..,..
East Asia & Pacific (IDA & IBRD countries),TEA,2000,YR2000,2.158518106,965.9156055,3.956058387,1795374943,..,..
East Asia & Pacific (IDA & IBRD countries),TEA,2002,YR2002,2.34316991,1116.71958,3.917328435,1828744767,..,..
East Asia & Pacific (IDA & IBRD countries),TEA,2004,YR2004,4.534213741,1441.454268,3.892203501,1859450104,..,..
East Asia & Pacific (IDA & IBRD countries),TEA,2006,YR2006,4.63747436,1979.022054,3.731930062,1889507244,..,..
East Asia & Pacific (IDA & IBRD countries),TEA,2008,YR2008,10.33682603,3116.137036,3.727927431,1919570287,..,..
East Asia & Pacific (IDA & IBRD countries),TEA,2010,YR2010,3.611962344,4050.730807,4.020033516,1948643347,..,..
East Asia & Pacific (IDA & IBRD countries),TEA,2012,YR2012,3.026963911,5425.752997,4.33677121,1981382735,..,..
East Asia & Pacific (IDA & IBRD countries),TEA,2014,YR2014,3.370406974,6347.420969,4.555008576,2014960984,..,..
East Asia & Pacific (IDA & IBRD countries),TEA,2016,YR2016,1.757111589,6649.86736,4.751768979,2045816761,..,..
East Asia & Pacific (IDA & IBRD countries),TEA,2018,YR2018,2.917409213,8014.497663,4.915644925,2074796982,..,..
East Asia & Pacific (IDA & IBRD countries),TEA,2020,YR2020,2.393162393,8338.13776,5.349139936,2095759417,..,..
East Asia & Pacific (IDA & IBRD countries),TEA,2022,YR2022,5.518129286,10012.44947,5.150377747,2107261123,..,..
East Asia & Pacific (IDA & IBRD countries),TEA,2024,YR2024,..,..,..,..,..,..
Euro area,EMU,1960,YR1960,1.741180847,930.6466981,..,270148970,..,..
Euro area,EMU,1962,YR1962,2.752667189,1125.784138,..,274815182,..,..
Euro area,EMU,1964,YR1964,3.656731016,1349.145918,..,279621056,..,..
Euro area,EMU,1966,YR1966,3.432370064,1569.242561,..,284299197,..,..
Euro area,EMU,1968,YR1968,3.242828877,1768.533448,..,288206171,..,..
Euro area,EMU,1970,YR1970,4.1406484,2210.535158,..,291834356,..,..
Euro area,EMU,1972,YR1972,5.906253517,2989.597929,..,295527442,..,..
Euro area,EMU,1974,YR1974,14.66484544,4350.250302,..,299065145,..,..
Euro area,EMU,1976,YR1976,9.711421109,5213.073946,..,301804324,..,..
Euro area,EMU,1978,YR1978,7.573697723,7203.605631,..,304275086,..,..
Euro area,EMU,1980,YR1980,13.54006971,9689.637563,..,306894340,..,..
Euro area,EMU,1982,YR1982,9.584927647,8096.36448,..,308901125,..,..
Euro area,EMU,1984,YR1984,7.067656383,7550.829866,..,310046458,..,..
Euro area,EMU,1986,YR1986,2.736052561,10846.47289,..,311372728,..,..
Euro area,EMU,1988,YR1988,3.065040795,14667.43265,..,313272522,..,..
Euro area,EMU,1990,YR1990,3.975183404,18683.51162,..,316087007,..,..
Euro area,EMU,1992,YR1992,5.270589986,21178.52564,..,318742973,..,..
Euro area,EMU,1994,YR1994,4.414255563,20344.76552,..,321024031,..,..
Euro area,EMU,1996,YR1996,3.023951095,23652.35208,..,322568383,..,..
Euro area,EMU,1998,YR1998,2.30647934,22144.69486,..,323976358,..,..
Euro area,EMU,2000,YR2000,2.9475656,20039.40027,8.642622462,325789631,..,..
Euro area,EMU,2002,YR2002,2.326906836,22049.34824,8.956592509,328438861,..,..
Euro area,EMU,2004,YR2004,2.216207889,30816.54015,9.19055017,331997265,..,..
Euro area,EMU,2006,YR2006,2.720047505,33671.9314,9.281903933,335243820,..,..
Euro area,EMU,2008,YR2008,4.11407022,42222.57824,9.482775924,338594025,..,..
Euro area,EMU,2010,YR2010,1.520575579,37555.17227,10.20285688,340460814,..,..
Euro area,EMU,2012,YR2012,2.541544741,37558.51846,10.17052673,340447763,..,..
Euro area,EMU,2014,YR2014,0.220195628,39926.34434,10.25197686,342713336,..,..
Euro area,EMU,2016,YR2016,0.166009884,35178.85027,10.19426882,344655545,..,..
Euro area,EMU,2018,YR2018,1.689239658,40068.52155,10.14930638,346105839,..,..
Euro area,EMU,2020,YR2020,0.18693814,38241.57565,11.22328768,346922366,..,..
Euro area,EMU,2022,YR2022,8.471176456,41454.16602,10.76547469,348627172,..,..
Euro area,EMU,2024,YR2024,..,..,..,..,..,..
Europe & Central Asia,ECS,1960,YR1960,..,638.4677112,..,667887811,..,..
Europe & Central Asia,ECS,1962,YR1962,..,750.7804388,..,683342108,..,..
Europe & Central Asia,ECS,1964,YR1964,..,886.9585307,..,699058435,..,..
Europe & Central Asia,ECS,1966,YR1966,..,1024.944693,..,713443573,..,..
Europe & Central Asia,ECS,1968,YR1968,..,1126.278837,..,726634174,..,..
Europe & Central Asia,ECS,1970,YR1970,..,1381.236341,..,738724073,..,..
Europe & Central Asia,ECS,1972,YR1972,..,1839.755,..,750728655,..,..
Europe & Central Asia,ECS,1974,YR1974,..,2604.650284,..,762546552,..,..
Europe & Central Asia,ECS,1976,YR1976,..,3117.115718,..,773619713,..,..
Europe & Central Asia,ECS,1978,YR1978,..,4262.566245,..,784556247,..,..
Europe & Central Asia,ECS,1980,YR1980,..,5795.046637,..,795362835,..,..
Europe & Central Asia,ECS,1982,YR1982,..,4914.187552,..,805247476,..,..
Europe & Central Asia,ECS,1984,YR1984,..,4527.695076,..,814856984,..,..
Europe & Central Asia,ECS,1986,YR1986,..,6311.771077,..,825034695,..,..
Europe & Central Asia,ECS,1988,YR1988,..,8570.659909,..,835601587,..,..
Europe & Central Asia,ECS,1990,YR1990,..,10494.29415,..,845290251,..,..
Europe & Central Asia,ECS,1992,YR1992,5.924531262,11480.9844,..,852664500.5,..,..
Europe & Central Asia,ECS,1994,YR1994,12.14479801,10969.10426,..,857724585.5,..,..
Europe & Central Asia,ECS,1996,YR1996,8.194552176,12886.1909,..,861073424.5,..,..
Europe & Central Asia,ECS,1998,YR1998,4.644214227,12504.21967,..,863317612.5,..,..
Europe & Central Asia,ECS,2000,YR2000,3.775388292,11645.08168,8.004008773,865392493.5,..,..
Europe & Central Asia,ECS,2002,YR2002,2.786159886,12843.69967,8.44837779,868204040,..,..
Europe & Central Asia,ECS,2004,YR2004,2.829477962,18105.81526,8.619235167,872926624.5,..,..
Europe & Central Asia,ECS,2006,YR2006,3.192886378,20756.97262,8.538331804,877911050,..,..
Europe & Central Asia,ECS,2008,YR2008,6.059740463,26512.67649,8.621406952,883840223,..,..
Europe & Central Asia,ECS,2010,YR2010,2.424473618,23699.49514,9.203213929,890448752,..,..
Europe & Central Asia,ECS,2012,YR2012,2.773338541,25165.12693,9.048657906,895889705,..,..
Europe & Central Asia,ECS,2014,YR2014,0.620490637,26425.75248,9.200554657,904324263.5,..,..
Europe & Central Asia,ECS,2016,YR2016,0.356684501,22476.26688,9.328203538,912576858.5,..,..
Europe & Central Asia,ECS,2018,YR2018,2.013219723,25340.15366,9.257374262,919738352.5,..,..
Europe & Central Asia,ECS,2020,YR2020,1.199983969,24091.34169,10.51000035,925088545.5,..,..
Europe & Central Asia,ECS,2022,YR2022,10.78058068,27731.76954,9.760133648,925385334.5,..,..
Europe & Central Asia,ECS,2024,YR2024,..,..,..,..,..,..
Europe & Central Asia (excluding high income),ECA,1960,YR1960,..,..,..,128810451,..,..
Europe & Central Asia (excluding high income),ECA,1962,YR1962,..,..,..,134400419,..,..
Europe & Central Asia (excluding high income),ECA,1964,YR1964,..,..,..,139973968,..,..
Europe & Central Asia (excluding high income),ECA,1966,YR1966,..,..,..,145371529,..,..
Europe & Central Asia (excluding high income),ECA,1968,YR1968,..,..,..,150777578,..,..
Europe & Central Asia (excluding high income),ECA,1970,YR1970,..,..,..,155918823,..,..
Europe & Central Asia (excluding high income),ECA,1972,YR1972,..,..,..,161049046,..,..
Europe & Central Asia (excluding high income),ECA,1974,YR1974,..,..,..,166121814,..,..
Europe & Central Asia (excluding high income),ECA,1976,YR1976,..,..,..,171119860,..,..
Europe & Central Asia (excluding high income),ECA,1978,YR1978,..,..,..,176315643,..,..
Europe & Central Asia (excluding high income),ECA,1980,YR1980,..,..,..,181309432,..,..
Europe & Central Asia (excluding high income),ECA,1982,YR1982,..,..,..,186272610,..,..
Europe & Central Asia (excluding high income),ECA,1984,YR1984,..,..,..,191755370,..,..
Europe & Central Asia (excluding high income),ECA,1986,YR1986,..,..,..,197344981,..,..
Europe & Central Asia (excluding high income),ECA,1988,YR1988,..,1299.118878,..,202990335,..,..
Europe & Central Asia (excluding high income),ECA,1990,YR1990,..,1720.468518,..,208212866,..,..
Europe & Central Asia (excluding high income),ECA,1992,YR1992,..,1566.850248,..,212032318.5,..,..
Europe & Central Asia (excluding high income),ECA,1994,YR1994,891.1877481,1253.992341,..,214329900.5,..,..
Europe & Central Asia (excluding high income),ECA,1996,YR1996,35.56494004,1511.485626,..,216002099.5,..,..
Europe & Central Asia (excluding high income),ECA,1998,YR1998,9.564934454,1940.277677,..,217104724.5,..,..
Europe & Central Asia (excluding high income),ECA,2000,YR2000,15.94081244,1788.232062,4.805041642,218486597.5,..,..
Europe & Central Asia (excluding high income),ECA,2002,YR2002,5.5878373,1768.778037,5.301873496,220400259,..,..
Europe & Central Asia (excluding high income),ECA,2004,YR2004,6.921657874,2876.768379,5.277764824,222413289.5,..,..
Europe & Central Asia (excluding high income),ECA,2006,YR2006,7.663026932,4129.79367,5.337691898,224417513,..,..
Europe & Central Asia (excluding high income),ECA,2008,YR2008,11.42755758,6167.503829,5.215761721,226524480,..,..
Europe & Central Asia (excluding high income),ECA,2010,YR2010,6.777746691,5994.384834,5.189039979,230106440,..,..
Europe & Central Asia (excluding high income),ECA,2012,YR2012,3.316055667,7072.258247,4.897184569,233914075,..,..
Europe & Central Asia (excluding high income),ECA,2014,YR2014,3.068812104,7272.884448,4.752287751,238112723.5,..,..
Europe & Central Asia (excluding high income),ECA,2016,YR2016,2.134927139,5977.234888,4.879059762,242407763.5,..,..
Europe & Central Asia (excluding high income),ECA,2018,YR2018,2.565728801,5952.352265,4.805047106,246654915.5,..,..
Europe & Central Asia (excluding high income),ECA,2020,YR2020,2.746150782,5733.538812,5.544325908,250655325.5,..,..
Europe & Central Asia (excluding high income),ECA,2022,YR2022,13.88758417,7247.734917,4.710788067,250834021.5,..,..
Europe & Central Asia (excluding high income),ECA,2024,YR2024,..,..,..,..,..,..
Europe & Central Asia (IDA & IBRD countries),TEC,1960,YR1960,..,..,..,308759361,..,..
Europe & Central Asia (IDA & IBRD countries),TEC,1962,YR1962,..,..,..,318186127,..,..
Europe & Central Asia (IDA & IBRD countries),TEC,1964,YR1964,..,..,..,327774760,..,..
Europe & Central Asia (IDA & IBRD countries),TEC,1966,YR1966,..,..,..,336304737,..,..
Europe & Central Asia (IDA & IBRD countries),TEC,1968,YR1968,..,..,..,344535295,..,..
Europe & Central Asia (IDA & IBRD countries),TEC,1970,YR1970,..,..,..,352139347,..,..
Europe & Central Asia (IDA & IBRD countries),TEC,1972,YR1972,..,..,..,359698417,..,..
Europe & Central Asia (IDA & IBRD countries),TEC,1974,YR1974,..,..,..,367431547,..,..
Europe & Central Asia (IDA & IBRD countries),TEC,1976,YR1976,..,..,..,375469327,..,..
Europe & Central Asia (IDA & IBRD countries),TEC,1978,YR1978,..,..,..,383687824,..,..
Europe & Central Asia (IDA & IBRD countries),TEC,1980,YR1980,..,..,..,391562181,..,..
Europe & Central Asia (IDA & IBRD countries),TEC,1982,YR1982,..,..,..,399353523,..,..
Europe & Central Asia (IDA & IBRD countries),TEC,1984,YR1984,..,..,..,407686015,..,..
Europe & Central Asia (IDA & IBRD countries),TEC,1986,YR1986,..,..,..,416211558,..,..
Europe & Central Asia (IDA & IBRD countries),TEC,1988,YR1988,..,2338.254541,..,424466137,..,..
Europe & Central Asia (IDA & IBRD countries),TEC,1990,YR1990,..,2377.681135,..,430990546,..,..
Europe & Central Asia (IDA & IBRD countries),TEC,1992,YR1992,..,2142.429655,..,434844448.5,..,..
Europe & Central Asia (IDA & IBRD countries),TEC,1994,YR1994,222.2410142,1898.986816,..,437106290.5,..,..
Europe & Central Asia (IDA & IBRD countries),TEC,1996,YR1996,38.82930134,2172.979479,..,438325525.5,..,..
Europe & Central Asia (IDA & IBRD countries),TEC,1998,YR1998,10.57716115,2164.8323,..,438735254.5,..,..
Europe & Central Asia (IDA & IBRD countries),TEC,2000,YR2000,13.18089059,2043.079683,5.021820431,438423540.5,..,..
Europe & Central Asia (IDA & IBRD countries),TEC,2002,YR2002,5.698990479,2339.237679,5.543739042,437806951,..,..
Europe & Central Asia (IDA & IBRD countries),TEC,2004,YR2004,6.88205439,3719.986154,5.249494681,438136035.5,..,..
Europe & Central Asia (IDA & IBRD countries),TEC,2006,YR2006,6.997129035,5626.528234,5.208293025,438714358,..,..
Europe & Central Asia (IDA & IBRD countries),TEC,2008,YR2008,10.44412838,8939.125219,5.288491293,439732746,..,..
Europe & Central Asia (IDA & IBRD countries),TEC,2010,YR2010,6.142553602,8267.959629,5.357833968,442936599,..,..
Europe & Central Asia (IDA & IBRD countries),TEC,2012,YR2012,3.373498084,10406.9547,5.112558182,446979977,..,..
Europe & Central Asia (IDA & IBRD countries),TEC,2014,YR2014,2.531878314,10293.72034,5.20987601,451696196.5,..,..
Europe & Central Asia (IDA & IBRD countries),TEC,2016,YR2016,0.755576136,7649.906658,5.340120736,456330266.5,..,..
Europe & Central Asia (IDA & IBRD countries),TEC,2018,YR2018,2.611223783,8884.712914,5.359913817,460515553.5,..,..
Europe & Central Asia (IDA & IBRD countries),TEC,2020,YR2020,2.732492094,8443.061591,6.773784526,463913014.5,..,..
Europe & Central Asia (IDA & IBRD countries),TEC,2022,YR2022,13.88758417,11351.00797,6.078983872,461440170.5,..,..
Europe & Central Asia (IDA & IBRD countries),TEC,2024,YR2024,..,..,..,..,..,..
European Union,EUU,1960,YR1960,1.741180847,796.5429609,..,357710931,..,..
European Union,EUU,1962,YR1962,3.55349866,962.0596991,..,363708887,..,..
European Union,EUU,1964,YR1964,3.416280397,1152.265083,..,370055037,..,..
European Union,EUU,1966,YR1966,3.703357187,1343.192791,..,376058575,..,..
European Union,EUU,1968,YR1968,3.242828877,1512.727951,..,381579577,..,..
European Union,EUU,1970,YR1970,4.50608893,1885.360546,..,386406167,..,..
European Union,EUU,1972,YR1972,6.007389699,2540.052624,..,391197266,..,..
European Union,EUU,1974,YR1974,13.16360261,3675.38763,..,396124649,..,..
European Union,EUU,1976,YR1976,9.347052796,4432.403177,..,400490355,..,..
European Union,EUU,1978,YR1978,7.755231446,6057.619184,..,404312949,..,..
European Union,EUU,1980,YR1980,12.91144233,8116.264349,..,407986180,..,..
European Union,EUU,1982,YR1982,9.584927647,6783.137184,..,410988238,..,..
European Union,EUU,1984,YR1984,7.673802622,6325.904094,..,412998350,..,..
European Union,EUU,1986,YR1986,3.678184119,9041.927356,..,415087013,..,..
European Union,EUU,1988,YR1988,4.53513301,12196.67668,..,417653885,5.87,..
European Union,EUU,1990,YR1990,6.149565312,15470.15143,..,420525030,6.78,..
European Union,EUU,1992,YR1992,6.217375396,17473.91399,..,422968989,6.61,..
European Union,EUU,1994,YR1994,4.71841374,16825.77551,..,425404352,5.55,..
European Union,EUU,1996,YR1996,3.558845593,19754.83968,..,426905134,11.09,..
European Union,EUU,1998,YR1998,2.407680945,18616.33585,..,428120105,9.21,..
European Union,EUU,2000,YR2000,3.15076707,16975.91504,8.438491593,429339162,7.93,..
European Union,EUU,2002,YR2002,2.424436612,18799.09543,8.782746877,430893295,6.42,..
European Union,EUU,2004,YR2004,2.286217068,26377.60338,9.004129367,434050396,6.85,..
European Union,EUU,2006,YR2006,2.666314946,29217.95385,9.045008445,437007921,7.24,..
European Union,EUU,2008,YR2008,4.164971935,37203.13725,9.203847844,439886269,5.94,..
European Union,EUU,2010,YR2010,1.531122704,33164.00485,9.899622562,441546320,6.3,..
European Union,EUU,2012,YR2012,2.662841655,33378.82742,9.927917492,441416943,5.6,..
European Union,EUU,2014,YR2014,0.199343827,35539.2021,10.00750099,443589388,5.72,..
European Union,EUU,2016,YR2016,0.183334861,31404.4306,9.950452098,445487171,5.32,..
European Union,EUU,2018,YR2018,1.73860862,36002.56405,9.874123047,446953938,5.24,..
European Union,EUU,2020,YR2020,0.476498853,34635.48959,10.86373954,447653554,2.21,..
European Union,EUU,2022,YR2022,8.833698867,37948.95054,10.36565041,447847220,4.06,..
European Union,EUU,2024,YR2024,..,..,..,..,..,..
Fragile and conflict affected situations,FCS,1960,YR1960,..,139.1664538,..,245446477,..,..
Fragile and conflict affected situations,FCS,1962,YR1962,..,153.8141943,..,256265091,..,..
Fragile and conflict affected situations,FCS,1964,YR1964,..,152.2256543,..,267809728,..,..
Fragile and conflict affected situations,FCS,1966,YR1966,..,170.728659,..,279902341,..,..
Fragile and conflict affected situations,FCS,1968,YR1968,..,177.9195957,..,292679186,..,..
Fragile and conflict affected situations,FCS,1970,YR1970,..,227.3676884,..,306107595,..,..
Fragile and conflict affected situations,FCS,1972,YR1972,..,259.051797,..,320326696,..,..
Fragile and conflict affected situations,FCS,1974,YR1974,..,460.2000753,..,335724633,..,..
Fragile and conflict affected situations,FCS,1976,YR1976,..,571.753515,..,352018011,..,..
Fragile and conflict affected situations,FCS,1978,YR1978,..,659.9589403,..,369243969,..,..
Fragile and conflict affected situations,FCS,1980,YR1980,..,1002.983355,..,387280079,..,..
Fragile and conflict affected situations,FCS,1982,YR1982,..,1206.648593,..,404570090,..,..
Fragile and conflict affected situations,FCS,1984,YR1984,..,894.7289389,..,423879999,..,..
Fragile and conflict affected situations,FCS,1986,YR1986,..,800.0174269,..,444223377,..,..
Fragile and conflict affected situations,FCS,1988,YR1988,..,834.1938281,..,464963348,..,..
Fragile and conflict affected situations,FCS,1990,YR1990,..,1120.162308,..,488697502,..,..
Fragile and conflict affected situations,FCS,1992,YR1992,10.52744401,671.9885403,..,512731689,..,..
Fragile and conflict affected situations,FCS,1994,YR1994,30.13616904,652.1933645,..,541618452,..,..
Fragile and conflict affected situations,FCS,1996,YR1996,11.4775286,819.8058935,..,568965099,..,..
Fragile and conflict affected situations,FCS,1998,YR1998,5.976508521,901.0560445,..,594968744,..,..
Fragile and conflict affected situations,FCS,2000,YR2000,3.822600881,751.402387,4.13625258,622883185,..,..
Fragile and conflict affected situations,FCS,2002,YR2002,4.705791237,684.3644992,4.336376659,653056220,..,..
Fragile and conflict affected situations,FCS,2004,YR2004,3.282442209,870.4271346,4.82179628,685830138,..,..
Fragile and conflict affected situations,FCS,2006,YR2006,6.739930604,1314.212802,4.488770416,719788972,..,..
Fragile and conflict affected situations,FCS,2008,YR2008,11.58107517,1963.209854,4.155159251,754858953,..,..
Fragile and conflict affected situations,FCS,2010,YR2010,3.480507637,2009.659004,4.260037488,793160547,..,..
Fragile and conflict affected situations,FCS,2012,YR2012,5.912006025,2235.799786,4.200714108,832872724,..,..
Fragile and conflict affected situations,FCS,2014,YR2014,2.334457748,2351.212735,4.306108261,873158163,..,..
Fragile and conflict affected situations,FCS,2016,YR2016,3.190561797,1632.337453,4.866805964,912614026,..,..
Fragile and conflict affected situations,FCS,2018,YR2018,2.96760366,1819.003021,4.503758768,953648681,..,..
Fragile and conflict affected situations,FCS,2020,YR2020,2.89819376,1680.968847,4.917142104,996691242,..,..
Fragile and conflict affected situations,FCS,2022,YR2022,9.393838775,1892.622706,4.549052418,1038158122,..,..
Fragile and conflict affected situations,FCS,2024,YR2024,..,..,..,..,..,..
Heavily indebted poor countries (HIPC),HPC,1960,YR1960,..,132.9922607,..,163650527,..,..
Heavily indebted poor countries (HIPC),HPC,1962,YR1962,..,142.2533078,..,171771666,..,..
Heavily indebted poor countries (HIPC),HPC,1964,YR1964,..,148.0407648,..,180537667,..,..
Heavily indebted poor countries (HIPC),HPC,1966,YR1966,..,172.6488553,..,190048827,..,..
Heavily indebted poor countries (HIPC),HPC,1968,YR1968,..,173.6483443,..,200419142,..,..
Heavily indebted poor countries (HIPC),HPC,1970,YR1970,..,174.7754873,..,211549510,..,..
Heavily indebted poor countries (HIPC),HPC,1972,YR1972,..,198.7012488,..,223189830,..,..
Heavily indebted poor countries (HIPC),HPC,1974,YR1974,..,271.5515277,..,235791936,..,..
Heavily indebted poor countries (HIPC),HPC,1976,YR1976,..,310.4868934,..,249034009,..,..
Heavily indebted poor countries (HIPC),HPC,1978,YR1978,..,400.6360315,..,262985512,..,..
Heavily indebted poor countries (HIPC),HPC,1980,YR1980,..,458.2067891,..,277128014,..,..
Heavily indebted poor countries (HIPC),HPC,1982,YR1982,12.31245087,446.1540104,..,290471550,..,..
Heavily indebted poor countries (HIPC),HPC,1984,YR1984,11.37332209,428.1253812,..,306943902,..,..
Heavily indebted poor countries (HIPC),HPC,1986,YR1986,6.809055939,391.8793881,..,324025001,..,..
Heavily indebted poor countries (HIPC),HPC,1988,YR1988,6.930686172,414.9876937,..,342381086,..,..
Heavily indebted poor countries (HIPC),HPC,1990,YR1990,6.801197608,459.4017448,..,361657937,..,..
Heavily indebted poor countries (HIPC),HPC,1992,YR1992,9.523477191,357.6994008,..,382507617,..,..
Heavily indebted poor countries (HIPC),HPC,1994,YR1994,32.29366686,298.5428862,..,406935718,..,..
Heavily indebted poor countries (HIPC),HPC,1996,YR1996,7.411371735,357.6376457,..,431006940,..,..
Heavily indebted poor countries (HIPC),HPC,1998,YR1998,5.753314584,365.949109,..,455939263,..,..
Heavily indebted poor countries (HIPC),HPC,2000,YR2000,4.165404423,376.3214783,3.708556169,481984327,..,..
Heavily indebted poor countries (HIPC),HPC,2002,YR2002,3.895705258,373.0788756,4.236546663,509679981,..,..
Heavily indebted poor countries (HIPC),HPC,2004,YR2004,4.474992891,460.4464694,4.595092566,539803501,..,..
Heavily indebted poor countries (HIPC),HPC,2006,YR2006,6.739930604,584.531743,4.900711974,571454590,..,..
Heavily indebted poor countries (HIPC),HPC,2008,YR2008,10.6597979,784.3456397,4.787724378,604007702,..,..
Heavily indebted poor countries (HIPC),HPC,2010,YR2010,4.69889065,799.1850395,5.05635108,638796398,..,..
Heavily indebted poor countries (HIPC),HPC,2012,YR2012,6.314744503,868.1549673,4.851866319,675397557,..,..
Heavily indebted poor countries (HIPC),HPC,2014,YR2014,3.969860452,974.2521316,4.932900536,714769441,..,..
Heavily indebted poor countries (HIPC),HPC,2016,YR2016,4.664662358,893.0105975,4.938065447,756895035,..,..
Heavily indebted poor countries (HIPC),HPC,2018,YR2018,3.067359961,968.1872953,4.504276073,802020674,..,..
Heavily indebted poor countries (HIPC),HPC,2020,YR2020,3.483935675,959.1817376,4.992087391,847743308,..,..
Heavily indebted poor countries (HIPC),HPC,2022,YR2022,9.621476085,1100.340765,4.786321607,893906294,..,..
Heavily indebted poor countries (HIPC),HPC,2024,YR2024,..,..,..,..,..,..
High income,HIC,1960,YR1960,..,1204.643518,..,906950090,..,..
High income,HIC,1962,YR1962,..,1355.866176,..,929404374,..,..
High income,HIC,1964,YR1964,..,1556.307189,..,951943891,..,..
High income,HIC,1966,YR1966,..,1811.830664,..,972578524,..,..
High income,HIC,1968,YR1968,..,2060.250738,..,991152809,..,..
High income,HIC,1970,YR1970,..,2446.309361,..,1009961393,..,..
High income,HIC,1972,YR1972,..,3093.632663,..,1030733033,..,..
High income,HIC,1974,YR1974,..,4169.335763,..,1049400121,..,..
High income,HIC,1976,YR1976,..,4982.513937,..,1066980637,..,..
High income,HIC,1978,YR1978,..,6663.778929,..,1084093370,..,..
High income,HIC,1980,YR1980,..,8461.553999,..,1101614544,..,..
High income,HIC,1982,YR1982,8.885713085,8381.147221,..,1118134629,..,..
High income,HIC,1984,YR1984,5.99195111,8907.263466,..,1133021942,..,..
High income,HIC,1986,YR1986,2.841780083,11204.74318,..,1147992917,..,..
High income,HIC,1988,YR1988,4.278881772,14425.68624,..,1163559249,..,..
High income,HIC,1990,YR1990,5.403959092,16603.84574,..,1179067863,..,..
High income,HIC,1992,YR1992,4.028939004,18496.93545,..,1195980932,..,..
High income,HIC,1994,YR1994,2.877467,19667.33288,..,1211414288,..,..
High income,HIC,1996,YR1996,2.9312042,21744.97336,..,1225554334,..,..
High income,HIC,1998,YR1998,1.959136323,21125.87782,..,1239114888,..,..
High income,HIC,2000,YR2000,2.686847367,22409.90076,9.366377375,1251758606,..,..
High income,HIC,2002,YR2002,2.074086136,22968.47251,10.26707294,1264453056,..,..
High income,HIC,2004,YR2004,2.192641336,28502.73904,10.35048175,1277825278,..,..
High income,HIC,2006,YR2006,2.666314946,31763.25805,10.39610781,1292314271,..,..
High income,HIC,2008,YR2008,4.633594091,36964.53377,10.46524679,1309846534,..,..
High income,HIC,2010,YR2010,2.078140719,35835.93143,11.31174138,1323506149,..,..
High income,HIC,2012,YR2012,2.662841655,38757.33355,11.37070755,1336612791,..,..
High income,HIC,2014,YR2014,1.033172121,39502.08295,11.59500191,1352458637,..,..
High income,HIC,2016,YR2016,0.443258158,37140.55958,12.23095446,1368877184,..,..
High income,HIC,2018,YR2018,1.850815083,41180.34269,12.05845057,1379152141,..,..
High income,HIC,2020,YR2020,0.568137177,40262.86988,13.77586031,1389524835,..,..
High income,HIC,2022,YR2022,7.17222476,46632.84861,12.54723241,1393036569,..,..
High income,HIC,2024,YR2024,..,..,..,..,..,..
IBRD only,IBD,1960,YR1960,..,167.6520302,..,1893700976,..,..
IBRD only,IBD,1962,YR1962,..,165.1342755,..,1950274734,..,..
IBRD only,IBD,1964,YR1964,..,191.8183677,..,2043309631,..,..
IBRD only,IBD,1966,YR1966,..,207.4870016,..,2139608511,..,..
IBRD only,IBD,1968,YR1968,..,216.0057056,..,2239610101,..,..
IBRD only,IBD,1970,YR1970,..,250.6509366,..,2346056161,..,..
IBRD only,IBD,1972,YR1972,6.41195887,294.3815781,..,2454764228,..,..
IBRD only,IBD,1974,YR1974,22.36452945,462.9151915,..,2561343989,..,..
IBRD only,IBD,1976,YR1976,10.31741589,521.7783099,..,2664387118,..,..
IBRD only,IBD,1978,YR1978,10.35567228,629.7657833,..,2765565797,..,..
IBRD only,IBD,1980,YR1980,17.47030428,841.8970684,..,2869277824,..,..
IBRD only,IBD,1982,YR1982,10.83250686,858.2744728,..,2980033813,..,..
IBRD only,IBD,1984,YR1984,12.44756933,845.3166947,..,3094477559,..,..
IBRD only,IBD,1986,YR1986,10.91838873,878.0404058,..,3212177926,..,..
IBRD only,IBD,1988,YR1988,10.83270377,931.7580766,..,3334875641,..,..
IBRD only,IBD,1990,YR1990,16.19213756,1076.438894,..,3455533853,..,..
IBRD only,IBD,1992,YR1992,13.63742417,1034.340436,..,3568890021,..,..
IBRD only,IBD,1994,YR1994,22.70564722,1179.047865,..,3675872938,..,..
IBRD only,IBD,1996,YR1996,10.08285807,1420.576089,..,3780446473,..,..
IBRD only,IBD,1998,YR1998,7.266198044,1426.819315,..,3884078902,..,..
IBRD only,IBD,2000,YR2000,4.687570137,1474.433538,5.160021761,3983328255,..,..
IBRD only,IBD,2002,YR2002,4.150058617,1482.329709,5.093000845,4077229003,..,..
IBRD only,IBD,2004,YR2004,4.699389725,1939.123608,5.06599919,4168676771,..,..
IBRD only,IBD,2006,YR2006,5.640877722,2689.147289,4.976135877,4258827055,..,..
IBRD only,IBD,2008,YR2008,9.413463122,3924.244295,4.976058873,4346234014,..,..
IBRD only,IBD,2010,YR2010,4.112111393,4533.452503,5.130030392,4436714947,..,..
IBRD only,IBD,2012,YR2012,4.279499996,5583.762236,5.142824224,4532139461,..,..
IBRD only,IBD,2014,YR2014,3.503790931,5959.318017,5.279654595,4630871647,..,..
IBRD only,IBD,2016,YR2016,2.120817134,5513.077153,5.406344315,4721984235,..,..
IBRD only,IBD,2018,YR2018,3.216053831,6376.206376,5.384731833,4807550491,..,..
IBRD only,IBD,2020,YR2020,2.404146667,6171.879657,5.821231769,4879367453,..,..
IBRD only,IBD,2022,YR2022,8.811092093,7651.517025,5.551028161,4928694202,..,..
IBRD only,IBD,2024,YR2024,..,..,..,..,..,..
IDA & IBRD total,IBT,1960,YR1960,..,158.0875773,..,2289188361,..,..
IDA & IBRD total,IBT,1962,YR1962,..,158.0207983,..,2366117598,..,..
IDA & IBRD total,IBT,1964,YR1964,..,180.5627909,..,2481068241,..,..
IDA & IBRD total,IBT,1966,YR1966,..,196.9415541,..,2600930009,..,..
IDA & IBRD total,IBT,1968,YR1968,..,204.3189826,..,2726203260,..,..
IDA & IBRD total,IBT,1970,YR1970,..,237.7353625,..,2859123476,..,..
IDA & IBRD total,IBT,1972,YR1972,..,273.8676705,..,2994028911,..,..
IDA & IBRD total,IBT,1974,YR1974,..,425.6308175,..,3130418531,..,..
IDA & IBRD total,IBT,1976,YR1976,..,481.6384462,..,3264075702,..,..
IDA & IBRD total,IBT,1978,YR1978,9.533380856,578.7524653,..,3397524507,..,..
IDA & IBRD total,IBT,1980,YR1980,15.48791146,769.1030451,..,3536954994,..,..
IDA & IBRD total,IBT,1982,YR1982,10.81658525,809.947565,..,3685043956,..,..
IDA & IBRD total,IBT,1984,YR1984,10.28409821,768.8806233,..,3839296592,..,..
IDA & IBRD total,IBT,1986,YR1986,8.353041331,782.0334713,..,3998725110,..,..
IDA & IBRD total,IBT,1988,YR1988,8.9104702,826.090976,..,4165012459,..,..
IDA & IBRD total,IBT,1990,YR1990,10.85896578,946.3154495,..,4330689753,..,..
IDA & IBRD total,IBT,1992,YR1992,10.05611674,902.8405897,..,4491324220,..,..
IDA & IBRD total,IBT,1994,YR1994,20.56619484,1017.334793,..,4649243135,..,..
IDA & IBRD total,IBT,1996,YR1996,8.827050618,1232.562161,..,4806199043,..,..
IDA & IBRD total,IBT,1998,YR1998,6.810793238,1238.080403,..,4963254080,..,..
IDA & IBRD total,IBT,2000,YR2000,4.18234634,1249.124171,5.009346647,5116723507,..,..
IDA & IBRD total,IBT,2002,YR2002,3.895705258,1252.312783,4.952689813,5267145775,..,..
IDA & IBRD total,IBT,2004,YR2004,4.463468407,1626.720859,4.967610269,5417128229,..,..
IDA & IBRD total,IBT,2006,YR2006,6.125566156,2238.11252,4.904645995,5568236362,..,..
IDA & IBRD total,IBT,2008,YR2008,10.27839376,3228.518332,4.894795078,5720065907,..,..
IDA & IBRD total,IBT,2010,YR2010,4.06749556,3693.185549,5.042397961,5876645582,..,..
IDA & IBRD total,IBT,2012,YR2012,5.006863194,4504.300205,5.05102761,6038997419,..,..
IDA & IBRD total,IBT,2014,YR2014,3.516955514,4807.810768,5.177474326,6201871547,..,..
IDA & IBRD total,IBT,2016,YR2016,2.818332881,4431.3044,5.293414706,6360570926,..,..
IDA & IBRD total,IBT,2018,YR2018,3.132853188,5071.477806,5.257823708,6518627025,..,..
IDA & IBRD total,IBT,2020,YR2020,2.89819376,4884.262425,5.679179586,6667541079,..,..
IDA & IBRD total,IBT,2022,YR2022,8.487308695,5974.316584,5.447014158,6795222292,..,..
IDA & IBRD total,IBT,2024,YR2024,..,..,..,..,..,..
IDA blend,IDB,1960,YR1960,..,98.34269737,..,120801801,..,..
IDA blend,IDB,1962,YR1962,..,107.0408065,..,127092381,..,..
IDA blend,IDB,1964,YR1964,..,117.405647,..,133934455,..,..
IDA blend,IDB,1966,YR1966,..,131.7083445,..,141286940,..,..
IDA blend,IDB,1968,YR1968,..,132.6835368,..,149090018,..,..
IDA blend,IDB,1970,YR1970,5.34984091,196.668459,..,157440950,..,..
IDA blend,IDB,1972,YR1972,5.507441194,194.8207637,..,166101678,..,..
IDA blend,IDB,1974,YR1974,18.54886174,283.1159665,..,175664547,..,..
IDA blend,IDB,1976,YR1976,10.06953803,369.6118323,..,186194723,..,..
IDA blend,IDB,1978,YR1978,8.670572087,400.0812632,..,197714997,..,..
IDA blend,IDB,1980,YR1980,14.10970645,587.8089168,..,211331419,..,..
IDA blend,IDB,1982,YR1982,7.228256622,960.1940526,..,226374922,..,..
IDA blend,IDB,1984,YR1984,5.873389761,591.6662206,..,240217749,..,..
IDA blend,IDB,1986,YR1986,3.506414248,504.7685615,..,255360434,..,..
IDA blend,IDB,1988,YR1988,4.074074074,508.1362942,..,271432823,..,..
IDA blend,IDB,1990,YR1990,7.364400306,514.3359514,..,288176590,..,..
IDA blend,IDB,1992,YR1992,4.883022716,505.3444671,..,305137505,..,..
IDA blend,IDB,1994,YR1994,3.770657673,567.6240314,..,321809220,..,..
IDA blend,IDB,1996,YR1996,5.963619618,914.561547,..,339419508,..,..
IDA blend,IDB,1998,YR1998,5.052958352,954.3302766,..,357598998,..,..
IDA blend,IDB,2000,YR2000,3.067439669,605.0273251,3.072328548,376430953,..,..
IDA blend,IDB,2002,YR2002,2.834422601,629.7588009,2.784600699,396280295,..,..
IDA blend,IDB,2004,YR2004,2.893762331,820.1458999,3.492549382,416552454,..,..
IDA blend,IDB,2006,YR2006,4.68476569,1145.173797,3.752700124,437847651,..,..
IDA blend,IDB,2008,YR2008,8.548754748,1475.156954,3.469790477,461461442,..,..
IDA blend,IDB,2010,YR2010,3.436509059,1534.542403,3.463740665,485934443,..,..
IDA blend,IDB,2012,YR2012,4.357420476,1858.020474,3.397322291,509513096,..,..
IDA blend,IDB,2014,YR2014,1.528149074,2099.678521,3.442179311,531341156,..,..
IDA blend,IDB,2016,YR2016,2.420475871,1787.0344,3.566233998,552474265,..,..
IDA blend,IDB,2018,YR2018,2.63647201,1856.818763,3.287321509,574487740,..,..
IDA blend,IDB,2020,YR2020,1.795371471,1713.864579,3.65168972,597524859,..,..
IDA blend,IDB,2022,YR2022,7.005309454,1944.228147,4.05254796,621500917,..,..
IDA blend,IDB,2024,YR2024,..,..,..,..,..,..
IDA only,IDX,1960,YR1960,..,117.7473673,..,274685584,..,..
IDA only,IDX,1962,YR1962,..,126.9572132,..,288750483,..,..
IDA only,IDX,1964,YR1964,..,128.5792188,..,303824155,..,..
IDA only,IDX,1966,YR1966,..,149.2673625,..,320034558,..,..
IDA only,IDX,1968,YR1968,..,152.7864011,..,337503141,..,..
IDA only,IDX,1970,YR1970,..,159.7570554,..,355626365,..,..
IDA only,IDX,1972,YR1972,..,168.1144157,..,373163005,..,..
IDA only,IDX,1974,YR1974,..,242.2685858,..,393409995,..,..
IDA only,IDX,1976,YR1976,..,263.114945,..,413493861,..,..
IDA only,IDX,1978,YR1978,..,325.5868441,..,434243713,..,..
IDA only,IDX,1980,YR1980,..,381.2784647,..,456345751,..,..
IDA only,IDX,1982,YR1982,..,378.9351343,..,478635221,..,..
IDA only,IDX,1984,YR1984,8.823395989,367.695527,..,504601284,..,..
IDA only,IDX,1986,YR1986,9.682954731,335.1653507,..,531186750,..,..
IDA only,IDX,1988,YR1988,9.45351339,351.9284149,..,558703995,..,..
IDA only,IDX,1990,YR1990,9.860851084,395.7825917,..,586979310,..,..
IDA only,IDX,1992,YR1992,10.14181756,341.7727052,..,617296693.5,..,..
IDA only,IDX,1994,YR1994,22.45306902,328.3493354,..,651560976.5,..,..
IDA only,IDX,1996,YR1996,8.519951959,354.0677896,..,686333061.5,..,..
IDA only,IDX,1998,YR1998,6.209041591,363.1634941,..,721576179.5,..,..
IDA only,IDX,2000,YR2000,4.012120811,385.1740659,3.447024108,756964298.5,..,..
IDA only,IDX,2002,YR2002,4.178672399,382.9385791,3.917349403,793636477,..,..
IDA only,IDX,2004,YR2004,4.601339982,466.4063333,4.194962224,831899003.5,..,..
IDA only,IDX,2006,YR2006,6.695264658,583.703214,4.426826382,871561656,..,..
IDA only,IDX,2008,YR2008,11.40342708,801.1280412,4.332980542,912370451,..,..
IDA only,IDX,2010,YR2010,4.763116275,884.9291612,4.372226012,953996192,..,..
IDA only,IDX,2012,YR2012,5.981721323,950.9071629,4.268457144,997344862,..,..
IDA only,IDX,2014,YR2014,4.129243069,1062.793302,4.405678957,1039658744,..,..
IDA only,IDX,2016,YR2016,3.741030821,1072.25259,4.247178994,1086112426,..,..
IDA only,IDX,2018,YR2018,3.01748181,1177.527642,3.937519183,1136588794,..,..
IDA only,IDX,2020,YR2020,3.941803269,1197.826556,4.149656282,1190648767,..,..
IDA only,IDX,2022,YR2022,9.45955253,1347.049598,4.132924298,1245027173,..,..
IDA only,IDX,2024,YR2024,..,..,..,..,..,..
IDA total,IDA,1960,YR1960,..,109.3493357,..,395487385,..,..
IDA total,IDA,1962,YR1962,..,118.2516415,..,415842864,..,..
IDA total,IDA,1964,YR1964,..,122.860919,..,437758610,..,..
IDA total,IDA,1966,YR1966,..,141.05284,..,461321498,..,..
IDA total,IDA,1968,YR1968,..,143.6471932,..,486593159,..,..
IDA total,IDA,1970,YR1970,..,170.0893206,..,513067315,..,..
IDA total,IDA,1972,YR1972,..,175.0709695,..,539264683,..,..
IDA total,IDA,1974,YR1974,..,253.1146513,..,569074542,..,..
IDA total,IDA,1976,YR1976,..,295.4385133,..,599688584,..,..
IDA total,IDA,1978,YR1978,..,347.00231,..,631958710,..,..
IDA total,IDA,1980,YR1980,..,446.8547597,..,667677170,..,..
IDA total,IDA,1982,YR1982,10.81658525,572.3978456,..,705010143,..,..
IDA total,IDA,1984,YR1984,7.892516661,440.8160734,..,744819033,..,..
IDA total,IDA,1986,YR1986,6.809055939,390.5884803,..,786547184,..,..
IDA total,IDA,1988,YR1988,8.507868011,403.0286425,..,830136818,..,..
IDA total,IDA,1990,YR1990,8.239700375,433.4156966,..,875155900,..,..
IDA total,IDA,1992,YR1992,9.497791984,395.149702,..,922434198.5,..,..
IDA total,IDA,1994,YR1994,15.17634743,407.3271675,..,973370196.5,..,..
IDA total,IDA,1996,YR1996,7.191646604,541.5252157,..,1025752570,..,..
IDA total,IDA,1998,YR1998,6.092262304,561.2236762,..,1079175178,..,..
IDA total,IDA,2000,YR2000,3.861065342,457.6445245,3.280785997,1133395252,..,..
IDA total,IDA,2002,YR2002,3.822939958,464.7379795,3.404578671,1189916772,..,..
IDA total,IDA,2004,YR2004,4.376239071,584.2090551,3.86247823,1248451458,..,..
IDA total,IDA,2006,YR2006,6.241033281,771.7504442,4.087705098,1309409307,..,..
IDA total,IDA,2008,YR2008,10.71566613,1027.530089,3.910423743,1373831893,..,..
IDA total,IDA,2010,YR2010,3.996395281,1104.154616,3.939980837,1439930635,..,..
IDA total,IDA,2012,YR2012,5.596070143,1257.628914,3.827428546,1506857958,..,..
IDA total,IDA,2014,YR2014,3.516955514,1413.487017,3.916411621,1570999900,..,..
IDA total,IDA,2016,YR2016,3.371530035,1313.252079,3.932853525,1638586691,..,..
IDA total,IDA,2018,YR2018,2.96760366,1405.597172,3.647469512,1711076534,..,..
IDA total,IDA,2020,YR2020,3.483935675,1370.262578,3.940235203,1788173626,..,..
IDA total,IDA,2022,YR2022,8.16059032,1545.893118,4.099060107,1866528090,..,..
IDA total,IDA,2024,YR2024,..,..,..,..,..,..
Late-demographic dividend,LTE,1960,YR1960,..,167.1777279,..,1094880069,..,..
Late-demographic dividend,LTE,1962,YR1962,..,155.9304192,..,1111293141,..,..
Late-demographic dividend,LTE,1964,YR1964,..,178.457957,..,1162405292,..,..
Late-demographic dividend,LTE,1966,YR1966,..,212.7730231,..,1217220438,..,..
Late-demographic dividend,LTE,1968,YR1968,..,207.8683249,..,1273820149,..,..
Late-demographic dividend,LTE,1970,YR1970,..,251.4484906,..,1334963829,..,..
Late-demographic dividend,LTE,1972,YR1972,..,307.6784072,..,1396407513,..,..
Late-demographic dividend,LTE,1974,YR1974,..,461.5616713,..,1452919554,..,..
Late-demographic dividend,LTE,1976,YR1976,..,531.7729098,..,1502269051,..,..
Late-demographic dividend,LTE,1978,YR1978,..,623.2247202,..,1547677040,..,..
Late-demographic dividend,LTE,1980,YR1980,..,826.9557171,..,1592439385,..,..
Late-demographic dividend,LTE,1982,YR1982,..,849.4950249,..,1639793804,..,..
Late-demographic dividend,LTE,1984,YR1984,..,797.0736886,..,1688121991,..,..
Late-demographic dividend,LTE,1986,YR1986,..,889.2161169,..,1738504785,..,..
Late-demographic dividend,LTE,1988,YR1988,7.196969697,993.5060114,..,1793220326,..,..
Late-demographic dividend,LTE,1990,YR1990,7.606099577,1108.636964,..,1844718134,..,..
Late-demographic dividend,LTE,1992,YR1992,5.824345146,1068.011859,..,1890820460,..,..
Late-demographic dividend,LTE,1994,YR1994,11.44311964,1263.21287,..,1932650915,..,..
Late-demographic dividend,LTE,1996,YR1996,7.226914895,1691.672174,..,1972254664,..,..
Late-demographic dividend,LTE,1998,YR1998,5.44152554,1674.829799,..,2010169496,..,..
Late-demographic dividend,LTE,2000,YR2000,4.10280983,1670.889478,5.331131983,2043581322,..,..
Late-demographic dividend,LTE,2002,YR2002,2.801155052,1805.117734,5.288671251,2072599555,..,..
Late-demographic dividend,LTE,2004,YR2004,3.857303914,2440.062105,5.100441135,2099412663,..,..
Late-demographic dividend,LTE,2006,YR2006,4.36552203,3506.879798,4.99970422,2126122277,..,..
Late-demographic dividend,LTE,2008,YR2008,8.955987052,5420.884874,5.019618071,2153941306,..,..
Late-demographic dividend,LTE,2010,YR2010,3.297779613,6225.204366,5.235173018,2179522412,..,..
Late-demographic dividend,LTE,2012,YR2012,3.316055667,8005.486485,5.191934666,2209331950,..,..
Late-demographic dividend,LTE,2014,YR2014,2.044614815,8829.321674,5.398658458,2241185412,..,..
Late-demographic dividend,LTE,2016,YR2016,0.977675135,8192.827243,5.545620088,2270944241,..,..
Late-demographic dividend,LTE,2018,YR2018,2.474463471,9850.361151,5.622194701,2298520432,..,..
Late-demographic dividend,LTE,2020,YR2020,1.936941267,9734.689593,6.130313802,2316785460,..,..
Late-demographic dividend,LTE,2022,YR2022,8.518197035,12082.0001,5.833867966,2324072106,..,..
Late-demographic dividend,LTE,2024,YR2024,..,..,..,..,..,..
Latin America & Caribbean,LCN,1960,YR1960,..,385.728787,..,218624695,..,..
Latin America & Caribbean,LCN,1962,YR1962,..,425.3030719,..,231038261,..,..
Latin America & Caribbean,LCN,1964,YR1964,..,454.9844202,..,244080552,..,..
Latin America & Caribbean,LCN,1966,YR1966,..,510.4432859,..,257488362,..,..
Latin America & Caribbean,LCN,1968,YR1968,4.093891431,530.6339048,..,271127278,..,..
Latin America & Caribbean,LCN,1970,YR1970,4.652297493,615.190665,..,284995920,..,..
Latin America & Caribbean,LCN,1972,YR1972,6.671177665,735.1723722,..,299187510,..,..
Latin America & Caribbean,LCN,1974,YR1974,23.24404853,1208.415977,..,313798324,..,..
Latin America & Caribbean,LCN,1976,YR1976,9.793653275,1327.14913,..,328673285,..,..
Latin America & Caribbean,LCN,1978,YR1978,10.30612922,1669.71515,..,344000129,..,..
Latin America & Caribbean,LCN,1980,YR1980,17.91992414,2178.126515,..,359713036,..,..
Latin America & Caribbean,LCN,1982,YR1982,7.812741412,2193.243435,..,375568417,..,..
Latin America & Caribbean,LCN,1984,YR1984,11.50716951,1951.796033,..,391832861,..,..
Latin America & Caribbean,LCN,1986,YR1986,9.764369243,1876.109772,..,408172564,..,..
Latin America & Caribbean,LCN,1988,YR1988,8.012628906,2123.520791,..,424525590,..,..
Latin America & Caribbean,LCN,1990,YR1990,21.50798817,2682.636754,..,440958144,..,..
Latin America & Caribbean,LCN,1992,YR1992,10.63019969,2841.569654,..,457245250,..,..
Latin America & Caribbean,LCN,1994,YR1994,9.700250335,3794.103894,..,473328616,..,..
Latin America & Caribbean,LCN,1996,YR1996,7.359117818,4295.184963,..,489235073,..,..
Latin America & Caribbean,LCN,1998,YR1998,5.110249545,4618.670362,..,504952583,..,..
Latin America & Caribbean,LCN,2000,YR2000,4.608229989,4472.561981,6.370608264,520272118,..,..
Latin America & Caribbean,LCN,2002,YR2002,3.950116637,3839.098999,6.295716207,534691591,..,..
Latin America & Caribbean,LCN,2004,YR2004,4.380322865,4385.822878,6.600339069,548455563,..,..
Latin America & Caribbean,LCN,2006,YR2006,4.25195322,6047.6569,6.716499776,561751999,..,..
Latin America & Caribbean,LCN,2008,YR2008,8.108108108,8077.940759,6.942014278,574908733,..,..
Latin America & Caribbean,LCN,2010,YR2010,3.491288726,9183.197677,7.215317342,587749565,..,..
Latin America & Caribbean,LCN,2012,YR2012,3.781807547,10344.62519,7.131765567,600393759,..,..
Latin America & Caribbean,LCN,2014,YR2014,3.383412727,10583.19362,7.435847135,612799258,..,..
Latin America & Caribbean,LCN,2016,YR2016,1.650389944,8461.785469,7.84996146,624664026,..,..
Latin America & Caribbean,LCN,2018,YR2018,2.324144854,9034.707811,7.922442659,635680745,..,..
Latin America & Caribbean,LCN,2020,YR2020,0.993337023,7444.660734,8.383650817,645497618,..,..
Latin America & Caribbean,LCN,2022,YR2022,7.780615252,9714.936287,7.902020848,653104771,..,..
Latin America & Caribbean,LCN,2024,YR2024,..,..,..,..,..,..
Latin America & Caribbean (excluding high income),LAC,1960,YR1960,2.266870992,350.8565849,..,194183394,..,..
Latin America & Caribbean (excluding high income),LAC,1962,YR1962,2.076695284,377.8786536,..,205344230,..,..
Latin America & Caribbean (excluding high income),LAC,1964,YR1964,3.679118849,413.0322346,..,217092138,..,..
Latin America & Caribbean (excluding high income),LAC,1966,YR1966,2.873194222,468.8905655,..,229223426,..,..
Latin America & Caribbean (excluding high income),LAC,1968,YR1968,3.253567409,487.0613697,..,241604179,..,..
Latin America & Caribbean (excluding high income),LAC,1970,YR1970,4.303903352,564.0883197,..,254197487,..,..
Latin America & Caribbean (excluding high income),LAC,1972,YR1972,5.18569768,676.3616702,..,267060351,..,..
Latin America & Caribbean (excluding high income),LAC,1974,YR1974,23.24404853,1132.880353,..,280291439,..,..
Latin America & Caribbean (excluding high income),LAC,1976,YR1976,9.793653275,1269.453519,..,293772043,..,..
Latin America & Caribbean (excluding high income),LAC,1978,YR1978,10.50795993,1596.802989,..,307693167,..,..
Latin America & Caribbean (excluding high income),LAC,1980,YR1980,18.1351708,2027.686108,..,321979200,..,..
Latin America & Caribbean (excluding high income),LAC,1982,YR1982,7.729492239,2048.344336,..,336390934,..,..
Latin America & Caribbean (excluding high income),LAC,1984,YR1984,11.72729826,1820.668741,..,351171705,..,..
Latin America & Caribbean (excluding high income),LAC,1986,YR1986,16.89666805,1743.670961,..,365976333,..,..
Latin America & Caribbean (excluding high income),LAC,1988,YR1988,13.41739741,1996.182374,..,380734762,..,..
Latin America & Caribbean (excluding high income),LAC,1990,YR1990,22.64137078,2623.088447,..,395535053,..,..
Latin America & Caribbean (excluding high income),LAC,1992,YR1992,13.62653368,2728.138143,..,410183152,..,..
Latin America & Caribbean (excluding high income),LAC,1994,YR1994,12.19489494,3751.301737,..,424630669,..,..
Latin America & Caribbean (excluding high income),LAC,1996,YR1996,11.29742947,4221.892219,..,438918555,..,..
Latin America & Caribbean (excluding high income),LAC,1998,YR1998,6.930641229,4500.106555,..,453065995,..,..
Latin America & Caribbean (excluding high income),LAC,2000,YR2000,7.069913523,4286.864533,6.333201775,466891427,..,..
Latin America & Caribbean (excluding high income),LAC,2002,YR2002,5.223367698,3661.552015,6.2514643,479874713,..,..
Latin America & Caribbean (excluding high income),LAC,2004,YR2004,5.904020055,4151.880368,6.598097579,492232564,..,..
Latin America & Caribbean (excluding high income),LAC,2006,YR2006,4.282396048,5713.840174,6.77384921,504231967,..,..
Latin America & Caribbean (excluding high income),LAC,2008,YR2008,10.06624182,7617.553348,6.976021232,516099421,..,..
Latin America & Caribbean (excluding high income),LAC,2010,YR2010,3.859509098,8634.477129,7.246370537,527703442,..,..
Latin America & Caribbean (excluding high income),LAC,2012,YR2012,4.111509811,9826.019886,7.152592506,539167194,..,..
Latin America & Caribbean (excluding high income),LAC,2014,YR2014,3.4381666,9914.63937,7.436400749,550428711,..,..
Latin America & Caribbean (excluding high income),LAC,2016,YR2016,2.724612233,8011.610156,7.830141451,561307280,..,..
Latin America & Caribbean (excluding high income),LAC,2018,YR2018,2.782357091,8504.73822,7.857820254,572668977,..,..
Latin America & Caribbean (excluding high income),LAC,2020,YR2020,2.002412058,6940.278963,8.28027751,583125825,..,..
Latin America & Caribbean (excluding high income),LAC,2022,YR2022,8.274774902,9129.466627,7.782591911,590730587,..,..
Latin America & Caribbean (excluding high income),LAC,2024,YR2024,..,..,..,..,..,..
Latin America & the Caribbean (IDA & IBRD countries),TLA,1960,YR1960,2.08,380.3073549,..,208671107,..,..
Latin America & the Caribbean (IDA & IBRD countries),TLA,1962,YR1962,2.100840336,418.1856475,..,220668336,..,..
Latin America & the Caribbean (IDA & IBRD countries),TLA,1964,YR1964,3.32403316,446.1247158,..,233255631,..,..
Latin America & the Caribbean (IDA & IBRD countries),TLA,1966,YR1966,3.483776136,499.5025685,..,246239963,..,..
Latin America & the Caribbean (IDA & IBRD countries),TLA,1968,YR1968,4.031672768,516.7337493,..,259494716,..,..
Latin America & the Caribbean (IDA & IBRD countries),TLA,1970,YR1970,4.303903352,597.850943,..,272962813,..,..
Latin America & the Caribbean (IDA & IBRD countries),TLA,1972,YR1972,6.511544012,710.8139051,..,286726529,..,..
Latin America & the Caribbean (IDA & IBRD countries),TLA,1974,YR1974,23.78401544,1188.286911,..,300937685,..,..
Latin America & the Caribbean (IDA & IBRD countries),TLA,1976,YR1976,9.931595653,1301.591742,..,315490913,..,..
Latin America & the Caribbean (IDA & IBRD countries),TLA,1978,YR1978,10.35567228,1638.63646,..,330579364,..,..
Latin America & the Caribbean (IDA & IBRD countries),TLA,1980,YR1980,18.06154304,2149.466176,..,346105657,..,..
Latin America & the Caribbean (IDA & IBRD countries),TLA,1982,YR1982,8.397681559,2157.058605,..,361763155,..,..
Latin America & the Caribbean (IDA & IBRD countries),TLA,1984,YR1984,11.72729826,1894.644216,..,377777260,..,..
Latin America & the Caribbean (IDA & IBRD countries),TLA,1986,YR1986,13.47021866,1810.99265,..,393862440,..,..
Latin America & the Caribbean (IDA & IBRD countries),TLA,1988,YR1988,9.549734757,2049.661817,..,409945610,..,..
Latin America & the Caribbean (IDA & IBRD countries),TLA,1990,YR1990,21.85005973,2615.700915,..,426091608,..,..
Latin America & the Caribbean (IDA & IBRD countries),TLA,1992,YR1992,11.63740249,2788.130631,..,442150885,..,..
Latin America & the Caribbean (IDA & IBRD countries),TLA,1994,YR1994,10.7205639,3744.815815,..,458042874,..,..
Latin America & the Caribbean (IDA & IBRD countries),TLA,1996,YR1996,9.788920402,4256.723889,..,473775482,..,..
Latin America & the Caribbean (IDA & IBRD countries),TLA,1998,YR1998,5.26903547,4564.441581,..,489346270,..,..
Latin America & the Caribbean (IDA & IBRD countries),TLA,2000,YR2000,4.763824727,4388.926811,6.37740932,504556065,..,..
Latin America & the Caribbean (IDA & IBRD countries),TLA,2002,YR2002,4.240266607,3714.295059,6.292739567,518881965,..,..
Latin America & the Caribbean (IDA & IBRD countries),TLA,2004,YR2004,4.451943924,4252.783972,6.606976194,532556401,..,..
Latin America & the Caribbean (IDA & IBRD countries),TLA,2006,YR2006,4.293423636,5926.835007,6.699627103,545805913,..,..
Latin America & the Caribbean (IDA & IBRD countries),TLA,2008,YR2008,8.40009594,7989.397438,6.887969894,558968822,..,..
Latin America & the Caribbean (IDA & IBRD countries),TLA,2010,YR2010,3.796443338,9115.010317,7.17649852,571822092,..,..
Latin America & the Caribbean (IDA & IBRD countries),TLA,2012,YR2012,4.144572841,10277.90556,7.10704086,584524334,..,..
Latin America & the Caribbean (IDA & IBRD countries),TLA,2014,YR2014,3.428264148,10507.14547,7.373731295,597023419,..,..
Latin America & the Caribbean (IDA & IBRD countries),TLA,2016,YR2016,2.537817104,8302.174342,7.772183898,609017063,..,..
Latin America & the Caribbean (IDA & IBRD countries),TLA,2018,YR2018,2.298102363,8877.722992,7.867857735,620274430,..,..
Latin America & the Caribbean (IDA & IBRD countries),TLA,2020,YR2020,1.380426473,7240.560061,8.283940154,630051021,..,..
Latin America & the Caribbean (IDA & IBRD countries),TLA,2022,YR2022,7.838445722,9483.706406,7.90358536,637837815,..,..
Latin America & the Caribbean (IDA & IBRD countries),TLA,2024,YR2024,..,..,..,..,..,..
Least developed countries: UN classification,LDC,1960,YR1960,..,114.7731836,..,245048596,..,..
Least developed countries: UN classification,LDC,1962,YR1962,..,123.813794,..,257173413,..,..
Least developed countries: UN classification,LDC,1964,YR1964,..,122.8699769,..,270194662,..,..
Least developed countries: UN classification,LDC,1966,YR1966,..,143.2045571,..,284221585,..,..
Least developed countries: UN classification,LDC,1968,YR1968,..,147.5173462,..,299374569,..,..
Least developed countries: UN classification,LDC,1970,YR1970,..,150.0697927,..,315102512,..,..
Least developed countries: UN classification,LDC,1972,YR1972,..,155.5850309,..,330244369,..,..
Least developed countries: UN classification,LDC,1974,YR1974,..,223.7755512,..,348044659,..,..
Least developed countries: UN classification,LDC,1976,YR1976,..,236.308312,..,365558134,..,..
Least developed countries: UN classification,LDC,1978,YR1978,..,291.6532126,..,383667234,..,..
Least developed countries: UN classification,LDC,1980,YR1980,..,334.3054154,..,403007563,..,..
Least developed countries: UN classification,LDC,1982,YR1982,..,331.0736445,..,422560922,..,..
Least developed countries: UN classification,LDC,1984,YR1984,..,315.3636269,..,445947594,..,..
Least developed countries: UN classification,LDC,1986,YR1986,9.3254619,284.5276961,..,469843634,..,..
Least developed countries: UN classification,LDC,1988,YR1988,10.2196875,315.0938272,..,494400159,..,..
Least developed countries: UN classification,LDC,1990,YR1990,8.488646497,369.9740606,..,519693837,..,..
Least developed countries: UN classification,LDC,1992,YR1992,10.63930219,300.7073487,..,546905231,..,..
Least developed countries: UN classification,LDC,1994,YR1994,25.17787622,289.3781891,..,578028937,..,..
Least developed countries: UN classification,LDC,1996,YR1996,9.330314585,296.5157326,..,609407699,..,..
Least developed countries: UN classification,LDC,1998,YR1998,7.111911142,298.32061,..,641401023,..,..
Least developed countries: UN classification,LDC,2000,YR2000,3.899529803,332.7600355,3.051287072,673630102,..,..
Least developed countries: UN classification,LDC,2002,YR2002,4.464264007,334.1428755,3.667082535,707266809,..,..
Least developed countries: UN classification,LDC,2004,YR2004,4.534213741,413.9288896,4.066963762,742717957,..,..
Least developed countries: UN classification,LDC,2006,YR2006,6.852466179,538.3612984,4.172038592,779230030,..,..
Least developed countries: UN classification,LDC,2008,YR2008,11.01038801,756.4095534,4.123718654,816268129,..,..
Least developed countries: UN classification,LDC,2010,YR2010,5.049680759,808.1681798,4.098750936,855348118,..,..
Least developed countries: UN classification,LDC,2012,YR2012,6.314744503,920.3567442,3.922873733,896684951,..,..
Least developed countries: UN classification,LDC,2014,YR2014,4.267297705,1028.077764,4.097722744,940284138,..,..
Least developed countries: UN classification,LDC,2016,YR2016,5.513525727,958.1743981,4.128293625,985414939,..,..
Least developed countries: UN classification,LDC,2018,YR2018,3.477966669,1065.22658,3.825445039,1033110314,..,..
Least developed countries: UN classification,LDC,2020,YR2020,4.464144372,1081.797482,3.924944633,1083636132,..,..
Least developed countries: UN classification,LDC,2022,YR2022,9.393838775,1265.525405,3.904995655,1134585604,..,..
Least developed countries: UN classification,LDC,2024,YR2024,..,..,..,..,..,..
Low & middle income,LMY,1960,YR1960,..,131.4933752,..,2106419056,..,..
Low & middle income,LMY,1962,YR1962,..,129.6356376,..,2179211852,..,..
Low & middle income,LMY,1964,YR1964,..,149.4576343,..,2289931597,..,..
Low & middle income,LMY,1966,YR1966,..,162.9636875,..,2406483811,..,..
Low & middle income,LMY,1968,YR1968,..,168.8270674,..,2528852060,..,..
Low & middle income,LMY,1970,YR1970,..,196.014448,..,2659238723,..,..
Low & middle income,LMY,1972,YR1972,..,225.5208005,..,2791613396,..,..
Low & middle income,LMY,1974,YR1974,..,348.8516288,..,2925058126,..,..
Low & middle income,LMY,1976,YR1976,..,397.4977607,..,3055170649,..,..
Low & middle income,LMY,1978,YR1978,9.04398827,475.8164462,..,3184920236,..,..
Low & middle income,LMY,1980,YR1980,..,624.3099041,..,3320729393,..,..
Low & middle income,LMY,1982,YR1982,10.83180977,659.8730025,..,3465282032,..,..
Low & middle income,LMY,1984,YR1984,10.28409821,630.0548183,..,3616009004,..,..
Low & middle income,LMY,1986,YR1986,8.731639957,641.0550769,..,3771794863,..,..
Low & middle income,LMY,1988,YR1988,9.071158758,676.7633439,..,3934736405,..,..
Low & middle income,LMY,1990,YR1990,10.33267205,818.6616276,..,4100351515,..,..
Low & middle income,LMY,1992,YR1992,10.05101737,784.8217058,..,4260362086,..,..
Low & middle income,LMY,1994,YR1994,20.56619484,917.1188191,..,4417713701,..,..
Low & middle income,LMY,1996,YR1996,8.977152338,1123.764699,..,4574398179,..,..
Low & middle income,LMY,1998,YR1998,6.88054521,1147.335991,..,4731323839,..,..
Low & middle income,LMY,2000,YR2000,4.063962014,1162.756639,4.957358955,4885599512,..,..
Low & middle income,LMY,2002,YR2002,4.240266607,1150.991879,4.844155271,5037637869,..,..
Low & middle income,LMY,2004,YR2004,4.504603316,1466.620302,4.91101966,5188460860,..,..
Low & middle income,LMY,2006,YR2006,6.072718797,1980.797437,4.865550165,5340182185,..,..
Low & middle income,LMY,2008,YR2008,10.3607289,2806.73796,4.820133623,5492228861,..,..
Low & middle income,LMY,2010,YR2010,4.277070529,3325.85341,4.980752313,5648351983,..,..
Low & middle income,LMY,2012,YR2012,5.018041554,4048.47846,5.012174632,5809649768,..,..
Low & middle income,LMY,2014,YR2014,3.561794364,4373.156291,5.13111953,5971198210,..,..
Low & middle income,LMY,2016,YR2016,3.019139751,4176.467505,5.24588933,6128880430,..,..
Low & middle income,LMY,2018,YR2018,3.239292459,4738.203403,5.190200176,6287535115,..,..
Low & middle income,LMY,2020,YR2020,2.993135559,4585.375759,5.503620226,6438169878,..,..
Low & middle income,LMY,2022,YR2022,8.320083773,5551.335146,5.275319836,6568731934,..,..
Low & middle income,LMY,2024,YR2024,..,..,..,..,..,..
Low income,LIC,1960,YR1960,..,107.1929364,..,136125731,..,..
Low income,LIC,1962,YR1962,..,115.7330929,..,142712633,..,..
Low income,LIC,1964,YR1964,..,111.5752716,..,149870082,..,..
Low income,LIC,1966,YR1966,..,130.4599789,..,157659981,..,..
Low income,LIC,1968,YR1968,..,129.6431063,..,166200264,..,..
Low income,LIC,1970,YR1970,..,145.4875136,..,175246425,..,..
Low income,LIC,1972,YR1972,..,170.2592426,..,184581584,..,..
Low income,LIC,1974,YR1974,..,236.8748281,..,194562665,..,..
Low income,LIC,1976,YR1976,..,274.6000562,..,204927699,..,..
Low income,LIC,1978,YR1978,..,347.7843762,..,215869463,..,..
Low income,LIC,1980,YR1980,..,386.2263634,..,226852931,..,..
Low income,LIC,1982,YR1982,12.05976521,383.9501915,..,236940777,..,..
Low income,LIC,1984,YR1984,9.543069575,347.2379007,..,249991057,..,..
Low income,LIC,1986,YR1986,3.184883888,334.56092,..,263482134,..,..
Low income,LIC,1988,YR1988,11.69058689,359.0416526,..,277807413,..,..
Low income,LIC,1990,YR1990,6.077325404,450.3420459,..,292948240,..,..
Low income,LIC,1992,YR1992,9.560411876,331.3395842,..,309670853,..,..
Low income,LIC,1994,YR1994,25.17787622,313.5316551,..,329120052,..,..
Low income,LIC,1996,YR1996,7.830630917,265.2275284,..,348800131,..,..
Low income,LIC,1998,YR1998,4.816174609,270.3865863,..,369081911,..,..
Low income,LIC,2000,YR2000,3.607311233,317.586554,3.684969697,390079731,..,..
Low income,LIC,2002,YR2002,3.300121753,312.0286842,4.364078268,412670845,..,..
Low income,LIC,2004,YR2004,3.994384008,384.2080033,4.801119098,437382851,..,..
Low income,LIC,2006,YR2006,7.310676136,503.102894,5.005338393,463744491,..,..
Low income,LIC,2008,YR2008,11.67798272,695.7685492,4.94635829,491406380,..,..
Low income,LIC,2010,YR2010,4.397413832,720.0405877,5.064871107,520054110,..,..
Low income,LIC,2012,YR2012,6.831787034,699.3738333,4.915513225,549451656,..,..
Low income,LIC,2014,YR2014,4.405352342,734.4265831,5.367617679,577586377,..,..
Low income,LIC,2016,YR2016,5.871066814,633.7014685,5.344382366,607867476,..,..
Low income,LIC,2018,YR2018,2.96760366,654.3451713,4.877608508,642186195,..,..
Low income,LIC,2020,YR2020,5.033016144,651.4533784,5.244856784,679560744,..,..
Low income,LIC,2022,YR2022,9.950438947,763.3227248,5.056816163,716865783,..,..
Low income,LIC,2024,YR2024,..,..,..,..,..,..
Lower middle income,LMC,1960,YR1960,..,104.005764,..,819047154,..,..
Lower middle income,LMC,1962,YR1962,..,107.1423323,..,860740314,..,..
Lower middle income,LMC,1964,YR1964,..,126.7941364,..,904528786,..,..
Lower middle income,LMC,1966,YR1966,..,118.1630959,..,949086288,..,..
Lower middle income,LMC,1968,YR1968,..,127.5958801,..,995352698,..,..
Lower middle income,LMC,1970,YR1970,..,145.9202329,..,1043648387,..,..
Lower middle income,LMC,1972,YR1972,..,154.9013511,..,1093040718,..,..
Lower middle income,LMC,1974,YR1974,..,214.6998752,..,1147483141,..,..
Lower middle income,LMC,1976,YR1976,..,236.7674226,..,1205181575,..,..
Lower middle income,LMC,1978,YR1978,..,286.4822571,..,1265823736,..,..
Lower middle income,LMC,1980,YR1980,14.27134212,384.7730031,..,1331803696,..,..
Lower middle income,LMC,1982,YR1982,10.5278073,450.8485893,..,1402582461,..,..
Lower middle income,LMC,1984,YR1984,10.98386257,390.0203281,..,1475538545,..,..
Lower middle income,LMC,1986,YR1986,8.353041331,398.0116553,..,1551312164,..,..
Lower middle income,LMC,1988,YR1988,8.9104702,426.1315399,..,1628976052,..,..
Lower middle income,LMC,1990,YR1990,10.65350579,432.0157921,..,1710810036,..,..
Lower middle income,LMC,1992,YR1992,9.960323207,411.9049352,..,1791923536,..,..
Lower middle income,LMC,1994,YR1994,12.08038189,448.1624504,..,1873664366,..,..
Lower middle income,LMC,1996,YR1996,8.920619877,580.7951092,..,1956491426,..,..
Lower middle income,LMC,1998,YR1998,8.256101796,596.7373015,..,2040638445,..,..
Lower middle income,LMC,2000,YR2000,4.010778361,557.8144293,3.925477512,2125376114,..,..
Lower middle income,LMC,2002,YR2002,3.750174658,571.9635117,4.004423142,2210311164,..,..
Lower middle income,LMC,2004,YR2004,4.504603316,719.2603941,4.004791248,2293999533,..,..
Lower middle income,LMC,2006,YR2006,6.072718797,936.4791218,3.939226697,2377469865,..,..
Lower middle income,LMC,2008,YR2008,11.48466696,1224.054828,3.834934245,2462681283,..,..
Lower middle income,LMC,2010,YR2010,4.763116275,1484.051825,3.750052417,2548857608,..,..
Lower middle income,LMC,2012,YR2012,5.83116601,1692.331253,3.753309231,2635615131,..,..
Lower middle income,LMC,2014,YR2014,4.78942509,1872.373944,3.864261729,2721462079,..,..
Lower middle income,LMC,2016,YR2016,3.205224346,1891.002551,3.888095428,2804867052,..,..
Lower middle income,LMC,2018,YR2018,4.061163388,2076.456711,3.469740571,2886705488,..,..
Lower middle income,LMC,2020,YR2020,4.871673986,2057.146291,3.81793049,2966396717,..,..
Lower middle income,LMC,2022,YR2022,7.696954372,2423.841467,3.882930193,3041203717,..,..
Lower middle income,LMC,2024,YR2024,..,..,..,..,..,..
Middle East & North Africa,MEA,1960,YR1960,..,243.9203895,..,103189039,..,..
Middle East & North Africa,MEA,1962,YR1962,..,242.1426284,..,108830401,..,..
Middle East & North Africa,MEA,1964,YR1964,..,282.5000045,..,114934365,..,..
Middle East & North Africa,MEA,1966,YR1966,..,312.9587706,..,121421021,..,..
Middle East & North Africa,MEA,1968,YR1968,..,365.5747564,..,128530890,..,..
Middle East & North Africa,MEA,1970,YR1970,3.739278722,433.7376593,..,136112803,..,..
Middle East & North Africa,MEA,1972,YR1972,4.045175133,579.4657266,..,144011465,..,..
Middle East & North Africa,MEA,1974,YR1974,14.24893554,1384.444147,..,152507492,..,..
Middle East & North Africa,MEA,1976,YR1976,11.25614251,1771.544573,..,162141778,..,..
Middle East & North Africa,MEA,1978,YR1978,9.71603275,2044.243412,..,172475084,..,..
Middle East & North Africa,MEA,1980,YR1980,10.42269995,3240.240762,..,183887467,..,..
Middle East & North Africa,MEA,1982,YR1982,8.331255756,3082.621532,..,197590595,..,..
Middle East & North Africa,MEA,1984,YR1984,8.116397955,2953.590211,..,211011301,..,..
Middle East & North Africa,MEA,1986,YR1986,6.164383562,2853.566502,..,225182758,..,..
Middle East & North Africa,MEA,1988,YR1988,5.999250743,2467.490689,..,239480378,..,..
Middle East & North Africa,MEA,1990,YR1990,8.039568673,3113.558753,..,255077790,..,..
Middle East & North Africa,MEA,1992,YR1992,7.592048368,2452.472002,..,269021456,..,..
Middle East & North Africa,MEA,1994,YR1994,5.127135217,2307.773403,..,281118568,..,..
Middle East & North Africa,MEA,1996,YR1996,4.46630618,2713.99744,..,293539029,..,..
Middle East & North Africa,MEA,1998,YR1998,3.125365797,2666.168598,..,306364681,..,..
Middle East & North Africa,MEA,2000,YR2000,1.812946139,3112.374122,4.433147744,319840863,..,..
Middle East & North Africa,MEA,2002,YR2002,1.83299389,2944.473135,4.654350244,333592427,..,..
Middle East & North Africa,MEA,2004,YR2004,3.122262047,3697.371674,4.279460152,348239858,..,..
Middle East & North Africa,MEA,2006,YR2006,3.483406997,4977.189111,3.953612016,364791715,..,..
Middle East & North Africa,MEA,2008,YR2008,11.27066524,7011.103635,3.874621073,381817362,..,..
Middle East & North Africa,MEA,2010,YR2010,3.749157276,7103.441752,4.549697946,397305528,..,..
Middle East & North Africa,MEA,2012,YR2012,3.731209508,8823.396275,4.510033379,415046283,..,..
Middle East & North Africa,MEA,2014,YR2014,2.432941416,8372.742628,4.946748417,433660485,..,..
Middle East & North Africa,MEA,2016,YR2016,2.372716031,7156.796135,5.840962379,452184895,..,..
Middle East & North Africa,MEA,2018,YR2018,1.945793046,7732.442966,5.440097203,466691130,..,..
Middle East & North Africa,MEA,2020,YR2020,0.705968661,6650.853688,5.996244481,482334398,..,..
Middle East & North Africa,MEA,2022,YR2022,4.995275537,8986.098959,4.885919481,498070255,..,..
Middle East & North Africa,MEA,2024,YR2024,..,..,..,..,..,..
Middle East & North Africa (excluding high income),MNA,1960,YR1960,..,185.395388,..,97138700,..,..
Middle East & North Africa (excluding high income),MNA,1962,YR1962,..,183.4053256,..,102288730,..,..
Middle East & North Africa (excluding high income),MNA,1964,YR1964,..,215.0220269,..,107860080,..,..
Middle East & North Africa (excluding high income),MNA,1966,YR1966,..,237.6148323,..,113811829,..,..
Middle East & North Africa (excluding high income),MNA,1968,YR1968,..,277.677779,..,120310263,..,..
Middle East & North Africa (excluding high income),MNA,1970,YR1970,4.05924693,328.3284696,..,127174194,..,..
Middle East & North Africa (excluding high income),MNA,1972,YR1972,3.707738844,426.6487161,..,134260715,..,..
Middle East & North Africa (excluding high income),MNA,1974,YR1974,12.13662664,832.1291129,..,141784043,..,..
Middle East & North Africa (excluding high income),MNA,1976,YR1976,10.7867792,1108.046015,..,150378878,..,..
Middle East & North Africa (excluding high income),MNA,1978,YR1978,10.39706657,1285.87833,..,159473249,..,..
Middle East & North Africa (excluding high income),MNA,1980,YR1980,11.58456734,1846.413562,..,169488204,..,..
Middle East & North Africa (excluding high income),MNA,1982,YR1982,10.39330808,1850.623956,..,181764163,..,..
Middle East & North Africa (excluding high income),MNA,1984,YR1984,9.229518195,2007.395084,..,193686969,..,..
Middle East & North Africa (excluding high income),MNA,1986,YR1986,12.37160917,2198.318176,..,206230968,..,..
Middle East & North Africa (excluding high income),MNA,1988,YR1988,6.905098075,1705.143837,..,218765632,..,..
Middle East & North Africa (excluding high income),MNA,1990,YR1990,12.32179998,2225.56199,..,233120964,..,..
Middle East & North Africa (excluding high income),MNA,1992,YR1992,12.32329924,1383.771211,..,245170118,..,..
Middle East & North Africa (excluding high income),MNA,1994,YR1994,11.74134922,1203.373776,..,255476523,..,..
Middle East & North Africa (excluding high income),MNA,1996,YR1996,6.844160862,1431.502914,..,266048568,..,..
Middle East & North Africa (excluding high income),MNA,1998,YR1998,3.872575464,1483.875454,..,276793615,..,..
Middle East & North Africa (excluding high income),MNA,2000,YR2000,2.683805353,1647.905802,4.726724435,287971068,..,..
Middle East & North Africa (excluding high income),MNA,2002,YR2002,2.729135699,1549.350817,4.992940648,298939850,..,..
Middle East & North Africa (excluding high income),MNA,2004,YR2004,3.797040176,1938.077293,4.744257324,310771929,..,..
Middle East & North Africa (excluding high income),MNA,2006,YR2006,5.047032961,2553.994171,4.477247021,324051680,..,..
Middle East & North Africa (excluding high income),MNA,2008,YR2008,12.31073676,3723.895082,4.505284906,336700258,..,..
Middle East & North Africa (excluding high income),MNA,2010,YR2010,3.950078759,4040.017546,5.134629464,349872902,..,..
Middle East & North Africa (excluding high income),MNA,2012,YR2012,6.089096416,4906.913136,5.214686597,363339829,..,..
Middle East & North Africa (excluding high income),MNA,2014,YR2014,2.89947905,4312.216413,5.408570235,377506892,..,..
Middle East & North Africa (excluding high income),MNA,2016,YR2016,3.183905731,3830.713009,6.267382702,390998434,..,..
Middle East & North Africa (excluding high income),MNA,2018,YR2018,4.366150645,3682.710255,5.897373984,404775501,..,..
Middle East & North Africa (excluding high income),MNA,2020,YR2020,1.777407838,3175.617067,5.398333949,418461302,..,..
Middle East & North Africa (excluding high income),MNA,2022,YR2022,6.657042028,4030.08693,4.907513214,432229148,..,..
Middle East & North Africa (excluding high income),MNA,2024,YR2024,..,..,..,..,..,..
Middle East & North Africa (IDA & IBRD countries),TMN,1960,YR1960,..,183.6807594,..,97138700,..,..
Middle East & North Africa (IDA & IBRD countries),TMN,1962,YR1962,..,181.709102,..,102288730,..,..
Middle East & North Africa (IDA & IBRD countries),TMN,1964,YR1964,..,213.0333964,..,107860080,..,..
Middle East & North Africa (IDA & IBRD countries),TMN,1966,YR1966,2.888300338,235.4172523,..,113811829,..,..
Middle East & North Africa (IDA & IBRD countries),TMN,1968,YR1968,0.563419796,275.109677,..,120310263,..,..
Middle East & North Africa (IDA & IBRD countries),TMN,1970,YR1970,4.05924693,325.2919249,..,127174194,..,..
Middle East & North Africa (IDA & IBRD countries),TMN,1972,YR1972,3.707738844,422.7028569,..,134260715,..,..
Middle East & North Africa (IDA & IBRD countries),TMN,1974,YR1974,12.13662664,824.4331695,..,141784043,..,..
Middle East & North Africa (IDA & IBRD countries),TMN,1976,YR1976,10.7867792,1097.798255,..,150378878,..,..
Middle East & North Africa (IDA & IBRD countries),TMN,1978,YR1978,10.39706657,1273.985889,..,159473249,..,..
Middle East & North Africa (IDA & IBRD countries),TMN,1980,YR1980,11.58456734,1829.337012,..,169488204,..,..
Middle East & North Africa (IDA & IBRD countries),TMN,1982,YR1982,10.39330808,1833.508466,..,181764163,..,..
Middle East & North Africa (IDA & IBRD countries),TMN,1984,YR1984,9.229518195,1988.829697,..,193686969,..,..
Middle East & North Africa (IDA & IBRD countries),TMN,1986,YR1986,12.37160917,2177.987038,..,206230968,..,..
Middle East & North Africa (IDA & IBRD countries),TMN,1988,YR1988,6.905098075,1689.37382,..,218765632,..,..
Middle East & North Africa (IDA & IBRD countries),TMN,1990,YR1990,12.32179998,2223.850324,..,231142716,..,..
Middle East & North Africa (IDA & IBRD countries),TMN,1992,YR1992,12.32329924,1383.17977,..,243006527,..,..
Middle East & North Africa (IDA & IBRD countries),TMN,1994,YR1994,11.74134922,1203.390531,..,253110225,..,..
Middle East & North Africa (IDA & IBRD countries),TMN,1996,YR1996,6.844160862,1432.623102,..,263460571,..,..
Middle East & North Africa (IDA & IBRD countries),TMN,1998,YR1998,3.790924324,1484.066249,..,274017047,..,..
Middle East & North Africa (IDA & IBRD countries),TMN,2000,YR2000,2.289219961,1649.666317,4.67827174,285048915,..,..
Middle East & North Africa (IDA & IBRD countries),TMN,2002,YR2002,2.721032849,1553.437255,4.94249024,295864477,..,..
Middle East & North Africa (IDA & IBRD countries),TMN,2004,YR2004,3.961800303,1943.506691,4.693158335,307535303,..,..
Middle East & North Africa (IDA & IBRD countries),TMN,2006,YR2006,6.251724667,2564.446396,4.438057908,320645346,..,..
Middle East & North Africa (IDA & IBRD countries),TMN,2008,YR2008,12.66285283,3742.104613,4.469975119,333108281,..,..
Middle East & North Africa (IDA & IBRD countries),TMN,2010,YR2010,3.966779089,4056.240811,5.107247517,346086741,..,..
Middle East & North Africa (IDA & IBRD countries),TMN,2012,YR2012,6.335285446,4927.285765,5.179616779,359359831,..,..
Middle East & North Africa (IDA & IBRD countries),TMN,2014,YR2014,2.908202985,4322.949164,5.369462695,373333494,..,..
Middle East & North Africa (IDA & IBRD countries),TMN,2016,YR2016,3.629399374,3834.136582,6.238943325,386631346,..,..
Middle East & North Africa (IDA & IBRD countries),TMN,2018,YR2018,4.462311085,3684.084605,5.855878621,400206414,..,..
Middle East & North Africa (IDA & IBRD countries),TMN,2020,YR2020,2.096269389,3174.944151,5.34064899,413658033,..,..
Middle East & North Africa (IDA & IBRD countries),TMN,2022,YR2022,7.481751636,4032.804004,4.853826101,427185536,..,..
Middle East & North Africa (IDA & IBRD countries),TMN,2024,YR2024,..,..,..,..,..,..
Middle income,MIC,1960,YR1960,..,133.8846712,..,1970293325,..,..
Middle income,MIC,1962,YR1962,..,131.3905974,..,2036499219,..,..
Middle income,MIC,1964,YR1964,..,152.7170763,..,2140061515,..,..
Middle income,MIC,1966,YR1966,..,166.0240303,..,2248823830,..,..
Middle income,MIC,1968,YR1968,..,172.3241342,..,2362651796,..,..
Middle income,MIC,1970,YR1970,..,200.3772198,..,2483992298,..,..
Middle income,MIC,1972,YR1972,..,230.3997616,..,2607031812,..,..
Middle income,MIC,1974,YR1974,..,357.9748677,..,2730495461,..,..
Middle income,MIC,1976,YR1976,9.86215192,407.7370269,..,2850242950,..,..
Middle income,MIC,1978,YR1978,8.933758841,487.1304,..,2969050773,..,..
Middle income,MIC,1980,YR1980,16.75313569,643.431838,..,3093876462,..,..
Middle income,MIC,1982,YR1982,10.25880886,681.564967,..,3228341255,..,..
Middle income,MIC,1984,YR1984,10.45503482,652.2292371,..,3366017947,..,..
Middle income,MIC,1986,YR1986,9.029510544,665.0615964,..,3508312729,..,..
Middle income,MIC,1988,YR1988,8.983003382,702.0861668,..,3656928992,..,..
Middle income,MIC,1990,YR1990,11.02492595,848.7909826,..,3807403275,..,..
Middle income,MIC,1992,YR1992,10.05611674,821.4069695,..,3950691233,..,..
Middle income,MIC,1994,YR1994,13.39525066,966.3598546,..,4088593649,..,..
Middle income,MIC,1996,YR1996,9.220466624,1194.427724,..,4225598048,..,..
Middle income,MIC,1998,YR1998,7.673228957,1221.378514,..,4362241928,..,..
Middle income,MIC,2000,YR2000,4.199288256,1236.425456,4.981975513,4495519781,..,..
Middle income,MIC,2002,YR2002,4.268709323,1226.222479,4.854016974,4624967024,..,..
Middle income,MIC,2004,YR2004,4.688408848,1566.726102,4.91323575,4751078009,..,..
Middle income,MIC,2006,YR2006,5.564937704,2121.941748,4.862731202,4876437694,..,..
Middle income,MIC,2008,YR2008,10.15478465,3015.081549,4.817562015,5000822481,..,..
Middle income,MIC,2010,YR2010,4.156727227,3590.836535,4.979192544,5128297873,..,..
Middle income,MIC,2012,YR2012,4.541769678,4398.517813,5.013633012,5260198112,..,..
Middle income,MIC,2014,YR2014,3.534368561,4763.025724,5.127531109,5393611833,..,..
Middle income,MIC,2016,YR2016,2.724612233,4566.492851,5.244472787,5521012954,..,..
Middle income,MIC,2018,YR2018,3.240569329,5202.510343,5.19442046,5645348920,..,..
Middle income,MIC,2020,YR2020,2.656646433,5049.558237,5.507327052,5758609134,..,..
Middle income,MIC,2022,YR2022,8.273289401,6137.817076,5.278484894,5851866151,..,..
Middle income,MIC,2024,YR2024,..,..,..,..,..,..
North America,NAC,1960,YR1960,1.408335819,2933.326121,..,198622564,..,..
North America,NAC,1962,YR1962,1.130172237,3148.480345,..,205196239,..,..
North America,NAC,1964,YR1964,1.595528134,3473.156587,..,211260410,..,..
North America,NAC,1966,YR1966,3.415367223,4035.881854,..,216656534,..,..
North America,NAC,1968,YR1968,4.163547846,4570.753889,..,221500404,..,..
North America,NAC,1970,YR1970,4.592147576,5130.464967,..,226428124,..,..
North America,NAC,1972,YR1972,4.130153489,5999.1629,..,232167266,..,..
North America,NAC,1974,YR1974,11.02598798,7209.110567,..,236715025,..,..
North America,NAC,1976,YR1976,6.643275633,8615.910364,..,241538018,..,..
North America,NAC,1978,YR1978,8.302343595,10427.52354,..,246601634,..,..
North America,NAC,1980,YR1980,11.83921124,12441.49041,..,251794340,..,..
North America,NAC,1982,YR1982,8.45019945,14247.34799,..,256835329,..,..
North America,NAC,1984,YR1984,4.30265689,16808.91734,..,261487222,..,..
North America,NAC,1986,YR1986,3.046417007,18625.65944,..,266289167,..,..
North America,NAC,1988,YR1988,4.052987628,21180.34724,..,271347446,..,..
North America,NAC,1990,YR1990,5.089216687,23653.50201,..,277371697,..,..
North America,NAC,1992,YR1992,2.259476291,24974.74056,..,284943671,..,..
North America,NAC,1994,YR1994,1.386502253,26931.65093,..,292185857,..,..
North America,NAC,1996,YR1996,2.250867663,29112.24514,..,299064031,..,..
North America,NAC,1998,YR1998,1.274110778,31691.94533,..,306069812,..,..
North America,NAC,2000,YR2000,3.048148614,35151.37419,12.20271019,312909691,..,..
North America,NAC,2002,YR2002,1.922213018,36652.00313,13.66097696,319046534,..,..
North America,NAC,2004,YR2004,2.267247706,40788.48304,14.12603069,324806660,..,..
North America,NAC,2006,YR2006,2.613984748,45741.25143,14.23951426,331013939,..,..
North America,NAC,2008,YR2008,3.104685486,48398.37226,14.67263965,337404564,..,..
North America,NAC,2010,YR2010,1.708457492,48553.01607,15.6641585,343396770,..,..
North America,NAC,2012,YR2012,1.792507748,51881.45897,15.55602572,348654703,..,..
North America,NAC,2014,YR2014,1.764429442,54877.60407,15.64453691,353883924,..,..
North America,NAC,2016,YR2016,1.345171376,56618.04796,16.36052768,359246007,..,..
North America,NAC,2018,YR2018,2.355404485,61512.7212,16.17806287,363974650,..,..
North America,NAC,2020,YR2020,0.975292014,62271.19692,18.39669783,369619953,..,..
North America,NAC,2022,YR2022,7.402800487,75686.48983,16.0923774,372275216,..,..
North America,NAC,2024,YR2024,..,..,..,..,..,..
Not classified,INX,1960,YR1960,..,..,..,..,..,..
Not classified,INX,1962,YR1962,..,..,..,..,..,..
Not classified,INX,1964,YR1964,..,..,..,..,..,..
Not classified,INX,1966,YR1966,..,..,..,..,..,..
Not classified,INX,1968,YR1968,..,..,..,..,..,..
Not classified,INX,1970,YR1970,..,..,..,..,..,..
Not classified,INX,1972,YR1972,..,..,..,..,..,..
Not classified,INX,1974,YR1974,..,..,..,..,..,..
Not classified,INX,1976,YR1976,..,..,..,..,..,..
Not classified,INX,1978,YR1978,..,..,..,..,..,..
Not classified,INX,1980,YR1980,..,..,..,..,..,..
Not classified,INX,1982,YR1982,..,..,..,..,..,..
Not classified,INX,1984,YR1984,..,..,..,..,..,..
Not classified,INX,1986,YR1986,..,..,..,..,..,..
Not classified,INX,1988,YR1988,..,..,..,..,..,..
Not classified,INX,1990,YR1990,..,..,..,..,..,..
Not classified,INX,1992,YR1992,..,..,..,..,..,..
Not classified,INX,1994,YR1994,..,..,..,..,..,..
Not classified,INX,1996,YR1996,..,..,..,..,..,..
Not classified,INX,1998,YR1998,..,..,..,..,..,..
Not classified,INX,2000,YR2000,..,..,..,..,..,..
Not classified,INX,2002,YR2002,..,..,..,..,..,..
Not classified,INX,2004,YR2004,..,..,..,..,..,..
Not classified,INX,2006,YR2006,..,..,..,..,..,..
Not classified,INX,2008,YR2008,..,..,..,..,..,..
Not classified,INX,2010,YR2010,..,..,..,..,..,..
Not classified,INX,2012,YR2012,..,..,..,..,..,..
Not classified,INX,2014,YR2014,..,..,..,..,..,..
Not classified,INX,2016,YR2016,..,..,..,..,..,..
Not classified,INX,2018,YR2018,..,..,..,..,..,..
Not classified,INX,2020,YR2020,..,..,..,..,..,..
Not classified,INX,2022,YR2022,..,..,..,..,..,..
Not classified,INX,2024,YR2024,..,..,..,..,..,..
OECD members,OED,1960,YR1960,1.945749352,1310.726783,..,809580666,..,..
OECD members,OED,1962,YR1962,4.263727121,1470.334941,..,832228334,..,..
OECD members,OED,1964,YR1964,3.444898482,1685.487292,..,855135046,..,..
OECD members,OED,1966,YR1966,4.174347619,1954.731444,..,877030636,..,..
OECD members,OED,1968,YR1968,4.093891431,2213.581436,..,897869478,..,..
OECD members,OED,1970,YR1970,5.731144843,2612.704707,..,918489195,..,..
OECD members,OED,1972,YR1972,6.562360903,3280.394547,..,941467841,..,..
OECD members,OED,1974,YR1974,15.54852003,4358.029172,..,962281658,..,..
OECD members,OED,1976,YR1976,11.63675206,5187.711511,..,981612322,..,..
OECD members,OED,1978,YR1978,8.618432195,6910.436684,..,1000355869,..,..
OECD members,OED,1980,YR1980,13.63445061,8695.723267,..,1019332414,..,..
OECD members,OED,1982,YR1982,11.34099617,8565.754825,..,1037419356,..,..
OECD members,OED,1984,YR1984,7.673802622,9105.724642,..,1054395892,..,..
OECD members,OED,1986,YR1986,5.291661701,11435.08983,..,1071222636,..,..
OECD members,OED,1988,YR1988,5.824898684,14693.27417,..,1088587717,..,..
OECD members,OED,1990,YR1990,6.721819522,17010.94888,..,1107695519,..,..
OECD members,OED,1992,YR1992,5.056977967,19010.692,..,1129039882,..,..
OECD members,OED,1994,YR1994,3.502625774,20282.60784,..,1148779736,..,..
OECD members,OED,1996,YR1996,3.000090763,22192.18723,..,1167149370,..,..
OECD members,OED,1998,YR1998,2.105774811,21752.68609,..,1184928348,..,..
OECD members,OED,2000,YR2000,3.063803449,23025.5007,9.331559491,1202226474,..,..
OECD members,OED,2002,YR2002,2.477360679,23456.50711,10.24987506,1220070536,..,..
OECD members,OED,2004,YR2004,2.257964096,28793.36493,10.42023909,1237753724,..,..
OECD members,OED,2006,YR2006,2.600153765,31680.21494,10.53976324,1255490764,..,..
OECD members,OED,2008,YR2008,4.11407022,36287.74157,10.71534074,1274326608,..,..
OECD members,OED,2010,YR2010,1.807352306,35124.60303,11.54224361,1292108663,..,..
OECD members,OED,2012,YR2012,2.529455209,37325.20219,11.71601484,1306608465,..,..
OECD members,OED,2014,YR2014,0.624517311,38167.82031,11.87292835,1323087907,..,..
OECD members,OED,2016,YR2016,0.443258158,36253.80028,12.40252728,1339441048,..,..
OECD members,OED,2018,YR2018,1.932468123,39573.04475,12.31755646,1355260023,..,..
OECD members,OED,2020,YR2020,0.732851645,38686.3274,13.9547785,1370013876,..,..
OECD members,OED,2022,YR2022,8.238032407,44026.85925,12.8599192,1378506989,..,..
OECD members,OED,2024,YR2024,..,..,..,..,..,..
Other small states,OSS,1960,YR1960,..,..,..,5458853,..,..
Other small states,OSS,1962,YR1962,..,..,..,5655451,..,..
Other small states,OSS,1964,YR1964,..,..,..,5874688,..,..
Other small states,OSS,1966,YR1966,..,..,..,6079901,..,..
Other small states,OSS,1968,YR1968,..,..,..,6267038,..,..
Other small states,OSS,1970,YR1970,..,..,..,6465635,..,..
Other small states,OSS,1972,YR1972,..,..,..,6702866,..,..
Other small states,OSS,1974,YR1974,..,..,..,6948494,..,..
Other small states,OSS,1976,YR1976,..,1427.24277,..,7211306,..,..
Other small states,OSS,1978,YR1978,..,1955.098423,..,7504109,..,..
Other small states,OSS,1980,YR1980,..,3550.495415,..,7803795,..,..
Other small states,OSS,1982,YR1982,7.659255176,3207.71671,..,8098677,..,..
Other small states,OSS,1984,YR1984,5.99195111,2904.41887,..,8390169,..,..
Other small states,OSS,1986,YR1986,5.875040995,2600.019724,..,8718033,..,..
Other small states,OSS,1988,YR1988,4.074074074,3304.905452,..,9072184,..,..
Other small states,OSS,1990,YR1990,4.502054629,3853.996828,..,9464103,..,..
Other small states,OSS,1992,YR1992,3.947711768,4260.366768,..,9717948,..,..
Other small states,OSS,1994,YR1994,3.790990073,4353.347593,..,9872555,..,..
Other small states,OSS,1996,YR1996,4.471272241,5131.236194,..,10066923,..,..
Other small states,OSS,1998,YR1998,2.57985258,5031.239168,..,10351144,..,..
Other small states,OSS,2000,YR2000,4.018489525,5414.341772,5.099090337,10425820,..,..
Other small states,OSS,2002,YR2002,2.801155052,5684.083168,5.413440328,10846687,..,..
Other small states,OSS,2004,YR2004,3.122262047,8042.061149,5.514662825,11194800,..,..
Other small states,OSS,2006,YR2006,3.428885299,9876.141664,5.241130214,11561776,..,..
Other small states,OSS,2008,YR2008,8.911481958,12581.17147,5.383680697,11966136,..,..
Other small states,OSS,2010,YR2010,2.952204067,11292.769,5.731987479,12341009,..,..
Other small states,OSS,2012,YR2012,4.039323561,12547.69603,5.563425868,12554229,..,..
Other small states,OSS,2014,YR2014,1.341864943,13159.4094,5.922608818,12904905,..,..
Other small states,OSS,2016,YR2016,0.642702772,12174.15742,6.282209963,13273445,..,..
Other small states,OSS,2018,YR2018,2.611223783,14455.77575,6.129915938,13634874,..,..
Other small states,OSS,2020,YR2020,0.622170383,13071.22362,7.300780357,13884095,..,..
Other small states,OSS,2022,YR2022,6.579532837,16066.27297,6.824669994,14217718,..,..
Other small states,OSS,2024,YR2024,..,..,..,..,..,..
Pacific island small states,PSS,1960,YR1960,..,..,..,912120,..,..
Pacific island small states,PSS,1962,YR1962,..,..,..,965430,..,..
Pacific island small states,PSS,1964,YR1964,..,..,..,1022081,..,..
Pacific island small states,PSS,1966,YR1966,..,..,..,1079689,..,..
Pacific island small states,PSS,1968,YR1968,..,..,..,1130851,..,..
Pacific island small states,PSS,1970,YR1970,..,358.6873312,..,1181537,..,..
Pacific island small states,PSS,1972,YR1972,..,460.1838437,..,1229695,..,..
Pacific island small states,PSS,1974,YR1974,..,804.436169,..,1277600,..,..
Pacific island small states,PSS,1976,YR1976,..,854.4244606,..,1331351,..,..
Pacific island small states,PSS,1978,YR1978,..,986.1753035,..,1390784,..,..
Pacific island small states,PSS,1980,YR1980,..,1299.849473,..,1454476,..,..
Pacific island small states,PSS,1982,YR1982,..,1265.722566,..,1521261,..,..
Pacific island small states,PSS,1984,YR1984,..,1219.06038,..,1590058,..,..
Pacific island small states,PSS,1986,YR1986,..,1222.707075,..,1660533,..,..
Pacific island small states,PSS,1988,YR1988,..,1188.983908,..,1721206,..,..
Pacific island small states,PSS,1990,YR1990,..,1343.2772,..,1775607,..,..
Pacific island small states,PSS,1992,YR1992,..,1519.648263,..,1827395,..,..
Pacific island small states,PSS,1994,YR1994,..,1818.225096,..,1878007,..,..
Pacific island small states,PSS,1996,YR1996,..,2061.836929,..,1926342,..,..
Pacific island small states,PSS,1998,YR1998,..,1729.290712,..,1984859,..,..
Pacific island small states,PSS,2000,YR2000,2.348103274,1688.387673,4.780687184,2042274,..,..
Pacific island small states,PSS,2002,YR2002,1.963567542,1697.335617,5.057456865,2095273,..,..
Pacific island small states,PSS,2004,YR2004,4.964075767,2272.931605,5.053601958,2145505,..,..
Pacific island small states,PSS,2006,YR2006,4.429811434,2589.164899,5.650858455,2194265,..,..
Pacific island small states,PSS,2008,YR2008,11.00644718,2991.509761,5.218061736,2240739,..,..
Pacific island small states,PSS,2010,YR2010,2.102442434,2903.743184,5.478146335,2289399,..,..
Pacific island small states,PSS,2012,YR2012,2.049018835,3494.912442,4.921768519,2351924,..,..
Pacific island small states,PSS,2014,YR2014,1.451424524,3847.341922,4.823038153,2414338,..,..
Pacific island small states,PSS,2016,YR2016,1.073393889,3844.355132,4.801158383,2477794,..,..
Pacific island small states,PSS,2018,YR2018,2.896219323,4245.787184,5.132390965,2542009,..,..
Pacific island small states,PSS,2020,YR2020,0.386388225,3666.598981,6.215001661,2595522,..,..
Pacific island small states,PSS,2022,YR2022,6.098717552,3892.778333,5.712167499,2656049,..,..
Pacific island small states,PSS,2024,YR2024,..,..,..,..,..,..
Post-demographic dividend,PST,1960,YR1960,1.536612343,1370.47038,..,756379385,..,..
Post-demographic dividend,PST,1962,YR1962,3.51988454,1541.971884,..,774679689,..,..
Post-demographic dividend,PST,1964,YR1964,3.334624629,1771.287619,..,792735136,..,..
Post-demographic dividend,PST,1966,YR1966,3.844656543,2063.41688,..,809623605,..,..
Post-demographic dividend,PST,1968,YR1968,3.72079328,2347.097849,..,825029113,..,..
Post-demographic dividend,PST,1970,YR1970,4.968319873,2785.607611,..,840190480,..,..
Post-demographic dividend,PST,1972,YR1972,6.063003097,3518.170609,..,857513072,..,..
Post-demographic dividend,PST,1974,YR1974,13.16360261,4673.842472,..,872247955,..,..
Post-demographic dividend,PST,1976,YR1976,9.267754576,5598.350301,..,885244462,..,..
Post-demographic dividend,PST,1978,YR1978,8.083298826,7517.358603,..,897398355,..,..
Post-demographic dividend,PST,1980,YR1980,11.94997166,9426.838618,..,909919829,..,..
Post-demographic dividend,PST,1982,YR1982,9.470989321,9372.286675,..,921558505,..,..
Post-demographic dividend,PST,1984,YR1984,6.194763795,10052.50499,..,931624894,..,..
Post-demographic dividend,PST,1986,YR1986,3.159097295,12802.09919,..,941566838,..,..
Post-demographic dividend,PST,1988,YR1988,4.686201838,16531.56841,..,952284317,..,..
Post-demographic dividend,PST,1990,YR1990,6.098444148,19124.42436,..,964371624,..,..
Post-demographic dividend,PST,1992,YR1992,4.037030208,21340.77543,..,978087877,..,..
Post-demographic dividend,PST,1994,YR1994,2.953409368,22742.53688,..,990028770,..,..
Post-demographic dividend,PST,1996,YR1996,2.615384615,25075.51649,..,1000836719,..,..
Post-demographic dividend,PST,1998,YR1998,1.834329999,24436.84186,..,1011086034,..,..
Post-demographic dividend,PST,2000,YR2000,2.579876112,25863.32478,9.571537244,1021150563,..,..
Post-demographic dividend,PST,2002,YR2002,1.998749211,26457.73245,10.51221867,1031271721,..,..
Post-demographic dividend,PST,2004,YR2004,2.079244646,32637.93597,10.65937203,1041747900,..,..
Post-demographic dividend,PST,2006,YR2006,2.457924442,35777.59482,10.83003516,1052610469,..,..
Post-demographic dividend,PST,2008,YR2008,4.152797081,40878.79531,11.01972604,1065219261,..,..
Post-demographic dividend,PST,2010,YR2010,1.996212367,39764.70508,11.89458368,1075615574,..,..
Post-demographic dividend,PST,2012,YR2012,2.485675622,42350.28865,12.1125399,1083068159,..,..
Post-demographic dividend,PST,2014,YR2014,0.906794,43293.49831,12.31480528,1092805112,..,..
Post-demographic dividend,PST,2016,YR2016,0.607397075,41527.36633,12.84907702,1102507839,..,..
Post-demographic dividend,PST,2018,YR2018,1.73860862,45562.86779,12.75237335,1110512190,..,..
Post-demographic dividend,PST,2020,YR2020,0.632267332,44858.11046,14.44396506,1117765361,..,..
Post-demographic dividend,PST,2022,YR2022,7.877370037,51063.61975,13.36552923,1117561802,..,..
Post-demographic dividend,PST,2024,YR2024,..,..,..,..,..,..
Pre-demographic dividend,PRE,1960,YR1960,..,129.0216619,..,188920253,..,..
Pre-demographic dividend,PRE,1962,YR1962,..,139.7860328,..,198004977,..,..
Pre-demographic dividend,PRE,1964,YR1964,..,145.6152543,..,207958469,..,..
Pre-demographic dividend,PRE,1966,YR1966,..,166.7857029,..,218721527,..,..
Pre-demographic dividend,PRE,1968,YR1968,..,162.545104,..,230300956,..,..
Pre-demographic dividend,PRE,1970,YR1970,..,195.3903665,..,242769169,..,..
Pre-demographic dividend,PRE,1972,YR1972,..,215.2717795,..,256080715,..,..
Pre-demographic dividend,PRE,1974,YR1974,..,345.7589077,..,270820390,..,..
Pre-demographic dividend,PRE,1976,YR1976,..,434.9106134,..,286692896,..,..
Pre-demographic dividend,PRE,1978,YR1978,..,513.3663441,..,304240149,..,..
Pre-demographic dividend,PRE,1980,YR1980,..,734.7313033,..,322965422,..,..
Pre-demographic dividend,PRE,1982,YR1982,..,906.8663431,..,339575832,..,..
Pre-demographic dividend,PRE,1984,YR1984,..,664.9544041,..,359259708,..,..
Pre-demographic dividend,PRE,1986,YR1986,6.184778545,565.3540766,..,379883689,..,..
Pre-demographic dividend,PRE,1988,YR1988,9.31063653,603.2423095,..,400820214,..,..
Pre-demographic dividend,PRE,1990,YR1990,6.600225649,938.8638672,..,422471117,..,..
Pre-demographic dividend,PRE,1992,YR1992,9.486542506,390.7443054,..,445411988,..,..
Pre-demographic dividend,PRE,1994,YR1994,34.64963615,399.9443486,..,475022693,..,..
Pre-demographic dividend,PRE,1996,YR1996,7.191646604,673.2436412,..,503373634,..,..
Pre-demographic dividend,PRE,1998,YR1998,6.465226297,739.7282107,..,531450214,..,..
Pre-demographic dividend,PRE,2000,YR2000,4.165404423,502.7081263,3.32668209,562428025,..,..
Pre-demographic dividend,PRE,2002,YR2002,4.378759718,519.0463305,3.494582791,596114535,..,..
Pre-demographic dividend,PRE,2004,YR2004,4.10703594,663.796143,4.437841405,632445407,..,..
Pre-demographic dividend,PRE,2006,YR2006,6.695264658,980.6796044,4.17309137,670229212,..,..
Pre-demographic dividend,PRE,2008,YR2008,10.28768479,1397.629716,3.944383047,708796270,..,..
Pre-demographic dividend,PRE,2010,YR2010,3.976552885,1394.914874,3.863248923,752046672,..,..
Pre-demographic dividend,PRE,2012,YR2012,6.441212809,1656.472575,3.602618238,798002725,..,..
Pre-demographic dividend,PRE,2014,YR2014,3.305037626,1816.54049,3.723007749,846420736,..,..
Pre-demographic dividend,PRE,2016,YR2016,4.664662358,1300.835301,4.313403439,895239872,..,..
Pre-demographic dividend,PRE,2018,YR2018,2.96760366,1432.129792,3.859028444,946317177,..,..
Pre-demographic dividend,PRE,2020,YR2020,3.483935675,1313.17036,4.423194532,998624261,..,..
Pre-demographic dividend,PRE,2022,YR2022,8.16059032,1567.280393,4.406136049,1051201551,..,..
Pre-demographic dividend,PRE,2024,YR2024,..,..,..,..,..,..
Small states,SST,1960,YR1960,..,..,..,8084378,..,..
Small states,SST,1962,YR1962,..,..,..,8410874,..,..
Small states,SST,1964,YR1964,..,..,..,8768610,..,..
Small states,SST,1966,YR1966,..,..,..,9111088,..,..
Small states,SST,1968,YR1968,..,..,..,9431669,..,..
Small states,SST,1970,YR1970,..,447.6435878,..,9760009,..,..
Small states,SST,1972,YR1972,..,562.0539464,..,10103257,..,..
Small states,SST,1974,YR1974,..,1100.972425,..,10428136,..,..
Small states,SST,1976,YR1976,..,1290.6661,..,10772756,..,..
Small states,SST,1978,YR1978,..,1726.895226,..,11149899,..,..
Small states,SST,1980,YR1980,15.12006425,2943.941755,..,11535614,..,..
Small states,SST,1982,YR1982,7.129906758,2760.985733,..,11922906,..,..
Small states,SST,1984,YR1984,4.094292804,2621.526651,..,12309661,..,..
Small states,SST,1986,YR1986,2.482245966,2506.793911,..,12735312,..,..
Small states,SST,1988,YR1988,4.402411828,3066.329018,..,13173930,..,..
Small states,SST,1990,YR1990,4.66931912,3468.377416,..,13642451,..,..
Small states,SST,1992,YR1992,4.883022716,3779.57443,..,13980192,..,..
Small states,SST,1994,YR1994,2.692629849,3949.511852,..,14226027,..,..
Small states,SST,1996,YR1996,2.978924865,4595.292119,..,14521521,..,..
Small states,SST,1998,YR1998,2.890897998,4766.422101,..,14919372,..,..
Small states,SST,2000,YR2000,2.486750739,5122.206154,4.905523784,15104549,..,..
Small states,SST,2002,YR2002,2.188490481,5368.456119,5.181784813,15628745,..,..
Small states,SST,2004,YR2004,2.960039467,7165.836777,5.365710265,16075494,..,..
Small states,SST,2006,YR2006,3.591746901,8819.640669,5.184853301,16531026,..,..
Small states,SST,2008,YR2008,8.327160494,10964.67578,5.316482126,17023254,..,..
Small states,SST,2010,YR2010,2.97204512,10087.51447,5.637384195,17486029,..,..
Small states,SST,2012,YR2012,3.400127839,11149.60783,5.490372871,17799404,..,..
Small states,SST,2014,YR2014,1.157181339,11677.65873,5.77387217,18260446,..,..
Small states,SST,2016,YR2016,0.643389056,10942.71225,6.073640999,18738677,..,..
Small states,SST,2018,YR2018,2.109704641,12723.98127,6.01552773,19225348,..,..
Small states,SST,2020,YR2020,0.356840517,11381.5579,7.15296277,19572194,..,..
Small states,SST,2022,YR2022,6.215324707,14371.49359,6.515584242,20005272,..,..
Small states,SST,2024,YR2024,..,..,..,..,..,..
South Asia,SAS,1960,YR1960,..,84.01880344,..,562663671,..,..
South Asia,SAS,1962,YR1962,..,91.25385435,..,590723078,..,..
South Asia,SAS,1964,YR1964,..,111.8109807,..,619975727,..,..
South Asia,SAS,1966,YR1966,9.014734973,94.92017344,..,649326080,..,..
South Asia,SAS,1968,YR1968,2.2086412,105.3970247,..,679739334,..,..
South Asia,SAS,1970,YR1970,5.608398494,119.6697941,..,711535056,..,..
South Asia,SAS,1972,YR1972,6.395791756,122.7957091,..,743820087,..,..
South Asia,SAS,1974,YR1974,23.23468644,162.217246,..,780131997,..,..
South Asia,SAS,1976,YR1976,-0.891858526,161.0379423,..,818897740,..,..
South Asia,SAS,1978,YR1978,6.742391959,202.265634,..,859247929,..,..
South Asia,SAS,1980,YR1980,13.31136684,261.1837691,..,901830096,..,..
South Asia,SAS,1982,YR1982,9.846772168,273.6609063,..,945429976,..,..
South Asia,SAS,1984,YR1984,7.037706612,274.7363746,..,992249656,..,..
South Asia,SAS,1986,YR1986,9.225957002,301.6847206,..,1040673027,..,..
South Asia,SAS,1988,YR1988,8.983003382,343.5631438,..,1090292188,..,..
South Asia,SAS,1990,YR1990,8.971232503,356.5168434,..,1141498254,..,..
South Asia,SAS,1992,YR1992,11.78781704,322.0717404,..,1193900392,..,..
South Asia,SAS,1994,YR1994,8.349286729,346.1379754,..,1248304394,..,..
South Asia,SAS,1996,YR1996,8.977152338,402.8823181,..,1302319006,..,..
South Asia,SAS,1998,YR1998,9.364243007,411.2606982,..,1357088282,..,..
South Asia,SAS,2000,YR2000,4.00943591,458.6347464,3.659431951,1412194936,..,..
South Asia,SAS,2002,YR2002,3.332564933,474.0068874,3.884599833,1467185462,..,..
South Asia,SAS,2004,YR2004,4.105936983,619.149506,3.644293879,1520797241,..,..
South Asia,SAS,2006,YR2006,6.77492886,776.4071246,3.501735034,1572294133,..,..
South Asia,SAS,2008,YR2008,10.9746442,961.5695576,3.433027113,1622028899,..,..
South Asia,SAS,2010,YR2010,7.581529776,1245.085497,3.258101843,1672490146,..,..
South Asia,SAS,2012,YR2012,9.469403359,1352.072965,3.210320375,1721780232,..,..
South Asia,SAS,2014,YR2014,6.828647805,1479.96637,3.4735991,1766896416,..,..
South Asia,SAS,2016,YR2016,4.171390211,1663.620307,3.387609366,1809951345,..,..
South Asia,SAS,2018,YR2018,3.331395164,1907.381781,2.907878705,1852836645,..,..
South Asia,SAS,2020,YR2020,5.660219987,1843.195274,3.307297431,1895144142,..,..
South Asia,SAS,2022,YR2022,7.67387307,2239.516302,3.299797436,1932289074,..,..
South Asia,SAS,2024,YR2024,..,..,..,..,..,..
South Asia (IDA & IBRD),TSA,1960,YR1960,..,84.01880344,..,562663671,..,..
South Asia (IDA & IBRD),TSA,1962,YR1962,..,91.25385435,..,590723078,..,..
South Asia (IDA & IBRD),TSA,1964,YR1964,..,111.8109807,..,619975727,..,..
South Asia (IDA & IBRD),TSA,1966,YR1966,9.014734973,94.92017344,..,649326080,..,..
South Asia (IDA & IBRD),TSA,1968,YR1968,2.2086412,105.3970247,..,679739334,..,..
South Asia (IDA & IBRD),TSA,1970,YR1970,5.608398494,119.6697941,..,711535056,..,..
South Asia (IDA & IBRD),TSA,1972,YR1972,6.395791756,122.7957091,..,743820087,..,..
South Asia (IDA & IBRD),TSA,1974,YR1974,23.23468644,162.217246,..,780131997,..,..
South Asia (IDA & IBRD),TSA,1976,YR1976,-0.891858526,161.0379423,..,818897740,..,..
South Asia (IDA & IBRD),TSA,1978,YR1978,6.742391959,202.265634,..,859247929,..,..
South Asia (IDA & IBRD),TSA,1980,YR1980,13.31136684,261.1837691,..,901830096,..,..
South Asia (IDA & IBRD),TSA,1982,YR1982,9.846772168,273.6609063,..,945429976,..,..
South Asia (IDA & IBRD),TSA,1984,YR1984,7.037706612,274.7363746,..,992249656,..,..
South Asia (IDA & IBRD),TSA,1986,YR1986,9.225957002,301.6847206,..,1040673027,..,..
South Asia (IDA & IBRD),TSA,1988,YR1988,8.983003382,343.5631438,..,1090292188,..,..
South Asia (IDA & IBRD),TSA,1990,YR1990,8.971232503,356.5168434,..,1141498254,..,..
South Asia (IDA & IBRD),TSA,1992,YR1992,11.78781704,322.0717404,..,1193900392,..,..
South Asia (IDA & IBRD),TSA,1994,YR1994,8.349286729,346.1379754,..,1248304394,..,..
South Asia (IDA & IBRD),TSA,1996,YR1996,8.977152338,402.8823181,..,1302319006,..,..
South Asia (IDA & IBRD),TSA,1998,YR1998,9.364243007,411.2606982,..,1357088282,..,..
South Asia (IDA & IBRD),TSA,2000,YR2000,4.00943591,458.6347464,3.659431951,1412194936,..,..
South Asia (IDA & IBRD),TSA,2002,YR2002,3.332564933,474.0068874,3.884599833,1467185462,..,..
South Asia (IDA & IBRD),TSA,2004,YR2004,4.105936983,619.149506,3.644293879,1520797241,..,..
South Asia (IDA & IBRD),TSA,2006,YR2006,6.77492886,776.4071246,3.501735034,1572294133,..,..
South Asia (IDA & IBRD),TSA,2008,YR2008,10.9746442,961.5695576,3.433027113,1622028899,..,..
South Asia (IDA & IBRD),TSA,2010,YR2010,7.581529776,1245.085497,3.258101843,1672490146,..,..
South Asia (IDA & IBRD),TSA,2012,YR2012,9.469403359,1352.072965,3.210320375,1721780232,..,..
South Asia (IDA & IBRD),TSA,2014,YR2014,6.828647805,1479.96637,3.4735991,1766896416,..,..
South Asia (IDA & IBRD),TSA,2016,YR2016,4.171390211,1663.620307,3.387609366,1809951345,..,..
South Asia (IDA & IBRD),TSA,2018,YR2018,3.331395164,1907.381781,2.907878705,1852836645,..,..
South Asia (IDA & IBRD),TSA,2020,YR2020,5.660219987,1843.195274,3.307297431,1895144142,..,..
South Asia (IDA & IBRD),TSA,2022,YR2022,7.67387307,2239.516302,3.299797436,1932289074,..,..
South Asia (IDA & IBRD),TSA,2024,YR2024,..,..,..,..,..,..
Sub-Saharan Africa,SSF,1960,YR1960,..,158.1001471,..,227703005,..,..
Sub-Saharan Africa,SSF,1962,YR1962,..,169.6946391,..,239026415,..,..
Sub-Saharan Africa,SSF,1964,YR1964,..,182.6559457,..,251292534,..,..
Sub-Saharan Africa,SSF,1966,YR1966,..,207.127525,..,264528156,..,..
Sub-Saharan Africa,SSF,1968,YR1968,..,210.5574195,..,278774032,..,..
Sub-Saharan Africa,SSF,1970,YR1970,..,251.6854576,..,294071521,..,..
Sub-Saharan Africa,SSF,1972,YR1972,..,276.3249804,..,310303050,..,..
Sub-Saharan Africa,SSF,1974,YR1974,..,422.6447673,..,328098223,..,..
Sub-Saharan Africa,SSF,1976,YR1976,11.54488065,474.4683433,..,347140248,..,..
Sub-Saharan Africa,SSF,1978,YR1978,11.45943006,551.5819618,..,367476902,..,..
Sub-Saharan Africa,SSF,1980,YR1980,13.60198283,767.1490381,..,389959247,..,..
Sub-Saharan Africa,SSF,1982,YR1982,12.09984145,907.7602913,..,414407128,..,..
Sub-Saharan Africa,SSF,1984,YR1984,11.11693129,687.0084187,..,439338948,..,..
Sub-Saharan Africa,SSF,1986,YR1986,6.859344228,580.0603438,..,465510912,..,..
Sub-Saharan Africa,SSF,1988,YR1988,8.351679568,645.4846898,..,492983652,..,..
Sub-Saharan Africa,SSF,1990,YR1990,7.544861097,727.6062174,..,521314712,..,..
Sub-Saharan Africa,SSF,1992,YR1992,9.486542506,663.4774965,..,550274082,..,..
Sub-Saharan Africa,SSF,1994,YR1994,27.44798071,650.2437317,..,580801913,..,..
Sub-Saharan Africa,SSF,1996,YR1996,7.191646604,876.0728263,..,612553970,..,..
Sub-Saharan Africa,SSF,1998,YR1998,6.435732876,876.3111715,..,645803591,..,..
Sub-Saharan Africa,SSF,2000,YR2000,4.500788563,628.8724708,4.900572329,681125107,..,..
Sub-Saharan Africa,SSF,2002,YR2002,4.705791237,621.7254317,4.489062759,718662153,..,..
Sub-Saharan Africa,SSF,2004,YR2004,4.136632131,920.7053907,5.416573853,758653144,..,..
Sub-Saharan Africa,SSF,2006,YR2006,6.537843953,1220.107244,5.172951815,801269368,..,..
Sub-Saharan Africa,SSF,2008,YR2008,10.37852448,1515.163722,4.874210993,846656872,..,..
Sub-Saharan Africa,SSF,2010,YR2010,4.022024222,1620.226166,5.222649229,894666657,..,..
Sub-Saharan Africa,SSF,2012,YR2012,6.581831051,1791.523629,4.98068007,944970310,..,..
Sub-Saharan Africa,SSF,2014,YR2014,4.402253092,1879.957137,4.768100845,997961037,..,..
Sub-Saharan Africa,SSF,2016,YR2016,5.430519661,1446.87391,5.045830163,1052824144,..,..
Sub-Saharan Africa,SSF,2018,YR2018,4.092978193,1606.131358,4.711014717,1109997000,..,..
Sub-Saharan Africa,SSF,2020,YR2020,3.483935675,1474.055311,5.048693156,1169015451,..,..
Sub-Saharan Africa,SSF,2022,YR2022,9.393838775,1688.401084,5.07905967,1229208573,..,..
Sub-Saharan Africa,SSF,2024,YR2024,..,..,..,..,..,..
Sub-Saharan Africa (excluding high income),SSA,1960,YR1960,..,158.0786844,..,227661305,..,..
Sub-Saharan Africa (excluding high income),SSA,1962,YR1962,..,169.676012,..,238982373,..,..
Sub-Saharan Africa (excluding high income),SSA,1964,YR1964,..,182.631051,..,251246212,..,..
Sub-Saharan Africa (excluding high income),SSA,1966,YR1966,..,207.1074483,..,264479457,..,..
Sub-Saharan Africa (excluding high income),SSA,1968,YR1968,..,210.5430351,..,278722898,..,..
Sub-Saharan Africa (excluding high income),SSA,1970,YR1970,..,251.6749399,..,294017921,..,..
Sub-Saharan Africa (excluding high income),SSA,1972,YR1972,..,276.2812038,..,310247021,..,..
Sub-Saharan Africa (excluding high income),SSA,1974,YR1974,..,422.5969003,..,328040286,..,..
Sub-Saharan Africa (excluding high income),SSA,1976,YR1976,..,474.4194923,..,347079744,..,..
Sub-Saharan Africa (excluding high income),SSA,1978,YR1978,..,551.4504115,..,367414752,..,..
Sub-Saharan Africa (excluding high income),SSA,1980,YR1980,..,766.8777365,..,389895986,..,..
Sub-Saharan Africa (excluding high income),SSA,1982,YR1982,12.1399177,907.5316825,..,414342715,..,..
Sub-Saharan Africa (excluding high income),SSA,1984,YR1984,11.25,686.7486728,..,439274231,..,..
Sub-Saharan Africa (excluding high income),SSA,1986,YR1986,7.433333333,579.6679443,..,465445260,..,..
Sub-Saharan Africa (excluding high income),SSA,1988,YR1988,8.755496851,644.9611821,..,492914897,..,..
Sub-Saharan Africa (excluding high income),SSA,1990,YR1990,7.725321888,726.9484756,..,521245205,..,..
Sub-Saharan Africa (excluding high income),SSA,1992,YR1992,9.523477191,662.7203916,..,550203319,..,..
Sub-Saharan Africa (excluding high income),SSA,1994,YR1994,28.81438943,649.4310331,..,580727708,..,..
Sub-Saharan Africa (excluding high income),SSA,1996,YR1996,7.272883163,875.3058634,..,612477553,..,..
Sub-Saharan Africa (excluding high income),SSA,1998,YR1998,6.661398657,875.4119185,..,645724745,..,..
Sub-Saharan Africa (excluding high income),SSA,2000,YR2000,4.199288256,627.9812559,4.901031792,681043976,..,..
Sub-Saharan Africa (excluding high income),SSA,2002,YR2002,5.032822757,620.758666,4.488690528,718578430,..,..
Sub-Saharan Africa (excluding high income),SSA,2004,YR2004,4.178160001,919.6228069,5.416625117,758570669,..,..
Sub-Saharan Africa (excluding high income),SSA,2006,YR2006,6.616554305,1218.881466,5.172956944,801184768,..,..
Sub-Saharan Africa (excluding high income),SSA,2008,YR2008,10.29697582,1514.162216,4.874438353,846569916,..,..
Sub-Saharan Africa (excluding high income),SSA,2010,YR2010,4.06749556,1619.291457,5.222560735,894576887,..,..
Sub-Saharan Africa (excluding high income),SSA,2012,YR2012,6.575899708,1790.538098,4.979845565,944882007,..,..
Sub-Saharan Africa (excluding high income),SSA,2014,YR2014,4.403802717,1878.738715,4.768105222,997869678,..,..
Sub-Saharan Africa (excluding high income),SSA,2016,YR2016,5.494104638,1445.514085,5.04617415,1052729467,..,..
Sub-Saharan Africa (excluding high income),SSA,2018,YR2018,4.274621986,1604.663747,4.711157312,1109900238,..,..
Sub-Saharan Africa (excluding high income),SSA,2020,YR2020,3.842864398,1472.996712,5.047900785,1168916989,..,..
Sub-Saharan Africa (excluding high income),SSA,2022,YR2022,9.45955253,1686.891375,5.079898255,1229088695,..,..
Sub-Saharan Africa (excluding high income),SSA,2024,YR2024,..,..,..,..,..,..
Sub-Saharan Africa (IDA & IBRD countries),TSS,1960,YR1960,..,158.1001471,..,227703005,..,..
Sub-Saharan Africa (IDA & IBRD countries),TSS,1962,YR1962,..,169.6946391,..,239026415,..,..
Sub-Saharan Africa (IDA & IBRD countries),TSS,1964,YR1964,..,182.6559457,..,251292534,..,..
Sub-Saharan Africa (IDA & IBRD countries),TSS,1966,YR1966,..,207.127525,..,264528156,..,..
Sub-Saharan Africa (IDA & IBRD countries),TSS,1968,YR1968,..,210.5574195,..,278774032,..,..
Sub-Saharan Africa (IDA & IBRD countries),TSS,1970,YR1970,..,251.6854576,..,294071521,..,..
Sub-Saharan Africa (IDA & IBRD countries),TSS,1972,YR1972,..,276.3249804,..,310303050,..,..
Sub-Saharan Africa (IDA & IBRD countries),TSS,1974,YR1974,..,422.6447673,..,328098223,..,..
Sub-Saharan Africa (IDA & IBRD countries),TSS,1976,YR1976,11.54488065,474.4683433,..,347140248,..,..
Sub-Saharan Africa (IDA & IBRD countries),TSS,1978,YR1978,11.45943006,551.5819618,..,367476902,..,..
Sub-Saharan Africa (IDA & IBRD countries),TSS,1980,YR1980,13.60198283,767.1490381,..,389959247,..,..
Sub-Saharan Africa (IDA & IBRD countries),TSS,1982,YR1982,12.09984145,907.7602913,..,414407128,..,..
Sub-Saharan Africa (IDA & IBRD countries),TSS,1984,YR1984,11.11693129,687.0084187,..,439338948,..,..
Sub-Saharan Africa (IDA & IBRD countries),TSS,1986,YR1986,6.859344228,580.0603438,..,465510912,..,..
Sub-Saharan Africa (IDA & IBRD countries),TSS,1988,YR1988,8.351679568,645.4846898,..,492983652,..,..
Sub-Saharan Africa (IDA & IBRD countries),TSS,1990,YR1990,7.544861097,727.6062174,..,521314712,..,..
Sub-Saharan Africa (IDA & IBRD countries),TSS,1992,YR1992,9.486542506,663.4774965,..,550274082,..,..
Sub-Saharan Africa (IDA & IBRD countries),TSS,1994,YR1994,27.44798071,650.2437317,..,580801913,..,..
Sub-Saharan Africa (IDA & IBRD countries),TSS,1996,YR1996,7.191646604,876.0728263,..,612553970,..,..
Sub-Saharan Africa (IDA & IBRD countries),TSS,1998,YR1998,6.435732876,876.3111715,..,645803591,..,..
Sub-Saharan Africa (IDA & IBRD countries),TSS,2000,YR2000,4.500788563,628.8724708,4.900572329,681125107,..,..
Sub-Saharan Africa (IDA & IBRD countries),TSS,2002,YR2002,4.705791237,621.7254317,4.489062759,718662153,..,..
Sub-Saharan Africa (IDA & IBRD countries),TSS,2004,YR2004,4.136632131,920.7053907,5.416573853,758653144,..,..
Sub-Saharan Africa (IDA & IBRD countries),TSS,2006,YR2006,6.537843953,1220.107244,5.172951815,801269368,..,..
Sub-Saharan Africa (IDA & IBRD countries),TSS,2008,YR2008,10.37852448,1515.163722,4.874210993,846656872,..,..
Sub-Saharan Africa (IDA & IBRD countries),TSS,2010,YR2010,4.022024222,1620.226166,5.222649229,894666657,..,..
Sub-Saharan Africa (IDA & IBRD countries),TSS,2012,YR2012,6.581831051,1791.523629,4.98068007,944970310,..,..
Sub-Saharan Africa (IDA & IBRD countries),TSS,2014,YR2014,4.402253092,1879.957137,4.768100845,997961037,..,..
Sub-Saharan Africa (IDA & IBRD countries),TSS,2016,YR2016,5.430519661,1446.87391,5.045830163,1052824144,..,..
Sub-Saharan Africa (IDA & IBRD countries),TSS,2018,YR2018,4.092978193,1606.131358,4.711014717,1109997000,..,..
Sub-Saharan Africa (IDA & IBRD countries),TSS,2020,YR2020,3.483935675,1474.055311,5.048693156,1169015451,..,..
Sub-Saharan Africa (IDA & IBRD countries),TSS,2022,YR2022,9.393838775,1688.401084,5.07905967,1229208573,..,..
Sub-Saharan Africa (IDA & IBRD countries),TSS,2024,YR2024,..,..,..,..,..,..
Upper middle income,UMC,1960,YR1960,..,155.7303623,..,1151246171,..,..
Upper middle income,UMC,1962,YR1962,..,148.6975011,..,1175758905,..,..
Upper middle income,UMC,1964,YR1964,..,171.1301805,..,1235532729,..,..
Upper middle income,UMC,1966,YR1966,..,200.7960375,..,1299737542,..,..
Upper middle income,UMC,1968,YR1968,..,204.6012662,..,1367299098,..,..
Upper middle income,UMC,1970,YR1970,..,239.5188413,..,1440343911,..,..
Upper middle income,UMC,1972,YR1972,..,284.6587721,..,1513991094,..,..
Upper middle income,UMC,1974,YR1974,..,461.6716304,..,1583012320,..,..
Upper middle income,UMC,1976,YR1976,10.81374813,532.8741373,..,1645061375,..,..
Upper middle income,UMC,1978,YR1978,10.66024759,636.0434048,..,1703227037,..,..
Upper middle income,UMC,1980,YR1980,18.03543016,838.5373207,..,1762072766,..,..
Upper middle income,UMC,1982,YR1982,9.852116405,857.5145655,..,1825758794,..,..
Upper middle income,UMC,1984,YR1984,9.516251933,856.3497368,..,1890479402,..,..
Upper middle income,UMC,1986,YR1986,10.91838873,876.2451908,..,1957000565,..,..
Upper middle income,UMC,1988,YR1988,9.159314134,922.4532761,..,2027952940,..,..
Upper middle income,UMC,1990,YR1990,11.39634612,1188.873336,..,2096593239,..,..
Upper middle income,UMC,1992,YR1992,11.21448138,1161.321703,..,2158767697,..,..
Upper middle income,UMC,1994,YR1994,22.56505269,1404.778345,..,2214929283,..,..
Upper middle income,UMC,1996,YR1996,9.79968339,1723.494824,..,2269106622,..,..
Upper middle income,UMC,1998,YR1998,6.88054521,1770.39618,..,2321603483,..,..
Upper middle income,UMC,2000,YR2000,4.978962132,1844.942044,5.270087801,2370143667,..,..
Upper middle income,UMC,2002,YR2002,5.301243903,1825.090371,5.09842754,2414655860,..,..
Upper middle income,UMC,2004,YR2004,4.710370601,2357.916299,5.171248856,2457078476,..,..
Upper middle income,UMC,2006,YR2006,4.415899842,3249.740939,5.115493203,2498967829,..,..
Upper middle income,UMC,2008,YR2008,9.732283171,4752.860356,5.062943038,2538141198,..,..
Upper middle income,UMC,2010,YR2010,3.911061955,5672.64254,5.297148399,2579440265,..,..
Upper middle income,UMC,2012,YR2012,3.781807547,7116.079535,5.314719822,2624582981,..,..
Upper middle income,UMC,2014,YR2014,3.142990509,7707.022103,5.440205747,2672149754,..,..
Upper middle income,UMC,2016,YR2016,2.106707128,7329.376311,5.605974713,2716145902,..,..
Upper middle income,UMC,2018,YR2018,2.830149344,8473.681989,5.636817823,2758643432,..,..
Upper middle income,UMC,2020,YR2020,1.890359168,8228.643366,5.95617085,2792212417,..,..
Upper middle income,UMC,2022,YR2022,8.64091109,10156.70472,5.642731853,2810662434,..,..
Upper middle income,UMC,2024,YR2024,..,..,..,..,..,..
World,WLD,1960,YR1960,..,454.0572333,..,3021529236,..,..
World,WLD,1962,YR1962,..,497.4052264,..,3117373096,..,..
World,WLD,1964,YR1964,..,562.9116814,..,3251253200,..,..
World,WLD,1966,YR1966,..,637.857366,..,3389087189,..,..
World,WLD,1968,YR1968,..,702.0983424,..,3530702399,..,..
World,WLD,1970,YR1970,..,815.9338578,..,3680587906,..,..
World,WLD,1972,YR1972,..,999.6490969,..,3834445609,..,..
World,WLD,1974,YR1974,..,1358.909211,..,3987293598,..,..
World,WLD,1976,YR1976,..,1585.850228,..,4135757570,..,..
World,WLD,1978,YR1978,..,2049.371508,..,4283430290,..,..
World,WLD,1980,YR1980,..,2580.15366,..,4437602155,..,..
World,WLD,1982,YR1982,10.22172714,2547.34637,..,4599538535,..,..
World,WLD,1984,YR1984,8.080320173,2606.960935,..,4766039787,..,..
World,WLD,1986,YR1986,5.77811257,3107.562905,..,4937711316,..,..
World,WLD,1988,YR1988,7.113406529,3814.11018,..,5117166674,..,..
World,WLD,1990,YR1990,8.063460909,4337.862517,..,5299246388,..,..
World,WLD,1992,YR1992,7.636108523,4661.973917,..,5477123966,..,..
World,WLD,1994,YR1994,10.24793556,4944.722286,..,5650853177,..,..
World,WLD,1996,YR1996,6.526095694,5472.953822,..,5822614626,..,..
World,WLD,1998,YR1998,5.097291493,5289.033108,..,5994040064,..,..
World,WLD,2000,YR2000,3.433515634,5494.398872,8.618422196,6161884826,..,..
World,WLD,2002,YR2002,2.90799857,5521.932034,9.356091008,6327526596,..,..
World,WLD,2004,YR2004,3.517999031,6800.190299,9.398865609,6492626976,..,..
World,WLD,2006,YR2006,4.267174634,7780.409624,9.249292321,6659721142,..,..
World,WLD,2008,YR2008,8.949953354,9392.542294,9.08720551,6830129091,..,..
World,WLD,2010,YR2010,3.326344634,9514.760302,9.494370012,7000671233,..,..
World,WLD,2012,YR2012,3.725326661,10550.13813,9.361528197,7175816385,..,..
World,WLD,2014,YR2014,2.354490528,10881.33083,9.446326196,7353910926,..,..
World,WLD,2016,YR2016,1.605539174,10188.26006,9.859841078,7528523334,..,..
World,WLD,2018,YR2018,2.442583297,11288.88426,9.663551633,7696494848,..,..
World,WLD,2020,YR2020,1.905663587,10916.68767,10.87921235,7856138790,..,..
World,WLD,2022,YR2022,7.930929254,12737.31503,9.91317641,7989981520,..,..
World,WLD,2024,YR2024,..,..,..,..,..,..
